animal_id,shelter_name,area,breed,is_mixed_breed,sex,body_type,color,age_class,sterilized,photo_url,found_place,open_date,shelter_address,shelter_tel
461174,新竹縣動物保護教育園區,新竹縣動物保護教育園區,混種犬,1,M,MEDIUM,虎斑色,ADULT,T,https://www.pet.gov.tw/upload/pic/1784476980580.png,,2026-07-17,新竹縣竹北市縣政五街192號,(03)5519548
461366,新竹縣動物保護教育園區,新竹縣動物保護教育園區,混種犬,1,M,MEDIUM,黑色,ADULT,T,https://www.pet.gov.tw/upload/pic/1784561759355.png,,2026-07-20,新竹縣竹北市縣政五街192號,(03)5519548
364076,新北市五股區公立動物之家,新北市五股區公立動物之家,混種犬,1,M,MEDIUM,黑色,ADULT,F,https://www.pet.gov.tw/upload/pic/1719542756562.png,林口粉寮路281_2號,2024-06-28,新北市五股區外寮路9-9號,(02)82925265
462216,新北市新店區公立動物之家,新北市新店區公立動物之家,混種犬,1,F,MEDIUM,黑色,ADULT,T,https://www.pet.gov.tw/upload/pic/1785052981160.png,汐止區水源路一段265號,,新北市新店區安泰路235號,(02)22159462
462214,新北市新店區公立動物之家,新北市新店區公立動物之家,混種犬,1,F,BIG,黑黃色,ADULT,T,https://www.pet.gov.tw/upload/pic/1785052261462.png,新店區北新路二段139巷,2026-07-26,新北市新店區安泰路235號,(02)22159462
462218,高雄市壽山動物保護教育園區,高雄市壽山動物保護教育園區,比熊犬,0,M,MEDIUM,白色,ADULT,N,https://www.pet.gov.tw/upload/pic/1785053348444.png,鼎山街,,高雄市鼓山區萬壽路350號,(07)5519059
462217,高雄市壽山動物保護教育園區,高雄市壽山動物保護教育園區,貴賓犬,0,F,SMALL,棕色,ADULT,F,https://www.pet.gov.tw/upload/pic/1785053277793.png,民權路,,高雄市鼓山區萬壽路350號,(07)5519059
77260,臺北市動物之家,臺北市動物之家,混種犬,1,M,MEDIUM,棕色,ADULT,T,https://www.pet.gov.tw/upload/pic/1671600084123.png,夢幻湖停車場,2021-04-11,臺北市內湖區安美街191號,(02)87913254
462206,新北市新店區公立動物之家,新北市新店區公立動物之家,混種犬,1,F,BIG,黑黃色,ADULT,T,https://www.pet.gov.tw/upload/pic/1785048306918.png,新店區明山路9號,,新北市新店區安泰路235號,(02)22159462
462073,基隆市寵物銀行,基隆市寵物銀行,混種犬,1,N,BIG,虎斑色,ADULT,N,https://www.pet.gov.tw/upload/pic/1784877164792.png,安樂果菜市場,2026-07-24,基隆市七堵區大華三路45-12號(欣欣安樂園旁),(02)24560148
461539,桃園市動物保護教育園區,桃園市動物保護教育園區,貴賓犬,0,F,SMALL,白色,ADULT,N,https://www.pet.gov.tw/upload/pic/1784616852572.png,,,桃園市新屋區永興里3鄰藻礁路1668號,(03)4861760
462196,高雄市壽山動物保護教育園區,高雄市壽山動物保護教育園區,邊境牧羊犬,0,M,BIG,黑色,ADULT,N,https://www.pet.gov.tw/upload/pic/1785028094654.png,鳳林三路,,高雄市鼓山區萬壽路350號,(07)5519059
29034,桃園市動物保護教育園區,桃園市動物保護教育園區,混種犬,1,M,MEDIUM,黑色,ADULT,T,https://www.pet.gov.tw/upload/pic/6d999363-eb4d-4ff9-936e-d85f1c0bef4b.JPG,萬壽路１段６３４巷,2023-08-24,桃園市新屋區永興里3鄰藻礁路1668號,(03)4861760
58842,桃園市動物保護教育園區,桃園市動物保護教育園區,混種犬,1,M,MEDIUM,黑色,ADULT,F,https://www.pet.gov.tw/upload/pic/2718e9e2-d330-455d-befb-9b76ef37dd2c.JPG,大溪區員林里員林路２段對面中醫診所,2026-07-25,桃園市新屋區永興里3鄰藻礁路1668號,(03)4861760
41772,桃園市動物保護教育園區,桃園市動物保護教育園區,混種犬,1,F,MEDIUM,虎斑色,ADULT,F,https://www.pet.gov.tw/upload/pic/a7963a9c-cef6-4d16-a1ac-59ff5012aa8f.JPG,中正路１４鄰,2021-12-02,桃園市新屋區永興里3鄰藻礁路1668號,(03)4861760
159047,桃園市動物保護教育園區,桃園市動物保護教育園區,混種犬,1,F,MEDIUM,黑色,ADULT,F,https://www.pet.gov.tw/upload/pic/5e239b48-67d0-4cb2-8a8e-b8182d12a426.JPG,菓林里崁下,2026-07-25,桃園市新屋區永興里3鄰藻礁路1668號,(03)4861760
462173,臺北市動物之家,臺北市動物之家,混種犬,1,F,MEDIUM,黑色,ADULT,T,https://www.pet.gov.tw/upload/pic/1784964927326.png,,2026-07-25,臺北市內湖區安美街191號,(02)87913254
396998,臺北市動物之家,臺北市動物之家,混種犬,1,M,MEDIUM,黑白色,ADULT,T,https://www.pet.gov.tw/upload/pic/1741586803102.png,金華街,2025-07-27,臺北市內湖區安美街191號,(02)87913254
349214,南投縣公立動物收容所,南投縣公立動物收容所,混種犬,1,M,MEDIUM,黃白色,ADULT,T,https://www.pet.gov.tw/upload/pic/1709863195195.png,南投縣中寮鄉廣福村鄉林巷,2024-03-07,南投縣南投市嶺興路36-1號,(049)2225440
139097,南投縣公立動物收容所,南投縣公立動物收容所,混種犬,1,F,MEDIUM,黑色,ADULT,T,https://www.pet.gov.tw/upload/pic/08499c69-6d93-4d77-abf0-8bf636b19f16.JPG,南投縣集集鎮集集里,2020-01-10,南投縣南投市嶺興路36-1號,(049)2225440
113958,南投縣公立動物收容所,南投縣公立動物收容所,混種犬,1,M,MEDIUM,黑色,ADULT,T,https://www.pet.gov.tw/upload/pic/75f536fb-4a82-413e-82d3-e6f01cf49231.JPG,南投縣集集鎮,2021-09-27,南投縣南投市嶺興路36-1號,(049)2225440
70204,南投縣公立動物收容所,南投縣公立動物收容所,混種犬,1,M,MEDIUM,虎斑色,ADULT,T,https://www.pet.gov.tw/upload/pic/584282c2-d72a-4197-8963-6b9e085c7fe1.JPG,南投縣國姓鄉,2019-02-19,南投縣南投市嶺興路36-1號,(049)2225440
27922,南投縣公立動物收容所,南投縣公立動物收容所,混種犬,1,F,MEDIUM,黑色,ADULT,T,https://www.pet.gov.tw/upload/pic/15146b52-722f-4ceb-b9af-e3b87b32c04d.JPG,南投縣竹山鎮,2016-07-01,南投縣南投市嶺興路36-1號,(049)2225440
26922,南投縣公立動物收容所,南投縣公立動物收容所,混種犬,1,M,MEDIUM,黃虎斑色,ADULT,T,https://www.pet.gov.tw/upload/pic/16e2e5c6-8dd4-4d18-8cbe-9d43fe817982.JPG,南投縣埔里鎮,2016-08-24,南投縣南投市嶺興路36-1號,(049)2225440
26918,南投縣公立動物收容所,南投縣公立動物收容所,混種犬,1,M,MEDIUM,黑色,ADULT,T,https://www.pet.gov.tw/upload/pic/55c79309-dfc0-4bb2-8f99-63e0b33736c9.JPG,南投縣信義鄉,2017-05-11,南投縣南投市嶺興路36-1號,(049)2225440
26915,南投縣公立動物收容所,南投縣公立動物收容所,混種犬,1,F,MEDIUM,黃色,ADULT,T,https://www.pet.gov.tw/upload/pic/a34e1857-66aa-4921-b0f7-5bf2504c20d3.JPG,南投縣水里鄉,2016-03-18,南投縣南投市嶺興路36-1號,(049)2225440
26914,南投縣公立動物收容所,南投縣公立動物收容所,混種犬,1,M,MEDIUM,黃色,ADULT,T,https://www.pet.gov.tw/upload/pic/82209d4d-e078-4b79-a949-b463c200c2c9.JPG,南投縣南投市,2016-11-18,南投縣南投市嶺興路36-1號,(049)2225440
26913,南投縣公立動物收容所,南投縣公立動物收容所,混種犬,1,M,MEDIUM,虎斑色,ADULT,F,https://www.pet.gov.tw/upload/pic/8fcfb461-6124-41b2-a97d-596750ae4cae.JPG,南投縣竹山鎮,2016-08-11,南投縣南投市嶺興路36-1號,(049)2225440
26907,南投縣公立動物收容所,南投縣公立動物收容所,混種犬,1,M,MEDIUM,虎斑色,ADULT,T,https://www.pet.gov.tw/upload/pic/2bb1b3f0-7fbf-4e3b-a389-fe14aa6bad44.JPG,南投縣草屯鎮,2015-11-27,南投縣南投市嶺興路36-1號,(049)2225440
26849,南投縣公立動物收容所,南投縣公立動物收容所,混種犬,1,M,MEDIUM,虎斑色,ADULT,T,https://www.pet.gov.tw/upload/pic/c06fe373-bf4a-4544-b654-d8ccb4c944ab.JPG,南投縣國姓鄉,2017-07-24,南投縣南投市嶺興路36-1號,(049)2225440
26843,南投縣公立動物收容所,南投縣公立動物收容所,混種犬,1,M,MEDIUM,黑色,ADULT,T,https://www.pet.gov.tw/upload/pic/ab63b3f0-d815-467c-b507-fafbc8f14e3c.JPG,同德家商,2017-12-01,南投縣南投市嶺興路36-1號,(049)2225440
202864,南投縣公立動物收容所,南投縣公立動物收容所,混種犬,1,M,MEDIUM,黑白色,ADULT,F,https://www.pet.gov.tw/upload/pic/5334eac3-d593-4757-8bbd-1c43ff03576d.JPG,南投縣竹山鎮社寮里大公路,2021-05-17,南投縣南投市嶺興路36-1號,(049)2225440
74609,南投縣公立動物收容所,南投縣公立動物收容所,混種犬,1,F,SMALL,黃虎斑色,ADULT,T,https://www.pet.gov.tw/upload/pic/3cf9f989-dd51-4c18-a056-816b14bd7985.JPG,南投縣集集鎮,2018-12-04,南投縣南投市嶺興路36-1號,(049)2225440
113957,南投縣公立動物收容所,南投縣公立動物收容所,混種犬,1,F,MEDIUM,黃色,ADULT,T,https://www.pet.gov.tw/upload/pic/de8fdb0d-d9ff-469b-959f-16b3edeacdfb.JPG,南投縣集集鎮,2019-08-20,南投縣南投市嶺興路36-1號,(049)2225440
26715,南投縣公立動物收容所,南投縣公立動物收容所,混種犬,1,M,MEDIUM,虎斑色,ADULT,T,https://www.pet.gov.tw/upload/pic/6dc93e38-424c-424c-aba9-7a8b77b4328f.JPG,南投縣南投市,2017-07-28,南投縣南投市嶺興路36-1號,(049)2225440
247390,南投縣公立動物收容所,南投縣公立動物收容所,混種犬,1,M,MEDIUM,黑色,ADULT,T,https://www.pet.gov.tw/upload/pic/e4db910f-d6d8-431b-879a-c50148c39941.JPG,南投縣竹山鎮大明路,2022-04-15,南投縣南投市嶺興路36-1號,(049)2225440
180892,南投縣公立動物收容所,南投縣公立動物收容所,混種犬,1,M,MEDIUM,黑黃色,ADULT,T,https://www.pet.gov.tw/upload/pic/c165d482-4584-49ed-8108-b13513587efd.JPG,南投縣竹山鎮延祥里集山路三段,2020-10-19,南投縣南投市嶺興路36-1號,(049)2225440
361295,南投縣公立動物收容所,南投縣公立動物收容所,混種犬,1,F,MEDIUM,黑色,ADULT,T,https://www.pet.gov.tw/upload/pic/1717832319427.png,彰南路一段,2024-06-07,南投縣南投市嶺興路36-1號,(049)2225440
228641,南投縣公立動物收容所,南投縣公立動物收容所,混種犬,1,F,MEDIUM,黑灰色,ADULT,T,https://www.pet.gov.tw/upload/pic/82a4d530-725f-4728-ad1f-770010d65ee4.JPG,南投縣名間鄉新街村彰南路,2021-10-27,南投縣南投市嶺興路36-1號,(049)2225440
353441,南投縣公立動物收容所,南投縣公立動物收容所,混種犬,1,F,MEDIUM,米色,ADULT,T,https://www.pet.gov.tw/upload/pic/1712800351561.png,南投縣埔里鎮珠格里珠生路,2024-04-10,南投縣南投市嶺興路36-1號,(049)2225440
241491,南投縣公立動物收容所,南投縣公立動物收容所,混種犬,1,F,MEDIUM,黃色,ADULT,T,https://www.pet.gov.tw/upload/pic/ca43dc39-2aa9-48ae-88b8-9e9a1989adf4.JPG,南投縣草屯鎮雙冬里中正路,2022-02-07,南投縣南投市嶺興路36-1號,(049)2225440
204164,南投縣公立動物收容所,南投縣公立動物收容所,混種犬,1,F,MEDIUM,黑色,ADULT,T,https://www.pet.gov.tw/upload/pic/74f66202-04a2-4fd5-92c9-c537e83d99c3.JPG,南投縣南投市嶺興路,2021-04-26,南投縣南投市嶺興路36-1號,(049)2225440
461070,彰化縣流浪狗中途之家臨時收容所,彰化縣流浪狗中途之家臨時收容所,混種犬,1,F,MEDIUM,黑黃色,ADULT,T,https://www.pet.gov.tw/upload/pic/1784256965831.png,斗苑路167號,2026-07-25,"彰化縣芳苑鄉文津段436-4地號（座標緯度及經度：23.932676, 120.367307）",(09)
28604,南投縣公立動物收容所,南投縣公立動物收容所,混種犬,1,F,MEDIUM,黑色,ADULT,T,https://www.pet.gov.tw/upload/pic/c752da75-a060-4a10-83d1-4bc552135820.JPG,南投縣名間鄉,2016-06-14,南投縣南投市嶺興路36-1號,(049)2225440
26698,南投縣公立動物收容所,南投縣公立動物收容所,混種犬,1,M,MEDIUM,黑色,ADULT,T,https://www.pet.gov.tw/upload/pic/a1e70834-334b-437c-b70c-737a0f428f05.JPG,南投縣南投市,2016-10-11,南投縣南投市嶺興路36-1號,(049)2225440
28387,南投縣公立動物收容所,南投縣公立動物收容所,混種犬,1,F,MEDIUM,米色,ADULT,T,https://www.pet.gov.tw/upload/pic/ea5ee952-7412-4252-992b-0850997493eb.JPG,南投縣南投市,2017-06-30,南投縣南投市嶺興路36-1號,(049)2225440
28205,南投縣公立動物收容所,南投縣公立動物收容所,混種犬,1,F,MEDIUM,白色,ADULT,T,https://www.pet.gov.tw/upload/pic/57e45338-680d-4d29-8bcf-2db0f1f87fff.JPG,南投縣南投市,2016-11-01,南投縣南投市嶺興路36-1號,(049)2225440
28435,南投縣公立動物收容所,南投縣公立動物收容所,混種犬,1,F,MEDIUM,黑色,ADULT,T,https://www.pet.gov.tw/upload/pic/1682302402243.png,南投縣南投市,2017-04-28,南投縣南投市嶺興路36-1號,(049)2225440
414079,桃園市動物保護教育園區,桃園市動物保護教育園區,混種犬,1,M,SMALL,黃色,CHILD,F,https://www.pet.gov.tw/upload/pic/1752303226056.png,寶山里寶山街,2025-07-12,桃園市新屋區永興里3鄰藻礁路1668號,(03)4861760
402387,南投縣公立動物收容所,南投縣公立動物收容所,比特犬,0,M,MEDIUM,棕色,ADULT,T,https://www.pet.gov.tw/upload/pic/1745290036164.png,虎門巷,2025-04-30,南投縣南投市嶺興路36-1號,(049)2225440
28445,南投縣公立動物收容所,南投縣公立動物收容所,混種犬,1,F,MEDIUM,黑色,ADULT,T,https://www.pet.gov.tw/upload/pic/1682302356171.png,南投縣鹿谷鄉,2017-03-31,南投縣南投市嶺興路36-1號,(049)2225440
434324,南投縣公立動物收容所,南投縣公立動物收容所,混種犬,1,F,MEDIUM,黑色,ADULT,T,https://www.pet.gov.tw/upload/pic/1765331263806.png,嶺興路,2025-12-09,南投縣南投市嶺興路36-1號,(049)2225440
404741,南投縣公立動物收容所,南投縣公立動物收容所,混種犬,1,F,MEDIUM,黑色,ADULT,T,https://www.pet.gov.tw/upload/pic/1746665545089.png,枇杷路地母廟,2025-05-07,南投縣南投市嶺興路36-1號,(049)2225440
305235,南投縣公立動物收容所,南投縣公立動物收容所,混種犬,1,M,MEDIUM,黃色,ADULT,T,https://www.pet.gov.tw/upload/pic/1682476073990.png,南投縣埔里鎮南村里南村路,2023-04-25,南投縣南投市嶺興路36-1號,(049)2225440
264879,南投縣公立動物收容所,南投縣公立動物收容所,混種犬,1,M,MEDIUM,黃色,ADULT,T,https://www.pet.gov.tw/upload/pic/c65aaa33-a05f-4a2e-adbb-5c8b723ce86e.JPG,南投縣南投市八卦路,2022-08-01,南投縣南投市嶺興路36-1號,(049)2225440
264876,南投縣公立動物收容所,南投縣公立動物收容所,混種犬,1,M,MEDIUM,黃色,ADULT,T,https://www.pet.gov.tw/upload/pic/0be6b5a3-6d29-48c0-a96f-6a5c5e1dca9b.JPG,南投縣南投市八卦路,2022-08-01,南投縣南投市嶺興路36-1號,(049)2225440
190739,南投縣公立動物收容所,南投縣公立動物收容所,混種犬,1,F,MEDIUM,黑色,ADULT,T,https://www.pet.gov.tw/upload/pic/186e94e2-1c0d-435d-b062-7616b96c8a70.JPG,南投縣南投市內興里,2020-12-31,南投縣南投市嶺興路36-1號,(049)2225440
28395,南投縣公立動物收容所,南投縣公立動物收容所,混種犬,1,F,MEDIUM,黑色,ADULT,T,https://www.pet.gov.tw/upload/pic/b785a066-32c7-47a5-97c7-02005c325cfb.JPG,南投縣草屯鎮,2016-08-29,南投縣南投市嶺興路36-1號,(049)2225440
28342,南投縣公立動物收容所,南投縣公立動物收容所,混種犬,1,M,MEDIUM,黑黃色,ADULT,T,https://www.pet.gov.tw/upload/pic/a1ba52fc-c3cd-4e8e-baf9-4d8ce0f0fce7.JPG,南投縣埔里鎮,2017-05-24,南投縣南投市嶺興路36-1號,(049)2225440
26441,南投縣公立動物收容所,南投縣公立動物收容所,混種犬,1,M,MEDIUM,黑色,ADULT,T,https://www.pet.gov.tw/upload/pic/76a464bf-10ca-4f20-b1eb-a5fd19bf94f8.JPG,南投縣中寮鄉,2016-07-29,南投縣南投市嶺興路36-1號,(049)2225440
26695,南投縣公立動物收容所,南投縣公立動物收容所,混種犬,1,M,MEDIUM,黃色,ADULT,T,https://www.pet.gov.tw/upload/pic/f36a6603-03d1-44ea-b587-c3e8579f0baa.JPG,南投縣南投市,2015-12-10,南投縣南投市嶺興路36-1號,(049)2225440
287991,臺北市動物之家,臺北市動物之家,混種犬,1,F,MEDIUM,黑棕色,ADULT,T,https://www.pet.gov.tw/upload/pic/1671088930216.png,重慶里承德路三段,2023-11-13,臺北市內湖區安美街191號,(02)87913254
349321,臺北市動物之家,臺北市動物之家,混種犬,1,M,MEDIUM,黑棕色,ADULT,F,https://www.pet.gov.tw/upload/pic/1709884696386.png,三重里惠民街,2024-09-04,臺北市內湖區安美街191號,(02)87913254
28441,南投縣公立動物收容所,南投縣公立動物收容所,混種犬,1,M,MEDIUM,黑白色,ADULT,T,https://www.pet.gov.tw/upload/pic/0e33363c-3472-47d8-a995-19077f47e4b7.JPG,南投縣南投市,2015-11-13,南投縣南投市嶺興路36-1號,(049)2225440
461927,桃園市動物保護教育園區,桃園市動物保護教育園區,波音達指示犬(英系),0,F,BIG,黑白色,ADULT,F,https://www.pet.gov.tw/upload/pic/1784794246587.png,,,桃園市新屋區永興里3鄰藻礁路1668號,(03)4861760
461918,桃園市動物保護教育園區,桃園市動物保護教育園區,波音達指示犬(英系),0,M,BIG,黑白色,ADULT,F,https://www.pet.gov.tw/upload/pic/1784793783715.png,,,桃園市新屋區永興里3鄰藻礁路1668號,(03)4861760
462156,桃園市動物保護教育園區,桃園市動物保護教育園區,混種犬,1,F,SMALL,灰色,ADULT,N,https://www.pet.gov.tw/upload/pic/1784957868649.png,中央路,,桃園市新屋區永興里3鄰藻礁路1668號,(03)4861760
462140,彰化縣流浪狗中途之家臨時收容所,彰化縣流浪狗中途之家臨時收容所,混種犬,1,M,SMALL,黃色,CHILD,N,https://www.pet.gov.tw/upload/pic/1784946099673.png,富農路芳富段580地號附近,2026-07-25,"彰化縣芳苑鄉文津段436-4地號（座標緯度及經度：23.932676, 120.367307）",(09)
184009,桃園市動物保護教育園區,桃園市動物保護教育園區,混種犬,1,F,SMALL,黑色,ADULT,T,https://www.pet.gov.tw/upload/pic/b505e5d9-0229-483a-8a6e-ed153cd8cd93.JPG,豐野里富聯路２２１巷,2020-11-12,桃園市新屋區永興里3鄰藻礁路1668號,(03)4861760
462154,臺南市動物之家善化站,臺南市動物之家善化站,混種犬,1,M,BIG,黑色,ADULT,N,https://www.pet.gov.tw/upload/pic/1784954646438.png,,2026-07-25,臺南市善化區昌隆里東勢寮1-19號,(06)5832399
69382,桃園市動物保護教育園區,桃園市動物保護教育園區,混種犬,1,F,MEDIUM,黑色,ADULT,F,https://www.pet.gov.tw/upload/pic/3e18c3b3-837e-4dbd-af41-25a55d108955.JPG,中壢區洽溪里聖德路二段,2026-07-07,桃園市新屋區永興里3鄰藻礁路1668號,(03)4861760
78667,桃園市動物保護教育園區,桃園市動物保護教育園區,混種犬,1,M,MEDIUM,虎斑色,ADULT,F,https://www.pet.gov.tw/upload/pic/d5246a3d-7bf6-4c15-b2c8-364e40a0cba8.JPG,月眉里環保路７５２巷,2019-01-05,桃園市新屋區永興里3鄰藻礁路1668號,(03)4861760
213153,桃園市動物保護教育園區,桃園市動物保護教育園區,混種犬,1,M,MEDIUM,黑黃色,ADULT,F,https://www.pet.gov.tw/upload/pic/2104fe58-1fb0-4ebe-ba8b-8a60b1df3df8.jpg,觀音里三民路,2026-07-06,桃園市新屋區永興里3鄰藻礁路1668號,(03)4861760
298376,桃園市動物保護教育園區,桃園市動物保護教育園區,混種犬,1,M,BIG,黑黃色,ADULT,F,https://www.pet.gov.tw/upload/pic/1678340982556.png,過嶺里福祥路４５８巷,2026-07-25,桃園市新屋區永興里3鄰藻礁路1668號,(03)4861760
126840,桃園市動物保護教育園區,桃園市動物保護教育園區,混種犬,1,F,MEDIUM,黑色,ADULT,F,https://www.pet.gov.tw/upload/pic/59a0238f-3236-4c68-aacb-079db7295512.JPG,大興里重慶街１８８巷３９弄,2026-05-16,桃園市新屋區永興里3鄰藻礁路1668號,(03)4861760
377009,桃園市動物保護教育園區,桃園市動物保護教育園區,混種犬,1,M,SMALL,黑色,CHILD,F,https://www.pet.gov.tw/upload/pic/1728450350819.png,蚵間里東福路三段,2024-10-09,桃園市新屋區永興里3鄰藻礁路1668號,(03)4861760
451320,臺北市動物之家,臺北市動物之家,瑪爾濟斯犬,0,M,SMALL,白色,ADULT,N,https://www.pet.gov.tw/upload/pic/1777875262587.png,日祥里萬大路423巷(原拾獲地:馬場町公園),2026-06-07,臺北市內湖區安美街191號,(02)87913254
462007,彰化縣流浪狗中途之家臨時收容所,彰化縣流浪狗中途之家臨時收容所,混種犬,1,F,SMALL,黃白色,CHILD,N,https://www.pet.gov.tw/upload/pic/1784860604404.png,富農路芳富段580地號附近,2026-07-24,"彰化縣芳苑鄉文津段436-4地號（座標緯度及經度：23.932676, 120.367307）",(09)
462013,彰化縣流浪狗中途之家臨時收容所,彰化縣流浪狗中途之家臨時收容所,混種犬,1,F,SMALL,黑黃色,CHILD,N,https://www.pet.gov.tw/upload/pic/1784860760730.png,囝興街天和宮廣場,2026-07-24,"彰化縣芳苑鄉文津段436-4地號（座標緯度及經度：23.932676, 120.367307）",(09)
459277,彰化縣流浪狗中途之家臨時收容所,彰化縣流浪狗中途之家臨時收容所,日本狐狸犬,0,M,MEDIUM,黃白色,ADULT,T,https://www.pet.gov.tw/upload/pic/1782874817209.png,,2026-07-21,"彰化縣芳苑鄉文津段436-4地號（座標緯度及經度：23.932676, 120.367307）",(09)
458838,基隆市寵物銀行,基隆市寵物銀行,混種犬,1,M,MEDIUM,黑色,ADULT,N,https://www.pet.gov.tw/upload/pic/1782549262262.png,,2026-06-27,基隆市七堵區大華三路45-12號(欣欣安樂園旁),(02)24560148
458740,基隆市寵物銀行,基隆市寵物銀行,混種犬,1,F,BIG,黑白色,ADULT,T,https://www.pet.gov.tw/upload/pic/1782443337573.png,月眉路,2026-06-26,基隆市七堵區大華三路45-12號(欣欣安樂園旁),(02)24560148
462010,基隆市寵物銀行,基隆市寵物銀行,哈士奇(西伯利亞雪橇犬),0,M,BIG,黑白色,ADULT,F,https://www.pet.gov.tw/upload/pic/1784861923678.png,信二路,,基隆市七堵區大華三路45-12號(欣欣安樂園旁),(02)24560148
410627,澎湖縣流浪動物收容中心,澎湖縣流浪動物收容中心,混種犬,1,M,BIG,黑白色,ADULT,T,https://www.pet.gov.tw/upload/pic/1750730864062.png,喜來登前,2025-07-04,澎湖縣馬公市烏崁里260、261號,(06)9213559
372555,澎湖縣流浪動物收容中心,澎湖縣流浪動物收容中心,混種犬,1,M,MEDIUM,黑色,ADULT,T,https://www.pet.gov.tw/upload/pic/1726718153923.png,機場往烏崁路上,2024-09-11,澎湖縣馬公市烏崁里260、261號,(06)9213559
395638,澎湖縣流浪動物收容中心,澎湖縣流浪動物收容中心,混種犬,1,M,MEDIUM,黑白色,ADULT,T,https://www.pet.gov.tw/upload/pic/1740626829463.png,案山大廟,2025-03-12,澎湖縣馬公市烏崁里260、261號,(06)9213559
373475,澎湖縣流浪動物收容中心,澎湖縣流浪動物收容中心,混種犬,1,F,MEDIUM,黃色,ADULT,T,https://www.pet.gov.tw/upload/pic/1725952409446.png,許進洽羊舍路上,2024-09-25,澎湖縣馬公市烏崁里260、261號,(06)9213559
462003,新北市板橋區公立動物之家,新北市板橋區公立動物之家,混種犬,1,F,MEDIUM,黑色,CHILD,F,https://www.pet.gov.tw/upload/pic/1784860467130.png,三峽區隆恩街241號,2026-07-24,新北市板橋區板城路28-1號,(02)89662158
460155,彰化縣流浪狗中途之家臨時收容所,彰化縣流浪狗中途之家臨時收容所,混種犬,1,F,MEDIUM,黑色,ADULT,T,https://www.pet.gov.tw/upload/pic/1783494636922.png,鹿港體育場,2026-07-28,"彰化縣芳苑鄉文津段436-4地號（座標緯度及經度：23.932676, 120.367307）",(09)
460611,彰化縣流浪狗中途之家臨時收容所,彰化縣流浪狗中途之家臨時收容所,混種犬,1,F,MEDIUM,黑色,ADULT,T,https://www.pet.gov.tw/upload/pic/1783995807415.png,雙義路、高鐵東二路,2026-07-28,"彰化縣芳苑鄉文津段436-4地號（座標緯度及經度：23.932676, 120.367307）",(09)
459498,彰化縣流浪狗中途之家臨時收容所,彰化縣流浪狗中途之家臨時收容所,混種犬,1,F,MEDIUM,黃色,ADULT,T,https://www.pet.gov.tw/upload/pic/1782977529314.png,花橋街173號,2026-07-28,"彰化縣芳苑鄉文津段436-4地號（座標緯度及經度：23.932676, 120.367307）",(09)
458775,新北市五股區公立動物之家,新北市五股區公立動物之家,混種犬,1,M,MEDIUM,虎斑色,ADULT,F,https://www.pet.gov.tw/upload/pic/1782457887758.png,五股區五股成泰路三段557號,2026-07-08,新北市五股區外寮路9-9號,(02)82925265
437631,新北市五股區公立動物之家,新北市五股區公立動物之家,混種犬,1,M,MEDIUM,黑色,ADULT,T,https://www.pet.gov.tw/upload/pic/1767673026796.png,五股區外寮路,2026-01-06,新北市五股區外寮路9-9號,(02)82925265
460613,彰化縣流浪狗中途之家臨時收容所,彰化縣流浪狗中途之家臨時收容所,混種犬,1,F,MEDIUM,虎斑色,ADULT,T,https://www.pet.gov.tw/upload/pic/1783995864807.png,雙義路、高鐵東二路,2026-07-28,"彰化縣芳苑鄉文津段436-4地號（座標緯度及經度：23.932676, 120.367307）",(09)
460607,彰化縣流浪狗中途之家臨時收容所,彰化縣流浪狗中途之家臨時收容所,混種犬,1,F,MEDIUM,黑黃色,ADULT,T,https://www.pet.gov.tw/upload/pic/1783995518278.png,石坑一巷,2026-07-28,"彰化縣芳苑鄉文津段436-4地號（座標緯度及經度：23.932676, 120.367307）",(09)
456053,彰化縣流浪狗中途之家臨時收容所,彰化縣流浪狗中途之家臨時收容所,混種犬,1,F,MEDIUM,棕色,ADULT,T,https://www.pet.gov.tw/upload/pic/1780449352555.png,,2026-07-28,"彰化縣芳苑鄉文津段436-4地號（座標緯度及經度：23.932676, 120.367307）",(09)
460747,彰化縣流浪狗中途之家臨時收容所,彰化縣流浪狗中途之家臨時收容所,混種犬,1,M,MEDIUM,棕白色,ADULT,T,https://www.pet.gov.tw/upload/pic/1784079867505.png,福建路326號附近,2026-07-28,"彰化縣芳苑鄉文津段436-4地號（座標緯度及經度：23.932676, 120.367307）",(09)
460823,彰化縣流浪狗中途之家臨時收容所,彰化縣流浪狗中途之家臨時收容所,混種犬,1,M,MEDIUM,黃色,ADULT,T,https://www.pet.gov.tw/upload/pic/1784087439576.png,北勢路4之1號,2026-07-28,"彰化縣芳苑鄉文津段436-4地號（座標緯度及經度：23.932676, 120.367307）",(09)
460819,彰化縣流浪狗中途之家臨時收容所,彰化縣流浪狗中途之家臨時收容所,混種犬,1,M,MEDIUM,黃色,ADULT,T,https://www.pet.gov.tw/upload/pic/1784087348796.png,北勢路4之1號,2026-07-28,"彰化縣芳苑鄉文津段436-4地號（座標緯度及經度：23.932676, 120.367307）",(09)
459848,彰化縣流浪狗中途之家臨時收容所,彰化縣流浪狗中途之家臨時收容所,混種犬,1,M,MEDIUM,黑色,ADULT,T,https://www.pet.gov.tw/upload/pic/1783401618948.png,田坑路一段,2026-07-28,"彰化縣芳苑鄉文津段436-4地號（座標緯度及經度：23.932676, 120.367307）",(09)
459849,彰化縣流浪狗中途之家臨時收容所,彰化縣流浪狗中途之家臨時收容所,混種犬,1,M,MEDIUM,黑色,ADULT,T,https://www.pet.gov.tw/upload/pic/1783401638003.png,田坑路一段,2026-07-28,"彰化縣芳苑鄉文津段436-4地號（座標緯度及經度：23.932676, 120.367307）",(09)
460147,彰化縣流浪狗中途之家臨時收容所,彰化縣流浪狗中途之家臨時收容所,混種犬,1,M,BIG,黑色,ADULT,T,https://www.pet.gov.tw/upload/pic/1783493802846.png,四竹路地號512號,2026-07-28,"彰化縣芳苑鄉文津段436-4地號（座標緯度及經度：23.932676, 120.367307）",(09)
460153,彰化縣流浪狗中途之家臨時收容所,彰化縣流浪狗中途之家臨時收容所,混種犬,1,M,MEDIUM,黑色,ADULT,T,https://www.pet.gov.tw/upload/pic/1783494214282.png,四竹路地號512號,2026-07-28,"彰化縣芳苑鄉文津段436-4地號（座標緯度及經度：23.932676, 120.367307）",(09)
460813,彰化縣流浪狗中途之家臨時收容所,彰化縣流浪狗中途之家臨時收容所,混種犬,1,M,MEDIUM,虎斑色,ADULT,T,https://www.pet.gov.tw/upload/pic/1784087157695.png,天惠路10-1號,2026-07-28,"彰化縣芳苑鄉文津段436-4地號（座標緯度及經度：23.932676, 120.367307）",(09)
460028,彰化縣流浪狗中途之家臨時收容所,彰化縣流浪狗中途之家臨時收容所,混種犬,1,M,MEDIUM,虎斑色,ADULT,T,https://www.pet.gov.tw/upload/pic/1783473949632.png,芳草街35巷10弄15號,2026-07-28,"彰化縣芳苑鄉文津段436-4地號（座標緯度及經度：23.932676, 120.367307）",(09)
461069,彰化縣流浪狗中途之家臨時收容所,彰化縣流浪狗中途之家臨時收容所,混種犬,1,M,MEDIUM,黑色,ADULT,T,https://www.pet.gov.tw/upload/pic/1784256818644.png,普天街,2026-07-28,"彰化縣芳苑鄉文津段436-4地號（座標緯度及經度：23.932676, 120.367307）",(09)
461812,彰化縣流浪狗中途之家臨時收容所,彰化縣流浪狗中途之家臨時收容所,混種犬,1,M,MEDIUM,白色,ADULT,T,https://www.pet.gov.tw/upload/pic/1784773035093.png,北美路80巷、北美路交叉口,2026-07-28,"彰化縣芳苑鄉文津段436-4地號（座標緯度及經度：23.932676, 120.367307）",(09)
460610,彰化縣流浪狗中途之家臨時收容所,彰化縣流浪狗中途之家臨時收容所,混種犬,1,M,SMALL,黑黃色,CHILD,T,https://www.pet.gov.tw/upload/pic/1783995725662.png,雙義路、高鐵東二路,2026-07-28,"彰化縣芳苑鄉文津段436-4地號（座標緯度及經度：23.932676, 120.367307）",(09)
460608,彰化縣流浪狗中途之家臨時收容所,彰化縣流浪狗中途之家臨時收容所,混種犬,1,M,SMALL,黑色,CHILD,T,https://www.pet.gov.tw/upload/pic/1783995646950.png,石坑一巷,2026-07-28,"彰化縣芳苑鄉文津段436-4地號（座標緯度及經度：23.932676, 120.367307）",(09)
460798,彰化縣流浪狗中途之家臨時收容所,彰化縣流浪狗中途之家臨時收容所,混種犬,1,M,SMALL,虎斑色,CHILD,T,https://www.pet.gov.tw/upload/pic/1784086595401.png,,2026-07-28,"彰化縣芳苑鄉文津段436-4地號（座標緯度及經度：23.932676, 120.367307）",(09)
460800,彰化縣流浪狗中途之家臨時收容所,彰化縣流浪狗中途之家臨時收容所,混種犬,1,M,SMALL,黑白色,CHILD,T,https://www.pet.gov.tw/upload/pic/1784086693598.png,,2026-07-28,"彰化縣芳苑鄉文津段436-4地號（座標緯度及經度：23.932676, 120.367307）",(09)
460606,彰化縣流浪狗中途之家臨時收容所,彰化縣流浪狗中途之家臨時收容所,混種犬,1,M,SMALL,黑色,CHILD,T,https://www.pet.gov.tw/upload/pic/1783995454498.png,鳳鳴路,2026-07-28,"彰化縣芳苑鄉文津段436-4地號（座標緯度及經度：23.932676, 120.367307）",(09)
462097,臺南市動物之家善化站,臺南市動物之家善化站,混種犬,1,F,SMALL,黑色,CHILD,N,https://www.pet.gov.tw/upload/pic/1784879906410.png,,2026-07-24,臺南市善化區昌隆里東勢寮1-19號,(06)5832399
462092,宜蘭縣流浪動物中途之家,宜蘭縣流浪動物中途之家,混種犬,1,M,MEDIUM,黑色,ADULT,N,https://www.pet.gov.tw/upload/pic/1784879546988.png,順和二路,2026-07-24,宜蘭縣五結鄉成興村利寶路60號,(03)9602350620
455526,彰化縣流浪狗中途之家臨時收容所,彰化縣流浪狗中途之家臨時收容所,混種犬,1,M,SMALL,黑色,CHILD,N,https://www.pet.gov.tw/upload/pic/1779930810516.png,漁吉路,2026-05-28,"彰化縣芳苑鄉文津段436-4地號（座標緯度及經度：23.932676, 120.367307）",(09)
455523,彰化縣流浪狗中途之家臨時收容所,彰化縣流浪狗中途之家臨時收容所,混種犬,1,M,SMALL,黑色,CHILD,N,https://www.pet.gov.tw/upload/pic/1779930634213.png,漁吉路,2026-05-28,"彰化縣芳苑鄉文津段436-4地號（座標緯度及經度：23.932676, 120.367307）",(09)
455524,彰化縣流浪狗中途之家臨時收容所,彰化縣流浪狗中途之家臨時收容所,混種犬,1,M,SMALL,黑色,CHILD,N,https://www.pet.gov.tw/upload/pic/1779930720103.png,漁吉路,2026-05-28,"彰化縣芳苑鄉文津段436-4地號（座標緯度及經度：23.932676, 120.367307）",(09)
462078,彰化縣流浪狗中途之家臨時收容所,彰化縣流浪狗中途之家臨時收容所,混種犬,1,F,MEDIUM,黃白色,ADULT,T,https://www.pet.gov.tw/upload/pic/1784877939374.png,小鹿公園,2026-08-01,"彰化縣芳苑鄉文津段436-4地號（座標緯度及經度：23.932676, 120.367307）",(09)
393893,花蓮縣狗貓躍動園區,花蓮縣狗貓躍動園區,混種犬,1,M,MEDIUM,花白色,ADULT,T,https://www.pet.gov.tw/upload/pic/1739763389249.png,鳳林火車站,2026-07-24,花蓮縣鳳林鎮林榮里永豐路255號,(03)8421452
461178,新竹縣動物保護教育園區,新竹縣動物保護教育園區,混種犬,1,M,MEDIUM,黑黃色,ADULT,T,https://www.pet.gov.tw/upload/pic/1784475949036.png,,2026-07-17,新竹縣竹北市縣政五街192號,(03)5519548
462069,桃園市動物保護教育園區,桃園市動物保護教育園區,日本狐狸犬,0,M,SMALL,白色,ADULT,T,https://www.pet.gov.tw/upload/pic/1784876184104.png,五福里吉林路(吉林公園涼亭),,桃園市新屋區永興里3鄰藻礁路1668號,(03)4861760
462067,臺東縣動物收容中心,臺東縣動物收容中心,混種犬,1,F,MEDIUM,黃色,ADULT,N,https://www.pet.gov.tw/upload/pic/1784875287035.png,,2026-07-24,臺東縣臺東市中華路4段999巷600號,(089)362011
452687,嘉義市動物保護教育園區,嘉義市動物保護教育園區,法國鬥牛犬,0,M,SMALL,黑白色,ADULT,T,https://www.pet.gov.tw/upload/pic/1778656972426.png,博愛路一段370號,,嘉義市彌陀路31號,(05)2168661
462028,彰化縣流浪狗中途之家臨時收容所,彰化縣流浪狗中途之家臨時收容所,混種犬,1,M,SMALL,黑色,CHILD,N,https://www.pet.gov.tw/upload/pic/1784862807762.png,民生街623巷5弄5號,2026-07-24,"彰化縣芳苑鄉文津段436-4地號（座標緯度及經度：23.932676, 120.367307）",(09)
462022,彰化縣流浪狗中途之家臨時收容所,彰化縣流浪狗中途之家臨時收容所,混種犬,1,M,SMALL,黑色,CHILD,T,https://www.pet.gov.tw/upload/pic/1784862165804.png,彰南路二段385巷25號,2026-07-24,"彰化縣芳苑鄉文津段436-4地號（座標緯度及經度：23.932676, 120.367307）",(09)
462038,新竹市動物保護教育園區,新竹市動物保護教育園區,混種犬,1,M,MEDIUM,黑色,ADULT,F,https://www.pet.gov.tw/upload/pic/1784864523515.png,南寮波光市集,2026-07-31,新竹市南寮里海濱路250號,(03)5368329
431450,臺南市動物之家灣裡站,臺南市動物之家灣裡站,柴犬,0,F,MEDIUM,白色,ADULT,F,https://www.pet.gov.tw/upload/pic/1763544754687.png,龍橋街66巷3號,2026-03-13,臺南市南區省躬里14鄰萬年路580巷92號,(06)2964439
462017,彰化縣流浪狗中途之家臨時收容所,彰化縣流浪狗中途之家臨時收容所,混種犬,1,F,SMALL,虎斑色,CHILD,N,https://www.pet.gov.tw/upload/pic/1784861950665.png,大埔路149巷139號,2026-07-24,"彰化縣芳苑鄉文津段436-4地號（座標緯度及經度：23.932676, 120.367307）",(09)
462008,彰化縣流浪狗中途之家臨時收容所,彰化縣流浪狗中途之家臨時收容所,混種犬,1,F,SMALL,黑色,CHILD,N,https://www.pet.gov.tw/upload/pic/1784860680251.png,福建路326號附近,2026-07-24,"彰化縣芳苑鄉文津段436-4地號（座標緯度及經度：23.932676, 120.367307）",(09)
462006,彰化縣流浪狗中途之家臨時收容所,彰化縣流浪狗中途之家臨時收容所,混種犬,1,F,SMALL,黃色,CHILD,N,https://www.pet.gov.tw/upload/pic/1784860492790.png,富農路芳富段580地號附近,2026-07-24,"彰化縣芳苑鄉文津段436-4地號（座標緯度及經度：23.932676, 120.367307）",(09)
461996,臺南市動物之家善化站,臺南市動物之家善化站,混種犬,1,F,MEDIUM,黃色,ADULT,N,https://www.pet.gov.tw/upload/pic/1784859638661.png,,2026-07-24,臺南市善化區昌隆里東勢寮1-19號,(06)5832399
461994,南投縣公立動物收容所,南投縣公立動物收容所,混種犬,1,F,MEDIUM,虎斑色,ADULT,T,https://www.pet.gov.tw/upload/pic/1784859445190.png,瓊文巷,2026-07-23,南投縣南投市嶺興路36-1號,(049)2225440
461989,新竹市動物保護教育園區,新竹市動物保護教育園區,混種犬,1,M,SMALL,黃色,ADULT,F,https://www.pet.gov.tw/upload/pic/1784858264841.png,光華二街72巷,,新竹市南寮里海濱路250號,(03)5368329
295834,新北市板橋區公立動物之家,新北市板橋區公立動物之家,混種犬,1,M,MEDIUM,黑色,ADULT,F,https://www.pet.gov.tw/upload/pic/1754539345449.png,萬安街33巷6號附近,2023-03-04,新北市板橋區板城路28-1號,(02)89662158
448022,新北市板橋區公立動物之家,新北市板橋區公立動物之家,混種犬,1,M,MEDIUM,黑黃色,ADULT,T,https://www.pet.gov.tw/upload/pic/1775370944041.png,樹林區復興路,2026-04-05,新北市板橋區板城路28-1號,(02)89662158
28959,桃園市動物保護教育園區,桃園市動物保護教育園區,混種犬,1,M,MEDIUM,虎斑色,ADULT,F,https://www.pet.gov.tw/upload/pic/db166860-8e4d-45a9-aeef-a009d79e722d.JPG,長安里愛一街,2018-03-23,桃園市新屋區永興里3鄰藻礁路1668號,(03)4861760
49969,桃園市動物保護教育園區,桃園市動物保護教育園區,混種犬,1,M,MEDIUM,黑色,ADULT,F,https://www.pet.gov.tw/upload/pic/33ccccf3-6167-41fb-87dc-c17a6b100742.JPG,三元里三聖宮停車場,2018-05-23,桃園市新屋區永興里3鄰藻礁路1668號,(03)4861760
461986,臺東縣動物收容中心,臺東縣動物收容中心,混種犬,1,F,MEDIUM,黑白色,CHILD,N,https://www.pet.gov.tw/upload/pic/1784853178896.png,中興路二段生態池,2026-07-24,臺東縣臺東市中華路4段999巷600號,(089)362011
348796,澎湖縣流浪動物收容中心,澎湖縣流浪動物收容中心,混種犬,1,M,BIG,黑黃色,ADULT,T,https://www.pet.gov.tw/upload/pic/1726727846507.png,5號,2024-03-19,澎湖縣馬公市烏崁里260、261號,(06)9213559
302680,澎湖縣流浪動物收容中心,澎湖縣流浪動物收容中心,混種犬,1,F,MEDIUM,黃色,ADULT,T,https://www.pet.gov.tw/upload/pic/1727246001709.png,金龍頭服務中心,2023-04-27,澎湖縣馬公市烏崁里260、261號,(06)9213559
386855,澎湖縣流浪動物收容中心,澎湖縣流浪動物收容中心,混種犬,1,M,MEDIUM,三花色,ADULT,T,https://www.pet.gov.tw/upload/pic/1734594436782.png,五福路,2025-01-01,澎湖縣馬公市烏崁里260、261號,(06)9213559
334944,澎湖縣流浪動物收容中心,澎湖縣流浪動物收容中心,混種犬,1,F,MEDIUM,黃色,ADULT,T,https://www.pet.gov.tw/upload/pic/1705491323112.png,,2023-12-01,澎湖縣馬公市烏崁里260、261號,(06)9213559
392281,澎湖縣流浪動物收容中心,澎湖縣流浪動物收容中心,混種犬,1,M,MEDIUM,虎斑色,ADULT,T,https://www.pet.gov.tw/upload/pic/1738813152948.png,安宅醫院對面,2025-02-19,澎湖縣馬公市烏崁里260、261號,(06)9213559
414131,澎湖縣流浪動物收容中心,澎湖縣流浪動物收容中心,混種犬,1,F,MEDIUM,黑色,ADULT,T,https://www.pet.gov.tw/upload/pic/1752546856931.png,,2025-07-25,澎湖縣馬公市烏崁里260、261號,(06)9213559
346971,澎湖縣流浪動物收容中心,澎湖縣流浪動物收容中心,混種犬,1,F,BIG,虎斑色,ADULT,T,https://www.pet.gov.tw/upload/pic/1708487762235.png,陰陽廟旁,2024-03-06,澎湖縣馬公市烏崁里260、261號,(06)9213559
295615,澎湖縣流浪動物收容中心,澎湖縣流浪動物收容中心,混種犬,1,F,BIG,黃色,ADULT,T,https://www.pet.gov.tw/upload/pic/1677308197565.png,,2023-02-20,澎湖縣馬公市烏崁里260、261號,(06)9213559
420271,澎湖縣流浪動物收容中心,澎湖縣流浪動物收容中心,混種犬,1,M,BIG,虎斑色,ADULT,T,https://www.pet.gov.tw/upload/pic/1756782542382.png,800號之1,2025-09-12,澎湖縣馬公市烏崁里260、261號,(06)9213559
330105,澎湖縣流浪動物收容中心,澎湖縣流浪動物收容中心,混種犬,1,M,MEDIUM,黃白色,ADULT,T,https://www.pet.gov.tw/upload/pic/1726727448286.png,營頭公園旁,2023-10-30,澎湖縣馬公市烏崁里260、261號,(06)9213559
414459,澎湖縣流浪動物收容中心,澎湖縣流浪動物收容中心,混種犬,1,F,BIG,黃色,ADULT,T,https://www.pet.gov.tw/upload/pic/1752646511612.png,,2025-08-08,澎湖縣馬公市烏崁里260、261號,(06)9213559
208373,澎湖縣流浪動物收容中心,澎湖縣流浪動物收容中心,混種犬,1,M,BIG,黑色,ADULT,T,https://asms.coa.gov.tw/amlapp/upload/pic/c4a7be18-dc04-413c-b4ab-0c3b07dd00e7_org.jpeg,二崁,2021-06-07,澎湖縣馬公市烏崁里260、261號,(06)9213559
236764,澎湖縣流浪動物收容中心,澎湖縣流浪動物收容中心,混種犬,1,M,BIG,黑黃色,ADULT,T,https://asms.coa.gov.tw/amlapp/upload/pic/aefff033-551f-403d-8fd1-814fd9d6de5c_org.jpeg,東文里里長家前空地,2021-12-31,澎湖縣馬公市烏崁里260、261號,(06)9213559
461177,新竹縣動物保護教育園區,新竹縣動物保護教育園區,混種犬,1,M,MEDIUM,黑色,ADULT,T,https://www.pet.gov.tw/upload/pic/1784476220767.png,,2026-07-17,新竹縣竹北市縣政五街192號,(03)5519548
461175,新竹縣動物保護教育園區,新竹縣動物保護教育園區,混種犬,1,M,MEDIUM,虎斑色,ADULT,T,https://www.pet.gov.tw/upload/pic/1784477043876.png,,2026-07-17,新竹縣竹北市縣政五街192號,(03)5519548
461176,新竹縣動物保護教育園區,新竹縣動物保護教育園區,混種犬,1,M,MEDIUM,黑色,ADULT,T,https://www.pet.gov.tw/upload/pic/1784561164102.png,,2026-07-17,新竹縣竹北市縣政五街192號,(03)5519548
461535,新竹縣動物保護教育園區,新竹縣動物保護教育園區,混種犬,1,M,MEDIUM,虎斑色,ADULT,T,https://www.pet.gov.tw/upload/pic/1784643384674.png,,2026-07-21,新竹縣竹北市縣政五街192號,(03)5519548
461533,新竹縣動物保護教育園區,新竹縣動物保護教育園區,混種犬,1,M,MEDIUM,黑色,ADULT,T,https://www.pet.gov.tw/upload/pic/1784643403268.png,,2026-07-21,新竹縣竹北市縣政五街192號,(03)5519548
461928,金門縣動物收容中心,金門縣動物收容中心,混種犬,1,F,MEDIUM,黃色,ADULT,T,https://www.pet.gov.tw/upload/pic/1784794171058.png,金城鎮賢庵里官裡,2026-07-15,金門縣金湖鎮裕民農莊20號,(082)336625
461552,雲林縣流浪動物收容所,雲林縣流浪動物收容所,混種犬,1,F,MEDIUM,黑色,ADULT,T,https://www.pet.gov.tw/upload/pic/1784618040835.png,台西鄉五港村,2026-07-24,雲林縣斗六市雲林路二段517號,(05)5523300
436336,基隆市寵物銀行,基隆市寵物銀行,混種犬,1,M,MEDIUM,黑白色,ADULT,F,https://www.pet.gov.tw/upload/pic/1766552742517.png,大華三路45-12號,2026-07-23,基隆市七堵區大華三路45-12號(欣欣安樂園旁),(02)24560148
461942,高雄市燕巢動物保護關愛園區,高雄市燕巢動物保護關愛園區,混種犬,1,M,SMALL,黑色,CHILD,N,https://www.pet.gov.tw/upload/pic/1784794981628.png,光和路,2026-07-01,高雄市燕巢區師大路98號,(07)6051002
461938,高雄市燕巢動物保護關愛園區,高雄市燕巢動物保護關愛園區,混種犬,1,M,MEDIUM,黃色,CHILD,N,https://www.pet.gov.tw/upload/pic/1784794720390.png,保安路,2026-07-09,高雄市燕巢區師大路98號,(07)6051002
393645,臺北市動物之家,臺北市動物之家,混種犬,1,F,MEDIUM,虎斑色,ADULT,T,https://www.pet.gov.tw/upload/pic/1739516689601.png,,2025-02-14,臺北市內湖區安美街191號,(02)87913254
461931,高雄市燕巢動物保護關愛園區,高雄市燕巢動物保護關愛園區,混種犬,1,M,SMALL,黃色,CHILD,N,https://www.pet.gov.tw/upload/pic/1784794605570.png,北溝,2026-07-01,高雄市燕巢區師大路98號,(07)6051002
461929,高雄市燕巢動物保護關愛園區,高雄市燕巢動物保護關愛園區,混種犬,1,M,SMALL,黃色,CHILD,N,https://www.pet.gov.tw/upload/pic/1784794363471.png,永安路,2026-07-03,高雄市燕巢區師大路98號,(07)6051002
461926,高雄市燕巢動物保護關愛園區,高雄市燕巢動物保護關愛園區,混種犬,1,M,SMALL,黃色,CHILD,N,https://www.pet.gov.tw/upload/pic/1784794238199.png,正大路,2026-07-14,高雄市燕巢區師大路98號,(07)6051002
461924,高雄市燕巢動物保護關愛園區,高雄市燕巢動物保護關愛園區,混種犬,1,M,SMALL,黑色,CHILD,N,https://www.pet.gov.tw/upload/pic/1784794114920.png,復興路,2026-07-08,高雄市燕巢區師大路98號,(07)6051002
461923,高雄市燕巢動物保護關愛園區,高雄市燕巢動物保護關愛園區,混種犬,1,M,SMALL,黑色,CHILD,N,https://www.pet.gov.tw/upload/pic/1784794001553.png,壽齡國小,2026-07-07,高雄市燕巢區師大路98號,(07)6051002
461921,高雄市燕巢動物保護關愛園區,高雄市燕巢動物保護關愛園區,混種犬,1,F,SMALL,黃色,CHILD,N,https://www.pet.gov.tw/upload/pic/1784793881283.png,三公路,2026-07-10,高雄市燕巢區師大路98號,(07)6051002
461917,高雄市燕巢動物保護關愛園區,高雄市燕巢動物保護關愛園區,混種犬,1,F,SMALL,黃色,CHILD,N,https://www.pet.gov.tw/upload/pic/1784793768017.png,保安路,2026-07-10,高雄市燕巢區師大路98號,(07)6051002
461915,高雄市燕巢動物保護關愛園區,高雄市燕巢動物保護關愛園區,混種犬,1,F,SMALL,灰色,CHILD,N,https://www.pet.gov.tw/upload/pic/1784793522222.png,北溝,2026-07-07,高雄市燕巢區師大路98號,(07)6051002
461911,高雄市燕巢動物保護關愛園區,高雄市燕巢動物保護關愛園區,混種犬,1,F,SMALL,黑色,CHILD,N,https://www.pet.gov.tw/upload/pic/1784793254489.png,大崗山,2026-07-08,高雄市燕巢區師大路98號,(07)6051002
461909,高雄市燕巢動物保護關愛園區,高雄市燕巢動物保護關愛園區,混種犬,1,M,SMALL,黑色,CHILD,N,https://www.pet.gov.tw/upload/pic/1784793152785.png,文安路,2026-07-08,高雄市燕巢區師大路98號,(07)6051002
461908,高雄市燕巢動物保護關愛園區,高雄市燕巢動物保護關愛園區,混種犬,1,F,SMALL,黑色,CHILD,N,https://www.pet.gov.tw/upload/pic/1784793063500.png,司馬路,2026-07-08,高雄市燕巢區師大路98號,(07)6051002
461907,高雄市燕巢動物保護關愛園區,高雄市燕巢動物保護關愛園區,混種犬,1,F,SMALL,黃色,CHILD,N,https://www.pet.gov.tw/upload/pic/1784792941905.png,中山公園,2026-07-09,高雄市燕巢區師大路98號,(07)6051002
461905,高雄市燕巢動物保護關愛園區,高雄市燕巢動物保護關愛園區,混種犬,1,F,SMALL,黑色,CHILD,N,https://www.pet.gov.tw/upload/pic/1784792823802.png,安樂宮,2026-07-09,高雄市燕巢區師大路98號,(07)6051002
461904,高雄市燕巢動物保護關愛園區,高雄市燕巢動物保護關愛園區,混種犬,1,F,SMALL,黑色,CHILD,N,https://www.pet.gov.tw/upload/pic/1784792737408.png,大仁路,2026-07-09,高雄市燕巢區師大路98號,(07)6051002
461903,高雄市燕巢動物保護關愛園區,高雄市燕巢動物保護關愛園區,混種犬,1,M,SMALL,黑色,CHILD,N,https://www.pet.gov.tw/upload/pic/1784792644362.png,光和路,2026-07-09,高雄市燕巢區師大路98號,(07)6051002
461901,高雄市燕巢動物保護關愛園區,高雄市燕巢動物保護關愛園區,混種犬,1,F,SMALL,黑色,CHILD,N,https://www.pet.gov.tw/upload/pic/1784792558758.png,龍山街,2026-07-21,高雄市燕巢區師大路98號,(07)6051002
461899,高雄市燕巢動物保護關愛園區,高雄市燕巢動物保護關愛園區,混種犬,1,F,SMALL,黑色,CHILD,N,https://www.pet.gov.tw/upload/pic/1784792471354.png,龍山街,2026-07-21,高雄市燕巢區師大路98號,(07)6051002
461895,高雄市燕巢動物保護關愛園區,高雄市燕巢動物保護關愛園區,混種犬,1,F,SMALL,黑色,CHILD,N,https://www.pet.gov.tw/upload/pic/1784792188467.png,海尾路,2026-07-09,高雄市燕巢區師大路98號,(07)6051002
461875,苗栗縣動物保護教育園區,苗栗縣動物保護教育園區,混種犬,1,F,BIG,黃色,ADULT,N,https://www.pet.gov.tw/upload/pic/1784789521424.png,通霄鎮福龍里,2026-07-23,苗栗縣銅鑼鄉朝陽村6鄰朝北55-1號(地圖：https:／／goo.gl/maps/Bd4sckpEPsrof7Qb8),(037)558228
452684,臺北市動物之家,臺北市動物之家,混種犬,1,M,MEDIUM,黑色,ADULT,F,https://www.pet.gov.tw/upload/pic/1778655909640.png,老泉街26巷,2026-05-20,臺北市內湖區安美街191號,(02)87913254
461866,苗栗縣動物保護教育園區,苗栗縣動物保護教育園區,混種犬,1,F,BIG,黑色,ADULT,N,https://www.pet.gov.tw/upload/pic/1784788997244.png,通霄鎮城南里,2026-07-23,苗栗縣銅鑼鄉朝陽村6鄰朝北55-1號(地圖：https:／／goo.gl/maps/Bd4sckpEPsrof7Qb8),(037)558228
91426,桃園市動物保護教育園區,桃園市動物保護教育園區,混種犬,1,F,MEDIUM,黑色,ADULT,F,https://www.pet.gov.tw/upload/pic/8393a184-2943-4c1d-a585-e7a143e25169.JPG,內定二街,2019-04-09,桃園市新屋區永興里3鄰藻礁路1668號,(03)4861760
461726,苗栗縣動物保護教育園區,苗栗縣動物保護教育園區,柴犬,0,M,MEDIUM,黃色,ADULT,T,https://www.pet.gov.tw/upload/pic/1784701425815.png,三義鄉雙潭村,,苗栗縣銅鑼鄉朝陽村6鄰朝北55-1號(地圖：https:／／goo.gl/maps/Bd4sckpEPsrof7Qb8),(037)558228
461833,臺南市動物之家善化站,臺南市動物之家善化站,混種犬,1,F,BIG,黃白色,ADULT,N,https://www.pet.gov.tw/upload/pic/1784780988100.png,,2026-07-23,臺南市善化區昌隆里東勢寮1-19號,(06)5832399
461832,臺南市動物之家善化站,臺南市動物之家善化站,混種犬,1,F,BIG,黃白色,ADULT,N,https://www.pet.gov.tw/upload/pic/1784780844588.png,,2026-07-23,臺南市善化區昌隆里東勢寮1-19號,(06)5832399
439511,嘉義市動物保護教育園區,嘉義市動物保護教育園區,威爾斯柯基犬,0,F,MEDIUM,黃白色,ADULT,T,https://www.pet.gov.tw/upload/pic/1768874502376.png,,2026-07-21,嘉義市彌陀路31號,(05)2168661
458088,嘉義市動物保護教育園區,嘉義市動物保護教育園區,混種犬,1,F,MEDIUM,花色,ADULT,T,https://www.pet.gov.tw/upload/pic/1782095060149.png,民權路98號（小北百貨）,2026-07-17,嘉義市彌陀路31號,(05)2168661
461827,新竹市動物保護教育園區,新竹市動物保護教育園區,混種犬,1,M,MEDIUM,黃色,ADULT,N,https://www.pet.gov.tw/upload/pic/1784776797469.png,新港3路,2026-07-30,新竹市南寮里海濱路250號,(03)5368329
461173,新竹縣動物保護教育園區,新竹縣動物保護教育園區,混種犬,1,F,MEDIUM,棕色,ADULT,T,https://www.pet.gov.tw/upload/pic/1784561073416.png,,,新竹縣竹北市縣政五街192號,(03)5519548
460619,高雄市壽山動物保護教育園區,高雄市壽山動物保護教育園區,法國鬥牛犬,0,M,SMALL,黑色,ADULT,F,https://www.pet.gov.tw/upload/pic/1783996387984.png,忠義街,2026-07-23,高雄市鼓山區萬壽路350號,(07)5519059
461805,彰化縣流浪狗中途之家臨時收容所,彰化縣流浪狗中途之家臨時收容所,混種犬,1,F,MEDIUM,黃色,ADULT,T,https://www.pet.gov.tw/upload/pic/1784772425384.png,大西路三段106號後方,2026-07-31,"彰化縣芳苑鄉文津段436-4地號（座標緯度及經度：23.932676, 120.367307）",(09)
461813,彰化縣流浪狗中途之家臨時收容所,彰化縣流浪狗中途之家臨時收容所,混種犬,1,F,MEDIUM,黑色,ADULT,T,https://www.pet.gov.tw/upload/pic/1784773136283.png,北美路80巷、北美路交叉口,2026-07-31,"彰化縣芳苑鄉文津段436-4地號（座標緯度及經度：23.932676, 120.367307）",(09)
461806,彰化縣流浪狗中途之家臨時收容所,彰化縣流浪狗中途之家臨時收容所,混種犬,1,F,MEDIUM,虎斑色,ADULT,T,https://www.pet.gov.tw/upload/pic/1784772561704.png,羅厝路三段65巷17號,2026-07-31,"彰化縣芳苑鄉文津段436-4地號（座標緯度及經度：23.932676, 120.367307）",(09)
461808,彰化縣流浪狗中途之家臨時收容所,彰化縣流浪狗中途之家臨時收容所,混種犬,1,F,MEDIUM,黑色,ADULT,T,https://www.pet.gov.tw/upload/pic/1784772634055.png,羅厝路一段174號,2026-07-31,"彰化縣芳苑鄉文津段436-4地號（座標緯度及經度：23.932676, 120.367307）",(09)
461797,南投縣公立動物收容所,南投縣公立動物收容所,混種犬,1,F,MEDIUM,,ADULT,T,https://www.pet.gov.tw/upload/pic/1784770713411.png,自強三路,2026-07-22,南投縣南投市嶺興路36-1號,(049)2225440
461791,宜蘭縣流浪動物中途之家,宜蘭縣流浪動物中途之家,混種犬,1,M,MEDIUM,黑色,CHILD,N,https://www.pet.gov.tw/upload/pic/1784767965736.png,朝陽路,2026-07-23,宜蘭縣五結鄉成興村利寶路60號,(03)9602350620
461792,宜蘭縣流浪動物中途之家,宜蘭縣流浪動物中途之家,混種犬,1,F,MEDIUM,黑白色,CHILD,N,https://www.pet.gov.tw/upload/pic/1784768118069.png,朝陽路,2026-07-23,宜蘭縣五結鄉成興村利寶路60號,(03)9602350620
451230,澎湖縣流浪動物收容中心,澎湖縣流浪動物收容中心,混種犬,1,M,BIG,黃色,ADULT,F,https://www.pet.gov.tw/upload/pic/1778285847411.png,,2026-05-12,澎湖縣馬公市烏崁里260、261號,(06)9213559
456325,澎湖縣流浪動物收容中心,澎湖縣流浪動物收容中心,混種犬,1,F,BIG,虎斑色,ADULT,F,https://www.pet.gov.tw/upload/pic/1780638705453.png,農牧場,2026-06-16,澎湖縣馬公市烏崁里260、261號,(06)9213559
452136,澎湖縣流浪動物收容中心,澎湖縣流浪動物收容中心,混種犬,1,M,BIG,,ADULT,F,https://www.pet.gov.tw/upload/pic/1778293871636.png,,2026-05-19,澎湖縣馬公市烏崁里260、261號,(06)9213559
419326,澎湖縣流浪動物收容中心,澎湖縣流浪動物收容中心,混種犬,1,M,BIG,黑黃色,ADULT,F,https://www.pet.gov.tw/upload/pic/1757819805081.png,緣卡拉ok,2025-09-05,澎湖縣馬公市烏崁里260、261號,(06)9213559
420922,澎湖縣流浪動物收容中心,澎湖縣流浪動物收容中心,混種犬,1,M,BIG,黑黃色,ADULT,T,https://www.pet.gov.tw/upload/pic/1757819838446.png,緣KTV,,澎湖縣馬公市烏崁里260、261號,(06)9213559
454009,澎湖縣流浪動物收容中心,澎湖縣流浪動物收容中心,混種犬,1,M,BIG,黃色,ADULT,F,https://www.pet.gov.tw/upload/pic/1784011722470.png,,2026-06-02,澎湖縣馬公市烏崁里260、261號,(06)9213559
459051,新竹市動物保護教育園區,新竹市動物保護教育園區,混種犬,1,F,MEDIUM,黑虎斑色,ADULT,T,https://www.pet.gov.tw/upload/pic/1782782686600.png,武陵路口,2026-07-07,新竹市南寮里海濱路250號,(03)5368329
461756,高雄市壽山動物保護教育園區,高雄市壽山動物保護教育園區,混種犬,1,M,BIG,白色,ADULT,N,https://www.pet.gov.tw/upload/pic/1784706504773.png,中愛路,2026-07-22,高雄市鼓山區萬壽路350號,(07)5519059
461755,臺南市動物之家善化站,臺南市動物之家善化站,混種犬,1,M,MEDIUM,棕白色,ADULT,N,https://www.pet.gov.tw/upload/pic/1784705471344.png,,2026-07-22,臺南市善化區昌隆里東勢寮1-19號,(06)5832399
447888,苗栗縣動物保護教育園區,苗栗縣動物保護教育園區,混種犬,1,M,BIG,黑色,ADULT,T,https://www.pet.gov.tw/upload/pic/1775109803710.png,西湖鄉三湖村,2026-04-02,苗栗縣銅鑼鄉朝陽村6鄰朝北55-1號(地圖：https:／／goo.gl/maps/Bd4sckpEPsrof7Qb8),(037)558228
403503,苗栗縣動物保護教育園區,苗栗縣動物保護教育園區,混種犬,1,M,BIG,黑色,ADULT,T,https://www.pet.gov.tw/upload/pic/1745910145960.png,西湖鄉龍洞村,2025-08-27,苗栗縣銅鑼鄉朝陽村6鄰朝北55-1號(地圖：https:／／goo.gl/maps/Bd4sckpEPsrof7Qb8),(037)558228
449134,苗栗縣動物保護教育園區,苗栗縣動物保護教育園區,混種犬,1,M,BIG,黃色,ADULT,T,https://www.pet.gov.tw/upload/pic/1776149671684.png,造橋鄉談文村,2026-04-14,苗栗縣銅鑼鄉朝陽村6鄰朝北55-1號(地圖：https:／／goo.gl/maps/Bd4sckpEPsrof7Qb8),(037)558228
461313,苗栗縣動物保護教育園區,苗栗縣動物保護教育園區,混種犬,1,F,BIG,虎斑色,ADULT,N,https://www.pet.gov.tw/upload/pic/1784530593140.png,通宵梅南里,2026-07-22,苗栗縣銅鑼鄉朝陽村6鄰朝北55-1號(地圖：https:／／goo.gl/maps/Bd4sckpEPsrof7Qb8),(037)558228
459295,苗栗縣動物保護教育園區,苗栗縣動物保護教育園區,混種犬,1,F,BIG,黑色,ADULT,T,https://www.pet.gov.tw/upload/pic/1782878047935.png,大湖鄉富興村,2026-07-22,苗栗縣銅鑼鄉朝陽村6鄰朝北55-1號(地圖：https:／／goo.gl/maps/Bd4sckpEPsrof7Qb8),(037)558228
461130,苗栗縣動物保護教育園區,苗栗縣動物保護教育園區,混種犬,1,M,BIG,黑色,ADULT,T,https://www.pet.gov.tw/upload/pic/1784271978807.png,三灣鄉,2026-07-17,苗栗縣銅鑼鄉朝陽村6鄰朝北55-1號(地圖：https:／／goo.gl/maps/Bd4sckpEPsrof7Qb8),(037)558228
461312,苗栗縣動物保護教育園區,苗栗縣動物保護教育園區,混種犬,1,M,BIG,虎斑色,ADULT,T,https://www.pet.gov.tw/upload/pic/1784530471058.png,通霄鎮福興里,2026-07-20,苗栗縣銅鑼鄉朝陽村6鄰朝北55-1號(地圖：https:／／goo.gl/maps/Bd4sckpEPsrof7Qb8),(037)558228
461311,苗栗縣動物保護教育園區,苗栗縣動物保護教育園區,混種犬,1,M,MEDIUM,黃色,ADULT,N,https://www.pet.gov.tw/upload/pic/1784530350532.png,大湖鄉靜湖村,2026-07-22,苗栗縣銅鑼鄉朝陽村6鄰朝北55-1號(地圖：https:／／goo.gl/maps/Bd4sckpEPsrof7Qb8),(037)558228
461738,苗栗縣動物保護教育園區,苗栗縣動物保護教育園區,混種犬,1,M,MEDIUM,黃白色,CHILD,T,https://www.pet.gov.tw/upload/pic/1784702781015.png,通宵福隆里,2026-07-22,苗栗縣銅鑼鄉朝陽村6鄰朝北55-1號(地圖：https:／／goo.gl/maps/Bd4sckpEPsrof7Qb8),(037)558228
461748,苗栗縣動物保護教育園區,苗栗縣動物保護教育園區,混種犬,1,F,MEDIUM,黑黃色,CHILD,T,https://www.pet.gov.tw/upload/pic/1784703577170.png,通宵福隆里,2026-07-22,苗栗縣銅鑼鄉朝陽村6鄰朝北55-1號(地圖：https:／／goo.gl/maps/Bd4sckpEPsrof7Qb8),(037)558228
461745,苗栗縣動物保護教育園區,苗栗縣動物保護教育園區,混種犬,1,M,MEDIUM,黃色,CHILD,T,https://www.pet.gov.tw/upload/pic/1784703411131.png,通宵福隆里,2026-07-22,苗栗縣銅鑼鄉朝陽村6鄰朝北55-1號(地圖：https:／／goo.gl/maps/Bd4sckpEPsrof7Qb8),(037)558228
461743,苗栗縣動物保護教育園區,苗栗縣動物保護教育園區,混種犬,1,M,MEDIUM,黑黃色,CHILD,T,https://www.pet.gov.tw/upload/pic/1784703301889.png,通宵福隆里,2026-07-22,苗栗縣銅鑼鄉朝陽村6鄰朝北55-1號(地圖：https:／／goo.gl/maps/Bd4sckpEPsrof7Qb8),(037)558228
461742,臺南市動物之家善化站,臺南市動物之家善化站,混種犬,1,F,BIG,黑色,ADULT,N,https://www.pet.gov.tw/upload/pic/1784703063508.png,,2026-07-22,臺南市善化區昌隆里東勢寮1-19號,(06)5832399
461739,苗栗縣動物保護教育園區,苗栗縣動物保護教育園區,混種犬,1,F,MEDIUM,黃虎斑色,CHILD,T,https://www.pet.gov.tw/upload/pic/1784702934900.png,通宵福隆里,2026-07-22,苗栗縣銅鑼鄉朝陽村6鄰朝北55-1號(地圖：https:／／goo.gl/maps/Bd4sckpEPsrof7Qb8),(037)558228
461736,苗栗縣動物保護教育園區,苗栗縣動物保護教育園區,混種犬,1,M,MEDIUM,黃色,ADULT,T,https://www.pet.gov.tw/upload/pic/1784702645344.png,通宵福隆里,2026-07-22,苗栗縣銅鑼鄉朝陽村6鄰朝北55-1號(地圖：https:／／goo.gl/maps/Bd4sckpEPsrof7Qb8),(037)558228
461735,苗栗縣動物保護教育園區,苗栗縣動物保護教育園區,混種犬,1,F,MEDIUM,黃白色,CHILD,T,https://www.pet.gov.tw/upload/pic/1784702527032.png,通宵福隆里,2026-07-22,苗栗縣銅鑼鄉朝陽村6鄰朝北55-1號(地圖：https:／／goo.gl/maps/Bd4sckpEPsrof7Qb8),(037)558228
461734,南投縣公立動物收容所,南投縣公立動物收容所,混種犬,1,F,SMALL,黑色,CHILD,T,https://www.pet.gov.tw/upload/pic/1784702538032.png,永平路,2026-07-21,南投縣南投市嶺興路36-1號,(049)2225440
461733,南投縣公立動物收容所,南投縣公立動物收容所,混種犬,1,M,SMALL,黑色,CHILD,T,https://www.pet.gov.tw/upload/pic/1784702446648.png,永平路,2026-07-21,南投縣南投市嶺興路36-1號,(049)2225440
461732,南投縣公立動物收容所,南投縣公立動物收容所,混種犬,1,M,SMALL,黑色,CHILD,T,https://www.pet.gov.tw/upload/pic/1784702350137.png,永平路,2026-07-21,南投縣南投市嶺興路36-1號,(049)2225440
461731,南投縣公立動物收容所,南投縣公立動物收容所,混種犬,1,F,SMALL,黑色,CHILD,T,https://www.pet.gov.tw/upload/pic/1784702250996.png,永平路,2026-07-21,南投縣南投市嶺興路36-1號,(049)2225440
461730,南投縣公立動物收容所,南投縣公立動物收容所,混種犬,1,F,SMALL,黑色,CHILD,T,https://www.pet.gov.tw/upload/pic/1784702140857.png,永平路,2026-07-21,南投縣南投市嶺興路36-1號,(049)2225440
458696,澎湖縣流浪動物收容中心,澎湖縣流浪動物收容中心,混種犬,1,M,BIG,,ADULT,F,https://www.pet.gov.tw/upload/pic/1784075439704.png,,2026-07-08,澎湖縣馬公市烏崁里260、261號,(06)9213559
460203,澎湖縣流浪動物收容中心,澎湖縣流浪動物收容中心,混種犬,1,M,BIG,黃色,ADULT,F,https://www.pet.gov.tw/upload/pic/1784075401919.png,,2026-07-21,澎湖縣馬公市烏崁里260、261號,(06)9213559
461589,高雄市壽山動物保護教育園區,高雄市壽山動物保護教育園區,混種犬,1,F,SMALL,黑色,CHILD,N,https://www.pet.gov.tw/upload/pic/1784700017547.png,萬壽路,2026-07-22,高雄市鼓山區萬壽路350號,(07)5519059
30135,桃園市動物保護教育園區,桃園市動物保護教育園區,混種犬,1,M,MEDIUM,黑色,ADULT,F,https://www.pet.gov.tw/upload/pic/39e1a058-c879-465b-9a09-fc0960ceeb0f.JPG,大勇一街,2018-03-01,桃園市新屋區永興里3鄰藻礁路1668號,(03)4861760
211978,桃園市動物保護教育園區,桃園市動物保護教育園區,混種犬,1,M,MEDIUM,黑黃色,ADULT,F,https://www.pet.gov.tw/upload/pic/d4134116-a439-466a-bf50-62b2e0089685.jpg,楊梅區員本里民有路二段２３１巷１０５弄,2026-07-06,桃園市新屋區永興里3鄰藻礁路1668號,(03)4861760
446956,新北市板橋區公立動物之家,新北市板橋區公立動物之家,混種犬,1,M,MEDIUM,黑色,ADULT,T,https://www.pet.gov.tw/upload/pic/1774508167193.png,外縣市台北市大安區瑞安街,2026-03-26,新北市板橋區板城路28-1號,(02)89662158
461666,彰化縣流浪狗中途之家臨時收容所,彰化縣流浪狗中途之家臨時收容所,混種犬,1,M,SMALL,黑色,CHILD,N,https://www.pet.gov.tw/upload/pic/1784693342862.png,和頭路256巷附近,2026-07-22,"彰化縣芳苑鄉文津段436-4地號（座標緯度及經度：23.932676, 120.367307）",(09)
458124,高雄市壽山動物保護教育園區,高雄市壽山動物保護教育園區,貴賓犬,0,M,SMALL,白色,ADULT,N,https://www.pet.gov.tw/upload/pic/1784692503598.png,文化路,,高雄市鼓山區萬壽路350號,(07)5519059
461648,新竹市動物保護教育園區,新竹市動物保護教育園區,混種犬,1,M,MEDIUM,黑色,ADULT,F,https://www.pet.gov.tw/upload/pic/1784691392199.png,新港3路,2026-07-29,新竹市南寮里海濱路250號,(03)5368329
461582,彰化縣流浪狗中途之家臨時收容所,彰化縣流浪狗中途之家臨時收容所,混種犬,1,F,SMALL,黑黃色,CHILD,N,https://www.pet.gov.tw/upload/pic/1784683401552.png,沿海路五段210巷附近,2026-07-22,"彰化縣芳苑鄉文津段436-4地號（座標緯度及經度：23.932676, 120.367307）",(09)
461586,彰化縣流浪狗中途之家臨時收容所,彰化縣流浪狗中途之家臨時收容所,混種犬,1,F,SMALL,黑色,CHILD,N,https://www.pet.gov.tw/upload/pic/1784684193574.png,永崙路2號,2026-07-22,"彰化縣芳苑鄉文津段436-4地號（座標緯度及經度：23.932676, 120.367307）",(09)
461624,彰化縣流浪狗中途之家臨時收容所,彰化縣流浪狗中途之家臨時收容所,混種犬,1,F,MEDIUM,黑色,ADULT,T,https://www.pet.gov.tw/upload/pic/1784689518286.png,三芬路,2026-07-30,"彰化縣芳苑鄉文津段436-4地號（座標緯度及經度：23.932676, 120.367307）",(09)
461620,南投縣公立動物收容所,南投縣公立動物收容所,混種犬,1,F,MEDIUM,白色,ADULT,T,https://www.pet.gov.tw/upload/pic/1784689340657.png,嶺興路,2026-07-21,南投縣南投市嶺興路36-1號,(049)2225440
461617,南投縣公立動物收容所,南投縣公立動物收容所,混種犬,1,F,MEDIUM,黑色,ADULT,T,https://www.pet.gov.tw/upload/pic/1784689247108.png,中正路,2026-07-21,南投縣南投市嶺興路36-1號,(049)2225440
456675,澎湖縣流浪動物收容中心,澎湖縣流浪動物收容中心,混種犬,1,M,BIG,黑色,ADULT,T,https://www.pet.gov.tw/upload/pic/1784011820711.png,,2026-06-17,澎湖縣馬公市烏崁里260、261號,(06)9213559
456384,新北市板橋區公立動物之家,新北市板橋區公立動物之家,柴犬,0,F,MEDIUM,黃色,ADULT,F,https://www.pet.gov.tw/upload/pic/1780641428459.png,板橋區板城路465-1號,,新北市板橋區板城路28-1號,(02)89662158
461588,彰化縣流浪狗中途之家臨時收容所,彰化縣流浪狗中途之家臨時收容所,混種犬,1,M,MEDIUM,黃色,ADULT,T,https://www.pet.gov.tw/upload/pic/1784684339866.png,瑚璉路139巷,2026-07-30,"彰化縣芳苑鄉文津段436-4地號（座標緯度及經度：23.932676, 120.367307）",(09)
386802,新竹市動物保護教育園區,新竹市動物保護教育園區,混種犬,1,M,MEDIUM,黃色,ADULT,T,https://www.pet.gov.tw/upload/pic/1739514331595.png,美山路,2025-05-19,新竹市南寮里海濱路250號,(03)5368329
461529,新竹縣動物保護教育園區,新竹縣動物保護教育園區,混種犬,1,F,MEDIUM,黑色,ADULT,T,https://www.pet.gov.tw/upload/pic/1784623061213.png,,,新竹縣竹北市縣政五街192號,(03)5519548
444977,嘉義市動物保護教育園區,嘉義市動物保護教育園區,混種犬,1,F,SMALL,黑色,CHILD,T,https://www.pet.gov.tw/upload/pic/1773130775033.png,台林橋河堤旁,2026-07-21,嘉義市彌陀路31號,(05)2168661
461575,宜蘭縣流浪動物中途之家,宜蘭縣流浪動物中途之家,混種犬,1,M,BIG,黑白色,ADULT,N,https://www.pet.gov.tw/upload/pic/1784624359846.png,順和二路,2026-07-21,宜蘭縣五結鄉成興村利寶路60號,(03)9602350620
461571,臺南市動物之家善化站,臺南市動物之家善化站,貴賓犬,0,M,SMALL,黑色,ADULT,T,https://www.pet.gov.tw/upload/pic/1784623403310.png,,,臺南市善化區昌隆里東勢寮1-19號,(06)5832399
461570,臺南市動物之家善化站,臺南市動物之家善化站,混種犬,1,M,MEDIUM,黃色,ADULT,N,https://www.pet.gov.tw/upload/pic/1784623179189.png,,2026-07-21,臺南市善化區昌隆里東勢寮1-19號,(06)5832399
425234,新竹市動物保護教育園區,新竹市動物保護教育園區,混種犬,1,M,MEDIUM,黑色,ADULT,T,https://www.pet.gov.tw/upload/pic/1759889198593.png,古賢路,2025-10-15,新竹市南寮里海濱路250號,(03)5368329
414024,新竹市動物保護教育園區,新竹市動物保護教育園區,混種犬,1,F,MEDIUM,黃色,ADULT,T,https://www.pet.gov.tw/upload/pic/1752222461848.png,成德一街,,新竹市南寮里海濱路250號,(03)5368329
458423,南投縣公立動物收容所,南投縣公立動物收容所,混種犬,1,M,SMALL,黑色,ADULT,T,https://www.pet.gov.tw/upload/pic/1782267183823.png,龍山巷,2026-06-29,南投縣南投市嶺興路36-1號,(049)2225440
31212,臺北市動物之家,臺北市動物之家,混種犬,1,F,MEDIUM,黑色,ADULT,F,https://www.pet.gov.tw/upload/pic/1674175843656.png,民眾不擬續養,2021-04-11,臺北市內湖區安美街191號,(02)87913254
459376,彰化縣流浪狗中途之家臨時收容所,彰化縣流浪狗中途之家臨時收容所,混種犬,1,M,MEDIUM,黑色,ADULT,T,https://www.pet.gov.tw/upload/pic/1782889692429.png,番金路80號,2026-07-10,"彰化縣芳苑鄉文津段436-4地號（座標緯度及經度：23.932676, 120.367307）",(09)
397235,新竹市動物保護教育園區,新竹市動物保護教育園區,混種犬,1,M,MEDIUM,黃色,ADULT,T,https://www.pet.gov.tw/upload/pic/1746580514991.png,海埔路171巷,2025-05-08,新竹市南寮里海濱路250號,(03)5368329
454190,花蓮縣狗貓躍動園區,花蓮縣狗貓躍動園區,混種犬,1,M,MEDIUM,虎斑色,CHILD,T,https://www.pet.gov.tw/upload/pic/1779765738406.png,環保科學園區,2026-07-21,花蓮縣鳳林鎮林榮里永豐路255號,(03)8421452
454189,花蓮縣狗貓躍動園區,花蓮縣狗貓躍動園區,混種犬,1,F,MEDIUM,虎斑色,CHILD,T,https://www.pet.gov.tw/upload/pic/1779765602139.png,,2026-07-21,花蓮縣鳳林鎮林榮里永豐路255號,(03)8421452
461527,高雄市燕巢動物保護關愛園區,高雄市燕巢動物保護關愛園區,混種犬,1,F,SMALL,白色,CHILD,N,https://www.pet.gov.tw/upload/pic/1784614998267.png,南寮路,2026-07-06,高雄市燕巢區師大路98號,(07)6051002
461526,高雄市燕巢動物保護關愛園區,高雄市燕巢動物保護關愛園區,混種犬,1,F,SMALL,白色,CHILD,N,https://www.pet.gov.tw/upload/pic/1784614868054.png,南寮巷,2026-07-07,高雄市燕巢區師大路98號,(07)6051002
461524,高雄市燕巢動物保護關愛園區,高雄市燕巢動物保護關愛園區,混種犬,1,M,SMALL,黑色,CHILD,N,https://www.pet.gov.tw/upload/pic/1784614783296.png,興達路,2026-07-07,高雄市燕巢區師大路98號,(07)6051002
461523,高雄市燕巢動物保護關愛園區,高雄市燕巢動物保護關愛園區,混種犬,1,F,SMALL,黑色,CHILD,N,https://www.pet.gov.tw/upload/pic/1784614699363.png,文安路,2026-07-07,高雄市燕巢區師大路98號,(07)6051002
461520,高雄市燕巢動物保護關愛園區,高雄市燕巢動物保護關愛園區,混種犬,1,F,SMALL,黑色,CHILD,N,https://www.pet.gov.tw/upload/pic/1784614596734.png,烏山頂,2026-07-07,高雄市燕巢區師大路98號,(07)6051002
461518,高雄市燕巢動物保護關愛園區,高雄市燕巢動物保護關愛園區,混種犬,1,F,SMALL,黑色,CHILD,N,https://www.pet.gov.tw/upload/pic/1784614511122.png,壽齡國小,2026-07-06,高雄市燕巢區師大路98號,(07)6051002
461517,高雄市燕巢動物保護關愛園區,高雄市燕巢動物保護關愛園區,混種犬,1,F,SMALL,黑色,CHILD,N,https://www.pet.gov.tw/upload/pic/1784614429159.png,文安路,2026-07-06,高雄市燕巢區師大路98號,(07)6051002
461516,高雄市燕巢動物保護關愛園區,高雄市燕巢動物保護關愛園區,混種犬,1,F,SMALL,黑色,CHILD,N,https://www.pet.gov.tw/upload/pic/1784614325746.png,興達路,2026-07-06,高雄市燕巢區師大路98號,(07)6051002
461514,高雄市燕巢動物保護關愛園區,高雄市燕巢動物保護關愛園區,混種犬,1,M,SMALL,黃色,CHILD,N,https://www.pet.gov.tw/upload/pic/1784614237867.png,文安路,2026-07-05,高雄市燕巢區師大路98號,(07)6051002
454187,花蓮縣狗貓躍動園區,花蓮縣狗貓躍動園區,混種犬,1,F,MEDIUM,虎斑色,CHILD,T,https://www.pet.gov.tw/upload/pic/1779765352894.png,,2026-07-21,花蓮縣鳳林鎮林榮里永豐路255號,(03)8421452
461511,高雄市燕巢動物保護關愛園區,高雄市燕巢動物保護關愛園區,混種犬,1,M,SMALL,虎斑色,CHILD,N,https://www.pet.gov.tw/upload/pic/1784614138730.png,漁港路,2026-07-05,高雄市燕巢區師大路98號,(07)6051002
455875,花蓮縣狗貓躍動園區,花蓮縣狗貓躍動園區,混種犬,1,F,MEDIUM,黃色,CHILD,T,https://www.pet.gov.tw/upload/pic/1780294541655.png,,2026-07-21,花蓮縣鳳林鎮林榮里永豐路255號,(03)8421452
461508,高雄市燕巢動物保護關愛園區,高雄市燕巢動物保護關愛園區,混種犬,1,F,SMALL,黑色,CHILD,N,https://www.pet.gov.tw/upload/pic/1784614035405.png,壽齡國小,2026-07-04,高雄市燕巢區師大路98號,(07)6051002
461506,高雄市燕巢動物保護關愛園區,高雄市燕巢動物保護關愛園區,混種犬,1,F,SMALL,黃色,CHILD,F,https://www.pet.gov.tw/upload/pic/1784613874714.png,大勝巷,2026-07-08,高雄市燕巢區師大路98號,(07)6051002
461502,高雄市燕巢動物保護關愛園區,高雄市燕巢動物保護關愛園區,混種犬,1,M,SMALL,黃色,CHILD,N,https://www.pet.gov.tw/upload/pic/1784613728120.png,文安路,2026-07-04,高雄市燕巢區師大路98號,(07)6051002
461500,高雄市燕巢動物保護關愛園區,高雄市燕巢動物保護關愛園區,混種犬,1,F,SMALL,黑色,CHILD,N,https://www.pet.gov.tw/upload/pic/1784613643645.png,青和街,2026-07-04,高雄市燕巢區師大路98號,(07)6051002
461499,高雄市燕巢動物保護關愛園區,高雄市燕巢動物保護關愛園區,混種犬,1,F,SMALL,黑色,CHILD,N,https://www.pet.gov.tw/upload/pic/1784613547242.png,漁港路,2026-07-03,高雄市燕巢區師大路98號,(07)6051002
461498,高雄市燕巢動物保護關愛園區,高雄市燕巢動物保護關愛園區,混種犬,1,M,SMALL,黑色,CHILD,N,https://www.pet.gov.tw/upload/pic/1784613438767.png,青和街,2026-07-03,高雄市燕巢區師大路98號,(07)6051002
461496,高雄市燕巢動物保護關愛園區,高雄市燕巢動物保護關愛園區,混種犬,1,M,SMALL,黃色,CHILD,N,https://www.pet.gov.tw/upload/pic/1784613334844.png,永新路,2026-07-03,高雄市燕巢區師大路98號,(07)6051002
461495,高雄市燕巢動物保護關愛園區,高雄市燕巢動物保護關愛園區,混種犬,1,M,SMALL,黃色,CHILD,N,https://www.pet.gov.tw/upload/pic/1784613238412.png,文安路,2026-07-03,高雄市燕巢區師大路98號,(07)6051002
461493,高雄市燕巢動物保護關愛園區,高雄市燕巢動物保護關愛園區,混種犬,1,F,SMALL,黃色,CHILD,N,https://www.pet.gov.tw/upload/pic/1784613136367.png,旗南三路,2026-07-02,高雄市燕巢區師大路98號,(07)6051002
461492,高雄市燕巢動物保護關愛園區,高雄市燕巢動物保護關愛園區,混種犬,1,M,SMALL,黑色,CHILD,N,https://www.pet.gov.tw/upload/pic/1784612349898.png,光和路,2026-07-02,高雄市燕巢區師大路98號,(07)6051002
455712,臺南市動物之家灣裡站,臺南市動物之家灣裡站,約克夏,0,F,MEDIUM,灰色,ADULT,N,https://www.pet.gov.tw/upload/pic/1784612631699.png,體育路10號,2026-07-21,臺南市南區省躬里14鄰萬年路580巷92號,(06)2964439
461482,新竹市動物保護教育園區,新竹市動物保護教育園區,混種犬,1,M,MEDIUM,黑色,ADULT,F,https://www.pet.gov.tw/upload/pic/1784610565900.png,68快速道路,2026-07-28,新竹市南寮里海濱路250號,(03)5368329
461422,臺南市動物之家善化站,臺南市動物之家善化站,混種犬,1,M,MEDIUM,黃色,ADULT,N,https://www.pet.gov.tw/upload/pic/1784605643736.png,,2026-07-21,臺南市善化區昌隆里東勢寮1-19號,(06)5832399
461405,苗栗縣動物保護教育園區,苗栗縣動物保護教育園區,混種犬,1,F,BIG,黑色,ADULT,T,https://www.pet.gov.tw/upload/pic/1784604259553.png,頭屋象山村,2026-07-21,苗栗縣銅鑼鄉朝陽村6鄰朝北55-1號(地圖：https:／／goo.gl/maps/Bd4sckpEPsrof7Qb8),(037)558228
461392,苗栗縣動物保護教育園區,苗栗縣動物保護教育園區,混種犬,1,F,BIG,黑色,ADULT,T,https://www.pet.gov.tw/upload/pic/1784603209780.png,獅潭鄉豐林村,2026-07-21,苗栗縣銅鑼鄉朝陽村6鄰朝北55-1號(地圖：https:／／goo.gl/maps/Bd4sckpEPsrof7Qb8),(037)558228
461391,苗栗縣動物保護教育園區,苗栗縣動物保護教育園區,混種犬,1,M,BIG,黑色,ADULT,T,https://www.pet.gov.tw/upload/pic/1784603096700.png,公館鄉尖山村,2026-07-21,苗栗縣銅鑼鄉朝陽村6鄰朝北55-1號(地圖：https:／／goo.gl/maps/Bd4sckpEPsrof7Qb8),(037)558228
344951,苗栗縣動物保護教育園區,苗栗縣動物保護教育園區,混種犬,1,F,BIG,棕色,ADULT,T,https://www.pet.gov.tw/upload/pic/1706600283214.png,泰安鄉錦水村,2024-02-08,苗栗縣銅鑼鄉朝陽村6鄰朝北55-1號(地圖：https:／／goo.gl/maps/Bd4sckpEPsrof7Qb8),(037)558228
460545,苗栗縣動物保護教育園區,苗栗縣動物保護教育園區,混種犬,1,M,BIG,黃色,ADULT,N,https://www.pet.gov.tw/upload/pic/1783921581775.png,通宵平安里,2026-07-21,苗栗縣銅鑼鄉朝陽村6鄰朝北55-1號(地圖：https:／／goo.gl/maps/Bd4sckpEPsrof7Qb8),(037)558228
459578,苗栗縣動物保護教育園區,苗栗縣動物保護教育園區,混種犬,1,F,BIG,黑色,ADULT,N,https://www.pet.gov.tw/upload/pic/1783060683973.png,苑裡田心里,2026-07-21,苗栗縣銅鑼鄉朝陽村6鄰朝北55-1號(地圖：https:／／goo.gl/maps/Bd4sckpEPsrof7Qb8),(037)558228
458981,苗栗縣動物保護教育園區,苗栗縣動物保護教育園區,混種犬,1,F,BIG,黑色,ADULT,N,https://www.pet.gov.tw/upload/pic/1782714005411.png,後龍鎮龍津里,2026-07-21,苗栗縣銅鑼鄉朝陽村6鄰朝北55-1號(地圖：https:／／goo.gl/maps/Bd4sckpEPsrof7Qb8),(037)558228
453708,苗栗縣動物保護教育園區,苗栗縣動物保護教育園區,混種犬,1,M,BIG,黑白色,ADULT,T,https://www.pet.gov.tw/upload/pic/1779338314872.png,獅潭鄉新豐村,2026-05-21,苗栗縣銅鑼鄉朝陽村6鄰朝北55-1號(地圖：https:／／goo.gl/maps/Bd4sckpEPsrof7Qb8),(037)558228
432568,苗栗縣動物保護教育園區,苗栗縣動物保護教育園區,混種犬,1,M,BIG,黑色,ADULT,T,https://www.pet.gov.tw/upload/pic/1764217652028.png,泰安鄉清安村,2025-11-27,苗栗縣銅鑼鄉朝陽村6鄰朝北55-1號(地圖：https:／／goo.gl/maps/Bd4sckpEPsrof7Qb8),(037)558228
456556,苗栗縣動物保護教育園區,苗栗縣動物保護教育園區,混種犬,1,F,BIG,黑黃色,ADULT,T,https://www.pet.gov.tw/upload/pic/1780891763138.png,頭屋鄉象山村,2026-06-08,苗栗縣銅鑼鄉朝陽村6鄰朝北55-1號(地圖：https:／／goo.gl/maps/Bd4sckpEPsrof7Qb8),(037)558228
459833,高雄市壽山動物保護教育園區,高雄市壽山動物保護教育園區,吉娃娃犬,0,M,SMALL,花色,ADULT,N,https://www.pet.gov.tw/upload/pic/1783389066314.png,保生路,,高雄市鼓山區萬壽路350號,(07)5519059
461386,新竹縣動物保護教育園區,新竹縣動物保護教育園區,混種犬,1,F,SMALL,黑黃色,ADULT,F,https://www.pet.gov.tw/upload/pic/1784601551014.png,,,新竹縣竹北市縣政五街192號,(03)5519548
443127,臺南市動物之家灣裡站,臺南市動物之家灣裡站,臘腸犬,0,F,MEDIUM,黃色,ADULT,T,https://www.pet.gov.tw/upload/pic/1779860852281.png,忠興路190-2號,2026-05-28,臺南市南區省躬里14鄰萬年路580巷92號,(06)2964439
321600,桃園市動物保護教育園區,桃園市動物保護教育園區,混種犬,1,M,MEDIUM,白色,ADULT,T,https://www.pet.gov.tw/upload/pic/1692428947792.png,山鼻二路２７巷,2023-09-07,桃園市新屋區永興里3鄰藻礁路1668號,(03)4861760
461376,苗栗縣動物保護教育園區,苗栗縣動物保護教育園區,混種犬,1,M,BIG,黑色,ADULT,T,https://www.pet.gov.tw/upload/pic/1784596799255.png,銅鑼鄉銅鑼村,2026-07-21,苗栗縣銅鑼鄉朝陽村6鄰朝北55-1號(地圖：https:／／goo.gl/maps/Bd4sckpEPsrof7Qb8),(037)558228
461375,苗栗縣動物保護教育園區,苗栗縣動物保護教育園區,混種犬,1,F,BIG,黃色,ADULT,T,https://www.pet.gov.tw/upload/pic/1784596695045.png,銅鑼鄉銅鑼村,2026-07-21,苗栗縣銅鑼鄉朝陽村6鄰朝北55-1號(地圖：https:／／goo.gl/maps/Bd4sckpEPsrof7Qb8),(037)558228
188157,桃園市動物保護教育園區,桃園市動物保護教育園區,混種犬,1,F,MEDIUM,黃色,ADULT,F,https://www.pet.gov.tw/upload/pic/26604dbc-42d1-47ef-aa97-652f017d56be.JPG,樹林里吉祥街與永吉街交叉口,2026-07-21,桃園市新屋區永興里3鄰藻礁路1668號,(03)4861760
95798,桃園市動物保護教育園區,桃園市動物保護教育園區,混種犬,1,F,MEDIUM,黑色,ADULT,F,https://www.pet.gov.tw/upload/pic/30c0a00a-ec5b-46b9-89c3-79c4aa6e4072.JPG,仁福里華勛街363巷附近,2026-07-21,桃園市新屋區永興里3鄰藻礁路1668號,(03)4861760
459706,新竹市動物保護教育園區,新竹市動物保護教育園區,混種犬,1,M,MEDIUM,黑色,CHILD,F,https://www.pet.gov.tw/upload/pic/1783303634527.png,公道五路3段,2026-07-13,新竹市南寮里海濱路250號,(03)5368329
461359,宜蘭縣流浪動物中途之家,宜蘭縣流浪動物中途之家,混種犬,1,M,BIG,黑色,ADULT,N,https://www.pet.gov.tw/upload/pic/1784540011144.png,坡城路,2026-07-20,宜蘭縣五結鄉成興村利寶路60號,(03)9602350620
461360,宜蘭縣流浪動物中途之家,宜蘭縣流浪動物中途之家,混種犬,1,F,BIG,黑色,ADULT,N,https://www.pet.gov.tw/upload/pic/1784540039737.png,順和二路,2026-07-20,宜蘭縣五結鄉成興村利寶路60號,(03)9602350620
461358,宜蘭縣流浪動物中途之家,宜蘭縣流浪動物中途之家,混種犬,1,M,BIG,黃色,ADULT,T,https://www.pet.gov.tw/upload/pic/1784539980749.png,烏石港路,,宜蘭縣五結鄉成興村利寶路60號,(03)9602350620
461354,臺南市動物之家善化站,臺南市動物之家善化站,混種犬,1,F,MEDIUM,黑色,ADULT,N,https://www.pet.gov.tw/upload/pic/1784539048706.png,,2026-07-20,臺南市善化區昌隆里東勢寮1-19號,(06)5832399
459579,臺北市動物之家,臺北市動物之家,混種犬,1,M,MEDIUM,黑色,ADULT,T,https://www.pet.gov.tw/upload/pic/1783060737561.png,立賢路,2026-07-20,臺北市內湖區安美街191號,(02)87913254
460953,南投縣公立動物收容所,南投縣公立動物收容所,混種犬,1,F,MEDIUM,虎斑色,ADULT,T,https://www.pet.gov.tw/upload/pic/1784166736011.png,永豐路,2026-07-20,南投縣南投市嶺興路36-1號,(049)2225440
460952,南投縣公立動物收容所,南投縣公立動物收容所,混種犬,1,F,MEDIUM,黑色,ADULT,T,https://www.pet.gov.tw/upload/pic/1784166629811.png,永豐路,2026-07-20,南投縣南投市嶺興路36-1號,(049)2225440
461315,高雄市壽山動物保護教育園區,高雄市壽山動物保護教育園區,米格魯犬,0,M,MEDIUM,花色,ADULT,T,https://www.pet.gov.tw/upload/pic/1784531557470.png,明誠一路,,高雄市鼓山區萬壽路350號,(07)5519059
108537,新竹市動物保護教育園區,新竹市動物保護教育園區,混種犬,1,F,SMALL,黑色,ADULT,T,https://www.pet.gov.tw/upload/pic/3d268fe9-e333-42b4-8692-02c71d6ea140.jpg,東香路二段靠景觀大道,2019-07-15,新竹市南寮里海濱路250號,(03)5368329
152860,新竹市動物保護教育園區,新竹市動物保護教育園區,混種犬,1,F,SMALL,黃色,ADULT,T,https://www.pet.gov.tw/upload/pic/a249ea0f-da71-4d24-84c3-13dd2666fac9.JPG,經國路一段,2020-04-15,新竹市南寮里海濱路250號,(03)5368329
179315,新竹市動物保護教育園區,新竹市動物保護教育園區,混種犬,1,M,BIG,棕色,ADULT,T,https://www.pet.gov.tw/upload/pic/ef70b9d1-f401-44be-b1b1-266e0c83cef9.jpg,綠手指公園,2020-10-15,新竹市南寮里海濱路250號,(03)5368329
113369,新竹市動物保護教育園區,新竹市動物保護教育園區,混種犬,1,M,BIG,黑黃色,ADULT,T,https://www.pet.gov.tw/upload/pic/bbe5cd31-ae89-4e58-89f2-de6e0624c0ee.jpg,公道五路四段,2019-08-22,新竹市南寮里海濱路250號,(03)5368329
29239,新竹市動物保護教育園區,新竹市動物保護教育園區,混種犬,1,M,MEDIUM,黑黃色,ADULT,T,https://www.pet.gov.tw/upload/pic/d2a5fe7e-436a-420a-9d6b-abad26c3e681.jpg,海濱路,2016-01-19,新竹市南寮里海濱路250號,(03)5368329
407268,臺中市動物之家后里園區,臺中市動物之家后里園區,混種犬,1,F,BIG,黑棕色,ADULT,T,https://www.pet.gov.tw/upload/pic/1749609438981.png,軍福十三路129號,2025-06-11,臺中市后里區堤防路370號,(04)25588024
460951,臺東縣動物收容中心,臺東縣動物收容中心,混種犬,1,F,SMALL,黃色,CHILD,N,https://www.pet.gov.tw/upload/pic/1784165386960.png,,2026-07-16,臺東縣臺東市中華路4段999巷600號,(089)362011
461296,基隆市寵物銀行,基隆市寵物銀行,混種犬,1,F,BIG,黃色,ADULT,T,https://www.pet.gov.tw/upload/pic/1784519495734.png,,,基隆市七堵區大華三路45-12號(欣欣安樂園旁),(02)24560148
352150,新北市板橋區公立動物之家,新北市板橋區公立動物之家,混種犬,1,F,MEDIUM,黑黃色,ADULT,F,https://www.pet.gov.tw/upload/pic/1777877577537.png,,2024-03-29,新北市板橋區板城路28-1號,(02)89662158
358221,新北市板橋區公立動物之家,新北市板橋區公立動物之家,混種犬,1,F,MEDIUM,黑白色,ADULT,F,https://www.pet.gov.tw/upload/pic/1777877455136.png,環河路,2024-05-16,新北市板橋區板城路28-1號,(02)89662158
185696,新北市板橋區公立動物之家,新北市板橋區公立動物之家,混種犬,1,M,MEDIUM,黑色,ADULT,F,https://www.pet.gov.tw/upload/pic/1777876830946.png,溪頭公園,2020-12-01,新北市板橋區板城路28-1號,(02)89662158
384673,新北市板橋區公立動物之家,新北市板橋區公立動物之家,混種犬,1,M,MEDIUM,黃白色,ADULT,F,https://www.pet.gov.tw/upload/pic/1754547711746.png,太平路196-1號,2024-12-03,新北市板橋區板城路28-1號,(02)89662158
76301,新北市板橋區公立動物之家,新北市板橋區公立動物之家,混種犬,1,M,MEDIUM,黃色,ADULT,F,https://www.pet.gov.tw/upload/pic/1731395017084.png,民權路,2018-12-12,新北市板橋區板城路28-1號,(02)89662158
416035,新北市板橋區公立動物之家,新北市板橋區公立動物之家,混種犬,1,F,MEDIUM,黑色,ADULT,F,https://www.pet.gov.tw/upload/pic/1777705574244.png,三峽區介壽路一段1號,2025-07-29,新北市板橋區板城路28-1號,(02)89662158
450906,新北市板橋區公立動物之家,新北市板橋區公立動物之家,混種犬,1,F,MEDIUM,棕色,ADULT,T,https://www.pet.gov.tw/upload/pic/1777433444942.png,三峽區竹崙路57號,2026-07-01,新北市板橋區板城路28-1號,(02)89662158
460733,臺東縣動物收容中心,臺東縣動物收容中心,混種犬,1,M,SMALL,白色,CHILD,N,https://www.pet.gov.tw/upload/pic/1784074734315.png,中興路二段生態池,2026-07-15,臺東縣臺東市中華路4段999巷600號,(089)362011
460732,臺東縣動物收容中心,臺東縣動物收容中心,混種犬,1,F,SMALL,白色,CHILD,N,https://www.pet.gov.tw/upload/pic/1784074677950.png,中興路二段生態池,2026-07-15,臺東縣臺東市中華路4段999巷600號,(089)362011
318059,新北市板橋區公立動物之家,新北市板橋區公立動物之家,混種犬,1,M,MEDIUM,黑色,ADULT,F,https://www.pet.gov.tw/upload/pic/1690353034224.png,中州街51巷14號,2023-07-25,新北市板橋區板城路28-1號,(02)89662158
205140,新北市板橋區公立動物之家,新北市板橋區公立動物之家,混種犬,1,M,MEDIUM,虎斑色,ADULT,F,https://www.pet.gov.tw/upload/pic/1783932591373.png,樹林區國道3號南下樹林分隊,2021-05-04,新北市板橋區板城路28-1號,(02)89662158
457202,新北市板橋區公立動物之家,新北市板橋區公立動物之家,混種犬,1,M,MEDIUM,黑色,ADULT,T,https://www.pet.gov.tw/upload/pic/1781246588254.png,樹林區民權街37巷26-5號,2026-06-12,新北市板橋區板城路28-1號,(02)89662158
318316,新北市板橋區公立動物之家,新北市板橋區公立動物之家,混種犬,1,M,MEDIUM,虎斑色,ADULT,F,https://www.pet.gov.tw/upload/pic/1777874972163.png,介壽路三段172巷33-2號,2023-07-26,新北市板橋區板城路28-1號,(02)89662158
458283,臺中市動物之家后里園區,臺中市動物之家后里園區,混種犬,1,F,BIG,黃色,ADULT,T,https://www.pet.gov.tw/upload/pic/1782193588578.png,福潭路182號,2026-07-18,臺中市后里區堤防路370號,(04)25588024
459310,臺中市動物之家后里園區,臺中市動物之家后里園區,美國惡霸犬,0,F,BIG,黃白色,ADULT,T,https://www.pet.gov.tw/upload/pic/1782882904830.png,新仁路157巷10號,2026-07-18,臺中市后里區堤防路370號,(04)25588024
459308,臺中市動物之家后里園區,臺中市動物之家后里園區,混種犬,1,F,BIG,黑白色,ADULT,T,https://www.pet.gov.tw/upload/pic/1782882691451.png,新仁路157巷10號,2026-07-18,臺中市后里區堤防路370號,(04)25588024
461273,新竹市動物保護教育園區,新竹市動物保護教育園區,混種犬,1,F,SMALL,黑色,CHILD,F,https://www.pet.gov.tw/upload/pic/1784510933444.png,東大路4段,2026-08-25,新竹市南寮里海濱路250號,(03)5368329
461269,臺北市動物之家,臺北市動物之家,混種犬,1,M,MEDIUM,黑白色,ADULT,T,https://www.pet.gov.tw/upload/pic/1784510277542.png,湖田里竹子湖路,2026-07-26,臺北市內湖區安美街191號,(02)87913254
432754,基隆市寵物銀行,基隆市寵物銀行,黃金獵犬,0,F,BIG,黃色,ADULT,F,https://www.pet.gov.tw/upload/pic/1764316975906.png,台南玉井區中正路19號,,基隆市七堵區大華三路45-12號(欣欣安樂園旁),(02)24560148
461233,高雄市燕巢動物保護關愛園區,高雄市燕巢動物保護關愛園區,哈士奇(西伯利亞雪橇犬),0,F,BIG,灰色,ADULT,T,https://www.pet.gov.tw/upload/pic/1784364489331.png,師大路,2026-07-18,高雄市燕巢區師大路98號,(07)6051002
460639,基隆市寵物銀行,基隆市寵物銀行,混種犬,1,F,MEDIUM,黑色,CHILD,N,https://www.pet.gov.tw/upload/pic/1784000422520.png,欣欣安樂園,2026-07-14,基隆市七堵區大華三路45-12號(欣欣安樂園旁),(02)24560148
457276,南投縣公立動物收容所,南投縣公立動物收容所,柴犬,0,M,MEDIUM,黃色,ADULT,T,https://www.pet.gov.tw/upload/pic/1781313046334.png,富頂路,2026-06-12,南投縣南投市嶺興路36-1號,(049)2225440
364082,南投縣公立動物收容所,南投縣公立動物收容所,混種犬,1,F,BIG,黃色,ADULT,T,https://www.pet.gov.tw/upload/pic/1719543285644.png,南坪路,2024-06-28,南投縣南投市嶺興路36-1號,(049)2225440
327154,南投縣公立動物收容所,南投縣公立動物收容所,混種犬,1,M,MEDIUM,黃色,ADULT,F,https://www.pet.gov.tw/upload/pic/1695779394624.png,南投縣中寮鄉鄉林巷,2023-10-03,南投縣南投市嶺興路36-1號,(049)2225440
252705,南投縣公立動物收容所,南投縣公立動物收容所,混種犬,1,F,MEDIUM,黃色,ADULT,T,https://www.pet.gov.tw/upload/pic/68cc1713-2905-4971-b003-4e10be50bc41.JPG,南投縣埔里鎮自強路,2022-04-27,南投縣南投市嶺興路36-1號,(049)2225440
282870,南投縣公立動物收容所,南投縣公立動物收容所,混種犬,1,F,MEDIUM,灰色,ADULT,F,https://www.pet.gov.tw/upload/pic/5c507cd3-6639-4dc5-845f-8755b6735e2c.JPG,南投縣國姓鄉國姓路,2022-12-14,南投縣南投市嶺興路36-1號,(049)2225440
331843,南投縣公立動物收容所,南投縣公立動物收容所,混種犬,1,F,MEDIUM,黃色,ADULT,T,https://www.pet.gov.tw/upload/pic/1698455779859.png,南投縣埔里鎮北安里明德二巷,2023-10-27,南投縣南投市嶺興路36-1號,(049)2225440
324697,南投縣公立動物收容所,南投縣公立動物收容所,混種犬,1,M,MEDIUM,虎斑色,ADULT,F,https://www.pet.gov.tw/upload/pic/1694486622000.png,南投縣仁愛鄉山農巷,2023-09-14,南投縣南投市嶺興路36-1號,(049)2225440
293615,南投縣公立動物收容所,南投縣公立動物收容所,混種犬,1,M,MEDIUM,米色,ADULT,F,https://www.pet.gov.tw/upload/pic/1675475174338.png,南投縣信義鄉望美村,2023-02-09,南投縣南投市嶺興路36-1號,(049)2225440
289042,南投縣公立動物收容所,南投縣公立動物收容所,混種犬,1,F,MEDIUM,黑色,ADULT,T,https://www.pet.gov.tw/upload/pic/1671775141208.png,南投縣中寮鄉永平路,2022-12-31,南投縣南投市嶺興路36-1號,(049)2225440
458954,基隆市寵物銀行,基隆市寵物銀行,柴犬,0,M,MEDIUM,白色,ADULT,T,https://www.pet.gov.tw/upload/pic/1782707297730.png,復興路,2026-07-18,基隆市七堵區大華三路45-12號(欣欣安樂園旁),(02)24560148
415467,南投縣公立動物收容所,南投縣公立動物收容所,混種犬,1,M,MEDIUM,黃色,ADULT,T,https://www.pet.gov.tw/upload/pic/1753321895568.png,南崗二路,2025-12-22,南投縣南投市嶺興路36-1號,(049)2225440
397358,南投縣公立動物收容所,南投縣公立動物收容所,混種犬,1,F,MEDIUM,白色,ADULT,T,https://www.pet.gov.tw/upload/pic/1741743186685.png,仁和路,2025-07-11,南投縣南投市嶺興路36-1號,(049)2225440
349075,南投縣公立動物收容所,南投縣公立動物收容所,混種犬,1,M,MEDIUM,黃色,ADULT,T,https://www.pet.gov.tw/upload/pic/1709777482113.png,南投縣草屯鎮玉屏路,2024-03-08,南投縣南投市嶺興路36-1號,(049)2225440
381014,桃園市動物保護教育園區,桃園市動物保護教育園區,混種犬,1,M,SMALL,黃色,ADULT,T,https://www.pet.gov.tw/upload/pic/1730867114962.png,南港里文城路南區中路口,2026-07-18,桃園市新屋區永興里3鄰藻礁路1668號,(03)4861760
461198,高雄市壽山動物保護教育園區,高雄市壽山動物保護教育園區,長毛臘腸,0,M,MEDIUM,黃色,ADULT,N,https://www.pet.gov.tw/upload/pic/1784343415340.png,武嶺街,,高雄市鼓山區萬壽路350號,(07)5519059
455422,桃園市動物保護教育園區,桃園市動物保護教育園區,柴犬,0,F,MEDIUM,黑色,ADULT,N,https://www.pet.gov.tw/upload/pic/1779863597722.png,槺榔里民有三路６６６巷,2026-07-28,桃園市新屋區永興里3鄰藻礁路1668號,(03)4861760
461191,南投縣公立動物收容所,南投縣公立動物收容所,貴賓犬,0,M,SMALL,棕色,ADULT,T,https://www.pet.gov.tw/upload/pic/1784334503241.png,富春路,2026-07-17,南投縣南投市嶺興路36-1號,(049)2225440
461185,臺東縣動物收容中心,臺東縣動物收容中心,混種犬,1,F,SMALL,黃色,CHILD,N,https://www.pet.gov.tw/upload/pic/1784333810394.png,,2026-07-18,臺東縣臺東市中華路4段999巷600號,(089)362011
461183,臺東縣動物收容中心,臺東縣動物收容中心,混種犬,1,F,SMALL,黑黃色,CHILD,N,https://www.pet.gov.tw/upload/pic/1784333791991.png,,2026-07-18,臺東縣臺東市中華路4段999巷600號,(089)362011
461190,臺東縣動物收容中心,臺東縣動物收容中心,混種犬,1,F,SMALL,黑黃色,CHILD,N,https://www.pet.gov.tw/upload/pic/1784333685860.png,,2026-07-18,臺東縣臺東市中華路4段999巷600號,(089)362011
461189,臺東縣動物收容中心,臺東縣動物收容中心,混種犬,1,F,SMALL,黃色,CHILD,N,https://www.pet.gov.tw/upload/pic/1784333659171.png,,2026-07-18,臺東縣臺東市中華路4段999巷600號,(089)362011
461188,臺東縣動物收容中心,臺東縣動物收容中心,混種犬,1,F,SMALL,黑黃色,CHILD,N,https://www.pet.gov.tw/upload/pic/1784333634332.png,,2026-07-18,臺東縣臺東市中華路4段999巷600號,(089)362011
461187,臺東縣動物收容中心,臺東縣動物收容中心,混種犬,1,F,SMALL,黑黃色,CHILD,N,https://www.pet.gov.tw/upload/pic/1784333611006.png,,2026-07-18,臺東縣臺東市中華路4段999巷600號,(089)362011
461186,臺東縣動物收容中心,臺東縣動物收容中心,混種犬,1,F,SMALL,黑黃色,CHILD,N,https://www.pet.gov.tw/upload/pic/1784333586994.png,,2026-07-18,臺東縣臺東市中華路4段999巷600號,(089)362011
461184,臺東縣動物收容中心,臺東縣動物收容中心,混種犬,1,F,SMALL,黑黃色,CHILD,N,https://www.pet.gov.tw/upload/pic/1784333544858.png,,2026-07-18,臺東縣臺東市中華路4段999巷600號,(089)362011
461182,臺東縣動物收容中心,臺東縣動物收容中心,混種犬,1,F,SMALL,黃色,CHILD,N,https://www.pet.gov.tw/upload/pic/1784333498791.png,,2026-07-18,臺東縣臺東市中華路4段999巷600號,(089)362011
461181,臺東縣動物收容中心,臺東縣動物收容中心,混種犬,1,F,SMALL,黃色,CHILD,N,https://www.pet.gov.tw/upload/pic/1784333477730.png,,2026-07-18,臺東縣臺東市中華路4段999巷600號,(089)362011
461043,雲林縣流浪動物收容所,雲林縣流浪動物收容所,混種犬,1,M,BIG,棕色,ADULT,T,https://www.pet.gov.tw/upload/pic/1784280689390.png,崙背鄉舊庄村,2026-07-09,雲林縣斗六市雲林路二段517號,(05)5523300
461140,高雄市燕巢動物保護關愛園區,高雄市燕巢動物保護關愛園區,混種犬,1,M,SMALL,花色,CHILD,N,https://www.pet.gov.tw/upload/pic/1784273010615.png,赤崁北路,2026-07-17,高雄市燕巢區師大路98號,(07)6051002
461138,高雄市燕巢動物保護關愛園區,高雄市燕巢動物保護關愛園區,混種犬,1,F,SMALL,黑色,ADULT,N,https://www.pet.gov.tw/upload/pic/1784272596794.png,舊港河堤,2026-07-17,高雄市燕巢區師大路98號,(07)6051002
461172,高雄市燕巢動物保護關愛園區,高雄市燕巢動物保護關愛園區,混種犬,1,F,SMALL,花色,ADULT,N,https://www.pet.gov.tw/upload/pic/1784280156375.png,東方路一段,2026-07-17,高雄市燕巢區師大路98號,(07)6051002
461171,高雄市燕巢動物保護關愛園區,高雄市燕巢動物保護關愛園區,混種犬,1,F,SMALL,黃色,ADULT,N,https://www.pet.gov.tw/upload/pic/1784280033621.png,大仁路,2026-07-17,高雄市燕巢區師大路98號,(07)6051002
461170,高雄市燕巢動物保護關愛園區,高雄市燕巢動物保護關愛園區,混種犬,1,F,MEDIUM,黃色,ADULT,N,https://www.pet.gov.tw/upload/pic/1784279886154.png,三公路,2026-07-17,高雄市燕巢區師大路98號,(07)6051002
461162,宜蘭縣流浪動物中途之家,宜蘭縣流浪動物中途之家,混種犬,1,M,BIG,黑色,ADULT,N,https://www.pet.gov.tw/upload/pic/1784278933824.png,培英路,2026-07-17,宜蘭縣五結鄉成興村利寶路60號,(03)9602350620
458618,彰化縣流浪狗中途之家臨時收容所,彰化縣流浪狗中途之家臨時收容所,混種犬,1,M,MEDIUM,黑色,ADULT,T,https://www.pet.gov.tw/upload/pic/1782353143112.png,花橋街173號,2026-07-21,"彰化縣芳苑鄉文津段436-4地號（座標緯度及經度：23.932676, 120.367307）",(09)
456711,彰化縣流浪狗中途之家臨時收容所,彰化縣流浪狗中途之家臨時收容所,混種犬,1,M,MEDIUM,黃白色,ADULT,T,https://www.pet.gov.tw/upload/pic/1780971822326.png,城中二街32號,2026-07-21,"彰化縣芳苑鄉文津段436-4地號（座標緯度及經度：23.932676, 120.367307）",(09)
458674,臺北市動物之家,臺北市動物之家,混種犬,1,M,MEDIUM,黑色,ADULT,T,https://www.pet.gov.tw/upload/pic/1782371741278.png,大業路,2026-07-17,臺北市內湖區安美街191號,(02)87913254
459278,彰化縣流浪狗中途之家臨時收容所,彰化縣流浪狗中途之家臨時收容所,混種犬,1,M,MEDIUM,黃白色,ADULT,T,https://www.pet.gov.tw/upload/pic/1782874962622.png,,2026-07-21,"彰化縣芳苑鄉文津段436-4地號（座標緯度及經度：23.932676, 120.367307）",(09)
459276,彰化縣流浪狗中途之家臨時收容所,彰化縣流浪狗中途之家臨時收容所,混種犬,1,M,MEDIUM,黑色,ADULT,T,https://www.pet.gov.tw/upload/pic/1782874751317.png,鹿港體育場,2026-07-21,"彰化縣芳苑鄉文津段436-4地號（座標緯度及經度：23.932676, 120.367307）",(09)
461159,臺南市動物之家善化站,臺南市動物之家善化站,混種犬,1,F,SMALL,花色,CHILD,N,https://www.pet.gov.tw/upload/pic/1784277960277.png,東勢寮1-19號,2026-07-17,臺南市善化區昌隆里東勢寮1-19號,(06)5832399
458921,彰化縣流浪狗中途之家臨時收容所,彰化縣流浪狗中途之家臨時收容所,混種犬,1,M,MEDIUM,黑白色,ADULT,T,https://www.pet.gov.tw/upload/pic/1782699902645.png,彰新路六段401之1號,2026-07-21,"彰化縣芳苑鄉文津段436-4地號（座標緯度及經度：23.932676, 120.367307）",(09)
453050,彰化縣流浪狗中途之家臨時收容所,彰化縣流浪狗中途之家臨時收容所,混種犬,1,F,MEDIUM,黑色,ADULT,T,https://www.pet.gov.tw/upload/pic/1778895010949.png,斗中路二段802巷,2026-07-21,"彰化縣芳苑鄉文津段436-4地號（座標緯度及經度：23.932676, 120.367307）",(09)
459279,彰化縣流浪狗中途之家臨時收容所,彰化縣流浪狗中途之家臨時收容所,混種犬,1,F,SMALL,黃色,CHILD,T,https://www.pet.gov.tw/upload/pic/1782875042793.png,,2026-07-21,"彰化縣芳苑鄉文津段436-4地號（座標緯度及經度：23.932676, 120.367307）",(09)
459280,彰化縣流浪狗中途之家臨時收容所,彰化縣流浪狗中途之家臨時收容所,混種犬,1,F,MEDIUM,黃色,ADULT,T,https://www.pet.gov.tw/upload/pic/1782875153926.png,,2026-07-21,"彰化縣芳苑鄉文津段436-4地號（座標緯度及經度：23.932676, 120.367307）",(09)
461156,臺南市動物之家善化站,臺南市動物之家善化站,混種犬,1,M,SMALL,黑色,CHILD,N,https://www.pet.gov.tw/upload/pic/1784277648766.png,信安宮旁大圳,2026-07-17,臺南市善化區昌隆里東勢寮1-19號,(06)5832399
456055,彰化縣流浪狗中途之家臨時收容所,彰化縣流浪狗中途之家臨時收容所,混種犬,1,F,MEDIUM,黃色,ADULT,T,https://www.pet.gov.tw/upload/pic/1780458992972.png,,2026-07-21,"彰化縣芳苑鄉文津段436-4地號（座標緯度及經度：23.932676, 120.367307）",(09)
456702,彰化縣流浪狗中途之家臨時收容所,彰化縣流浪狗中途之家臨時收容所,混種犬,1,F,MEDIUM,黑虎斑色,ADULT,T,https://www.pet.gov.tw/upload/pic/1780969755080.png,大社路一段216巷,2026-07-21,"彰化縣芳苑鄉文津段436-4地號（座標緯度及經度：23.932676, 120.367307）",(09)
451552,彰化縣流浪狗中途之家臨時收容所,彰化縣流浪狗中途之家臨時收容所,混種犬,1,F,SMALL,黑黃色,CHILD,T,https://www.pet.gov.tw/upload/pic/1777967066042.png,,2026-07-21,"彰化縣芳苑鄉文津段436-4地號（座標緯度及經度：23.932676, 120.367307）",(09)
451857,彰化縣流浪狗中途之家臨時收容所,彰化縣流浪狗中途之家臨時收容所,柴犬,0,F,MEDIUM,黃白色,ADULT,T,https://www.pet.gov.tw/upload/pic/1778138040418.png,光雲巷263弄48號,2026-07-21,"彰化縣芳苑鄉文津段436-4地號（座標緯度及經度：23.932676, 120.367307）",(09)
29274,新竹市動物保護教育園區,新竹市動物保護教育園區,混種犬,1,F,MEDIUM,黃色,ADULT,T,https://www.pet.gov.tw/upload/pic/597b2273-34a5-4e53-87e5-d6559aff02df.jpg,延平路二段,2016-11-22,新竹市南寮里海濱路250號,(03)5368329
461153,高雄市燕巢動物保護關愛園區,高雄市燕巢動物保護關愛園區,混種犬,1,M,SMALL,黃色,ADULT,N,https://www.pet.gov.tw/upload/pic/1784274642512.png,安樂宮,2026-07-17,高雄市燕巢區師大路98號,(07)6051002
461152,高雄市燕巢動物保護關愛園區,高雄市燕巢動物保護關愛園區,混種犬,1,M,SMALL,虎斑色,CHILD,N,https://www.pet.gov.tw/upload/pic/1784274535410.png,北溝,2026-07-17,高雄市燕巢區師大路98號,(07)6051002
29280,新竹市動物保護教育園區,新竹市動物保護教育園區,混種犬,1,F,MEDIUM,黑色,ADULT,T,https://www.pet.gov.tw/upload/pic/146f1918-1bc0-43d7-ab06-e1f82bd3453e.JPG,高峰路,2017-01-06,新竹市南寮里海濱路250號,(03)5368329
461151,高雄市燕巢動物保護關愛園區,高雄市燕巢動物保護關愛園區,混種犬,1,F,SMALL,虎斑色,CHILD,N,https://www.pet.gov.tw/upload/pic/1784274410228.png,北溝,2026-07-17,高雄市燕巢區師大路98號,(07)6051002
461149,高雄市燕巢動物保護關愛園區,高雄市燕巢動物保護關愛園區,混種犬,1,F,SMALL,黑色,CHILD,N,https://www.pet.gov.tw/upload/pic/1784274286938.png,興達路,2026-07-17,高雄市燕巢區師大路98號,(07)6051002
461148,高雄市燕巢動物保護關愛園區,高雄市燕巢動物保護關愛園區,混種犬,1,F,SMALL,黑色,ADULT,N,https://www.pet.gov.tw/upload/pic/1784274172391.png,東安路,2026-07-17,高雄市燕巢區師大路98號,(07)6051002
461147,高雄市燕巢動物保護關愛園區,高雄市燕巢動物保護關愛園區,混種犬,1,F,SMALL,黑色,ADULT,N,https://www.pet.gov.tw/upload/pic/1784274038991.png,大崗山風景區,2026-07-17,高雄市燕巢區師大路98號,(07)6051002
461146,高雄市燕巢動物保護關愛園區,高雄市燕巢動物保護關愛園區,混種犬,1,F,SMALL,黑色,ADULT,N,https://www.pet.gov.tw/upload/pic/1784273820693.png,大崗山風景區,2026-07-17,高雄市燕巢區師大路98號,(07)6051002
461145,高雄市燕巢動物保護關愛園區,高雄市燕巢動物保護關愛園區,混種犬,1,M,MEDIUM,黑色,ADULT,N,https://www.pet.gov.tw/upload/pic/1784273702430.png,三公路,2026-07-17,高雄市燕巢區師大路98號,(07)6051002
461143,高雄市燕巢動物保護關愛園區,高雄市燕巢動物保護關愛園區,混種犬,1,M,SMALL,棕色,ADULT,N,https://www.pet.gov.tw/upload/pic/1784273166446.png,師大路,2026-07-17,高雄市燕巢區師大路98號,(07)6051002
461139,高雄市燕巢動物保護關愛園區,高雄市燕巢動物保護關愛園區,混種犬,1,F,SMALL,白色,CHILD,N,https://www.pet.gov.tw/upload/pic/1784272743377.png,新庄路,2026-07-17,高雄市燕巢區師大路98號,(07)6051002
461136,高雄市燕巢動物保護關愛園區,高雄市燕巢動物保護關愛園區,混種犬,1,F,SMALL,黑色,ADULT,N,https://www.pet.gov.tw/upload/pic/1784272449776.png,文安路,2026-07-17,高雄市燕巢區師大路98號,(07)6051002
461135,高雄市燕巢動物保護關愛園區,高雄市燕巢動物保護關愛園區,混種犬,1,M,SMALL,花色,ADULT,N,https://www.pet.gov.tw/upload/pic/1784272290591.png,東方路一段,2026-07-17,高雄市燕巢區師大路98號,(07)6051002
461134,高雄市燕巢動物保護關愛園區,高雄市燕巢動物保護關愛園區,混種犬,1,F,SMALL,黑色,CHILD,N,https://www.pet.gov.tw/upload/pic/1784272145310.png,臥牛巷,2026-07-17,高雄市燕巢區師大路98號,(07)6051002
461131,高雄市燕巢動物保護關愛園區,高雄市燕巢動物保護關愛園區,混種犬,1,F,SMALL,黑色,CHILD,N,https://www.pet.gov.tw/upload/pic/1784271951022.png,臥牛巷,2026-07-17,高雄市燕巢區師大路98號,(07)6051002
459405,臺東縣動物收容中心,臺東縣動物收容中心,混種犬,1,F,SMALL,黑白色,CHILD,N,https://www.pet.gov.tw/upload/pic/1782952700801.png,,2026-07-02,臺東縣臺東市中華路4段999巷600號,(089)362011
103143,新竹市動物保護教育園區,新竹市動物保護教育園區,混種犬,1,M,MEDIUM,黑色,ADULT,T,https://www.pet.gov.tw/upload/pic/13cc5560-57b3-4dea-95a1-312de5510621.JPG,舊社大橋,2019-06-13,新竹市南寮里海濱路250號,(03)5368329
361628,苗栗縣動物保護教育園區,苗栗縣動物保護教育園區,混種犬,1,F,BIG,棕色,ADULT,T,https://www.pet.gov.tw/upload/pic/1718160158701.png,苑裡鎮南勢里,2024-07-09,苗栗縣銅鑼鄉朝陽村6鄰朝北55-1號(地圖：https:／／goo.gl/maps/Bd4sckpEPsrof7Qb8),(037)558228
127063,新竹市動物保護教育園區,新竹市動物保護教育園區,混種犬,1,F,MEDIUM,黑色,ADULT,T,https://www.pet.gov.tw/upload/pic/1b53ca6a-211c-4538-82c7-0c52fdcb0d6b.JPG,仰德路,2019-10-29,新竹市南寮里海濱路250號,(03)5368329
285943,新北市新店區公立動物之家,新北市新店區公立動物之家,混種犬,1,M,MEDIUM,黑色,ADULT,T,https://www.pet.gov.tw/upload/pic/1757051944535.png,直潭活動中心,2022-12-09,新北市新店區安泰路235號,(02)22159462
451091,宜蘭縣流浪動物中途之家,宜蘭縣流浪動物中途之家,混種犬,1,M,BIG,虎斑色,ADULT,F,https://www.pet.gov.tw/upload/pic/1777538260729.png,公正路,2026-04-30,宜蘭縣五結鄉成興村利寶路60號,(03)9602350620
445982,宜蘭縣流浪動物中途之家,宜蘭縣流浪動物中途之家,混種犬,1,M,BIG,黃色,ADULT,N,https://www.pet.gov.tw/upload/pic/1773817639122.png,再連路,2026-03-18,宜蘭縣五結鄉成興村利寶路60號,(03)9602350620
461059,澎湖縣流浪動物收容中心,澎湖縣流浪動物收容中心,混種犬,1,M,BIG,黑色,ADULT,T,https://www.pet.gov.tw/upload/pic/1784260671414.png,89之31號,2026-07-29,澎湖縣馬公市烏崁里260、261號,(06)9213559
453032,嘉義市動物保護教育園區,嘉義市動物保護教育園區,混種犬,1,F,MEDIUM,虎斑色,ADULT,T,https://www.pet.gov.tw/upload/pic/1778834420332.png,徐州五街113號,2026-05-16,嘉義市彌陀路31號,(05)2168661
461065,臺南市動物之家善化站,臺南市動物之家善化站,混種犬,1,F,BIG,黑色,ADULT,N,https://www.pet.gov.tw/upload/pic/1784255664176.png,文新里文化路388號,2026-07-17,臺南市善化區昌隆里東勢寮1-19號,(06)5832399
461058,澎湖縣流浪動物收容中心,澎湖縣流浪動物收容中心,混種犬,1,F,SMALL,黑色,CHILD,F,https://www.pet.gov.tw/upload/pic/1784255188083.png,,2026-07-29,澎湖縣馬公市烏崁里260、261號,(06)9213559
461057,澎湖縣流浪動物收容中心,澎湖縣流浪動物收容中心,混種犬,1,F,SMALL,黑黃色,CHILD,F,https://www.pet.gov.tw/upload/pic/1784255171776.png,,2026-07-29,澎湖縣馬公市烏崁里260、261號,(06)9213559
461056,澎湖縣流浪動物收容中心,澎湖縣流浪動物收容中心,混種犬,1,M,SMALL,黑黃色,CHILD,F,https://www.pet.gov.tw/upload/pic/1784255150067.png,,2026-07-29,澎湖縣馬公市烏崁里260、261號,(06)9213559
389861,苗栗縣動物保護教育園區,苗栗縣動物保護教育園區,混種犬,1,F,BIG,黃色,ADULT,T,https://www.pet.gov.tw/upload/pic/1751936882125.png,造橋鄉談文村,2025-02-03,苗栗縣銅鑼鄉朝陽村6鄰朝北55-1號(地圖：https:／／goo.gl/maps/Bd4sckpEPsrof7Qb8),(037)558228
460650,彰化縣流浪狗中途之家臨時收容所,彰化縣流浪狗中途之家臨時收容所,混種犬,1,M,BIG,黑色,ADULT,T,https://www.pet.gov.tw/upload/pic/1784005839441.png,秀水公園,2026-07-22,"彰化縣芳苑鄉文津段436-4地號（座標緯度及經度：23.932676, 120.367307）",(09)
458087,臺南市動物之家灣裡站,臺南市動物之家灣裡站,貴賓犬,0,F,SMALL,灰色,ADULT,N,https://www.pet.gov.tw/upload/pic/1782121731614.png,慶平路763號,2026-07-01,臺南市南區省躬里14鄰萬年路580巷92號,(06)2964439
461049,臺東縣動物收容中心,臺東縣動物收容中心,混種犬,1,F,MEDIUM,黑色,ADULT,N,https://www.pet.gov.tw/upload/pic/1784249608333.png,,2026-07-17,臺東縣臺東市中華路4段999巷600號,(089)362011
461048,臺東縣動物收容中心,臺東縣動物收容中心,混種犬,1,F,MEDIUM,黑色,ADULT,N,https://www.pet.gov.tw/upload/pic/1784249587844.png,,2026-07-17,臺東縣臺東市中華路4段999巷600號,(089)362011
461047,臺東縣動物收容中心,臺東縣動物收容中心,混種犬,1,F,MEDIUM,棕黑色,ADULT,N,https://www.pet.gov.tw/upload/pic/1784249570707.png,,2026-07-17,臺東縣臺東市中華路4段999巷600號,(089)362011
453819,新北市五股區公立動物之家,新北市五股區公立動物之家,混種犬,1,F,MEDIUM,米色,ADULT,F,https://www.pet.gov.tw/upload/pic/1779419061426.png,三重區三重碧華街422號,2026-07-15,新北市五股區外寮路9-9號,(02)82925265
460715,嘉義市動物保護教育園區,嘉義市動物保護教育園區,混種犬,1,M,SMALL,黑色,ADULT,T,https://www.pet.gov.tw/upload/pic/1784018977737.png,玉山路800巷1弄11號,2026-07-16,嘉義市彌陀路31號,(05)2168661
199245,新竹市動物保護教育園區,新竹市動物保護教育園區,混種犬,1,M,SMALL,三花色,CHILD,T,https://www.pet.gov.tw/upload/pic/3387b6fd-b855-418f-a4ae-a7e5cc057be1.jpg,高峰路,2021-03-27,新竹市南寮里海濱路250號,(03)5368329
458040,新北市新店區公立動物之家,新北市新店區公立動物之家,貴賓犬,0,M,SMALL,咖啡色,ADULT,T,https://www.pet.gov.tw/upload/pic/1781945333013.png,汐止區民生街4巷2號,2026-06-27,新北市新店區安泰路235號,(02)22159462
201940,新竹市動物保護教育園區,新竹市動物保護教育園區,混種犬,1,F,MEDIUM,黃色,ADULT,T,https://www.pet.gov.tw/upload/pic/edc0a14e-b141-47a8-9bfa-ac5da40d3259.JPG,千甲路,2022-02-21,新竹市南寮里海濱路250號,(03)5368329
439129,臺北市動物之家,臺北市動物之家,哈士奇(西伯利亞雪橇犬),0,M,BIG,黑白色,ADULT,F,https://www.pet.gov.tw/upload/pic/1768546365220.png,環河南路二段,2026-05-26,臺北市內湖區安美街191號,(02)87913254
205429,新竹市動物保護教育園區,新竹市動物保護教育園區,混種犬,1,F,MEDIUM,黑色,ADULT,F,https://www.pet.gov.tw/upload/pic/2bfda2b9-26f5-4761-89cb-964febbf970a.jpg,浸水街,2021-05-14,新竹市南寮里海濱路250號,(03)5368329
461020,臺東縣動物收容中心,臺東縣動物收容中心,混種犬,1,F,MEDIUM,咖啡色,ADULT,N,https://www.pet.gov.tw/upload/pic/1784187750064.png,,2026-07-16,臺東縣臺東市中華路4段999巷600號,(089)362011
388798,臺南市動物之家灣裡站,臺南市動物之家灣裡站,混種犬,1,M,MEDIUM,黑色,ADULT,T,https://www.pet.gov.tw/upload/pic/1741233851216.png,武東里高鐵六路歸仁國小棒球場,2025-03-06,臺南市南區省躬里14鄰萬年路580巷92號,(06)2964439
459760,臺中市動物之家后里園區,臺中市動物之家后里園區,柴犬,0,M,MEDIUM,黑棕色,ADULT,T,https://www.pet.gov.tw/upload/pic/1783317639547.png,鎌村路323巷23號,2026-07-14,臺中市后里區堤防路370號,(04)25588024
456288,基隆市寵物銀行,基隆市寵物銀行,混種犬,1,F,SMALL,黑色,CHILD,F,https://www.pet.gov.tw/upload/pic/1780556309839.png,華新一路22-2號,2026-06-04,基隆市七堵區大華三路45-12號(欣欣安樂園旁),(02)24560148
235619,新竹市動物保護教育園區,新竹市動物保護教育園區,混種犬,1,M,SMALL,黑黃色,ADULT,T,https://www.pet.gov.tw/upload/pic/9a94059c-65f6-49ff-99bd-3b03f0b3b5f1.jpg,海濱路,2021-12-15,新竹市南寮里海濱路250號,(03)5368329
247121,新竹市動物保護教育園區,新竹市動物保護教育園區,混種犬,1,F,MEDIUM,黑色,ADULT,T,https://www.pet.gov.tw/upload/pic/f4751407-20a3-4b53-b585-8c401e6aa24f.jpg,千甲路,2022-03-18,新竹市南寮里海濱路250號,(03)5368329
251919,新竹市動物保護教育園區,新竹市動物保護教育園區,混種犬,1,F,SMALL,黑色,CHILD,T,https://www.pet.gov.tw/upload/pic/710d07d1-cf6a-4a63-af7c-18700c02e23e.jpg,中華路六段,2022-04-22,新竹市南寮里海濱路250號,(03)5368329
460580,臺南市動物之家善化站,臺南市動物之家善化站,混種犬,1,M,MEDIUM,黑色,ADULT,N,https://www.pet.gov.tw/upload/pic/1783929556866.png,龜子港77-10號,2026-07-13,臺南市善化區昌隆里東勢寮1-19號,(06)5832399
446960,苗栗縣動物保護教育園區,苗栗縣動物保護教育園區,混種犬,1,F,SMALL,黑色,CHILD,T,https://www.pet.gov.tw/upload/pic/1774507227366.png,造橋鄉大龍村,2026-03-26,苗栗縣銅鑼鄉朝陽村6鄰朝北55-1號(地圖：https:／／goo.gl/maps/Bd4sckpEPsrof7Qb8),(037)558228
446955,苗栗縣動物保護教育園區,苗栗縣動物保護教育園區,混種犬,1,M,SMALL,黑色,CHILD,T,https://www.pet.gov.tw/upload/pic/1774506834694.png,造橋鄉大龍村,2026-03-26,苗栗縣銅鑼鄉朝陽村6鄰朝北55-1號(地圖：https:／／goo.gl/maps/Bd4sckpEPsrof7Qb8),(037)558228
448541,苗栗縣動物保護教育園區,苗栗縣動物保護教育園區,混種犬,1,F,SMALL,黑色,CHILD,T,https://www.pet.gov.tw/upload/pic/1775713850909.png,後龍鎮溪洲里,2026-04-09,苗栗縣銅鑼鄉朝陽村6鄰朝北55-1號(地圖：https:／／goo.gl/maps/Bd4sckpEPsrof7Qb8),(037)558228
458835,嘉義市動物保護教育園區,嘉義市動物保護教育園區,混種犬,1,M,SMALL,白色,CHILD,F,https://www.pet.gov.tw/upload/pic/1782542334328.png,興業西路,,嘉義市彌陀路31號,(05)2168661
435412,苗栗縣動物保護教育園區,苗栗縣動物保護教育園區,混種犬,1,M,SMALL,虎斑色,CHILD,T,https://www.pet.gov.tw/upload/pic/1765954587924.png,南庄鄉蓬萊村,2025-12-17,苗栗縣銅鑼鄉朝陽村6鄰朝北55-1號(地圖：https:／／goo.gl/maps/Bd4sckpEPsrof7Qb8),(037)558228
435410,苗栗縣動物保護教育園區,苗栗縣動物保護教育園區,混種犬,1,F,SMALL,黑色,CHILD,T,https://www.pet.gov.tw/upload/pic/1765954454909.png,南庄鄉蓬萊村,2025-12-17,苗栗縣銅鑼鄉朝陽村6鄰朝北55-1號(地圖：https:／／goo.gl/maps/Bd4sckpEPsrof7Qb8),(037)558228
440680,苗栗縣動物保護教育園區,苗栗縣動物保護教育園區,混種犬,1,M,SMALL,黑色,CHILD,T,https://www.pet.gov.tw/upload/pic/1769577189618.png,獅潭鄉豐林村,2026-01-28,苗栗縣銅鑼鄉朝陽村6鄰朝北55-1號(地圖：https:／／goo.gl/maps/Bd4sckpEPsrof7Qb8),(037)558228
435423,苗栗縣動物保護教育園區,苗栗縣動物保護教育園區,混種犬,1,F,SMALL,黑色,CHILD,T,https://www.pet.gov.tw/upload/pic/1765955608243.png,卓蘭鎮內灣里,2025-12-17,苗栗縣銅鑼鄉朝陽村6鄰朝北55-1號(地圖：https:／／goo.gl/maps/Bd4sckpEPsrof7Qb8),(037)558228
379924,苗栗縣動物保護教育園區,苗栗縣動物保護教育園區,混種犬,1,F,MEDIUM,黑色,ADULT,T,https://www.pet.gov.tw/upload/pic/1730172423795.png,通霄鎮通南里,2024-11-14,苗栗縣銅鑼鄉朝陽村6鄰朝北55-1號(地圖：https:／／goo.gl/maps/Bd4sckpEPsrof7Qb8),(037)558228
460073,苗栗縣動物保護教育園區,苗栗縣動物保護教育園區,混種犬,1,F,BIG,米色,ADULT,T,https://www.pet.gov.tw/upload/pic/1783482162121.png,通霄鎮通西里,2026-07-08,苗栗縣銅鑼鄉朝陽村6鄰朝北55-1號(地圖：https:／／goo.gl/maps/Bd4sckpEPsrof7Qb8),(037)558228
438047,苗栗縣動物保護教育園區,苗栗縣動物保護教育園區,混種犬,1,M,MEDIUM,黑虎斑色,ADULT,T,https://www.pet.gov.tw/upload/pic/1767850140458.png,大湖鄉新開村,2026-01-08,苗栗縣銅鑼鄉朝陽村6鄰朝北55-1號(地圖：https:／／goo.gl/maps/Bd4sckpEPsrof7Qb8),(037)558228
421804,苗栗縣動物保護教育園區,苗栗縣動物保護教育園區,混種犬,1,M,MEDIUM,黑色,ADULT,T,https://www.pet.gov.tw/upload/pic/1757553541973.png,竹南鎮大埔里,2025-09-11,苗栗縣銅鑼鄉朝陽村6鄰朝北55-1號(地圖：https:／／goo.gl/maps/Bd4sckpEPsrof7Qb8),(037)558228
455946,苗栗縣動物保護教育園區,苗栗縣動物保護教育園區,混種犬,1,M,BIG,黃色,CHILD,T,https://www.pet.gov.tw/upload/pic/1780371510670.png,造橋鄉談文村,2026-06-02,苗栗縣銅鑼鄉朝陽村6鄰朝北55-1號(地圖：https:／／goo.gl/maps/Bd4sckpEPsrof7Qb8),(037)558228
436836,苗栗縣動物保護教育園區,苗栗縣動物保護教育園區,混種犬,1,M,MEDIUM,黑色,ADULT,T,https://www.pet.gov.tw/upload/pic/1767334873909.png,苗栗市福麗里,2025-12-30,苗栗縣銅鑼鄉朝陽村6鄰朝北55-1號(地圖：https:／／goo.gl/maps/Bd4sckpEPsrof7Qb8),(037)558228
434866,苗栗縣動物保護教育園區,苗栗縣動物保護教育園區,混種犬,1,M,SMALL,黑色,CHILD,T,https://www.pet.gov.tw/upload/pic/1765769778931.png,,2025-12-15,苗栗縣銅鑼鄉朝陽村6鄰朝北55-1號(地圖：https:／／goo.gl/maps/Bd4sckpEPsrof7Qb8),(037)558228
448556,苗栗縣動物保護教育園區,苗栗縣動物保護教育園區,混種犬,1,F,BIG,黃色,ADULT,T,https://www.pet.gov.tw/upload/pic/1775717006062.png,苑裡鎮西平里,2026-04-09,苗栗縣銅鑼鄉朝陽村6鄰朝北55-1號(地圖：https:／／goo.gl/maps/Bd4sckpEPsrof7Qb8),(037)558228
460943,臺東縣動物收容中心,臺東縣動物收容中心,混種犬,1,M,BIG,黑白色,ADULT,N,https://www.pet.gov.tw/upload/pic/1784162161095.png,,2026-07-16,臺東縣臺東市中華路4段999巷600號,(089)362011
438919,苗栗縣動物保護教育園區,苗栗縣動物保護教育園區,混種犬,1,F,MEDIUM,黑色,ADULT,T,https://www.pet.gov.tw/upload/pic/1768457657907.png,苑裡鎮蕉埔里,2026-03-04,苗栗縣銅鑼鄉朝陽村6鄰朝北55-1號(地圖：https:／／goo.gl/maps/Bd4sckpEPsrof7Qb8),(037)558228
434700,苗栗縣動物保護教育園區,苗栗縣動物保護教育園區,混種犬,1,F,SMALL,黑色,CHILD,T,https://www.pet.gov.tw/upload/pic/1765519870883.png,,2025-12-12,苗栗縣銅鑼鄉朝陽村6鄰朝北55-1號(地圖：https:／／goo.gl/maps/Bd4sckpEPsrof7Qb8),(037)558228
367488,苗栗縣動物保護教育園區,苗栗縣動物保護教育園區,台灣犬,0,F,BIG,黑色,ADULT,T,https://www.pet.gov.tw/upload/pic/1721981250657.png,頭份市民生里,2024-07-26,苗栗縣銅鑼鄉朝陽村6鄰朝北55-1號(地圖：https:／／goo.gl/maps/Bd4sckpEPsrof7Qb8),(037)558228
312774,苗栗縣動物保護教育園區,苗栗縣動物保護教育園區,混種犬,1,F,BIG,黑色,ADULT,T,https://www.pet.gov.tw/upload/pic/1697850591505.png,苗市福星山,2023-09-01,苗栗縣銅鑼鄉朝陽村6鄰朝北55-1號(地圖：https:／／goo.gl/maps/Bd4sckpEPsrof7Qb8),(037)558228
361040,苗栗縣動物保護教育園區,苗栗縣動物保護教育園區,混種犬,1,F,BIG,黑虎斑色,ADULT,T,https://www.pet.gov.tw/upload/pic/1717642296329.png,竹南鎮海口里,2024-07-09,苗栗縣銅鑼鄉朝陽村6鄰朝北55-1號(地圖：https:／／goo.gl/maps/Bd4sckpEPsrof7Qb8),(037)558228
408555,苗栗縣動物保護教育園區,苗栗縣動物保護教育園區,混種犬,1,F,MEDIUM,棕色,ADULT,T,https://www.pet.gov.tw/upload/pic/1749190099343.png,公館鄉中義村,2025-06-06,苗栗縣銅鑼鄉朝陽村6鄰朝北55-1號(地圖：https:／／goo.gl/maps/Bd4sckpEPsrof7Qb8),(037)558228
456609,臺中市動物之家后里園區,臺中市動物之家后里園區,貴賓犬,0,F,MEDIUM,咖啡色,ADULT,T,https://www.pet.gov.tw/upload/pic/1780896939499.png,永興路,2026-07-14,臺中市后里區堤防路370號,(04)25588024
407045,苗栗縣動物保護教育園區,苗栗縣動物保護教育園區,混種犬,1,M,BIG,黃色,ADULT,T,https://www.pet.gov.tw/upload/pic/1748239300137.png,苑裡鎮蕉埔里,2025-08-27,苗栗縣銅鑼鄉朝陽村6鄰朝北55-1號(地圖：https:／／goo.gl/maps/Bd4sckpEPsrof7Qb8),(037)558228
400785,苗栗縣動物保護教育園區,苗栗縣動物保護教育園區,混種犬,1,M,BIG,黑色,ADULT,T,https://www.pet.gov.tw/upload/pic/1744161553579.png,頭份市蘆竹里,2025-04-24,苗栗縣銅鑼鄉朝陽村6鄰朝北55-1號(地圖：https:／／goo.gl/maps/Bd4sckpEPsrof7Qb8),(037)558228
362663,苗栗縣動物保護教育園區,苗栗縣動物保護教育園區,混種犬,1,M,BIG,虎斑色,ADULT,T,https://www.pet.gov.tw/upload/pic/1718761012929.png,後龍鎮外埔里,2024-07-09,苗栗縣銅鑼鄉朝陽村6鄰朝北55-1號(地圖：https:／／goo.gl/maps/Bd4sckpEPsrof7Qb8),(037)558228
397287,苗栗縣動物保護教育園區,苗栗縣動物保護教育園區,混種犬,1,M,BIG,黑色,ADULT,T,https://www.pet.gov.tw/upload/pic/1741677332044.png,後龍鎮南龍里,2025-03-14,苗栗縣銅鑼鄉朝陽村6鄰朝北55-1號(地圖：https:／／goo.gl/maps/Bd4sckpEPsrof7Qb8),(037)558228
384092,苗栗縣動物保護教育園區,苗栗縣動物保護教育園區,混種犬,1,M,BIG,棕黑色,ADULT,T,https://www.pet.gov.tw/upload/pic/1732678410067.png,三義鄉龍騰村,2024-12-13,苗栗縣銅鑼鄉朝陽村6鄰朝北55-1號(地圖：https:／／goo.gl/maps/Bd4sckpEPsrof7Qb8),(037)558228
372543,苗栗縣動物保護教育園區,苗栗縣動物保護教育園區,混種犬,1,M,BIG,黑虎斑色,ADULT,T,https://www.pet.gov.tw/upload/pic/1725349690893.png,獅潭鄉永興村,2024-10-01,苗栗縣銅鑼鄉朝陽村6鄰朝北55-1號(地圖：https:／／goo.gl/maps/Bd4sckpEPsrof7Qb8),(037)558228
255500,新竹市動物保護教育園區,新竹市動物保護教育園區,混種犬,1,F,MEDIUM,黑色,CHILD,T,https://www.pet.gov.tw/upload/pic/5513271c-facb-4c4a-94fa-ef68ec393cab.jpg,篤行路,2022-05-17,新竹市南寮里海濱路250號,(03)5368329
359876,苗栗縣動物保護教育園區,苗栗縣動物保護教育園區,混種犬,1,M,BIG,虎斑色,ADULT,T,https://www.pet.gov.tw/upload/pic/1716947181160.png,南庄鄉員林村,2024-06-07,苗栗縣銅鑼鄉朝陽村6鄰朝北55-1號(地圖：https:／／goo.gl/maps/Bd4sckpEPsrof7Qb8),(037)558228
379915,苗栗縣動物保護教育園區,苗栗縣動物保護教育園區,混種犬,1,F,MEDIUM,黃白色,ADULT,T,https://www.pet.gov.tw/upload/pic/1730171795805.png,通霄鎮福龍里,2024-11-14,苗栗縣銅鑼鄉朝陽村6鄰朝北55-1號(地圖：https:／／goo.gl/maps/Bd4sckpEPsrof7Qb8),(037)558228
347381,苗栗縣動物保護教育園區,苗栗縣動物保護教育園區,混種犬,1,F,BIG,黃色,ADULT,T,https://www.pet.gov.tw/upload/pic/1708670135274.png,南庄鄉東村,2025-03-26,苗栗縣銅鑼鄉朝陽村6鄰朝北55-1號(地圖：https:／／goo.gl/maps/Bd4sckpEPsrof7Qb8),(037)558228
435201,苗栗縣動物保護教育園區,苗栗縣動物保護教育園區,混種犬,1,F,BIG,虎斑色,ADULT,N,https://www.pet.gov.tw/upload/pic/1765869611195.png,銅鑼鄉朝楊村,2025-12-16,苗栗縣銅鑼鄉朝陽村6鄰朝北55-1號(地圖：https:／／goo.gl/maps/Bd4sckpEPsrof7Qb8),(037)558228
263117,新竹市動物保護教育園區,新竹市動物保護教育園區,混種犬,1,F,SMALL,黑白色,ADULT,T,https://www.pet.gov.tw/upload/pic/2f759c33-719e-45dc-8e31-16fed57a6991.jpg,柴橋路,2022-06-29,新竹市南寮里海濱路250號,(03)5368329
435426,苗栗縣動物保護教育園區,苗栗縣動物保護教育園區,混種犬,1,F,BIG,虎斑色,ADULT,T,https://www.pet.gov.tw/upload/pic/1765956036816.png,頭份市中興里,2026-03-03,苗栗縣銅鑼鄉朝陽村6鄰朝北55-1號(地圖：https:／／goo.gl/maps/Bd4sckpEPsrof7Qb8),(037)558228
358268,苗栗縣動物保護教育園區,苗栗縣動物保護教育園區,混種犬,1,F,MEDIUM,黑棕色,ADULT,T,https://www.pet.gov.tw/upload/pic/1715842691382.png,後龍鎮龍坑里,2024-05-30,苗栗縣銅鑼鄉朝陽村6鄰朝北55-1號(地圖：https:／／goo.gl/maps/Bd4sckpEPsrof7Qb8),(037)558228
440679,苗栗縣動物保護教育園區,苗栗縣動物保護教育園區,混種犬,1,M,BIG,黑色,ADULT,T,https://www.pet.gov.tw/upload/pic/1769577004979.png,南庄鄉蓬萊村,2026-01-28,苗栗縣銅鑼鄉朝陽村6鄰朝北55-1號(地圖：https:／／goo.gl/maps/Bd4sckpEPsrof7Qb8),(037)558228
370340,苗栗縣動物保護教育園區,苗栗縣動物保護教育園區,混種犬,1,M,BIG,黃色,ADULT,T,https://www.pet.gov.tw/upload/pic/1723795597712.png,三義鄉廣盛村,2024-08-22,苗栗縣銅鑼鄉朝陽村6鄰朝北55-1號(地圖：https:／／goo.gl/maps/Bd4sckpEPsrof7Qb8),(037)558228
384579,苗栗縣動物保護教育園區,苗栗縣動物保護教育園區,混種犬,1,M,BIG,黑白色,ADULT,T,https://www.pet.gov.tw/upload/pic/1732864603640.png,卓蘭鎮民治街,2024-11-29,苗栗縣銅鑼鄉朝陽村6鄰朝北55-1號(地圖：https:／／goo.gl/maps/Bd4sckpEPsrof7Qb8),(037)558228
451173,新北市瑞芳區公立動物之家,新北市瑞芳區公立動物之家,混種犬,1,F,MEDIUM,黑色,ADULT,T,https://www.pet.gov.tw/upload/pic/1777538942347.png,中央路,2026-07-14,新北市瑞芳區中坑路3號(瑞芳清潔隊廠區內),(02)24063481
451174,新北市瑞芳區公立動物之家,新北市瑞芳區公立動物之家,混種犬,1,M,MEDIUM,黃色,ADULT,T,https://www.pet.gov.tw/upload/pic/1777539191548.png,中央路,2026-07-14,新北市瑞芳區中坑路3號(瑞芳清潔隊廠區內),(02)24063481
380469,苗栗縣動物保護教育園區,苗栗縣動物保護教育園區,混種犬,1,M,BIG,黑色,ADULT,T,https://www.pet.gov.tw/upload/pic/1730445136527.png,銅鑼鄉樟樹村,2024-11-15,苗栗縣銅鑼鄉朝陽村6鄰朝北55-1號(地圖：https:／／goo.gl/maps/Bd4sckpEPsrof7Qb8),(037)558228
460884,宜蘭縣流浪動物中途之家,宜蘭縣流浪動物中途之家,混種犬,1,M,BIG,黑棕色,ADULT,N,https://www.pet.gov.tw/upload/pic/1784099643471.png,松羅玉蘭村鹿場路,2026-07-15,宜蘭縣五結鄉成興村利寶路60號,(03)9602350620
389395,苗栗縣動物保護教育園區,苗栗縣動物保護教育園區,混種犬,1,M,BIG,虎斑色,ADULT,T,https://www.pet.gov.tw/upload/pic/1736235412562.png,苗栗市新川里,2025-01-21,苗栗縣銅鑼鄉朝陽村6鄰朝北55-1號(地圖：https:／／goo.gl/maps/Bd4sckpEPsrof7Qb8),(037)558228
358278,苗栗縣動物保護教育園區,苗栗縣動物保護教育園區,混種犬,1,F,MEDIUM,棕色,ADULT,T,https://www.pet.gov.tw/upload/pic/1715843972429.png,後龍龍坑里,2024-05-30,苗栗縣銅鑼鄉朝陽村6鄰朝北55-1號(地圖：https:／／goo.gl/maps/Bd4sckpEPsrof7Qb8),(037)558228
443103,苗栗縣動物保護教育園區,苗栗縣動物保護教育園區,混種犬,1,F,BIG,黑色,ADULT,F,https://www.pet.gov.tw/upload/pic/1771828670888.png,造橋鄉龍昇村,2026-03-04,苗栗縣銅鑼鄉朝陽村6鄰朝北55-1號(地圖：https:／／goo.gl/maps/Bd4sckpEPsrof7Qb8),(037)558228
386018,苗栗縣動物保護教育園區,苗栗縣動物保護教育園區,混種犬,1,F,BIG,黃色,ADULT,T,https://www.pet.gov.tw/upload/pic/1733883898079.png,三義鄉廣盛村,2024-12-13,苗栗縣銅鑼鄉朝陽村6鄰朝北55-1號(地圖：https:／／goo.gl/maps/Bd4sckpEPsrof7Qb8),(037)558228
380150,苗栗縣動物保護教育園區,苗栗縣動物保護教育園區,混種犬,1,F,BIG,棕色,ADULT,T,https://www.pet.gov.tw/upload/pic/1730264683689.png,苗栗市南勢里,2024-11-14,苗栗縣銅鑼鄉朝陽村6鄰朝北55-1號(地圖：https:／／goo.gl/maps/Bd4sckpEPsrof7Qb8),(037)558228
437615,苗栗縣動物保護教育園區,苗栗縣動物保護教育園區,混種犬,1,F,BIG,黑色,ADULT,T,https://www.pet.gov.tw/upload/pic/1770271660254.png,公館鄉玉谷村,2026-01-06,苗栗縣銅鑼鄉朝陽村6鄰朝北55-1號(地圖：https:／／goo.gl/maps/Bd4sckpEPsrof7Qb8),(037)558228
373493,苗栗縣動物保護教育園區,苗栗縣動物保護教育園區,混種犬,1,F,BIG,虎斑色,ADULT,T,https://www.pet.gov.tw/upload/pic/1725954039229.png,竹南鎮崎頂里,2024-09-10,苗栗縣銅鑼鄉朝陽村6鄰朝北55-1號(地圖：https:／／goo.gl/maps/Bd4sckpEPsrof7Qb8),(037)558228
420794,苗栗縣動物保護教育園區,苗栗縣動物保護教育園區,混種犬,1,F,BIG,黃色,ADULT,T,https://www.pet.gov.tw/upload/pic/1756882022576.png,後龍鎮南龍里,2025-09-03,苗栗縣銅鑼鄉朝陽村6鄰朝北55-1號(地圖：https:／／goo.gl/maps/Bd4sckpEPsrof7Qb8),(037)558228
397659,苗栗縣動物保護教育園區,苗栗縣動物保護教育園區,混種犬,1,F,BIG,黃色,ADULT,T,https://www.pet.gov.tw/upload/pic/1741848067837.png,大湖鄉大南村,2025-04-02,苗栗縣銅鑼鄉朝陽村6鄰朝北55-1號(地圖：https:／／goo.gl/maps/Bd4sckpEPsrof7Qb8),(037)558228
394413,苗栗縣動物保護教育園區,苗栗縣動物保護教育園區,混種犬,1,F,BIG,黑色,ADULT,T,https://www.pet.gov.tw/upload/pic/1739947784260.png,通霄鎮烏眉里,2025-07-02,苗栗縣銅鑼鄉朝陽村6鄰朝北55-1號(地圖：https:／／goo.gl/maps/Bd4sckpEPsrof7Qb8),(037)558228
416055,苗栗縣動物保護教育園區,苗栗縣動物保護教育園區,混種犬,1,M,SMALL,黑棕色,CHILD,T,https://www.pet.gov.tw/upload/pic/1753761289093.png,後龍鎮龍坑里,2025-07-29,苗栗縣銅鑼鄉朝陽村6鄰朝北55-1號(地圖：https:／／goo.gl/maps/Bd4sckpEPsrof7Qb8),(037)558228
362658,苗栗縣動物保護教育園區,苗栗縣動物保護教育園區,混種犬,1,M,BIG,黑白色,ADULT,T,https://www.pet.gov.tw/upload/pic/1718759348621.png,後龍鎮外埔里,2024-07-09,苗栗縣銅鑼鄉朝陽村6鄰朝北55-1號(地圖：https:／／goo.gl/maps/Bd4sckpEPsrof7Qb8),(037)558228
460928,宜蘭縣流浪動物中途之家,宜蘭縣流浪動物中途之家,混種犬,1,F,MEDIUM,虎斑色,ADULT,N,https://www.pet.gov.tw/upload/pic/1784166336731.png,漢本車站,2026-07-15,宜蘭縣五結鄉成興村利寶路60號,(03)9602350620
438416,花蓮縣狗貓躍動園區,花蓮縣狗貓躍動園區,混種犬,1,M,MEDIUM,黑色,ADULT,T,https://www.pet.gov.tw/upload/pic/1768206192366.png,,2026-07-16,花蓮縣鳳林鎮林榮里永豐路255號,(03)8421452
460922,宜蘭縣流浪動物中途之家,宜蘭縣流浪動物中途之家,混種犬,1,M,BIG,黃色,ADULT,N,https://www.pet.gov.tw/upload/pic/1784166292903.png,龍祥十路,2026-07-15,宜蘭縣五結鄉成興村利寶路60號,(03)9602350620
427423,苗栗縣動物保護教育園區,苗栗縣動物保護教育園區,混種犬,1,F,MEDIUM,黑色,ADULT,T,https://www.pet.gov.tw/upload/pic/1761617856072.png,苗栗市文山里,2025-10-28,苗栗縣銅鑼鄉朝陽村6鄰朝北55-1號(地圖：https:／／goo.gl/maps/Bd4sckpEPsrof7Qb8),(037)558228
379926,苗栗縣動物保護教育園區,苗栗縣動物保護教育園區,混種犬,1,F,MEDIUM,黑色,ADULT,T,https://www.pet.gov.tw/upload/pic/1730172647198.png,通霄鎮通南里,2024-11-14,苗栗縣銅鑼鄉朝陽村6鄰朝北55-1號(地圖：https:／／goo.gl/maps/Bd4sckpEPsrof7Qb8),(037)558228
434683,苗栗縣動物保護教育園區,苗栗縣動物保護教育園區,混種犬,1,F,SMALL,黑色,CHILD,T,https://www.pet.gov.tw/upload/pic/1765518023930.png,銅鑼鄉朝陽村,2025-12-12,苗栗縣銅鑼鄉朝陽村6鄰朝北55-1號(地圖：https:／／goo.gl/maps/Bd4sckpEPsrof7Qb8),(037)558228
460950,苗栗縣動物保護教育園區,苗栗縣動物保護教育園區,混種犬,1,F,MEDIUM,黃色,ADULT,T,https://www.pet.gov.tw/upload/pic/1784165532869.png,苗市維新,2026-07-15,苗栗縣銅鑼鄉朝陽村6鄰朝北55-1號(地圖：https:／／goo.gl/maps/Bd4sckpEPsrof7Qb8),(037)558228
448414,桃園市動物保護教育園區,桃園市動物保護教育園區,混種犬,1,F,MEDIUM,黑色,ADULT,T,https://www.pet.gov.tw/upload/pic/1775693383873.png,舊路里龜山區東方球場路,2026-07-16,桃園市新屋區永興里3鄰藻礁路1668號,(03)4861760
264325,新竹市動物保護教育園區,新竹市動物保護教育園區,混種犬,1,M,MEDIUM,黃白色,ADULT,F,https://www.pet.gov.tw/upload/pic/59d4e009-5081-4fe4-8984-5c333c8678c3.JPG,東大路四段,2022-07-14,新竹市南寮里海濱路250號,(03)5368329
460933,嘉義縣動物保護教育園區,嘉義縣動物保護教育園區,貴賓犬,0,M,SMALL,棕色,ADULT,N,https://www.pet.gov.tw/upload/pic/1784160970514.png,,2026-07-16,嘉義縣民雄鄉松山村後山仔37之2號,(05)2721119
423855,苗栗縣動物保護教育園區,苗栗縣動物保護教育園區,混種犬,1,M,BIG,虎斑色,ADULT,T,https://www.pet.gov.tw/upload/pic/1758765926339.png,頭份市合興里,2025-09-25,苗栗縣銅鑼鄉朝陽村6鄰朝北55-1號(地圖：https:／／goo.gl/maps/Bd4sckpEPsrof7Qb8),(037)558228
266094,新竹市動物保護教育園區,新竹市動物保護教育園區,混種犬,1,F,SMALL,黃色,CHILD,T,https://www.pet.gov.tw/upload/pic/7b147183-e23e-41ab-bb30-d1eaf345656f.jpg,海埔路,2022-07-27,新竹市南寮里海濱路250號,(03)5368329
275087,新竹市動物保護教育園區,新竹市動物保護教育園區,混種犬,1,M,SMALL,黑色,CHILD,T,https://www.pet.gov.tw/upload/pic/1706770470336.png,崧嶺路,2022-09-22,新竹市南寮里海濱路250號,(03)5368329
460946,臺東縣動物收容中心,臺東縣動物收容中心,混種犬,1,F,MEDIUM,黃色,ADULT,N,https://www.pet.gov.tw/upload/pic/1784162290207.png,,2026-07-16,臺東縣臺東市中華路4段999巷600號,(089)362011
282500,新竹市動物保護教育園區,新竹市動物保護教育園區,混種犬,1,F,SMALL,黑色,CHILD,T,https://www.pet.gov.tw/upload/pic/8490bcd9-1be5-4b37-8d99-13f5b03dd876.jpg,海濱路,2022-11-17,新竹市南寮里海濱路250號,(03)5368329
460234,南投縣公立動物收容所,南投縣公立動物收容所,混種犬,1,M,MEDIUM,黑色,ADULT,T,https://www.pet.gov.tw/upload/pic/1783562795087.png,南崗二路,2026-07-15,南投縣南投市嶺興路36-1號,(049)2225440
450861,新竹縣動物保護教育園區,新竹縣動物保護教育園區,混種犬,1,M,SMALL,黑色,CHILD,T,https://www.pet.gov.tw/upload/pic/1777391992898.png,,2026-05-06,新竹縣竹北市縣政五街192號,(03)5519548
452135,新竹縣動物保護教育園區,新竹縣動物保護教育園區,混種犬,1,M,SMALL,黑色,CHILD,T,https://www.pet.gov.tw/upload/pic/1778251791453.png,,2026-05-14,新竹縣竹北市縣政五街192號,(03)5519548
460927,宜蘭縣流浪動物中途之家,宜蘭縣流浪動物中途之家,混種犬,1,F,SMALL,黑白色,CHILD,N,https://www.pet.gov.tw/upload/pic/1784107958133.png,開蘭路,2026-07-15,宜蘭縣五結鄉成興村利寶路60號,(03)9602350620
460926,宜蘭縣流浪動物中途之家,宜蘭縣流浪動物中途之家,混種犬,1,M,SMALL,黑白色,CHILD,N,https://www.pet.gov.tw/upload/pic/1784107938050.png,開蘭路,2026-07-15,宜蘭縣五結鄉成興村利寶路60號,(03)9602350620
460925,宜蘭縣流浪動物中途之家,宜蘭縣流浪動物中途之家,混種犬,1,F,SMALL,黑色,CHILD,N,https://www.pet.gov.tw/upload/pic/1784107922330.png,開蘭路,2026-07-15,宜蘭縣五結鄉成興村利寶路60號,(03)9602350620
460923,宜蘭縣流浪動物中途之家,宜蘭縣流浪動物中途之家,混種犬,1,F,BIG,黑色,ADULT,N,https://www.pet.gov.tw/upload/pic/1784107846110.png,順和二路,2026-07-15,宜蘭縣五結鄉成興村利寶路60號,(03)9602350620
460919,臺南市動物之家善化站,臺南市動物之家善化站,柴犬,0,M,SMALL,黃色,ADULT,F,https://www.pet.gov.tw/upload/pic/1784105621606.png,,2026-07-15,臺南市善化區昌隆里東勢寮1-19號,(06)5832399
459298,臺中市動物之家后里園區,臺中市動物之家后里園區,長毛臘腸,0,F,MEDIUM,白色,ADULT,T,https://www.pet.gov.tw/upload/pic/1784101647594.png,新仁路157巷10號,2026-07-16,臺中市后里區堤防路370號,(04)25588024
455731,南投縣公立動物收容所,南投縣公立動物收容所,混種犬,1,F,MEDIUM,白色,ADULT,T,https://www.pet.gov.tw/upload/pic/1780105995084.png,武界路,2026-07-08,南投縣南投市嶺興路36-1號,(049)2225440
455733,南投縣公立動物收容所,南投縣公立動物收容所,混種犬,1,M,MEDIUM,黃色,ADULT,T,https://www.pet.gov.tw/upload/pic/1780106155057.png,軍功路,2026-07-08,南投縣南投市嶺興路36-1號,(049)2225440
460879,花蓮縣狗貓躍動園區,花蓮縣狗貓躍動園區,貴賓犬,0,M,SMALL,黑色,ADULT,F,https://www.pet.gov.tw/upload/pic/1784097844749.png,,,花蓮縣鳳林鎮林榮里永豐路255號,(03)8421452
460880,花蓮縣狗貓躍動園區,花蓮縣狗貓躍動園區,比熊犬,0,F,SMALL,灰色,ADULT,F,https://www.pet.gov.tw/upload/pic/1784098094092.png,,,花蓮縣鳳林鎮林榮里永豐路255號,(03)8421452
458637,彰化縣流浪狗中途之家臨時收容所,彰化縣流浪狗中途之家臨時收容所,混種犬,1,M,MEDIUM,白色,ADULT,T,https://www.pet.gov.tw/upload/pic/1782363293677.png,彰新路六段591號,2026-07-03,"彰化縣芳苑鄉文津段436-4地號（座標緯度及經度：23.932676, 120.367307）",(09)
27913,南投縣公立動物收容所,南投縣公立動物收容所,混種犬,1,F,MEDIUM,黑色,ADULT,F,https://www.pet.gov.tw/upload/pic/32c790ca-c05f-4d58-bdbf-ad2ff59f6a69.JPG,南投縣鹿谷鄉鳳凰村,2020-02-25,南投縣南投市嶺興路36-1號,(049)2225440
456057,南投縣公立動物收容所,南投縣公立動物收容所,混種犬,1,F,MEDIUM,黑色,ADULT,T,https://www.pet.gov.tw/upload/pic/1780451438616.png,武界路,2026-06-09,南投縣南投市嶺興路36-1號,(049)2225440
459719,臺北市動物之家,臺北市動物之家,混種犬,1,M,MEDIUM,黑色,ADULT,T,https://www.pet.gov.tw/upload/pic/1783310641099.png,,2026-07-06,臺北市內湖區安美街191號,(02)87913254
282504,新竹市動物保護教育園區,新竹市動物保護教育園區,混種犬,1,F,SMALL,黃色,CHILD,T,https://www.pet.gov.tw/upload/pic/1701417603223.png,海濱路,2022-11-17,新竹市南寮里海濱路250號,(03)5368329
322564,新竹市動物保護教育園區,新竹市動物保護教育園區,混種犬,1,M,SMALL,黑色,CHILD,F,https://www.pet.gov.tw/upload/pic/1692951552068.png,食品路,2023-11-20,新竹市南寮里海濱路250號,(03)5368329
458526,新北市板橋區公立動物之家,新北市板橋區公立動物之家,混種犬,1,M,MEDIUM,黃色,ADULT,T,https://www.pet.gov.tw/upload/pic/1782283885982.png,三峽區五寮里詩朗路79號,2026-06-24,新北市板橋區板城路28-1號,(02)89662158
449940,新北市板橋區公立動物之家,新北市板橋區公立動物之家,混種犬,1,M,MEDIUM,黑色,ADULT,T,https://www.pet.gov.tw/upload/pic/1776739895371.png,板橋區遠東路生態北公園,2026-06-12,新北市板橋區板城路28-1號,(02)89662158
444861,新北市板橋區公立動物之家,新北市板橋區公立動物之家,混種犬,1,F,MEDIUM,白色,ADULT,T,https://www.pet.gov.tw/upload/pic/1773111782784.png,板橋區中正路,2026-03-11,新北市板橋區板城路28-1號,(02)89662158
320562,新北市板橋區公立動物之家,新北市板橋區公立動物之家,混種犬,1,M,MEDIUM,黑色,ADULT,F,https://www.pet.gov.tw/upload/pic/1777873784378.png,長安街,2023-08-12,新北市板橋區板城路28-1號,(02)89662158
190054,新北市板橋區公立動物之家,新北市板橋區公立動物之家,混種犬,1,M,MEDIUM,黑黃色,ADULT,F,https://www.pet.gov.tw/upload/pic/1731395901028.png,三峽區,2020-12-25,新北市板橋區板城路28-1號,(02)89662158
302524,新北市板橋區公立動物之家,新北市板橋區公立動物之家,混種犬,1,M,MEDIUM,黑色,ADULT,F,https://www.pet.gov.tw/upload/pic/1777874649471.png,僑中一街124巷3弄23-1號,2023-04-11,新北市板橋區板城路28-1號,(02)89662158
395726,新北市板橋區公立動物之家,新北市板橋區公立動物之家,混種犬,1,M,MEDIUM,黑白色,ADULT,F,https://www.pet.gov.tw/upload/pic/1777873292785.png,大同山,2025-02-27,新北市板橋區板城路28-1號,(02)89662158
460810,彰化縣流浪狗中途之家臨時收容所,彰化縣流浪狗中途之家臨時收容所,混種犬,1,F,SMALL,黑色,CHILD,N,https://www.pet.gov.tw/upload/pic/1784087023112.png,,2026-07-15,"彰化縣芳苑鄉文津段436-4地號（座標緯度及經度：23.932676, 120.367307）",(09)
460809,彰化縣流浪狗中途之家臨時收容所,彰化縣流浪狗中途之家臨時收容所,混種犬,1,F,SMALL,三花色,CHILD,N,https://www.pet.gov.tw/upload/pic/1784086968828.png,,2026-07-15,"彰化縣芳苑鄉文津段436-4地號（座標緯度及經度：23.932676, 120.367307）",(09)
460807,彰化縣流浪狗中途之家臨時收容所,彰化縣流浪狗中途之家臨時收容所,混種犬,1,F,SMALL,黑虎斑色,CHILD,N,https://www.pet.gov.tw/upload/pic/1784086850353.png,,2026-07-15,"彰化縣芳苑鄉文津段436-4地號（座標緯度及經度：23.932676, 120.367307）",(09)
194310,新北市板橋區公立動物之家,新北市板橋區公立動物之家,混種犬,1,M,MEDIUM,黑色,ADULT,F,https://www.pet.gov.tw/upload/pic/1777708773065.png,中正路二段176巷26號,2021-02-17,新北市板橋區板城路28-1號,(02)89662158
460803,彰化縣流浪狗中途之家臨時收容所,彰化縣流浪狗中途之家臨時收容所,混種犬,1,M,MEDIUM,黑色,ADULT,T,https://www.pet.gov.tw/upload/pic/1784086759433.png,,2026-07-23,"彰化縣芳苑鄉文津段436-4地號（座標緯度及經度：23.932676, 120.367307）",(09)
394062,新北市板橋區公立動物之家,新北市板橋區公立動物之家,混種犬,1,M,MEDIUM,黃白色,ADULT,F,https://www.pet.gov.tw/upload/pic/1777708945106.png,南雅西路2段259巷4號,2025-02-21,新北市板橋區板城路28-1號,(02)89662158
172387,新北市板橋區公立動物之家,新北市板橋區公立動物之家,混種犬,1,M,MEDIUM,黑色,ADULT,F,https://www.pet.gov.tw/upload/pic/1777711272582.png,安坑路40號,2020-08-11,新北市板橋區板城路28-1號,(02)89662158
292876,新北市板橋區公立動物之家,新北市板橋區公立動物之家,混種犬,1,F,MEDIUM,白色,ADULT,F,https://www.pet.gov.tw/upload/pic/1777706935911.png,竹崙里紫薇路,2023-01-06,新北市板橋區板城路28-1號,(02)89662158
289923,新北市板橋區公立動物之家,新北市板橋區公立動物之家,混種犬,1,M,MEDIUM,黑黃色,ADULT,F,https://www.pet.gov.tw/upload/pic/1777706448496.png,中華路,2022-12-31,新北市板橋區板城路28-1號,(02)89662158
225556,新北市板橋區公立動物之家,新北市板橋區公立動物之家,混種犬,1,M,MEDIUM,黑色,ADULT,F,https://www.pet.gov.tw/upload/pic/1777706735832.png,安坑路46號,2021-10-04,新北市板橋區板城路28-1號,(02)89662158
460793,彰化縣流浪狗中途之家臨時收容所,彰化縣流浪狗中途之家臨時收容所,混種犬,1,F,MEDIUM,黑色,ADULT,T,https://www.pet.gov.tw/upload/pic/1784086484013.png,,2026-07-23,"彰化縣芳苑鄉文津段436-4地號（座標緯度及經度：23.932676, 120.367307）",(09)
195101,新北市板橋區公立動物之家,新北市板橋區公立動物之家,混種犬,1,F,MEDIUM,黑黃色,ADULT,F,https://www.pet.gov.tw/upload/pic/1777873616229.png,光明路106巷85號,2021-02-17,新北市板橋區板城路28-1號,(02)89662158
341681,新北市板橋區公立動物之家,新北市板橋區公立動物之家,混種犬,1,M,MEDIUM,黑色,ADULT,F,https://www.pet.gov.tw/upload/pic/1777873036850.png,中山路一段265巷2弄,2024-01-05,新北市板橋區板城路28-1號,(02)89662158
407842,新北市板橋區公立動物之家,新北市板橋區公立動物之家,混種犬,1,M,MEDIUM,黃色,ADULT,F,https://www.pet.gov.tw/upload/pic/1777706303747.png,篤行路二段146巷,2025-06-05,新北市板橋區板城路28-1號,(02)89662158
435309,苗栗縣動物保護教育園區,苗栗縣動物保護教育園區,混種犬,1,M,BIG,黑色,ADULT,T,https://www.pet.gov.tw/upload/pic/1765936253914.png,銅鑼鄉朝楊村,2025-12-17,苗栗縣銅鑼鄉朝陽村6鄰朝北55-1號(地圖：https:／／goo.gl/maps/Bd4sckpEPsrof7Qb8),(037)558228
434868,苗栗縣動物保護教育園區,苗栗縣動物保護教育園區,混種犬,1,M,BIG,虎斑色,ADULT,T,https://www.pet.gov.tw/upload/pic/1765770238141.png,西湖鄉龍洞村,2025-12-15,苗栗縣銅鑼鄉朝陽村6鄰朝北55-1號(地圖：https:／／goo.gl/maps/Bd4sckpEPsrof7Qb8),(037)558228
167744,臺北市動物之家,臺北市動物之家,混種犬,1,M,MEDIUM,黃白色,ADULT,F,https://www.pet.gov.tw/upload/pic/60440_109071102_0.jpg,民眾不擬續養,2021-04-11,臺北市內湖區安美街191號,(02)87913254
453890,彰化縣流浪狗中途之家臨時收容所,彰化縣流浪狗中途之家臨時收容所,混種犬,1,F,SMALL,棕色,CHILD,N,https://www.pet.gov.tw/upload/pic/1779497046210.png,鹿和路三段,2026-05-23,"彰化縣芳苑鄉文津段436-4地號（座標緯度及經度：23.932676, 120.367307）",(09)
346372,苗栗縣動物保護教育園區,苗栗縣動物保護教育園區,混種犬,1,M,BIG,黃白色,ADULT,T,https://www.pet.gov.tw/upload/pic/1708142236931.png,銅鑼鄉九湖村,2024-02-17,苗栗縣銅鑼鄉朝陽村6鄰朝北55-1號(地圖：https:／／goo.gl/maps/Bd4sckpEPsrof7Qb8),(037)558228
329261,苗栗縣動物保護教育園區,苗栗縣動物保護教育園區,混種犬,1,M,BIG,,ADULT,T,https://www.pet.gov.tw/upload/pic/1697098068678.png,通霄烏眉,2023-10-12,苗栗縣銅鑼鄉朝陽村6鄰朝北55-1號(地圖：https:／／goo.gl/maps/Bd4sckpEPsrof7Qb8),(037)558228
399939,苗栗縣動物保護教育園區,苗栗縣動物保護教育園區,混種犬,1,M,BIG,黃色,ADULT,T,https://www.pet.gov.tw/upload/pic/1743399757561.png,南庄鄉田美村,2025-04-17,苗栗縣銅鑼鄉朝陽村6鄰朝北55-1號(地圖：https:／／goo.gl/maps/Bd4sckpEPsrof7Qb8),(037)558228
398981,苗栗縣動物保護教育園區,苗栗縣動物保護教育園區,混種犬,1,F,BIG,黑棕色,ADULT,T,https://www.pet.gov.tw/upload/pic/1742798340118.png,苑裡鎮房裡里,2025-09-01,苗栗縣銅鑼鄉朝陽村6鄰朝北55-1號(地圖：https:／／goo.gl/maps/Bd4sckpEPsrof7Qb8),(037)558228
336925,苗栗縣動物保護教育園區,苗栗縣動物保護教育園區,混種犬,1,F,MEDIUM,黑色,ADULT,T,https://www.pet.gov.tw/upload/pic/1721702345331.png,泰安鄉錦水村,2023-12-18,苗栗縣銅鑼鄉朝陽村6鄰朝北55-1號(地圖：https:／／goo.gl/maps/Bd4sckpEPsrof7Qb8),(037)558228
353213,苗栗縣動物保護教育園區,苗栗縣動物保護教育園區,混種犬,1,F,BIG,棕色,ADULT,T,https://www.pet.gov.tw/upload/pic/1712647769813.png,竹南鎮公館里,2024-04-09,苗栗縣銅鑼鄉朝陽村6鄰朝北55-1號(地圖：https:／／goo.gl/maps/Bd4sckpEPsrof7Qb8),(037)558228
439825,苗栗縣動物保護教育園區,苗栗縣動物保護教育園區,其他,0,F,BIG,黑色,ADULT,N,https://www.pet.gov.tw/upload/pic/1769047744353.png,苗栗市高苗里,,苗栗縣銅鑼鄉朝陽村6鄰朝北55-1號(地圖：https:／／goo.gl/maps/Bd4sckpEPsrof7Qb8),(037)558228
409743,苗栗縣動物保護教育園區,苗栗縣動物保護教育園區,混種犬,1,F,BIG,虎斑色,ADULT,T,https://www.pet.gov.tw/upload/pic/1750053455713.png,大湖鄉富興村,2025-06-16,苗栗縣銅鑼鄉朝陽村6鄰朝北55-1號(地圖：https:／／goo.gl/maps/Bd4sckpEPsrof7Qb8),(037)558228
385012,苗栗縣動物保護教育園區,苗栗縣動物保護教育園區,混種犬,1,F,BIG,黑色,ADULT,N,https://www.pet.gov.tw/upload/pic/1733211647575.png,公館鄉開礦村,2024-12-22,苗栗縣銅鑼鄉朝陽村6鄰朝北55-1號(地圖：https:／／goo.gl/maps/Bd4sckpEPsrof7Qb8),(037)558228
451703,苗栗縣動物保護教育園區,苗栗縣動物保護教育園區,混種犬,1,F,BIG,黑色,ADULT,T,https://www.pet.gov.tw/upload/pic/1778044490496.png,苗栗市南勢里,2026-05-06,苗栗縣銅鑼鄉朝陽村6鄰朝北55-1號(地圖：https:／／goo.gl/maps/Bd4sckpEPsrof7Qb8),(037)558228
453412,苗栗縣動物保護教育園區,苗栗縣動物保護教育園區,混種犬,1,F,BIG,棕白色,ADULT,T,https://www.pet.gov.tw/upload/pic/1779171944313.png,銅鑼鄉樟樹村,2026-05-19,苗栗縣銅鑼鄉朝陽村6鄰朝北55-1號(地圖：https:／／goo.gl/maps/Bd4sckpEPsrof7Qb8),(037)558228
453414,苗栗縣動物保護教育園區,苗栗縣動物保護教育園區,混種犬,1,F,BIG,棕色,ADULT,T,https://www.pet.gov.tw/upload/pic/1779172083014.png,銅鑼鄉樟樹村,2026-05-19,苗栗縣銅鑼鄉朝陽村6鄰朝北55-1號(地圖：https:／／goo.gl/maps/Bd4sckpEPsrof7Qb8),(037)558228
452541,彰化縣流浪狗中途之家臨時收容所,彰化縣流浪狗中途之家臨時收容所,混種犬,1,M,MEDIUM,黑色,ADULT,T,https://www.pet.gov.tw/upload/pic/1778569744550.png,光明路329巷6號,2026-06-01,"彰化縣芳苑鄉文津段436-4地號（座標緯度及經度：23.932676, 120.367307）",(09)
26322,南投縣公立動物收容所,南投縣公立動物收容所,混種犬,1,F,MEDIUM,黑色,ADULT,T,https://www.pet.gov.tw/upload/pic/ade09600-bff8-49a0-bd29-6a83a8e2e02f.jpg,肉品市場,2017-11-23,南投縣南投市嶺興路36-1號,(049)2225440
28287,南投縣公立動物收容所,南投縣公立動物收容所,混種犬,1,F,MEDIUM,黑色,ADULT,T,https://www.pet.gov.tw/upload/pic/7608c358-e8fe-4f3b-84ae-b7e21c4e9350.JPG,南投縣南投市,2016-07-01,南投縣南投市嶺興路36-1號,(049)2225440
438661,南投縣公立動物收容所,南投縣公立動物收容所,混種犬,1,M,SMALL,黑色,ADULT,T,https://www.pet.gov.tw/upload/pic/1768351255488.png,董門巷,2026-01-16,南投縣南投市嶺興路36-1號,(049)2225440
452394,南投縣公立動物收容所,南投縣公立動物收容所,貴賓犬,0,M,SMALL,咖啡色,ADULT,T,https://www.pet.gov.tw/upload/pic/1778553065058.png,南港路,2026-05-18,南投縣南投市嶺興路36-1號,(049)2225440
460748,南投縣公立動物收容所,南投縣公立動物收容所,混種犬,1,F,MEDIUM,黑色,ADULT,T,https://www.pet.gov.tw/upload/pic/1784079939051.png,瀧淋巷,2026-07-14,南投縣南投市嶺興路36-1號,(049)2225440
439864,苗栗縣動物保護教育園區,苗栗縣動物保護教育園區,混種犬,1,M,BIG,棕色,ADULT,T,https://www.pet.gov.tw/upload/pic/1769060688581.png,頭份市流東里,2026-02-10,苗栗縣銅鑼鄉朝陽村6鄰朝北55-1號(地圖：https:／／goo.gl/maps/Bd4sckpEPsrof7Qb8),(037)558228
443879,苗栗縣動物保護教育園區,苗栗縣動物保護教育園區,混種犬,1,M,MEDIUM,黑黃色,ADULT,T,https://www.pet.gov.tw/upload/pic/1772503646436.png,後龍鎮海埔里,2026-03-03,苗栗縣銅鑼鄉朝陽村6鄰朝北55-1號(地圖：https:／／goo.gl/maps/Bd4sckpEPsrof7Qb8),(037)558228
453837,苗栗縣動物保護教育園區,苗栗縣動物保護教育園區,混種犬,1,M,BIG,虎斑色,ADULT,T,https://www.pet.gov.tw/upload/pic/1779424475454.png,獅潭鄉百壽村,2026-05-22,苗栗縣銅鑼鄉朝陽村6鄰朝北55-1號(地圖：https:／／goo.gl/maps/Bd4sckpEPsrof7Qb8),(037)558228
321783,臺南市動物之家灣裡站,臺南市動物之家灣裡站,混種犬,1,M,MEDIUM,黑黃色,ADULT,T,https://www.pet.gov.tw/upload/pic/1723789097832.png,礁坑里虎頭埤後門附近,2024-08-09,臺南市南區省躬里14鄰萬年路580巷92號,(06)2964439
460734,澎湖縣流浪動物收容中心,澎湖縣流浪動物收容中心,混種犬,1,M,MEDIUM,黑色,CHILD,F,https://www.pet.gov.tw/upload/pic/1784075365647.png,,2026-07-22,澎湖縣馬公市烏崁里260、261號,(06)9213559
460712,臺南市動物之家善化站,臺南市動物之家善化站,混種犬,1,M,MEDIUM,黑色,ADULT,N,https://www.pet.gov.tw/upload/pic/1784017887930.png,復興路347巷72號,2026-07-14,臺南市善化區昌隆里東勢寮1-19號,(06)5832399
460700,苗栗縣動物保護教育園區,苗栗縣動物保護教育園區,混種犬,1,M,BIG,黑色,ADULT,T,https://www.pet.gov.tw/upload/pic/1784014743074.png,銅鑼鄉福興村,2026-07-14,苗栗縣銅鑼鄉朝陽村6鄰朝北55-1號(地圖：https:／／goo.gl/maps/Bd4sckpEPsrof7Qb8),(037)558228
460457,高雄市壽山動物保護教育園區,高雄市壽山動物保護教育園區,柴犬,0,F,MEDIUM,黃色,ADULT,N,https://www.pet.gov.tw/upload/pic/1783827085130.png,中正路,,高雄市鼓山區萬壽路350號,(07)5519059
460458,高雄市壽山動物保護教育園區,高雄市壽山動物保護教育園區,柴犬,0,F,MEDIUM,黃色,ADULT,N,https://www.pet.gov.tw/upload/pic/1783826755787.png,中正路,,高雄市鼓山區萬壽路350號,(07)5519059
460547,新竹市動物保護教育園區,新竹市動物保護教育園區,吉娃娃犬,0,M,SMALL,黑白色,ADULT,F,https://www.pet.gov.tw/upload/pic/1783921865827.png,東門街,,新竹市南寮里海濱路250號,(03)5368329
460695,基隆市寵物銀行,基隆市寵物銀行,臘腸犬,0,N,SMALL,米色,ADULT,N,https://www.pet.gov.tw/upload/pic/1784013085929.png,曲水街,,基隆市七堵區大華三路45-12號(欣欣安樂園旁),(02)24560148
455907,澎湖縣流浪動物收容中心,澎湖縣流浪動物收容中心,混種犬,1,F,BIG,黑色,ADULT,T,https://www.pet.gov.tw/upload/pic/1784012808040.png,,2026-06-09,澎湖縣馬公市烏崁里260、261號,(06)9213559
460692,基隆市寵物銀行,基隆市寵物銀行,比熊犬,0,M,MEDIUM,白色,ADULT,F,https://www.pet.gov.tw/upload/pic/1784012493298.png,調和街13-5號,,基隆市七堵區大華三路45-12號(欣欣安樂園旁),(02)24560148
458062,澎湖縣流浪動物收容中心,澎湖縣流浪動物收容中心,混種犬,1,M,SMALL,黑色,CHILD,F,https://www.pet.gov.tw/upload/pic/1784012164767.png,,2026-06-30,澎湖縣馬公市烏崁里260、261號,(06)9213559
456673,澎湖縣流浪動物收容中心,澎湖縣流浪動物收容中心,混種犬,1,F,BIG,虎斑色,ADULT,T,https://www.pet.gov.tw/upload/pic/1784011881286.png,,2026-06-17,澎湖縣馬公市烏崁里260、261號,(06)9213559
460686,臺北市動物之家,臺北市動物之家,混種犬,1,M,MEDIUM,黑色,ADULT,T,https://www.pet.gov.tw/upload/pic/1784011230181.png,大龍街177巷,2026-07-21,臺北市內湖區安美街191號,(02)87913254
460649,臺東縣動物收容中心,臺東縣動物收容中心,混種犬,1,F,MEDIUM,黑棕色,ADULT,N,https://www.pet.gov.tw/upload/pic/1784008930612.png,果菜市場,2026-07-14,臺東縣臺東市中華路4段999巷600號,(089)362011
460196,臺南市動物之家善化站,臺南市動物之家善化站,比熊犬,0,M,MEDIUM,白色,ADULT,T,https://www.pet.gov.tw/upload/pic/1783577662569.png,,2026-07-08,臺南市善化區昌隆里東勢寮1-19號,(06)5832399
34118,新竹市動物保護教育園區,新竹市動物保護教育園區,混種犬,1,M,MEDIUM,黑色,ADULT,F,https://www.pet.gov.tw/upload/pic/01af6d24-9260-4e97-b207-68ac264a4de3.JPG,東大路3段,2018-01-15,新竹市南寮里海濱路250號,(03)5368329
122509,新竹市動物保護教育園區,新竹市動物保護教育園區,混種犬,1,M,MEDIUM,黑色,ADULT,T,https://www.pet.gov.tw/upload/pic/b8d6b55c-527e-4fc9-aaa0-56db1648d68f.JPG,富美路,2019-10-03,新竹市南寮里海濱路250號,(03)5368329
335903,新北市板橋區公立動物之家,新北市板橋區公立動物之家,混種犬,1,M,MEDIUM,黑色,ADULT,F,https://www.pet.gov.tw/upload/pic/1777876081154.png,漢生西路,2023-11-23,新北市板橋區板城路28-1號,(02)89662158
245642,新北市板橋區公立動物之家,新北市板橋區公立動物之家,混種犬,1,M,MEDIUM,黑色,ADULT,F,https://www.pet.gov.tw/upload/pic/8b4af2cc-1980-424f-9be1-efdc73dffe7b.jpg,樹林區,2022-03-09,新北市板橋區板城路28-1號,(02)89662158
452305,嘉義市動物保護教育園區,嘉義市動物保護教育園區,混種犬,1,M,MEDIUM,黑黃色,ADULT,T,https://www.pet.gov.tw/upload/pic/1778479510437.png,荖藤里文化路756號,2026-05-21,嘉義市彌陀路31號,(05)2168661
196048,新竹市動物保護教育園區,新竹市動物保護教育園區,混種犬,1,F,MEDIUM,黑色,ADULT,T,https://www.pet.gov.tw/upload/pic/ce682673-e760-40d6-998d-766805cfde0f.JPG,大庄路,2021-03-04,新竹市南寮里海濱路250號,(03)5368329
190185,新竹市動物保護教育園區,新竹市動物保護教育園區,混種犬,1,F,SMALL,黑色,CHILD,T,https://www.pet.gov.tw/upload/pic/0e0df6aa-5144-493b-86ff-5d78dc5df775.JPG,竹香北路,2020-12-28,新竹市南寮里海濱路250號,(03)5368329
29231,新竹市動物保護教育園區,新竹市動物保護教育園區,混種犬,1,F,MEDIUM,黑色,ADULT,T,https://www.pet.gov.tw/upload/pic/fb34e16c-9c98-4787-a7f8-b11a86e39573.jpg,慈雲路,2015-06-30,新竹市南寮里海濱路250號,(03)5368329
158354,新竹市動物保護教育園區,新竹市動物保護教育園區,混種犬,1,M,SMALL,黑白色,ADULT,T,https://www.pet.gov.tw/upload/pic/ac0f5b75-f1be-4e36-81d1-f96374411bf0.JPG,頭前溪,2020-05-11,新竹市南寮里海濱路250號,(03)5368329
460635,南投縣公立動物收容所,南投縣公立動物收容所,混種犬,1,F,MEDIUM,黑色,ADULT,T,https://www.pet.gov.tw/upload/pic/1783999254064.png,八卦路,2026-07-13,南投縣南投市嶺興路36-1號,(049)2225440
457623,臺東縣動物收容中心,臺東縣動物收容中心,混種犬,1,M,SMALL,黑色,CHILD,N,https://www.pet.gov.tw/upload/pic/1781591979032.png,新興國小,2026-06-16,臺東縣臺東市中華路4段999巷600號,(089)362011
458486,新北市八里區公立動物之家,新北市八里區公立動物之家,柴犬,0,M,MEDIUM,黃色,ADULT,T,https://www.pet.gov.tw/upload/pic/1782279110221.png,新莊區民安西路,2026-07-17,新北市八里區長坑里6鄰長坑道路36號,(02)26194428
460618,臺南市動物之家善化站,臺南市動物之家善化站,混種犬,1,F,BIG,黑色,ADULT,N,https://www.pet.gov.tw/upload/pic/1783996423411.png,,2026-07-14,臺南市善化區昌隆里東勢寮1-19號,(06)5832399
460616,臺南市動物之家善化站,臺南市動物之家善化站,混種犬,1,M,BIG,黑色,ADULT,N,https://www.pet.gov.tw/upload/pic/1783996223948.png,61號,2026-07-14,臺南市善化區昌隆里東勢寮1-19號,(06)5832399
460584,臺南市動物之家善化站,臺南市動物之家善化站,混種犬,1,M,MEDIUM,黑白色,ADULT,T,https://www.pet.gov.tw/upload/pic/1783994890290.png,,2026-07-13,臺南市善化區昌隆里東勢寮1-19號,(06)5832399
460602,宜蘭縣流浪動物中途之家,宜蘭縣流浪動物中途之家,混種犬,1,M,BIG,黑色,ADULT,N,https://www.pet.gov.tw/upload/pic/1783991946083.png,新社路,2026-07-14,宜蘭縣五結鄉成興村利寶路60號,(03)9602350620
460601,宜蘭縣流浪動物中途之家,宜蘭縣流浪動物中途之家,混種犬,1,F,BIG,黑色,ADULT,N,https://www.pet.gov.tw/upload/pic/1783991929214.png,新社路,2026-07-13,宜蘭縣五結鄉成興村利寶路60號,(03)9602350620
460598,宜蘭縣流浪動物中途之家,宜蘭縣流浪動物中途之家,混種犬,1,M,BIG,黑白色,ADULT,N,https://www.pet.gov.tw/upload/pic/1783991911152.png,新社路,2026-07-14,宜蘭縣五結鄉成興村利寶路60號,(03)9602350620
460597,宜蘭縣流浪動物中途之家,宜蘭縣流浪動物中途之家,混種犬,1,F,BIG,黑色,ADULT,N,https://www.pet.gov.tw/upload/pic/1783991889716.png,新社路,2026-07-14,宜蘭縣五結鄉成興村利寶路60號,(03)9602350620
460596,宜蘭縣流浪動物中途之家,宜蘭縣流浪動物中途之家,混種犬,1,F,BIG,黑色,ADULT,N,https://www.pet.gov.tw/upload/pic/1783991868314.png,新社路,2026-07-14,宜蘭縣五結鄉成興村利寶路60號,(03)9602350620
460595,宜蘭縣流浪動物中途之家,宜蘭縣流浪動物中途之家,混種犬,1,M,BIG,虎斑色,ADULT,N,https://www.pet.gov.tw/upload/pic/1783991832484.png,新社路,2026-07-14,宜蘭縣五結鄉成興村利寶路60號,(03)9602350620
460594,宜蘭縣流浪動物中途之家,宜蘭縣流浪動物中途之家,混種犬,1,M,BIG,黑色,ADULT,N,https://www.pet.gov.tw/upload/pic/1783991807328.png,新社路,2026-07-14,宜蘭縣五結鄉成興村利寶路60號,(03)9602350620
460593,宜蘭縣流浪動物中途之家,宜蘭縣流浪動物中途之家,混種犬,1,F,BIG,黃色,ADULT,N,https://www.pet.gov.tw/upload/pic/1783991773545.png,新社路,2026-07-14,宜蘭縣五結鄉成興村利寶路60號,(03)9602350620
460592,宜蘭縣流浪動物中途之家,宜蘭縣流浪動物中途之家,混種犬,1,F,BIG,虎斑色,ADULT,N,https://www.pet.gov.tw/upload/pic/1783991635415.png,新社路,2026-07-14,宜蘭縣五結鄉成興村利寶路60號,(03)9602350620
294290,彰化縣流浪狗中途之家臨時收容所,彰化縣流浪狗中途之家臨時收容所,混種犬,1,F,MEDIUM,黑白色,ADULT,T,https://www.pet.gov.tw/upload/pic/1676882948795.png,和線路149巷281號,2023-03-13,"彰化縣芳苑鄉文津段436-4地號（座標緯度及經度：23.932676, 120.367307）",(09)
460589,宜蘭縣流浪動物中途之家,宜蘭縣流浪動物中途之家,混種犬,1,F,MEDIUM,黑色,CHILD,N,https://www.pet.gov.tw/upload/pic/1783935447511.png,新城一路,2026-07-13,宜蘭縣五結鄉成興村利寶路60號,(03)9602350620
459288,基隆市寵物銀行,基隆市寵物銀行,混種犬,1,F,BIG,黑色,ADULT,T,https://www.pet.gov.tw/upload/pic/1782877146979.png,,2026-07-13,基隆市七堵區大華三路45-12號(欣欣安樂園旁),(02)24560148
408727,基隆市寵物銀行,基隆市寵物銀行,混種犬,1,M,BIG,黑色,ADULT,T,https://www.pet.gov.tw/upload/pic/1756784940082.png,安樂路一段,2026-07-13,基隆市七堵區大華三路45-12號(欣欣安樂園旁),(02)24560148
337027,臺北市動物之家,臺北市動物之家,混種犬,1,M,MEDIUM,黑黃色,ADULT,T,https://www.pet.gov.tw/upload/pic/1701402546194.png,安美街,2023-11-30,臺北市內湖區安美街191號,(02)87913254
390194,彰化縣流浪狗中途之家臨時收容所,彰化縣流浪狗中途之家臨時收容所,混種犬,1,M,MEDIUM,黑色,ADULT,T,https://www.pet.gov.tw/upload/pic/1736912281363.png,彰鹿路120巷,2025-02-10,"彰化縣芳苑鄉文津段436-4地號（座標緯度及經度：23.932676, 120.367307）",(09)
141600,新北市板橋區公立動物之家,新北市板橋區公立動物之家,比特犬,0,M,MEDIUM,黑色,ADULT,F,https://www.pet.gov.tw/upload/pic/1761966823237.png,中正三路,2020-01-30,新北市板橋區板城路28-1號,(02)89662158
301403,新北市板橋區公立動物之家,新北市板橋區公立動物之家,混種犬,1,M,MEDIUM,黑色,ADULT,F,https://www.pet.gov.tw/upload/pic/1777705072873.png,保安街一段,2023-03-28,新北市板橋區板城路28-1號,(02)89662158
460033,南投縣公立動物收容所,南投縣公立動物收容所,混種犬,1,M,MEDIUM,黃色,ADULT,T,https://www.pet.gov.tw/upload/pic/1783476750110.png,碧興路一段,2026-07-13,南投縣南投市嶺興路36-1號,(049)2225440
204736,新北市板橋區公立動物之家,新北市板橋區公立動物之家,混種犬,1,M,MEDIUM,黑色,ADULT,F,https://www.pet.gov.tw/upload/pic/1754709157443.png,鳶峰路85號,2021-04-30,新北市板橋區板城路28-1號,(02)89662158
459538,南投縣公立動物收容所,南投縣公立動物收容所,柴犬,0,M,MEDIUM,黃色,ADULT,T,https://www.pet.gov.tw/upload/pic/1783041780198.png,八卦路鳳山寺附近,2026-07-13,南投縣南投市嶺興路36-1號,(049)2225440
213918,新北市板橋區公立動物之家,新北市板橋區公立動物之家,混種犬,1,M,MEDIUM,黃色,ADULT,F,https://www.pet.gov.tw/upload/pic/1761812875393.png,板橋區,2021-07-14,新北市板橋區板城路28-1號,(02)89662158
414921,新北市板橋區公立動物之家,新北市板橋區公立動物之家,混種犬,1,M,MEDIUM,黑色,ADULT,F,https://www.pet.gov.tw/upload/pic/1757907477301.png,板橋區漢生東路,2025-07-20,新北市板橋區板城路28-1號,(02)89662158
35415,新北市板橋區公立動物之家,新北市板橋區公立動物之家,混種犬,1,F,MEDIUM,黑色,ADULT,F,https://www.pet.gov.tw/upload/pic/1761810736312.png,東湖路22號,2018-02-15,新北市板橋區板城路28-1號,(02)89662158
106151,新北市板橋區公立動物之家,新北市板橋區公立動物之家,混種犬,1,F,MEDIUM,黑色,ADULT,F,https://www.pet.gov.tw/upload/pic/1761810841750.png,中山路169號,2019-08-30,新北市板橋區板城路28-1號,(02)89662158
402755,新北市板橋區公立動物之家,新北市板橋區公立動物之家,混種犬,1,M,MEDIUM,黃虎斑色,ADULT,F,https://www.pet.gov.tw/upload/pic/1777703928620.png,插角189號,2025-04-27,新北市板橋區板城路28-1號,(02)89662158
106874,新北市板橋區公立動物之家,新北市板橋區公立動物之家,混種犬,1,M,MEDIUM,黑色,ADULT,F,https://www.pet.gov.tw/upload/pic/1761810198133.png,備內街182-12號,2019-07-02,新北市板橋區板城路28-1號,(02)89662158
112233,新北市板橋區公立動物之家,新北市板橋區公立動物之家,混種犬,1,M,MEDIUM,黑色,ADULT,F,https://www.pet.gov.tw/upload/pic/1761810518780.png,三峽區介壽路二段136巷45弄,2019-08-13,新北市板橋區板城路28-1號,(02)89662158
213642,新北市板橋區公立動物之家,新北市板橋區公立動物之家,混種犬,1,M,MEDIUM,黑色,ADULT,F,https://www.pet.gov.tw/upload/pic/1777704213572.png,紫薇南路,2021-07-13,新北市板橋區板城路28-1號,(02)89662158
173337,新北市板橋區公立動物之家,新北市板橋區公立動物之家,混種犬,1,M,MEDIUM,黑色,ADULT,F,https://www.pet.gov.tw/upload/pic/1777704087356.png,東佳路7號,2020-08-18,新北市板橋區板城路28-1號,(02)89662158
133436,新北市板橋區公立動物之家,新北市板橋區公立動物之家,混種犬,1,M,MEDIUM,黑黃色,ADULT,F,https://www.pet.gov.tw/upload/pic/f8bef546-3738-408d-b3fc-cf00735f8133.jpg,樹林區保安街45巷,2019-12-05,新北市板橋區板城路28-1號,(02)89662158
231952,新北市板橋區公立動物之家,新北市板橋區公立動物之家,比特犬,0,M,MEDIUM,咖啡黑色,ADULT,F,https://www.pet.gov.tw/upload/pic/1754705648529.png,光武街,2021-12-10,新北市板橋區板城路28-1號,(02)89662158
445434,花蓮縣狗貓躍動園區,花蓮縣狗貓躍動園區,混種犬,1,M,MEDIUM,棕灰色,ADULT,T,https://www.pet.gov.tw/upload/pic/1773389473415.png,,2026-04-22,花蓮縣鳳林鎮林榮里永豐路255號,(03)8421452
112232,新北市板橋區公立動物之家,新北市板橋區公立動物之家,混種犬,1,F,MEDIUM,黑色,ADULT,F,https://www.pet.gov.tw/upload/pic/1754708489512.png,三峽區介壽路二段136巷45弄,2019-08-13,新北市板橋區板城路28-1號,(02)89662158
112231,新北市板橋區公立動物之家,新北市板橋區公立動物之家,混種犬,1,F,MEDIUM,黑色,ADULT,F,https://www.pet.gov.tw/upload/pic/1761966458809.png,三峽區介壽路二段136巷45弄,2019-08-13,新北市板橋區板城路28-1號,(02)89662158
43956,新北市板橋區公立動物之家,新北市板橋區公立動物之家,混種犬,1,F,MEDIUM,黑白色,ADULT,F,https://www.pet.gov.tw/upload/pic/1731394348894.png,小坪頂,2018-04-13,新北市板橋區板城路28-1號,(02)89662158
358964,新北市板橋區公立動物之家,新北市板橋區公立動物之家,混種犬,1,M,MEDIUM,黃色,ADULT,F,https://www.pet.gov.tw/upload/pic/1731397051441.png,金門街,2024-05-22,新北市板橋區板城路28-1號,(02)89662158
341216,新北市板橋區公立動物之家,新北市板橋區公立動物之家,混種犬,1,M,MEDIUM,虎斑色,ADULT,F,https://www.pet.gov.tw/upload/pic/1754704537355.png,遠東路1號,2024-01-02,新北市板橋區板城路28-1號,(02)89662158
460541,臺東縣動物收容中心,臺東縣動物收容中心,混種犬,1,F,MEDIUM,咖啡色,ADULT,N,https://www.pet.gov.tw/upload/pic/1783918839834.png,泰安33-20號,2026-07-13,臺東縣臺東市中華路4段999巷600號,(089)362011
35399,新北市板橋區公立動物之家,新北市板橋區公立動物之家,混種犬,1,M,MEDIUM,黑色,ADULT,F,https://www.pet.gov.tw/upload/pic/1761812573188.png,台65線,2017-08-28,新北市板橋區板城路28-1號,(02)89662158
347925,新北市板橋區公立動物之家,新北市板橋區公立動物之家,混種犬,1,M,MEDIUM,黑色,ADULT,F,https://www.pet.gov.tw/upload/pic/1761812026214.png,八德街,2024-02-28,新北市板橋區板城路28-1號,(02)89662158
236682,新北市板橋區公立動物之家,新北市板橋區公立動物之家,混種犬,1,M,MEDIUM,黑色,ADULT,F,https://www.pet.gov.tw/upload/pic/5f7e9c33-1315-4f8b-8392-ea64f91c6dff.JPG,永明街,2021-12-30,新北市板橋區板城路28-1號,(02)89662158
352582,新北市板橋區公立動物之家,新北市板橋區公立動物之家,混種犬,1,M,MEDIUM,黑色,ADULT,F,https://www.pet.gov.tw/upload/pic/1712034996415.png,保安街2段70號.興仁花園夜市,2024-04-02,新北市板橋區板城路28-1號,(02)89662158
35411,新北市板橋區公立動物之家,新北市板橋區公立動物之家,混種犬,1,M,SMALL,黑色,ADULT,F,https://www.pet.gov.tw/upload/pic/1777702244459.png,八德路,2018-01-29,新北市板橋區板城路28-1號,(02)89662158
35417,新北市板橋區公立動物之家,新北市板橋區公立動物之家,混種犬,1,M,MEDIUM,虎斑色,ADULT,F,https://www.pet.gov.tw/upload/pic/1777702453629.png,板橋高中,2018-01-29,新北市板橋區板城路28-1號,(02)89662158
205490,新北市板橋區公立動物之家,新北市板橋區公立動物之家,混種犬,1,M,MEDIUM,黑色,ADULT,F,https://www.pet.gov.tw/upload/pic/1761812666625.png,千歲街101號,2021-05-06,新北市板橋區板城路28-1號,(02)89662158
455860,新北市板橋區公立動物之家,新北市板橋區公立動物之家,混種犬,1,F,MEDIUM,黑黃色,ADULT,T,https://www.pet.gov.tw/upload/pic/1780286507079.png,三峽區三層坪路67巷36號,2026-06-02,新北市板橋區板城路28-1號,(02)89662158
459099,新竹市動物保護教育園區,新竹市動物保護教育園區,混種犬,1,F,SMALL,白色,ADULT,T,https://www.pet.gov.tw/upload/pic/1782792031252.png,明湖路1200巷,2026-07-07,新竹市南寮里海濱路250號,(03)5368329
273545,桃園市動物保護教育園區,桃園市動物保護教育園區,混種犬,1,F,MEDIUM,黑黃色,ADULT,F,https://www.pet.gov.tw/upload/pic/f7d4b466-08b3-47c7-85ee-c31f065c9e7f.jpg,新興里快速路八段,2026-06-27,桃園市新屋區永興里3鄰藻礁路1668號,(03)4861760
82154,桃園市動物保護教育園區,桃園市動物保護教育園區,混種犬,1,M,SMALL,黑色,ADULT,F,https://www.pet.gov.tw/upload/pic/ecf1cfcd-620c-4ff8-b517-f2386812f491.JPG,新坡里文林路,2019-01-22,桃園市新屋區永興里3鄰藻礁路1668號,(03)4861760
457549,桃園市動物保護教育園區,桃園市動物保護教育園區,柴犬,0,F,MEDIUM,黃色,ADULT,N,https://www.pet.gov.tw/upload/pic/1781575943567.png,南東路,2026-07-09,桃園市新屋區永興里3鄰藻礁路1668號,(03)4861760
98701,桃園市動物保護教育園區,桃園市動物保護教育園區,混種犬,1,F,SMALL,黑色,ADULT,F,https://www.pet.gov.tw/upload/pic/275cdc8f-6369-4325-97c5-21ca8dd4a9c2.JPG,宜蘭縣壯圍鄉縣民大道,2019-05-18,桃園市新屋區永興里3鄰藻礁路1668號,(03)4861760
460473,臺北市動物之家,臺北市動物之家,混種犬,1,F,MEDIUM,黑色,ADULT,T,https://www.pet.gov.tw/upload/pic/1783905411472.png,大屯里復興三路310巷,2026-07-19,臺北市內湖區安美街191號,(02)87913254
201936,新竹市動物保護教育園區,新竹市動物保護教育園區,混種犬,1,F,MEDIUM,黑色,ADULT,F,https://www.pet.gov.tw/upload/pic/1783904644092.png,千甲路,2022-02-21,新竹市南寮里海濱路250號,(03)5368329
450078,桃園市動物保護教育園區,桃園市動物保護教育園區,貴賓犬,0,M,SMALL,白色,ADULT,T,https://www.pet.gov.tw/upload/pic/1776834243771.png,大同里新農街,2026-07-19,桃園市新屋區永興里3鄰藻礁路1668號,(03)4861760
315345,臺北市動物之家,臺北市動物之家,混種犬,1,F,MEDIUM,棕白色,ADULT,T,https://www.pet.gov.tw/upload/pic/1691731054751.png,蘆洲里潭美街(原拾獲地:南湖右岸河邊公園),2023-08-16,臺北市內湖區安美街191號,(02)87913254
231990,臺北市動物之家,臺北市動物之家,混種犬,1,M,MEDIUM,黑色,ADULT,T,https://www.pet.gov.tw/upload/pic/0b51a7c3-bf40-4fd2-9e33-58fb9e530a0a.jpg,興得里	興隆路三段,2021-12-07,臺北市內湖區安美街191號,(02)87913254
61296,臺北市動物之家,臺北市動物之家,混種犬,1,M,MEDIUM,黃色,ADULT,T,https://www.pet.gov.tw/upload/pic/4cea1b92-6060-49fa-9535-185d396abfdd.jpg,指南路一段,2021-04-11,臺北市內湖區安美街191號,(02)87913254
364338,新北市中和區公立動物之家,新北市中和區公立動物之家,柴犬,0,M,MEDIUM,黃色,ADULT,T,https://www.pet.gov.tw/upload/pic/1783783065024.png,中山路38號,2024-07-13,新北市中和區興南路三段100號,(02)86685547
35629,新北市中和區公立動物之家,新北市中和區公立動物之家,混種犬,1,F,MEDIUM,虎斑色,ADULT,T,https://www.pet.gov.tw/upload/pic/1783782858580.png,忠孝街37巷,2021-09-11,新北市中和區興南路三段100號,(02)86685547
435719,新北市中和區公立動物之家,新北市中和區公立動物之家,混種犬,1,M,MEDIUM,黑色,ADULT,T,https://www.pet.gov.tw/upload/pic/1783782311067.png,中和區興南路三段,2025-12-19,新北市中和區興南路三段100號,(02)86685547
460443,臺東縣動物收容中心,臺東縣動物收容中心,混種犬,1,F,SMALL,黑色,CHILD,F,https://www.pet.gov.tw/upload/pic/1783752131536.png,初來橋,2026-07-11,臺東縣臺東市中華路4段999巷600號,(089)362011
460441,臺東縣動物收容中心,臺東縣動物收容中心,混種犬,1,F,SMALL,黑白色,CHILD,F,https://www.pet.gov.tw/upload/pic/1783752112739.png,初來橋,2026-07-11,臺東縣臺東市中華路4段999巷600號,(089)362011
460440,臺東縣動物收容中心,臺東縣動物收容中心,混種犬,1,F,SMALL,黑色,CHILD,F,https://www.pet.gov.tw/upload/pic/1783752094404.png,初來橋,2026-07-11,臺東縣臺東市中華路4段999巷600號,(089)362011
460438,臺東縣動物收容中心,臺東縣動物收容中心,混種犬,1,F,SMALL,黑白色,CHILD,F,https://www.pet.gov.tw/upload/pic/1783752076045.png,初來橋,2026-07-11,臺東縣臺東市中華路4段999巷600號,(089)362011
460437,臺東縣動物收容中心,臺東縣動物收容中心,混種犬,1,F,SMALL,黑色,CHILD,F,https://www.pet.gov.tw/upload/pic/1783752042687.png,鹿野瑞和村,2026-07-11,臺東縣臺東市中華路4段999巷600號,(089)362011
460436,臺東縣動物收容中心,臺東縣動物收容中心,混種犬,1,F,SMALL,黑色,CHILD,F,https://www.pet.gov.tw/upload/pic/1783752007858.png,鹿野瑞和村,2026-07-11,臺東縣臺東市中華路4段999巷600號,(089)362011
460426,新北市淡水區公立動物之家,新北市淡水區公立動物之家,混種犬,1,N,SMALL,黑棕色,CHILD,N,https://www.pet.gov.tw/upload/pic/1783687727586.png,,2026-07-10,新北市淡水區下圭柔山91之3號,(02)26267558
460425,新北市淡水區公立動物之家,新北市淡水區公立動物之家,混種犬,1,N,SMALL,黑色,CHILD,F,https://www.pet.gov.tw/upload/pic/1783687585473.png,,2026-07-10,新北市淡水區下圭柔山91之3號,(02)26267558
460018,雲林縣流浪動物收容所,雲林縣流浪動物收容所,混種犬,1,M,BIG,黃色,ADULT,T,https://www.pet.gov.tw/upload/pic/1783673472825.png,二崙鄉永定村,2026-07-10,雲林縣斗六市雲林路二段517號,(05)5523300
460015,雲林縣流浪動物收容所,雲林縣流浪動物收容所,混種犬,1,F,BIG,黑色,ADULT,T,https://www.pet.gov.tw/upload/pic/1783673420998.png,口湖鄉梧南村,2026-07-10,雲林縣斗六市雲林路二段517號,(05)5523300
460022,雲林縣流浪動物收容所,雲林縣流浪動物收容所,混種犬,1,F,MEDIUM,黑色,ADULT,T,https://www.pet.gov.tw/upload/pic/1783672100956.png,麥寮鄉施厝村,2026-07-10,雲林縣斗六市雲林路二段517號,(05)5523300
460398,彰化縣流浪狗中途之家臨時收容所,彰化縣流浪狗中途之家臨時收容所,混種犬,1,M,SMALL,黃白色,CHILD,N,https://www.pet.gov.tw/upload/pic/1783667880463.png,中山路2段187巷27號路口,2026-07-10,"彰化縣芳苑鄉文津段436-4地號（座標緯度及經度：23.932676, 120.367307）",(09)
447257,高雄市壽山動物保護教育園區,高雄市壽山動物保護教育園區,混種犬,1,F,MEDIUM,黃色,ADULT,N,https://www.pet.gov.tw/upload/pic/1783667215336.png,,,高雄市鼓山區萬壽路350號,(07)5519059
457154,臺中市動物之家后里園區,臺中市動物之家后里園區,混種犬,1,F,BIG,黑色,ADULT,T,https://www.pet.gov.tw/upload/pic/1781235078247.png,埤豐橋下,2026-07-07,臺中市后里區堤防路370號,(04)25588024
454198,臺中市動物之家后里園區,臺中市動物之家后里園區,混種犬,1,M,BIG,黃白色,ADULT,T,https://www.pet.gov.tw/upload/pic/1779772863734.png,昌平路二段金寶巷88號,2026-07-09,臺中市后里區堤防路370號,(04)25588024
460375,基隆市寵物銀行,基隆市寵物銀行,柴犬,0,M,BIG,黑色,ADULT,F,https://www.pet.gov.tw/upload/pic/1783651724305.png,和平街118號,,基隆市七堵區大華三路45-12號(欣欣安樂園旁),(02)24560148
460344,臺南市動物之家善化站,臺南市動物之家善化站,混種犬,1,M,BIG,黃白色,ADULT,N,https://www.pet.gov.tw/upload/pic/1783587393967.png,,2026-07-09,臺南市善化區昌隆里東勢寮1-19號,(06)5832399
346685,花蓮縣狗貓躍動園區,花蓮縣狗貓躍動園區,混種犬,1,F,MEDIUM,虎斑色,ADULT,T,https://www.pet.gov.tw/upload/pic/1715587112105.png,志學村中山路四段56號,2024-03-30,花蓮縣鳳林鎮林榮里永豐路255號,(03)8421452
460337,宜蘭縣流浪動物中途之家,宜蘭縣流浪動物中途之家,混種犬,1,F,BIG,黑色,ADULT,N,https://www.pet.gov.tw/upload/pic/1783584401049.png,日興三路,2026-07-09,宜蘭縣五結鄉成興村利寶路60號,(03)9602350620
48822,南投縣公立動物收容所,南投縣公立動物收容所,混種犬,1,F,SMALL,棕灰色,ADULT,T,https://www.pet.gov.tw/upload/pic/1684306988084.png,南投縣南投市,2018-05-21,南投縣南投市嶺興路36-1號,(049)2225440
352465,新竹市動物保護教育園區,新竹市動物保護教育園區,混種犬,1,F,MEDIUM,黃色,ADULT,T,https://www.pet.gov.tw/upload/pic/1711960945124.png,南港街7巷,2024-04-08,新竹市南寮里海濱路250號,(03)5368329
129450,新竹市動物保護教育園區,新竹市動物保護教育園區,混種犬,1,F,MEDIUM,黑色,ADULT,T,https://www.pet.gov.tw/upload/pic/2446f49e-0566-428c-a7d2-6fdfdfbd99e9.JPG,南港,2019-11-13,新竹市南寮里海濱路250號,(03)5368329
29241,新竹市動物保護教育園區,新竹市動物保護教育園區,混種犬,1,F,MEDIUM,黑色,ADULT,T,https://www.pet.gov.tw/upload/pic/53ccf221-1d59-49fa-be21-aa320a58a7f5.JPG,天府路,2016-01-30,新竹市南寮里海濱路250號,(03)5368329
460320,宜蘭縣流浪動物中途之家,宜蘭縣流浪動物中途之家,混種犬,1,M,BIG,黑色,ADULT,N,https://www.pet.gov.tw/upload/pic/1783580275805.png,協天路,2026-07-09,宜蘭縣五結鄉成興村利寶路60號,(03)9602350620
253823,新竹市動物保護教育園區,新竹市動物保護教育園區,混種犬,1,M,SMALL,黑色,CHILD,T,https://www.pet.gov.tw/upload/pic/1706768748106.png,竹蓮街,2022-05-05,新竹市南寮里海濱路250號,(03)5368329
460318,宜蘭縣流浪動物中途之家,宜蘭縣流浪動物中途之家,混種犬,1,F,BIG,虎斑色,ADULT,N,https://www.pet.gov.tw/upload/pic/1783579842045.png,自行車道,2026-07-09,宜蘭縣五結鄉成興村利寶路60號,(03)9602350620
35372,新北市板橋區公立動物之家,新北市板橋區公立動物之家,混種犬,1,F,MEDIUM,黃色,ADULT,F,https://www.pet.gov.tw/upload/pic/1761808461475.png,永豐街,2019-08-06,新北市板橋區板城路28-1號,(02)89662158
195822,新北市板橋區公立動物之家,新北市板橋區公立動物之家,混種犬,1,M,MEDIUM,黑色,ADULT,F,https://www.pet.gov.tw/upload/pic/1761809137197.png,板橋區長江民生路交叉口,2021-03-02,新北市板橋區板城路28-1號,(02)89662158
449682,新北市板橋區公立動物之家,新北市板橋區公立動物之家,混種犬,1,M,MEDIUM,黑黃色,ADULT,F,https://www.pet.gov.tw/upload/pic/1777704430257.png,新莊區中正路,2026-04-19,新北市板橋區板城路28-1號,(02)89662158
35402,新北市板橋區公立動物之家,新北市板橋區公立動物之家,混種犬,1,F,MEDIUM,黑色,ADULT,F,https://www.pet.gov.tw/upload/pic/1761796617904.png,東湖路三界公坑7號,2017-09-05,新北市板橋區板城路28-1號,(02)89662158
47929,新北市板橋區公立動物之家,新北市板橋區公立動物之家,混種犬,1,M,MEDIUM,黃色,ADULT,F,https://www.pet.gov.tw/upload/pic/1777704731454.png,崁頂里,2017-11-14,新北市板橋區板城路28-1號,(02)89662158
35369,新北市板橋區公立動物之家,新北市板橋區公立動物之家,混種犬,1,M,MEDIUM,黑色,ADULT,F,https://www.pet.gov.tw/upload/pic/1777704598508.png,永豐街,2017-08-18,新北市板橋區板城路28-1號,(02)89662158
244527,新北市板橋區公立動物之家,新北市板橋區公立動物之家,混種犬,1,M,MEDIUM,黑色,ADULT,F,https://www.pet.gov.tw/upload/pic/1754556414748.png,味王街1號,2022-03-02,新北市板橋區板城路28-1號,(02)89662158
76447,新北市板橋區公立動物之家,新北市板橋區公立動物之家,混種犬,1,M,MEDIUM,棕色,ADULT,F,https://www.pet.gov.tw/upload/pic/1731395083787.png,樹林區山佳里福德街43號,2019-08-06,新北市板橋區板城路28-1號,(02)89662158
43928,新北市板橋區公立動物之家,新北市板橋區公立動物之家,混種犬,1,F,MEDIUM,黃色,ADULT,F,https://www.pet.gov.tw/upload/pic/c4aa4e0f-ee8c-48e3-b8fb-bfa5226d1edf.JPG,小坪頂,2018-04-13,新北市板橋區板城路28-1號,(02)89662158
452474,新北市板橋區公立動物之家,新北市板橋區公立動物之家,混種犬,1,F,MEDIUM,黑白色,ADULT,F,https://www.pet.gov.tw/upload/pic/1778557658660.png,外縣市桃園市八德區公園路,2026-05-12,新北市板橋區板城路28-1號,(02)89662158
252375,新北市板橋區公立動物之家,新北市板橋區公立動物之家,台灣犬,0,M,MEDIUM,黑色,ADULT,F,https://www.pet.gov.tw/upload/pic/1761809412337.png,板橋區,2022-04-26,新北市板橋區板城路28-1號,(02)89662158
53877,新北市板橋區公立動物之家,新北市板橋區公立動物之家,混種犬,1,M,MEDIUM,黑色,ADULT,F,https://www.pet.gov.tw/upload/pic/1761810623424.png,後埔街45號,2018-08-09,新北市板橋區板城路28-1號,(02)89662158
460308,彰化縣流浪狗中途之家臨時收容所,彰化縣流浪狗中途之家臨時收容所,混種犬,1,F,MEDIUM,黃色,ADULT,T,https://www.pet.gov.tw/upload/pic/1783578282354.png,芳草街35巷10弄15號,2026-07-17,"彰化縣芳苑鄉文津段436-4地號（座標緯度及經度：23.932676, 120.367307）",(09)
134283,新北市板橋區公立動物之家,新北市板橋區公立動物之家,混種犬,1,M,MEDIUM,虎斑色,ADULT,F,https://www.pet.gov.tw/upload/pic/1761814694996.png,添福路9-35號,2019-12-11,新北市板橋區板城路28-1號,(02)89662158
440238,彰化縣流浪狗中途之家臨時收容所,彰化縣流浪狗中途之家臨時收容所,混種犬,1,F,MEDIUM,虎斑色,ADULT,T,https://www.pet.gov.tw/upload/pic/1769395021851.png,南潭路一巷54號,2026-02-13,"彰化縣芳苑鄉文津段436-4地號（座標緯度及經度：23.932676, 120.367307）",(09)
215554,新北市板橋區公立動物之家,新北市板橋區公立動物之家,混種犬,1,M,MEDIUM,棕色,ADULT,F,https://www.pet.gov.tw/upload/pic/1758071258975.png,有木里,2021-07-27,新北市板橋區板城路28-1號,(02)89662158
123052,新北市板橋區公立動物之家,新北市板橋區公立動物之家,混種犬,1,M,MEDIUM,黑黃色,ADULT,T,https://www.pet.gov.tw/upload/pic/1731395253074.png,樹林區樹中街,2019-10-15,新北市板橋區板城路28-1號,(02)89662158
112229,新北市板橋區公立動物之家,新北市板橋區公立動物之家,混種犬,1,M,MEDIUM,黑色,ADULT,F,https://www.pet.gov.tw/upload/pic/1731395170563.png,三峽區介壽路二段136巷45弄,2019-08-06,新北市板橋區板城路28-1號,(02)89662158
324119,新北市板橋區公立動物之家,新北市板橋區公立動物之家,混種犬,1,M,MEDIUM,黑色,ADULT,F,https://www.pet.gov.tw/upload/pic/1694054908958.png,三群動物醫院帶回,2023-09-10,新北市板橋區板城路28-1號,(02)89662158
134637,新北市板橋區公立動物之家,新北市板橋區公立動物之家,混種犬,1,M,MEDIUM,白色,ADULT,F,https://www.pet.gov.tw/upload/pic/1754556741177.png,淡水轉入,2019-05-03,新北市板橋區板城路28-1號,(02)89662158
460300,臺東縣動物收容中心,臺東縣動物收容中心,混種犬,1,F,MEDIUM,黑色,ADULT,N,https://www.pet.gov.tw/upload/pic/1783576205696.png,,2026-07-09,臺東縣臺東市中華路4段999巷600號,(089)362011
460291,彰化縣流浪狗中途之家臨時收容所,彰化縣流浪狗中途之家臨時收容所,混種犬,1,F,MEDIUM,黑白色,ADULT,T,https://www.pet.gov.tw/upload/pic/1783570539342.png,桃園市龍潭區,2026-07-10,"彰化縣芳苑鄉文津段436-4地號（座標緯度及經度：23.932676, 120.367307）",(09)
460285,新北市中和區公立動物之家,新北市中和區公立動物之家,混種犬,1,F,MEDIUM,黃色,ADULT,T,https://www.pet.gov.tw/upload/pic/1783569365320.png,捷運路,2026-07-09,新北市中和區興南路三段100號,(02)86685547
394750,彰化縣流浪狗中途之家臨時收容所,彰化縣流浪狗中途之家臨時收容所,混種犬,1,F,MEDIUM,黑色,ADULT,T,https://www.pet.gov.tw/upload/pic/1740120476972.png,,2025-04-28,"彰化縣芳苑鄉文津段436-4地號（座標緯度及經度：23.932676, 120.367307）",(09)
460267,基隆市寵物銀行,基隆市寵物銀行,混種犬,1,M,BIG,黃色,ADULT,N,https://www.pet.gov.tw/upload/pic/1783567258392.png,泰安路75巷,2026-07-09,基隆市七堵區大華三路45-12號(欣欣安樂園旁),(02)24560148
417312,彰化縣流浪狗中途之家臨時收容所,彰化縣流浪狗中途之家臨時收容所,混種犬,1,M,MEDIUM,黃色,ADULT,T,https://www.pet.gov.tw/upload/pic/1754529179248.png,源泉路二段48號旁巷子內果園,2025-08-16,"彰化縣芳苑鄉文津段436-4地號（座標緯度及經度：23.932676, 120.367307）",(09)
456079,彰化縣流浪狗中途之家臨時收容所,彰化縣流浪狗中途之家臨時收容所,混種犬,1,F,MEDIUM,黑色,ADULT,T,https://www.pet.gov.tw/upload/pic/1780457000067.png,青埔路2之1號,2026-06-07,"彰化縣芳苑鄉文津段436-4地號（座標緯度及經度：23.932676, 120.367307）",(09)
455350,彰化縣流浪狗中途之家臨時收容所,彰化縣流浪狗中途之家臨時收容所,混種犬,1,M,MEDIUM,棕色,ADULT,T,https://www.pet.gov.tw/upload/pic/1779847025601.png,港後巷16號,2026-06-03,"彰化縣芳苑鄉文津段436-4地號（座標緯度及經度：23.932676, 120.367307）",(09)
429761,彰化縣流浪狗中途之家臨時收容所,彰化縣流浪狗中途之家臨時收容所,混種犬,1,M,MEDIUM,黑色,ADULT,F,https://www.pet.gov.tw/upload/pic/1762412794102.png,鹿港體育場,2025-11-14,"彰化縣芳苑鄉文津段436-4地號（座標緯度及經度：23.932676, 120.367307）",(09)
418487,彰化縣流浪狗中途之家臨時收容所,彰化縣流浪狗中途之家臨時收容所,混種犬,1,M,MEDIUM,虎斑色,ADULT,T,https://www.pet.gov.tw/upload/pic/1755308321245.png,中山路三段263號,2025-09-01,"彰化縣芳苑鄉文津段436-4地號（座標緯度及經度：23.932676, 120.367307）",(09)
445507,彰化縣流浪狗中途之家臨時收容所,彰化縣流浪狗中途之家臨時收容所,混種犬,1,M,MEDIUM,黑黃色,ADULT,T,https://www.pet.gov.tw/upload/pic/1773450831628.png,興酪路三段,2026-04-13,"彰化縣芳苑鄉文津段436-4地號（座標緯度及經度：23.932676, 120.367307）",(09)
427014,彰化縣流浪狗中途之家臨時收容所,彰化縣流浪狗中途之家臨時收容所,混種犬,1,M,MEDIUM,黑色,ADULT,T,https://www.pet.gov.tw/upload/pic/1761183524804.png,,2025-11-01,"彰化縣芳苑鄉文津段436-4地號（座標緯度及經度：23.932676, 120.367307）",(09)
413185,花蓮縣狗貓躍動園區,花蓮縣狗貓躍動園區,混種犬,1,F,MEDIUM,棕色,ADULT,T,https://www.pet.gov.tw/upload/pic/1751616289337.png,,2026-07-09,花蓮縣鳳林鎮林榮里永豐路255號,(03)8421452
413184,花蓮縣狗貓躍動園區,花蓮縣狗貓躍動園區,混種犬,1,F,MEDIUM,虎斑色,ADULT,T,https://www.pet.gov.tw/upload/pic/1751597615806.png,,2026-07-09,花蓮縣鳳林鎮林榮里永豐路255號,(03)8421452
460240,彰化縣流浪狗中途之家臨時收容所,彰化縣流浪狗中途之家臨時收容所,混種犬,1,M,MEDIUM,黑色,ADULT,T,https://www.pet.gov.tw/upload/pic/1783563052217.png,梧鳳公園對面,2026-07-17,"彰化縣芳苑鄉文津段436-4地號（座標緯度及經度：23.932676, 120.367307）",(09)
387848,臺南市動物之家灣裡站,臺南市動物之家灣裡站,混種犬,1,F,BIG,黑白色,ADULT,N,https://www.pet.gov.tw/upload/pic/1779861048452.png,香洋里忠孝路68號(關廟市場),2026-07-09,臺南市南區省躬里14鄰萬年路580巷92號,(06)2964439
451177,臺南市動物之家灣裡站,臺南市動物之家灣裡站,混種犬,1,M,MEDIUM,黃白色,ADULT,T,https://www.pet.gov.tw/upload/pic/1777541019019.png,武當路與高鐵大道交叉口,2026-07-09,臺南市南區省躬里14鄰萬年路580巷92號,(06)2964439
423980,臺南市動物之家灣裡站,臺南市動物之家灣裡站,混種犬,1,M,MEDIUM,黑白色,ADULT,T,https://www.pet.gov.tw/upload/pic/1779854291544.png,安億路130號,2026-01-08,臺南市南區省躬里14鄰萬年路580巷92號,(06)2964439
373852,彰化縣流浪狗中途之家臨時收容所,彰化縣流浪狗中途之家臨時收容所,混種犬,1,M,MEDIUM,黑白色,ADULT,T,https://www.pet.gov.tw/upload/pic/1726105906937.png,大彰路3段(太安宮前),2024-09-21,"彰化縣芳苑鄉文津段436-4地號（座標緯度及經度：23.932676, 120.367307）",(09)
365263,彰化縣流浪狗中途之家臨時收容所,彰化縣流浪狗中途之家臨時收容所,混種犬,1,M,MEDIUM,黑白色,ADULT,T,https://www.pet.gov.tw/upload/pic/1720493046538.png,大彰路3段178巷,2024-07-09,"彰化縣芳苑鄉文津段436-4地號（座標緯度及經度：23.932676, 120.367307）",(09)
378293,彰化縣流浪狗中途之家臨時收容所,彰化縣流浪狗中途之家臨時收容所,混種犬,1,M,MEDIUM,咖啡色,ADULT,T,https://www.pet.gov.tw/upload/pic/1729216128597.png,源泉路二段48號旁巷子內果園,2024-10-26,"彰化縣芳苑鄉文津段436-4地號（座標緯度及經度：23.932676, 120.367307）",(09)
395340,彰化縣流浪狗中途之家臨時收容所,彰化縣流浪狗中途之家臨時收容所,混種犬,1,F,MEDIUM,黑白色,ADULT,T,https://www.pet.gov.tw/upload/pic/1740467892107.png,源泉路2段48號旁巷子內果園,2025-03-17,"彰化縣芳苑鄉文津段436-4地號（座標緯度及經度：23.932676, 120.367307）",(09)
394466,彰化縣流浪狗中途之家臨時收容所,彰化縣流浪狗中途之家臨時收容所,混種犬,1,M,MEDIUM,黑黃色,ADULT,T,https://www.pet.gov.tw/upload/pic/1739952937509.png,代天府,2025-04-28,"彰化縣芳苑鄉文津段436-4地號（座標緯度及經度：23.932676, 120.367307）",(09)
353942,彰化縣流浪狗中途之家臨時收容所,彰化縣流浪狗中途之家臨時收容所,混種犬,1,M,MEDIUM,棕色,ADULT,T,https://www.pet.gov.tw/upload/pic/1713160954397.png,,2024-04-29,"彰化縣芳苑鄉文津段436-4地號（座標緯度及經度：23.932676, 120.367307）",(09)
326299,彰化縣流浪狗中途之家臨時收容所,彰化縣流浪狗中途之家臨時收容所,混種犬,1,M,MEDIUM,黑色,ADULT,T,https://www.pet.gov.tw/upload/pic/1695279002361.png,加錫3巷5之3號,2023-09-30,"彰化縣芳苑鄉文津段436-4地號（座標緯度及經度：23.932676, 120.367307）",(09)
239192,臺南市動物之家灣裡站,臺南市動物之家灣裡站,混種犬,1,F,MEDIUM,黑白色,ADULT,T,https://www.pet.gov.tw/upload/pic/4f9d0460-891f-4538-9300-35b4d6749e96.jpg,馬沙溝,2022-05-12,臺南市南區省躬里14鄰萬年路580巷92號,(06)2964439
298463,臺南市動物之家灣裡站,臺南市動物之家灣裡站,混種犬,1,M,MEDIUM,黑色,ADULT,T,https://www.pet.gov.tw/upload/pic/1723789566602.png,頂山里,2023-08-04,臺南市南區省躬里14鄰萬年路580巷92號,(06)2964439
330024,臺南市動物之家灣裡站,臺南市動物之家灣裡站,混種犬,1,F,MEDIUM,黃色,ADULT,F,https://www.pet.gov.tw/upload/pic/1779854017854.png,三民里中正北路948之9號,2024-08-09,臺南市南區省躬里14鄰萬年路580巷92號,(06)2964439
389542,彰化縣流浪狗中途之家臨時收容所,彰化縣流浪狗中途之家臨時收容所,混種犬,1,M,MEDIUM,虎斑色,ADULT,T,https://www.pet.gov.tw/upload/pic/1736307403818.png,彰南路五段276巷2號,2025-02-03,"彰化縣芳苑鄉文津段436-4地號（座標緯度及經度：23.932676, 120.367307）",(09)
256403,臺南市動物之家灣裡站,臺南市動物之家灣裡站,混種犬,1,F,MEDIUM,黑白色,ADULT,T,https://www.pet.gov.tw/upload/pic/1723788631767.png,梅花里安中一段699巷,2022-08-17,臺南市南區省躬里14鄰萬年路580巷92號,(06)2964439
390013,彰化縣流浪狗中途之家臨時收容所,彰化縣流浪狗中途之家臨時收容所,混種犬,1,M,MEDIUM,黑白色,ADULT,T,https://www.pet.gov.tw/upload/pic/1736739448783.png,番花路33巷36弄,2025-02-03,"彰化縣芳苑鄉文津段436-4地號（座標緯度及經度：23.932676, 120.367307）",(09)
391284,臺南市動物之家灣裡站,臺南市動物之家灣裡站,混種犬,1,M,MEDIUM,黃色,ADULT,N,https://www.pet.gov.tw/upload/pic/1779848046549.png,東榮里新化果菜市場,2026-03-17,臺南市南區省躬里14鄰萬年路580巷92號,(06)2964439
277965,臺南市動物之家灣裡站,臺南市動物之家灣裡站,混種犬,1,F,MEDIUM,黑色,ADULT,T,https://www.pet.gov.tw/upload/pic/1779847224340.png,看東里成功三街,2026-05-27,臺南市南區省躬里14鄰萬年路580巷92號,(06)2964439
27519,臺南市動物之家灣裡站,臺南市動物之家灣裡站,混種犬,1,M,MEDIUM,黑色,ADULT,T,https://www.pet.gov.tw/upload/pic/dd78a4d6-32ac-4845-856a-447800b39472.jpg,永二路,2018-06-06,臺南市南區省躬里14鄰萬年路580巷92號,(06)2964439
435285,彰化縣流浪狗中途之家臨時收容所,彰化縣流浪狗中途之家臨時收容所,混種犬,1,F,MEDIUM,黃白色,ADULT,T,https://www.pet.gov.tw/upload/pic/1765934478193.png,員鹿路1段581巷附近,2025-12-22,"彰化縣芳苑鄉文津段436-4地號（座標緯度及經度：23.932676, 120.367307）",(09)
435906,臺南市動物之家灣裡站,臺南市動物之家灣裡站,混種犬,1,F,MEDIUM,黑棕色,ADULT,T,https://www.pet.gov.tw/upload/pic/1779854713024.png,水交社1路南門路交叉口,2026-01-14,臺南市南區省躬里14鄰萬年路580巷92號,(06)2964439
455917,臺南市動物之家灣裡站,臺南市動物之家灣裡站,柴犬,0,M,MEDIUM,黃色,ADULT,N,https://www.pet.gov.tw/upload/pic/1780390868087.png,竹大街56巷3弄53號,2026-06-10,臺南市南區省躬里14鄰萬年路580巷92號,(06)2964439
436173,彰化縣流浪狗中途之家臨時收容所,彰化縣流浪狗中途之家臨時收容所,混種犬,1,F,MEDIUM,黑色,ADULT,T,https://www.pet.gov.tw/upload/pic/1766472816299.png,,2026-02-09,"彰化縣芳苑鄉文津段436-4地號（座標緯度及經度：23.932676, 120.367307）",(09)
446562,臺南市動物之家灣裡站,臺南市動物之家灣裡站,混種犬,1,F,SMALL,虎斑色,CHILD,N,https://www.pet.gov.tw/upload/pic/1779865344592.png,花園里北安一街53號,2026-05-27,臺南市南區省躬里14鄰萬年路580巷92號,(06)2964439
420929,彰化縣流浪狗中途之家臨時收容所,彰化縣流浪狗中途之家臨時收容所,混種犬,1,F,MEDIUM,米色,ADULT,T,https://www.pet.gov.tw/upload/pic/1761537317607.png,埔港路21-4號,2025-09-15,"彰化縣芳苑鄉文津段436-4地號（座標緯度及經度：23.932676, 120.367307）",(09)
380123,彰化縣流浪狗中途之家臨時收容所,彰化縣流浪狗中途之家臨時收容所,混種犬,1,M,MEDIUM,虎斑色,ADULT,T,https://www.pet.gov.tw/upload/pic/1730257128013.png,源泉路二段48號旁巷子內果園,2024-11-07,"彰化縣芳苑鄉文津段436-4地號（座標緯度及經度：23.932676, 120.367307）",(09)
394151,彰化縣流浪狗中途之家臨時收容所,彰化縣流浪狗中途之家臨時收容所,混種犬,1,M,MEDIUM,黑色,ADULT,T,https://www.pet.gov.tw/upload/pic/1739864949330.png,源泉路2段48號旁巷子內果園,2025-03-12,"彰化縣芳苑鄉文津段436-4地號（座標緯度及經度：23.932676, 120.367307）",(09)
409661,臺北市動物之家,臺北市動物之家,混種犬,1,M,MEDIUM,黑色,ADULT,T,https://www.pet.gov.tw/upload/pic/1749883984820.png,,2025-06-14,臺北市內湖區安美街191號,(02)87913254
460157,彰化縣流浪狗中途之家臨時收容所,彰化縣流浪狗中途之家臨時收容所,混種犬,1,F,SMALL,黑色,CHILD,N,https://www.pet.gov.tw/upload/pic/1783494736417.png,文化街,2026-07-10,"彰化縣芳苑鄉文津段436-4地號（座標緯度及經度：23.932676, 120.367307）",(11)
460154,彰化縣流浪狗中途之家臨時收容所,彰化縣流浪狗中途之家臨時收容所,混種犬,1,F,MEDIUM,虎斑色,ADULT,T,https://www.pet.gov.tw/upload/pic/1783494580320.png,四竹路地號512號,2026-07-16,"彰化縣芳苑鄉文津段436-4地號（座標緯度及經度：23.932676, 120.367307）",(11)
460064,苗栗縣動物保護教育園區,苗栗縣動物保護教育園區,混種犬,1,F,BIG,黑色,ADULT,T,https://www.pet.gov.tw/upload/pic/1783493969633.png,通霄鎮通西里,2026-07-08,苗栗縣銅鑼鄉朝陽村6鄰朝北55-1號(地圖：https:／／goo.gl/maps/Bd4sckpEPsrof7Qb8),(037)558228
460142,臺南市動物之家善化站,臺南市動物之家善化站,混種犬,1,F,BIG,白色,ADULT,N,https://www.pet.gov.tw/upload/pic/1783493052885.png,,2026-07-08,臺南市善化區昌隆里東勢寮1-19號,(06)5832399
460129,高雄市壽山動物保護教育園區,高雄市壽山動物保護教育園區,柴犬,0,F,BIG,黃色,ADULT,N,https://www.pet.gov.tw/upload/pic/1783491277469.png,逢甲路,,高雄市鼓山區萬壽路350號,(07)5519059
459078,臺北市動物之家,臺北市動物之家,混種犬,1,M,MEDIUM,黑色,ADULT,T,https://www.pet.gov.tw/upload/pic/1782789357318.png,平菁街,2026-06-30,臺北市內湖區安美街191號,(02)87913254
35431,新北市板橋區公立動物之家,新北市板橋區公立動物之家,混種犬,1,M,MEDIUM,虎斑色,ADULT,T,https://www.pet.gov.tw/upload/pic/1777875602730.png,中正路三段1號,2017-09-04,新北市板橋區板城路28-1號,(02)89662158
441729,南投縣公立動物收容所,南投縣公立動物收容所,混種犬,1,M,MEDIUM,黃色,ADULT,T,https://www.pet.gov.tw/upload/pic/1770255146039.png,新進巷,2026-02-25,南投縣南投市嶺興路36-1號,(049)2225440
460075,花蓮縣狗貓躍動園區,花蓮縣狗貓躍動園區,混種犬,1,F,MEDIUM,棕色,ADULT,T,https://www.pet.gov.tw/upload/pic/1783482226197.png,,2026-07-08,花蓮縣鳳林鎮林榮里永豐路255號,(03)8421452
402330,南投縣公立動物收容所,南投縣公立動物收容所,混種犬,1,F,MEDIUM,黑白色,ADULT,T,https://www.pet.gov.tw/upload/pic/1745283944889.png,水尾巷,2025-05-19,南投縣南投市嶺興路36-1號,(049)2225440
460072,苗栗縣動物保護教育園區,苗栗縣動物保護教育園區,混種犬,1,F,BIG,黑色,ADULT,T,https://www.pet.gov.tw/upload/pic/1783482033060.png,通霄鎮通西里,2026-07-08,苗栗縣銅鑼鄉朝陽村6鄰朝北55-1號(地圖：https:／／goo.gl/maps/Bd4sckpEPsrof7Qb8),(037)558228
146158,新北市板橋區公立動物之家,新北市板橋區公立動物之家,混種犬,1,M,MEDIUM,黃色,ADULT,T,https://www.pet.gov.tw/upload/pic/1777875772488.png,中山路一段154巷3弄,2020-02-25,新北市板橋區板城路28-1號,(02)89662158
67021,新北市板橋區公立動物之家,新北市板橋區公立動物之家,混種犬,1,F,MEDIUM,虎斑色,ADULT,T,https://www.pet.gov.tw/upload/pic/1777875399780.png,板橋區,2018-10-12,新北市板橋區板城路28-1號,(02)89662158
460070,苗栗縣動物保護教育園區,苗栗縣動物保護教育園區,混種犬,1,F,BIG,黑黃色,ADULT,T,https://www.pet.gov.tw/upload/pic/1783481830752.png,通霄鎮通西里,2026-07-08,苗栗縣銅鑼鄉朝陽村6鄰朝北55-1號(地圖：https:／／goo.gl/maps/Bd4sckpEPsrof7Qb8),(037)558228
204538,新北市板橋區公立動物之家,新北市板橋區公立動物之家,混種犬,1,M,MEDIUM,黑色,ADULT,T,https://www.pet.gov.tw/upload/pic/85e6949c-3012-4958-8214-f2771fec6928.JPG,永豐街,2021-04-29,新北市板橋區板城路28-1號,(02)89662158
438515,南投縣公立動物收容所,南投縣公立動物收容所,米格魯犬,0,F,MEDIUM,黑黃色,ADULT,T,https://www.pet.gov.tw/upload/pic/1768274681268.png,圖書館,2026-04-01,南投縣南投市嶺興路36-1號,(049)2225440
378026,南投縣公立動物收容所,南投縣公立動物收容所,混種犬,1,M,MEDIUM,黑白色,ADULT,T,https://www.pet.gov.tw/upload/pic/1729046531341.png,仁義路,2024-11-29,南投縣南投市嶺興路36-1號,(049)2225440
220001,新北市板橋區公立動物之家,新北市板橋區公立動物之家,混種犬,1,M,MEDIUM,黑色,ADULT,T,https://www.pet.gov.tw/upload/pic/1761815007815.png,西圳街52巷27號,2021-09-04,新北市板橋區板城路28-1號,(02)89662158
394868,南投縣公立動物收容所,南投縣公立動物收容所,混種犬,1,M,MEDIUM,黃色,ADULT,T,https://www.pet.gov.tw/upload/pic/1740187554343.png,碧山路,2025-03-03,南投縣南投市嶺興路36-1號,(049)2225440
26414,南投縣公立動物收容所,南投縣公立動物收容所,混種犬,1,F,MEDIUM,虎斑白色,ADULT,T,https://www.pet.gov.tw/upload/pic/b9f0dd23-2eac-4ac7-b2cc-8752cf95ecfb.JPG,台大山地農場,2017-08-30,南投縣南投市嶺興路36-1號,(049)2225440
378468,新北市板橋區公立動物之家,新北市板橋區公立動物之家,混種犬,1,M,MEDIUM,黑色,ADULT,T,https://www.pet.gov.tw/upload/pic/1754549857315.png,中正南路,2024-10-19,新北市板橋區板城路28-1號,(02)89662158
53989,新北市板橋區公立動物之家,新北市板橋區公立動物之家,混種犬,1,M,MEDIUM,虎斑色,ADULT,T,https://www.pet.gov.tw/upload/pic/1754551525099.png,中正路,2018-06-26,新北市板橋區板城路28-1號,(02)89662158
98982,新北市板橋區公立動物之家,新北市板橋區公立動物之家,混種犬,1,M,MEDIUM,黑黃色,ADULT,T,https://www.pet.gov.tw/upload/pic/1749879982973.png,東湖路,2019-05-20,新北市板橋區板城路28-1號,(02)89662158
35428,新北市板橋區公立動物之家,新北市板橋區公立動物之家,混種犬,1,F,MEDIUM,黑色,ADULT,T,https://www.pet.gov.tw/upload/pic/1754551180633.png,土城區,2017-07-01,新北市板橋區板城路28-1號,(02)89662158
215018,新北市板橋區公立動物之家,新北市板橋區公立動物之家,混種犬,1,F,MEDIUM,黑色,ADULT,T,https://www.pet.gov.tw/upload/pic/1731396103090.png,漢生西路,2021-07-22,新北市板橋區板城路28-1號,(02)89662158
447598,南投縣公立動物收容所,南投縣公立動物收容所,混種犬,1,M,SMALL,黑白色,CHILD,T,https://www.pet.gov.tw/upload/pic/1775015211149.png,田寮巷,2026-04-08,南投縣南投市嶺興路36-1號,(049)2225440
452808,花蓮縣狗貓躍動園區,花蓮縣狗貓躍動園區,混種犬,1,M,MEDIUM,棕色,CHILD,T,https://www.pet.gov.tw/upload/pic/1778738470921.png,,2026-06-11,花蓮縣鳳林鎮林榮里永豐路255號,(03)8421452
439516,南投縣公立動物收容所,南投縣公立動物收容所,混種犬,1,M,MEDIUM,黃色,ADULT,T,https://www.pet.gov.tw/upload/pic/1768876844237.png,南港路,2026-01-23,南投縣南投市嶺興路36-1號,(049)2225440
442139,花蓮縣狗貓躍動園區,花蓮縣狗貓躍動園區,混種犬,1,F,MEDIUM,黑白色,CHILD,T,https://www.pet.gov.tw/upload/pic/1770616138953.png,,2026-04-01,花蓮縣鳳林鎮林榮里永豐路255號,(03)8421452
220573,新北市板橋區公立動物之家,新北市板橋區公立動物之家,混種犬,1,F,MEDIUM,黑色,ADULT,T,https://www.pet.gov.tw/upload/pic/1761811168149.png,西圳街52巷,2021-09-09,新北市板橋區板城路28-1號,(02)89662158
442140,花蓮縣狗貓躍動園區,花蓮縣狗貓躍動園區,混種犬,1,F,MEDIUM,黑黃色,CHILD,T,https://www.pet.gov.tw/upload/pic/1770616389302.png,,2026-04-01,花蓮縣鳳林鎮林榮里永豐路255號,(03)8421452
186919,新北市板橋區公立動物之家,新北市板橋區公立動物之家,混種犬,1,M,MEDIUM,黑色,ADULT,T,https://www.pet.gov.tw/upload/pic/1731395744566.png,觀光街,2020-12-01,新北市板橋區板城路28-1號,(02)89662158
375174,新北市板橋區公立動物之家,新北市板橋區公立動物之家,混種犬,1,M,MEDIUM,黑白色,ADULT,T,https://www.pet.gov.tw/upload/pic/1727074071327.png,康寶動醫,2024-09-24,新北市板橋區板城路28-1號,(02)89662158
168765,新北市板橋區公立動物之家,新北市板橋區公立動物之家,混種犬,1,F,MEDIUM,黑色,ADULT,T,https://www.pet.gov.tw/upload/pic/1761814913118.png,民權街170巷58號,2020-07-28,新北市板橋區板城路28-1號,(02)89662158
273744,新北市板橋區公立動物之家,新北市板橋區公立動物之家,混種犬,1,F,MEDIUM,黃色,ADULT,T,https://www.pet.gov.tw/upload/pic/1761808620983.png,添福里45號,2022-09-13,新北市板橋區板城路28-1號,(02)89662158
44138,新北市板橋區公立動物之家,新北市板橋區公立動物之家,混種犬,1,M,MEDIUM,黑色,ADULT,T,https://www.pet.gov.tw/upload/pic/1761795927655.png,小坪頂,2018-04-16,新北市板橋區板城路28-1號,(02)89662158
121703,新北市板橋區公立動物之家,新北市板橋區公立動物之家,混種犬,1,M,MEDIUM,黃色,ADULT,T,https://www.pet.gov.tw/upload/pic/1731394021547.png,亞東動物醫院,2019-09-28,新北市板橋區板城路28-1號,(02)89662158
244986,新北市板橋區公立動物之家,新北市板橋區公立動物之家,混種犬,1,M,MEDIUM,黑色,ADULT,T,https://www.pet.gov.tw/upload/pic/1761795575406.png,900138001256852,2022-03-12,新北市板橋區板城路28-1號,(02)89662158
35472,新北市板橋區公立動物之家,新北市板橋區公立動物之家,混種犬,1,M,MEDIUM,黑色,ADULT,T,https://www.pet.gov.tw/upload/pic/1761814029058.png,蘆洲區,2018-01-29,新北市板橋區板城路28-1號,(02)89662158
371659,新北市板橋區公立動物之家,新北市板橋區公立動物之家,混種犬,1,M,MEDIUM,虎斑色,ADULT,T,https://www.pet.gov.tw/upload/pic/1724900458745.png,備內街,2021-01-05,新北市板橋區板城路28-1號,(02)89662158
160565,新北市板橋區公立動物之家,新北市板橋區公立動物之家,混種犬,1,M,MEDIUM,黑色,ADULT,T,https://www.pet.gov.tw/upload/pic/1731395562291.png,新北市三峽區中山路365-13號,2020-05-20,新北市板橋區板城路28-1號,(02)89662158
439517,南投縣公立動物收容所,南投縣公立動物收容所,混種犬,1,F,MEDIUM,黃色,ADULT,T,https://www.pet.gov.tw/upload/pic/1768876986537.png,南港路,,南投縣南投市嶺興路36-1號,(049)2225440
394866,南投縣公立動物收容所,南投縣公立動物收容所,混種犬,1,F,MEDIUM,白色,ADULT,T,https://www.pet.gov.tw/upload/pic/1740187386561.png,碧山路,2025-02-21,南投縣南投市嶺興路36-1號,(049)2225440
155798,新北市板橋區公立動物之家,新北市板橋區公立動物之家,混種犬,1,F,MEDIUM,虎斑色,ADULT,T,https://www.pet.gov.tw/upload/pic/1761795160425.png,八里區保育,2017-04-10,新北市板橋區板城路28-1號,(02)89662158
185732,桃園市動物保護教育園區,桃園市動物保護教育園區,混種犬,1,F,SMALL,黑色,ADULT,F,https://www.pet.gov.tw/upload/pic/fa7af3e9-516b-4648-a4ad-da5a802c946b.JPG,觀音區保生里電廠二路,2026-07-08,桃園市新屋區永興里3鄰藻礁路1668號,(03)4861760
460037,臺南市動物之家善化站,臺南市動物之家善化站,混種犬,1,M,BIG,黃色,ADULT,F,https://www.pet.gov.tw/upload/pic/1783478002193.png,,,臺南市善化區昌隆里東勢寮1-19號,(06)5832399
460036,臺南市動物之家善化站,臺南市動物之家善化站,混種犬,1,M,BIG,黑色,ADULT,N,https://www.pet.gov.tw/upload/pic/1783477637694.png,,2026-07-08,臺南市善化區昌隆里東勢寮1-19號,(06)5832399
459992,宜蘭縣流浪動物中途之家,宜蘭縣流浪動物中途之家,混種犬,1,F,BIG,虎斑色,ADULT,N,https://www.pet.gov.tw/upload/pic/1783417444504.png,長堤路,2026-07-07,宜蘭縣五結鄉成興村利寶路60號,(03)9602350620
458172,新竹縣動物保護教育園區,新竹縣動物保護教育園區,柴犬,0,F,SMALL,黃白色,ADULT,T,https://www.pet.gov.tw/upload/pic/1782114162604.png,,2026-07-03,新竹縣竹北市縣政五街192號,(03)5519548
43739,臺北市動物之家,臺北市動物之家,其他,0,F,MEDIUM,虎斑色,ADULT,T,https://www.pet.gov.tw/upload/pic/a6095e27-a12e-401d-980c-9670cf9f8ea0.jpg,民眾不擬續養,2018-03-07,臺北市內湖區安美街191號,(02)87913254
31507,臺北市動物之家,臺北市動物之家,混種犬,1,F,MEDIUM,黑白色,ADULT,T,https://www.pet.gov.tw/upload/pic/1671599749156.png,木新路3段,2017-03-01,臺北市內湖區安美街191號,(02)87913254
459971,高雄市壽山動物保護教育園區,高雄市壽山動物保護教育園區,長毛臘腸,0,M,SMALL,黃色,ADULT,N,https://www.pet.gov.tw/upload/pic/1783410905921.png,左營大路,,高雄市鼓山區萬壽路350號,(07)5519059
459440,南投縣公立動物收容所,南投縣公立動物收容所,混種犬,1,M,MEDIUM,黑黃色,ADULT,T,https://www.pet.gov.tw/upload/pic/1782963691305.png,水信路一段,2026-07-01,南投縣南投市嶺興路36-1號,(049)2225440
458814,南投縣公立動物收容所,南投縣公立動物收容所,混種犬,1,M,MEDIUM,灰色,ADULT,T,https://www.pet.gov.tw/upload/pic/1782524729602.png,彰南路二段,2026-06-25,南投縣南投市嶺興路36-1號,(049)2225440
459931,臺南市動物之家善化站,臺南市動物之家善化站,混種犬,1,F,BIG,,ADULT,N,https://www.pet.gov.tw/upload/pic/1783405015313.png,南勢里南勢路,2026-07-07,臺南市善化區昌隆里東勢寮1-19號,(06)5832399
459914,苗栗縣動物保護教育園區,苗栗縣動物保護教育園區,混種犬,1,M,BIG,黑色,ADULT,N,https://www.pet.gov.tw/upload/pic/1783402034748.png,卓蘭鎮內灣里,2026-07-07,苗栗縣銅鑼鄉朝陽村6鄰朝北55-1號(地圖：https:／／goo.gl/maps/Bd4sckpEPsrof7Qb8),(037)558228
143559,新北市板橋區公立動物之家,新北市板橋區公立動物之家,混種犬,1,F,MEDIUM,虎斑色,ADULT,T,https://www.pet.gov.tw/upload/pic/1678508488251.png,鳶山里,2020-02-12,新北市板橋區板城路28-1號,(02)89662158
168122,新北市板橋區公立動物之家,新北市板橋區公立動物之家,混種犬,1,M,MEDIUM,黑色,ADULT,T,https://www.pet.gov.tw/upload/pic/1761809797338.png,民權街52號,2020-07-14,新北市板橋區板城路28-1號,(02)89662158
35424,新北市板橋區公立動物之家,新北市板橋區公立動物之家,混種犬,1,F,MEDIUM,黃色,ADULT,T,https://www.pet.gov.tw/upload/pic/1731394253554.png,鶯歌區,2017-12-25,新北市板橋區板城路28-1號,(02)89662158
43991,新北市板橋區公立動物之家,新北市板橋區公立動物之家,混種犬,1,M,MEDIUM,黃色,ADULT,T,https://www.pet.gov.tw/upload/pic/1731394765187.png,小坪頂,2018-04-13,新北市板橋區板城路28-1號,(02)89662158
382704,新北市板橋區公立動物之家,新北市板橋區公立動物之家,混種犬,1,F,MEDIUM,黑色,ADULT,T,https://www.pet.gov.tw/upload/pic/1754537018100.png,:俊保路160號,2024-11-18,新北市板橋區板城路28-1號,(02)89662158
192787,新北市板橋區公立動物之家,新北市板橋區公立動物之家,混種犬,1,F,MEDIUM,黑色,ADULT,T,https://www.pet.gov.tw/upload/pic/1754538145312.png,中正路248巷7號,2021-01-28,新北市板橋區板城路28-1號,(02)89662158
91250,新北市板橋區公立動物之家,新北市板橋區公立動物之家,混種犬,1,M,MEDIUM,黑色,ADULT,T,https://www.pet.gov.tw/upload/pic/1731395123269.png,保安街,2019-03-29,新北市板橋區板城路28-1號,(02)89662158
252345,新北市板橋區公立動物之家,新北市板橋區公立動物之家,混種犬,1,M,MEDIUM,黑色,ADULT,T,https://www.pet.gov.tw/upload/pic/1777705754815.png,安坑路三段38-7號,2022-04-26,新北市板橋區板城路28-1號,(02)89662158
235284,新北市板橋區公立動物之家,新北市板橋區公立動物之家,混種犬,1,M,MEDIUM,黑色,ADULT,T,https://www.pet.gov.tw/upload/pic/1777702065207.png,佳園路一段101巷1號(國三北上52.9外路肩),2021-12-21,新北市板橋區板城路28-1號,(02)89662158
232904,新北市板橋區公立動物之家,新北市板橋區公立動物之家,混種犬,1,M,MEDIUM,黑色,ADULT,T,https://www.pet.gov.tw/upload/pic/1777705267948.png,佳園路,2021-11-27,新北市板橋區板城路28-1號,(02)89662158
452892,新北市板橋區公立動物之家,新北市板橋區公立動物之家,混種犬,1,F,MEDIUM,黃白色,ADULT,T,https://www.pet.gov.tw/upload/pic/1778747027185.png,新莊區雙鳳路77巷,2026-05-14,新北市板橋區板城路28-1號,(02)89662158
49970,新北市板橋區公立動物之家,新北市板橋區公立動物之家,混種犬,1,F,SMALL,黑色,ADULT,T,https://www.pet.gov.tw/upload/pic/1777703029184.png,溪城路90號,2018-07-31,新北市板橋區板城路28-1號,(02)89662158
421256,新北市板橋區公立動物之家,新北市板橋區公立動物之家,混種犬,1,M,MEDIUM,黑色,ADULT,T,https://www.pet.gov.tw/upload/pic/1757145935465.png,龜山區,2025-09-06,新北市板橋區板城路28-1號,(02)89662158
273293,臺北市動物之家,臺北市動物之家,混種犬,1,M,MEDIUM,黃白色,ADULT,T,https://www.pet.gov.tw/upload/pic/1690005254021.png,動物之家,2022-09-08,臺北市內湖區安美街191號,(02)87913254
47933,新北市板橋區公立動物之家,新北市板橋區公立動物之家,混種犬,1,F,MEDIUM,黑色,ADULT,T,https://www.pet.gov.tw/upload/pic/1749879334903.png,崁頂里58號,2017-07-19,新北市板橋區板城路28-1號,(02)89662158
436593,臺南市動物之家灣裡站,臺南市動物之家灣裡站,混種犬,1,F,MEDIUM,黑黃色,ADULT,N,https://www.pet.gov.tw/upload/pic/1779780838236.png,地質生態公園,2026-04-20,臺南市南區省躬里14鄰萬年路580巷92號,(06)2964439
437878,臺南市動物之家灣裡站,臺南市動物之家灣裡站,混種犬,1,M,SMALL,棕白色,CHILD,T,https://www.pet.gov.tw/upload/pic/1779847551986.png,大成路168巷空軍空地,2026-01-30,臺南市南區省躬里14鄰萬年路580巷92號,(06)2964439
459832,彰化縣流浪狗中途之家臨時收容所,彰化縣流浪狗中途之家臨時收容所,混種犬,1,F,MEDIUM,黃色,ADULT,T,https://www.pet.gov.tw/upload/pic/1783388778961.png,芳草街35巷10弄15號,2026-07-15,"彰化縣芳苑鄉文津段436-4地號（座標緯度及經度：23.932676, 120.367307）",(11)
459823,宜蘭縣流浪動物中途之家,宜蘭縣流浪動物中途之家,混種犬,1,M,SMALL,黑棕色,CHILD,N,https://www.pet.gov.tw/upload/pic/1783329252361.png,東岳路,2026-07-06,宜蘭縣五結鄉成興村利寶路60號,(03)9602350620
459822,宜蘭縣流浪動物中途之家,宜蘭縣流浪動物中途之家,混種犬,1,M,SMALL,虎斑色,CHILD,N,https://www.pet.gov.tw/upload/pic/1783329162410.png,東岳路,2026-07-06,宜蘭縣五結鄉成興村利寶路60號,(03)9602350620
459821,宜蘭縣流浪動物中途之家,宜蘭縣流浪動物中途之家,混種犬,1,F,SMALL,棕白色,CHILD,N,https://www.pet.gov.tw/upload/pic/1783328964766.png,東岳路,2026-07-06,宜蘭縣五結鄉成興村利寶路60號,(03)9602350620
72313,臺北市動物之家,臺北市動物之家,混種犬,1,M,MEDIUM,棕色,ADULT,T,https://www.pet.gov.tw/upload/pic/ded9c422-01f8-408c-8376-97f299ed2b12.jpg,五分街,2021-04-10,臺北市內湖區安美街191號,(02)87913254
236252,桃園市動物保護教育園區,桃園市動物保護教育園區,混種犬,1,M,MEDIUM,白色,ADULT,F,https://www.pet.gov.tw/upload/pic/6ce9993f-c129-44fa-93a6-b9ff1da58835.JPG,外社里後面坑路,2026-07-06,桃園市新屋區永興里3鄰藻礁路1668號,(03)4861760
364753,桃園市動物保護教育園區,桃園市動物保護教育園區,混種犬,1,F,MEDIUM,黑色,ADULT,F,https://www.pet.gov.tw/upload/pic/1720059307206.png,後湖里寶樹路81巷十字路口,2026-07-06,桃園市新屋區永興里3鄰藻礁路1668號,(03)4861760
185476,桃園市動物保護教育園區,桃園市動物保護教育園區,混種犬,1,F,SMALL,黑色,ADULT,F,https://www.pet.gov.tw/upload/pic/27dfc927-7bce-46e4-a4c9-ca2ea1270bea.JPG,龍泉街１０９巷,2020-11-24,桃園市新屋區永興里3鄰藻礁路1668號,(03)4861760
459480,桃園市動物保護教育園區,桃園市動物保護教育園區,比熊犬,0,M,MEDIUM,白色,ADULT,F,https://www.pet.gov.tw/upload/pic/1782973967167.png,金龍里金龍三路,,桃園市新屋區永興里3鄰藻礁路1668號,(03)4861760
115990,新竹市動物保護教育園區,新竹市動物保護教育園區,混種犬,1,M,MEDIUM,棕黑色,ADULT,T,https://www.pet.gov.tw/upload/pic/cea40d9f-6a3d-477e-85ed-c058b800a836.JPG,經國路一段,2019-09-04,新竹市南寮里海濱路250號,(03)5368329
459785,彰化縣流浪狗中途之家臨時收容所,彰化縣流浪狗中途之家臨時收容所,混種犬,1,M,MEDIUM,虎斑色,ADULT,T,https://www.pet.gov.tw/upload/pic/1783320655805.png,水尾二路106巷,2026-07-14,"彰化縣芳苑鄉文津段436-4地號（座標緯度及經度：23.932676, 120.367307）",(11)
459786,彰化縣流浪狗中途之家臨時收容所,彰化縣流浪狗中途之家臨時收容所,混種犬,1,M,MEDIUM,虎斑色,ADULT,T,https://www.pet.gov.tw/upload/pic/1783320731564.png,水尾二路106巷,2026-07-14,"彰化縣芳苑鄉文津段436-4地號（座標緯度及經度：23.932676, 120.367307）",(11)
456448,臺北市動物之家,臺北市動物之家,混種犬,1,M,BIG,黃色,ADULT,T,https://www.pet.gov.tw/upload/pic/1780716311569.png,,2026-06-06,臺北市內湖區安美街191號,(02)87913254
459749,臺南市動物之家善化站,臺南市動物之家善化站,混種犬,1,M,BIG,黃色,ADULT,N,https://www.pet.gov.tw/upload/pic/1783309688859.png,,2026-07-06,臺南市善化區昌隆里東勢寮1-19號,(06)5832399
436302,桃園市動物保護教育園區,桃園市動物保護教育園區,柴犬,0,M,MEDIUM,黃色,ADULT,T,https://www.pet.gov.tw/upload/pic/1766544488839.png,高雙里東豐路,,桃園市新屋區永興里3鄰藻礁路1668號,(03)4861760
458638,彰化縣流浪狗中途之家臨時收容所,彰化縣流浪狗中途之家臨時收容所,混種犬,1,M,MEDIUM,黑色,ADULT,T,https://www.pet.gov.tw/upload/pic/1782363389613.png,花橋街173號,2026-07-10,"彰化縣芳苑鄉文津段436-4地號（座標緯度及經度：23.932676, 120.367307）",(11)
456116,臺北市動物之家,臺北市動物之家,柴犬,0,F,MEDIUM,黃色,ADULT,T,https://www.pet.gov.tw/upload/pic/1780465845381.png,中央北路三段53巷,2026-07-03,臺北市內湖區安美街191號,(02)87913254
459701,臺東縣動物收容中心,臺東縣動物收容中心,混種犬,1,F,SMALL,黑色,CHILD,N,https://www.pet.gov.tw/upload/pic/1783302519137.png,嘉平產業道路西乃山附近,2026-07-13,臺東縣臺東市中華路4段999巷600號,(089)362011
441851,基隆市寵物銀行,基隆市寵物銀行,混種犬,1,N,MEDIUM,黑色,ADULT,F,https://www.pet.gov.tw/upload/pic/1770284485306.png,武聖街83號,2026-02-05,基隆市七堵區大華三路45-12號(欣欣安樂園旁),(02)24560148
458742,基隆市寵物銀行,基隆市寵物銀行,柴犬,0,F,MEDIUM,黃色,ADULT,N,https://www.pet.gov.tw/upload/pic/1782445219423.png,大慶大城山上,,基隆市七堵區大華三路45-12號(欣欣安樂園旁),(02)24560148
457977,基隆市寵物銀行,基隆市寵物銀行,混種犬,1,M,BIG,黑色,ADULT,F,https://www.pet.gov.tw/upload/pic/1781772335500.png,自強路,2026-06-18,基隆市七堵區大華三路45-12號(欣欣安樂園旁),(02)24560148
441767,基隆市寵物銀行,基隆市寵物銀行,混種犬,1,N,MEDIUM,黑色,ADULT,F,https://www.pet.gov.tw/upload/pic/1770261610587.png,泰安路75巷18號,2026-02-05,基隆市七堵區大華三路45-12號(欣欣安樂園旁),(02)24560148
447724,基隆市寵物銀行,基隆市寵物銀行,混種犬,1,F,BIG,黑色,ADULT,N,https://www.pet.gov.tw/upload/pic/1775029579572.png,華新一路89號,2026-04-01,基隆市七堵區大華三路45-12號(欣欣安樂園旁),(02)24560148
453036,基隆市寵物銀行,基隆市寵物銀行,混種犬,1,M,BIG,黑色,ADULT,F,https://www.pet.gov.tw/upload/pic/1778835141948.png,中山二路,2026-05-15,基隆市七堵區大華三路45-12號(欣欣安樂園旁),(02)24560148
458351,基隆市寵物銀行,基隆市寵物銀行,混種犬,1,F,BIG,白色,ADULT,N,https://www.pet.gov.tw/upload/pic/1782204076172.png,深澳坑路6巷,2026-06-23,基隆市七堵區大華三路45-12號(欣欣安樂園旁),(02)24560148
455785,基隆市寵物銀行,基隆市寵物銀行,混種犬,1,M,BIG,黑色,ADULT,N,https://www.pet.gov.tw/upload/pic/1780197461183.png,文明路,2026-05-30,基隆市七堵區大華三路45-12號(欣欣安樂園旁),(02)24560148
457639,基隆市寵物銀行,基隆市寵物銀行,混種犬,1,M,BIG,黃色,ADULT,N,https://www.pet.gov.tw/upload/pic/1781593975491.png,文明路,2026-06-16,基隆市七堵區大華三路45-12號(欣欣安樂園旁),(02)24560148
434558,基隆市寵物銀行,基隆市寵物銀行,混種犬,1,M,BIG,黑色,ADULT,T,https://www.pet.gov.tw/upload/pic/1765434886473.png,東勢街92號,2026-03-10,基隆市七堵區大華三路45-12號(欣欣安樂園旁),(02)24560148
53510,基隆市寵物銀行,基隆市寵物銀行,混種犬,1,M,MEDIUM,黑色,ADULT,T,https://www.pet.gov.tw/upload/pic/1756706797563.png,安和一街104號,2018-10-20,基隆市七堵區大華三路45-12號(欣欣安樂園旁),(02)24560148
444230,基隆市寵物銀行,基隆市寵物銀行,混種犬,1,N,SMALL,黑色,ADULT,N,https://www.pet.gov.tw/upload/pic/1772689744400.png,中山一路145號47-1號,2026-03-13,基隆市七堵區大華三路45-12號(欣欣安樂園旁),(02)24560148
458047,基隆市寵物銀行,基隆市寵物銀行,混種犬,1,M,MEDIUM,黑色,ADULT,N,https://www.pet.gov.tw/upload/pic/1781946060670.png,東明路137號,2026-06-20,基隆市七堵區大華三路45-12號(欣欣安樂園旁),(02)24560148
458003,基隆市寵物銀行,基隆市寵物銀行,混種犬,1,M,BIG,黃色,ADULT,N,https://www.pet.gov.tw/upload/pic/1781837195333.png,信二路36巷,,基隆市七堵區大華三路45-12號(欣欣安樂園旁),(02)24560148
432599,基隆市寵物銀行,基隆市寵物銀行,混種犬,1,N,BIG,虎斑色,ADULT,T,https://www.pet.gov.tw/upload/pic/1764223982168.png,大華一路一號,2026-03-10,基隆市七堵區大華三路45-12號(欣欣安樂園旁),(02)24560148
450854,基隆市寵物銀行,基隆市寵物銀行,混種犬,1,M,MEDIUM,黑色,ADULT,F,https://www.pet.gov.tw/upload/pic/1777441967537.png,信義區深澳坑路2-25號,2026-04-29,基隆市七堵區大華三路45-12號(欣欣安樂園旁),(02)24560148
436628,基隆市寵物銀行,基隆市寵物銀行,混種犬,1,F,MEDIUM,黑色,ADULT,T,https://www.pet.gov.tw/upload/pic/1766813047431.png,光明路23號,2025-12-27,基隆市七堵區大華三路45-12號(欣欣安樂園旁),(02)24560148
454058,基隆市寵物銀行,基隆市寵物銀行,混種犬,1,F,MEDIUM,黑色,ADULT,N,https://www.pet.gov.tw/upload/pic/1779680027620.png,中山三路6號(成海營區),2026-05-25,基隆市七堵區大華三路45-12號(欣欣安樂園旁),(02)24560148
190434,基隆市寵物銀行,基隆市寵物銀行,混種犬,1,M,BIG,黑色,ADULT,F,https://www.pet.gov.tw/upload/pic/1756698860811.png,中正公園,2021-01-29,基隆市七堵區大華三路45-12號(欣欣安樂園旁),(02)24560148
211180,基隆市寵物銀行,基隆市寵物銀行,混種犬,1,F,MEDIUM,棕黑色,ADULT,T,https://www.pet.gov.tw/upload/pic/1755062501370.png,新豐街305巷,2021-06-23,基隆市七堵區大華三路45-12號(欣欣安樂園旁),(02)24560148
266373,基隆市寵物銀行,基隆市寵物銀行,混種犬,1,M,BIG,黑色,ADULT,T,https://www.pet.gov.tw/upload/pic/1755067738352.png,和平島,2023-07-01,基隆市七堵區大華三路45-12號(欣欣安樂園旁),(02)24560148
453158,基隆市寵物銀行,基隆市寵物銀行,混種犬,1,M,BIG,黑色,ADULT,F,https://www.pet.gov.tw/upload/pic/1779075300170.png,大同街31-35,2026-05-18,基隆市七堵區大華三路45-12號(欣欣安樂園旁),(02)24560148
443568,基隆市寵物銀行,基隆市寵物銀行,混種犬,1,F,BIG,黑色,ADULT,N,https://www.pet.gov.tw/upload/pic/1772094267603.png,東明路235號,2026-02-26,基隆市七堵區大華三路45-12號(欣欣安樂園旁),(02)24560148
441806,基隆市寵物銀行,基隆市寵物銀行,混種犬,1,N,BIG,黃色,ADULT,N,https://www.pet.gov.tw/upload/pic/1770271595417.png,泰安路75巷18號,2026-02-05,基隆市七堵區大華三路45-12號(欣欣安樂園旁),(02)24560148
417715,基隆市寵物銀行,基隆市寵物銀行,混種犬,1,F,MEDIUM,黑色,ADULT,F,https://www.pet.gov.tw/upload/pic/1754716387498.png,和一路2巷,2025-11-26,基隆市七堵區大華三路45-12號(欣欣安樂園旁),(02)24560148
422104,基隆市寵物銀行,基隆市寵物銀行,混種犬,1,F,MEDIUM,黑色,ADULT,T,https://www.pet.gov.tw/upload/pic/1757648002328.png,月眉路,2025-09-12,基隆市七堵區大華三路45-12號(欣欣安樂園旁),(02)24560148
458219,基隆市寵物銀行,基隆市寵物銀行,混種犬,1,F,MEDIUM,黃色,ADULT,T,https://www.pet.gov.tw/upload/pic/1782122776104.png,國道3號南下,2026-06-22,基隆市七堵區大華三路45-12號(欣欣安樂園旁),(02)24560148
442951,基隆市寵物銀行,基隆市寵物銀行,混種犬,1,M,MEDIUM,棕色,ADULT,T,https://www.pet.gov.tw/upload/pic/1771641045606.png,中正路623號,2026-02-21,基隆市七堵區大華三路45-12號(欣欣安樂園旁),(02)24560148
157502,臺北市動物之家,臺北市動物之家,混種犬,1,M,MEDIUM,黑黃色,ADULT,T,https://www.pet.gov.tw/upload/pic/1671599782655.png,和平東路1段,2021-04-11,臺北市內湖區安美街191號,(02)87913254
455390,花蓮縣狗貓躍動園區,花蓮縣狗貓躍動園區,混種犬,1,F,MEDIUM,黃白色,ADULT,T,https://www.pet.gov.tw/upload/pic/1779853491985.png,,2026-06-19,花蓮縣鳳林鎮林榮里永豐路255號,(03)8421452
455391,花蓮縣狗貓躍動園區,花蓮縣狗貓躍動園區,混種犬,1,F,MEDIUM,黃色,ADULT,T,https://www.pet.gov.tw/upload/pic/1779853643915.png,,2026-06-19,花蓮縣鳳林鎮林榮里永豐路255號,(03)8421452
299739,臺北市動物之家,臺北市動物之家,混種犬,1,M,SMALL,黑色,CHILD,T,https://www.pet.gov.tw/upload/pic/1679040053047.png,林泉里泉源路,2023-04-02,臺北市內湖區安美街191號,(02)87913254
459607,宜蘭縣流浪動物中途之家,宜蘭縣流浪動物中途之家,混種犬,1,N,BIG,白色,ADULT,N,https://www.pet.gov.tw/upload/pic/1783069409991.png,五結中路,2026-07-03,宜蘭縣五結鄉成興村利寶路60號,(03)9602350620
459589,臺北市動物之家,臺北市動物之家,混種犬,1,M,MEDIUM,虎斑色,ADULT,T,https://www.pet.gov.tw/upload/pic/1783062817163.png,,2026-07-03,臺北市內湖區安美街191號,(02)87913254
459586,花蓮縣狗貓躍動園區,花蓮縣狗貓躍動園區,混種犬,1,M,MEDIUM,黃色,ADULT,F,https://www.pet.gov.tw/upload/pic/1783062240691.png,,,花蓮縣鳳林鎮林榮里永豐路255號,(03)8421452
447278,花蓮縣狗貓躍動園區,花蓮縣狗貓躍動園區,混種犬,1,F,MEDIUM,黑色,CHILD,T,https://www.pet.gov.tw/upload/pic/1774937814232.png,,2026-04-29,花蓮縣鳳林鎮林榮里永豐路255號,(03)8421452
447249,花蓮縣狗貓躍動園區,花蓮縣狗貓躍動園區,混種犬,1,F,MEDIUM,黑色,CHILD,T,https://www.pet.gov.tw/upload/pic/1774936793158.png,,2026-04-29,花蓮縣鳳林鎮林榮里永豐路255號,(03)8421452
459548,新竹市動物保護教育園區,新竹市動物保護教育園區,混種犬,1,F,MEDIUM,黑色,ADULT,T,https://www.pet.gov.tw/upload/pic/1783049782565.png,南港街101巷,2026-07-10,新竹市南寮里海濱路250號,(03)5368329
434274,花蓮縣狗貓躍動園區,花蓮縣狗貓躍動園區,混種犬,1,F,MEDIUM,咖啡黑色,ADULT,T,https://www.pet.gov.tw/upload/pic/1765330508313.png,,2025-12-16,花蓮縣鳳林鎮林榮里永豐路255號,(03)8421452
441590,花蓮縣狗貓躍動園區,花蓮縣狗貓躍動園區,德國狼犬(德國牧羊犬),0,M,BIG,黑棕色,ADULT,T,https://www.pet.gov.tw/upload/pic/1770173834717.png,,2026-03-12,花蓮縣鳳林鎮林榮里永豐路255號,(03)8421452
403954,花蓮縣狗貓躍動園區,花蓮縣狗貓躍動園區,混種犬,1,F,MEDIUM,棕白色,ADULT,T,https://www.pet.gov.tw/upload/pic/1746154364863.png,福興村舊村四街227號,2025-06-21,花蓮縣鳳林鎮林榮里永豐路255號,(03)8421452
406820,花蓮縣狗貓躍動園區,花蓮縣狗貓躍動園區,混種犬,1,M,MEDIUM,黑棕色,ADULT,T,https://www.pet.gov.tw/upload/pic/1747970740586.png,建國路一段7號,2025-07-04,花蓮縣鳳林鎮林榮里永豐路255號,(03)8421452
417936,花蓮縣狗貓躍動園區,花蓮縣狗貓躍動園區,混種犬,1,F,MEDIUM,黑棕色,ADULT,T,https://www.pet.gov.tw/upload/pic/1754897987433.png,北三棧,2026-01-21,花蓮縣鳳林鎮林榮里永豐路255號,(03)8421452
419824,花蓮縣狗貓躍動園區,花蓮縣狗貓躍動園區,混種犬,1,F,MEDIUM,黃色,ADULT,T,https://www.pet.gov.tw/upload/pic/1756266030481.png,新城車站,2025-09-19,花蓮縣鳳林鎮林榮里永豐路255號,(03)8421452
433414,花蓮縣狗貓躍動園區,花蓮縣狗貓躍動園區,混種犬,1,M,MEDIUM,黑白色,ADULT,T,https://www.pet.gov.tw/upload/pic/1764747000782.png,,2026-01-22,花蓮縣鳳林鎮林榮里永豐路255號,(03)8421452
432597,花蓮縣狗貓躍動園區,花蓮縣狗貓躍動園區,混種犬,1,F,MEDIUM,咖啡色,ADULT,T,https://www.pet.gov.tw/upload/pic/1764223938537.png,仁愛路,2025-12-02,花蓮縣鳳林鎮林榮里永豐路255號,(03)8421452
385717,花蓮縣狗貓躍動園區,花蓮縣狗貓躍動園區,混種犬,1,M,MEDIUM,棕白色,ADULT,T,https://www.pet.gov.tw/upload/pic/1733728763258.png,芭崎休息站,2024-12-19,花蓮縣鳳林鎮林榮里永豐路255號,(03)8421452
389600,花蓮縣狗貓躍動園區,花蓮縣狗貓躍動園區,混種犬,1,M,MEDIUM,黃色,ADULT,T,https://www.pet.gov.tw/upload/pic/1736393906710.png,壽豐鄉公所,2025-02-08,花蓮縣鳳林鎮林榮里永豐路255號,(03)8421452
389599,花蓮縣狗貓躍動園區,花蓮縣狗貓躍動園區,混種犬,1,F,MEDIUM,黑白色,ADULT,T,https://www.pet.gov.tw/upload/pic/1736392474742.png,壽豐鄉公所,2025-02-08,花蓮縣鳳林鎮林榮里永豐路255號,(03)8421452
388784,花蓮縣狗貓躍動園區,花蓮縣狗貓躍動園區,混種犬,1,F,MEDIUM,黃色,ADULT,T,https://www.pet.gov.tw/upload/pic/1735886981285.png,鳳林鎮公所,2025-01-18,花蓮縣鳳林鎮林榮里永豐路255號,(03)8421452
389603,花蓮縣狗貓躍動園區,花蓮縣狗貓躍動園區,混種犬,1,F,MEDIUM,黑白色,ADULT,T,https://www.pet.gov.tw/upload/pic/1736394402351.png,明利村1鄰12之8號,2025-02-26,花蓮縣鳳林鎮林榮里永豐路255號,(03)8421452
398469,花蓮縣狗貓躍動園區,花蓮縣狗貓躍動園區,混種犬,1,M,MEDIUM,三花色,ADULT,T,https://www.pet.gov.tw/upload/pic/1742442303785.png,美工路5號,2025-05-07,花蓮縣鳳林鎮林榮里永豐路255號,(03)8421452
365918,花蓮縣狗貓躍動園區,花蓮縣狗貓躍動園區,混種犬,1,M,MEDIUM,虎斑色,ADULT,T,https://www.pet.gov.tw/upload/pic/1720770182177.png,化仁海堤,2024-07-31,花蓮縣鳳林鎮林榮里永豐路255號,(03)8421452
352972,花蓮縣狗貓躍動園區,花蓮縣狗貓躍動園區,混種犬,1,M,MEDIUM,黃色,ADULT,T,https://www.pet.gov.tw/upload/pic/1712557894185.png,,2024-04-08,花蓮縣鳳林鎮林榮里永豐路255號,(03)8421452
368965,花蓮縣狗貓躍動園區,花蓮縣狗貓躍動園區,混種犬,1,M,MEDIUM,黑棕色,ADULT,T,https://www.pet.gov.tw/upload/pic/1723002698149.png,北三棧海邊,2024-10-15,花蓮縣鳳林鎮林榮里永豐路255號,(03)8421452
287855,花蓮縣狗貓躍動園區,花蓮縣狗貓躍動園區,混種犬,1,M,MEDIUM,黑色,CHILD,T,https://www.pet.gov.tw/upload/pic/1671075873813.png,所內生產，媽媽1110241,2023-02-13,花蓮縣鳳林鎮林榮里永豐路255號,(03)8421452
442978,基隆市寵物銀行,基隆市寵物銀行,混種犬,1,M,MEDIUM,棕色,ADULT,T,https://www.pet.gov.tw/upload/pic/1771737199705.png,台62線西向7.6公里,2026-02-22,基隆市七堵區大華三路45-12號(欣欣安樂園旁),(02)24560148
459506,新北市中和區公立動物之家,新北市中和區公立動物之家,貴賓犬,0,F,SMALL,白色,ADULT,N,https://www.pet.gov.tw/upload/pic/1782979835682.png,中央路三段89巷162號,,新北市中和區興南路三段100號,(02)86685547
459479,臺南市動物之家善化站,臺南市動物之家善化站,混種犬,1,M,MEDIUM,黑色,ADULT,N,https://www.pet.gov.tw/upload/pic/1782973170415.png,,2026-07-02,臺南市善化區昌隆里東勢寮1-19號,(06)5832399
459475,臺南市動物之家善化站,臺南市動物之家善化站,混種犬,1,M,MEDIUM,黃色,ADULT,N,https://www.pet.gov.tw/upload/pic/1782972709954.png,,2026-07-02,臺南市善化區昌隆里東勢寮1-19號,(06)5832399
436465,桃園市動物保護教育園區,桃園市動物保護教育園區,混種犬,1,M,MEDIUM,黑黃色,ADULT,F,https://www.pet.gov.tw/upload/pic/1766729173228.png,內定里內定二街,2026-01-03,桃園市新屋區永興里3鄰藻礁路1668號,(03)4861760
459172,新竹市動物保護教育園區,新竹市動物保護教育園區,混種犬,1,M,MEDIUM,棕色,ADULT,T,https://www.pet.gov.tw/upload/pic/1782803787885.png,牛埔路346巷,2026-07-07,新竹市南寮里海濱路250號,(03)5368329
459177,新竹市動物保護教育園區,新竹市動物保護教育園區,混種犬,1,M,MEDIUM,虎斑色,ADULT,T,https://www.pet.gov.tw/upload/pic/1782803976504.png,牛埔路346巷,2026-07-07,新竹市南寮里海濱路250號,(03)5368329
456650,新竹市動物保護教育園區,新竹市動物保護教育園區,混種犬,1,M,MEDIUM,黑色,ADULT,T,https://www.pet.gov.tw/upload/pic/1780906220076.png,南港街101巷,2026-06-15,新竹市南寮里海濱路250號,(03)5368329
458101,新竹市動物保護教育園區,新竹市動物保護教育園區,混種犬,1,F,MEDIUM,黑色,ADULT,T,https://www.pet.gov.tw/upload/pic/1782099193066.png,高峰路306巷,2026-06-29,新竹市南寮里海濱路250號,(03)5368329
457066,新竹市動物保護教育園區,新竹市動物保護教育園區,混種犬,1,M,MEDIUM,虎斑色,ADULT,T,https://www.pet.gov.tw/upload/pic/1781164171174.png,68快速道路,2026-06-18,新竹市南寮里海濱路250號,(03)5368329
458084,新竹市動物保護教育園區,新竹市動物保護教育園區,混種犬,1,M,MEDIUM,黑色,ADULT,T,https://www.pet.gov.tw/upload/pic/1782091937898.png,公道五路3段,2026-06-29,新竹市南寮里海濱路250號,(03)5368329
459408,臺東縣動物收容中心,臺東縣動物收容中心,混種犬,1,M,SMALL,黑虎斑色,CHILD,N,https://www.pet.gov.tw/upload/pic/1782952826289.png,,2026-07-02,臺東縣臺東市中華路4段999巷600號,(089)362011
459409,臺東縣動物收容中心,臺東縣動物收容中心,混種犬,1,M,SMALL,黑虎斑色,CHILD,N,https://www.pet.gov.tw/upload/pic/1782952860598.png,,2026-07-02,臺東縣臺東市中華路4段999巷600號,(089)362011
459407,臺東縣動物收容中心,臺東縣動物收容中心,混種犬,1,F,SMALL,虎斑色,CHILD,N,https://www.pet.gov.tw/upload/pic/1782952794481.png,,2026-07-02,臺東縣臺東市中華路4段999巷600號,(089)362011
459403,臺東縣動物收容中心,臺東縣動物收容中心,混種犬,1,F,SMALL,黑色,CHILD,N,https://www.pet.gov.tw/upload/pic/1782952517673.png,,2026-07-02,臺東縣臺東市中華路4段999巷600號,(089)362011
459404,臺東縣動物收容中心,臺東縣動物收容中心,混種犬,1,F,SMALL,虎斑色,CHILD,N,https://www.pet.gov.tw/upload/pic/1782952605083.png,,2026-07-02,臺東縣臺東市中華路4段999巷600號,(089)362011
459380,新北市新店區公立動物之家,新北市新店區公立動物之家,約克夏,0,M,SMALL,棕色,ADULT,N,https://www.pet.gov.tw/upload/pic/1782893279537.png,汐止區長江街15巷5弄2號,,新北市新店區安泰路235號,(02)22159462
459383,新北市新店區公立動物之家,新北市新店區公立動物之家,柴犬,0,F,SMALL,白色,ADULT,T,https://www.pet.gov.tw/upload/pic/1782894539661.png,新店區耕莘/民族路7號,,新北市新店區安泰路235號,(02)22159462
330206,澎湖縣流浪動物收容中心,澎湖縣流浪動物收容中心,混種犬,1,M,BIG,黑黃色,ADULT,T,https://www.pet.gov.tw/upload/pic/1697703581613.png,,2023-11-08,澎湖縣馬公市烏崁里260、261號,(06)9213559
457490,新北市五股區公立動物之家,新北市五股區公立動物之家,混種犬,1,M,MEDIUM,黑黃色,CHILD,T,https://www.pet.gov.tw/upload/pic/1781508023273.png,五股區五股 夏綠地街17號,2026-06-27,新北市五股區外寮路9-9號,(02)82925265
445566,澎湖縣流浪動物收容中心,澎湖縣流浪動物收容中心,混種犬,1,M,MEDIUM,黑色,CHILD,T,https://www.pet.gov.tw/upload/pic/1773997891644.png,,2026-03-27,澎湖縣馬公市烏崁里260、261號,(06)9213559
420036,澎湖縣流浪動物收容中心,澎湖縣流浪動物收容中心,混種犬,1,F,SMALL,黑黃色,CHILD,T,https://www.pet.gov.tw/upload/pic/1756782471700.png,,2025-09-12,澎湖縣馬公市烏崁里260、261號,(06)9213559
454011,澎湖縣流浪動物收容中心,澎湖縣流浪動物收容中心,混種犬,1,M,BIG,黑色,ADULT,T,https://www.pet.gov.tw/upload/pic/1782889139163.png,,2026-06-02,澎湖縣馬公市烏崁里260、261號,(06)9213559
450706,澎湖縣流浪動物收容中心,澎湖縣流浪動物收容中心,混種犬,1,F,BIG,黑黃色,ADULT,T,https://www.pet.gov.tw/upload/pic/1782888963528.png,,2026-05-07,澎湖縣馬公市烏崁里260、261號,(06)9213559
459372,新北市八里區公立動物之家,新北市八里區公立動物之家,混種犬,1,F,MEDIUM,黑色,ADULT,T,https://www.pet.gov.tw/upload/pic/1782887288661.png,八里區中華路二段,,新北市八里區長坑里6鄰長坑道路36號,(02)26194428
434468,澎湖縣流浪動物收容中心,澎湖縣流浪動物收容中心,混種犬,1,M,BIG,黑色,ADULT,T,https://www.pet.gov.tw/upload/pic/1765418445631.png,,2025-12-26,澎湖縣馬公市烏崁里260、261號,(06)9213559
434469,澎湖縣流浪動物收容中心,澎湖縣流浪動物收容中心,混種犬,1,M,BIG,黑色,ADULT,T,https://www.pet.gov.tw/upload/pic/1765418461420.png,,2025-12-26,澎湖縣馬公市烏崁里260、261號,(06)9213559
451229,澎湖縣流浪動物收容中心,澎湖縣流浪動物收容中心,混種犬,1,F,BIG,黑色,ADULT,T,https://www.pet.gov.tw/upload/pic/1778285254497.png,,2026-05-12,澎湖縣馬公市烏崁里260、261號,(06)9213559
451231,澎湖縣流浪動物收容中心,澎湖縣流浪動物收容中心,混種犬,1,M,BIG,黃色,ADULT,F,https://www.pet.gov.tw/upload/pic/1778285864124.png,,2026-05-12,澎湖縣馬公市烏崁里260、261號,(06)9213559
442754,新北市板橋區公立動物之家,新北市板橋區公立動物之家,混種犬,1,M,MEDIUM,黃色,ADULT,T,https://www.pet.gov.tw/upload/pic/1770958223165.png,三峽區建安路151號,2026-02-24,新北市板橋區板城路28-1號,(02)89662158
189283,澎湖縣流浪動物收容中心,澎湖縣流浪動物收容中心,混種犬,1,M,MEDIUM,黑黃色,ADULT,T,https://www.pet.gov.tw/upload/pic/1724807964935.png,南寮,2020-12-25,澎湖縣馬公市烏崁里260、261號,(06)9213559
195673,澎湖縣流浪動物收容中心,澎湖縣流浪動物收容中心,混種犬,1,F,BIG,黑黃色,ADULT,T,https://www.pet.gov.tw/upload/pic/1724313543906.png,莒光新村金龜頭,2021-03-02,澎湖縣馬公市烏崁里260、261號,(06)9213559
394302,澎湖縣流浪動物收容中心,澎湖縣流浪動物收容中心,混種犬,1,F,MEDIUM,,CHILD,T,https://www.pet.gov.tw/upload/pic/1739936146920.png,,2025-03-05,澎湖縣馬公市烏崁里260、261號,(06)9213559
391950,澎湖縣流浪動物收容中心,澎湖縣流浪動物收容中心,混種犬,1,F,BIG,黑色,ADULT,T,https://www.pet.gov.tw/upload/pic/1738564175458.png,十全國小電塔前,2025-02-12,澎湖縣馬公市烏崁里260、261號,(06)9213559
340989,新北市板橋區公立動物之家,新北市板橋區公立動物之家,混種犬,1,M,MEDIUM,黃色,ADULT,T,https://www.pet.gov.tw/upload/pic/1754539112772.png,中山路501巷47號,2023-12-29,新北市板橋區板城路28-1號,(02)89662158
318315,新北市板橋區公立動物之家,新北市板橋區公立動物之家,混種犬,1,F,MEDIUM,黑色,ADULT,T,https://www.pet.gov.tw/upload/pic/1754536088252.png,東眼山,2023-07-26,新北市板橋區板城路28-1號,(02)89662158
310267,新北市板橋區公立動物之家,新北市板橋區公立動物之家,混種犬,1,F,MEDIUM,黑色,ADULT,F,https://www.pet.gov.tw/upload/pic/1777874393459.png,保安街二段267巷2弄,2023-05-29,新北市板橋區板城路28-1號,(02)89662158
305689,新北市板橋區公立動物之家,新北市板橋區公立動物之家,混種犬,1,M,MEDIUM,黑色,ADULT,F,https://www.pet.gov.tw/upload/pic/1761974327667.png,白雞路143號,2023-06-12,新北市板橋區板城路28-1號,(02)89662158
459290,臺南市動物之家善化站,臺南市動物之家善化站,柴犬,0,F,MEDIUM,黑白色,ADULT,N,https://www.pet.gov.tw/upload/pic/1782876937908.png,,2026-07-01,臺南市善化區昌隆里東勢寮1-19號,(06)5832399
446651,新北市板橋區公立動物之家,新北市板橋區公立動物之家,混種犬,1,M,MEDIUM,白色,ADULT,T,https://www.pet.gov.tw/upload/pic/1774324886337.png,樹林區樹林區,2026-03-24,新北市板橋區板城路28-1號,(02)89662158
245162,澎湖縣流浪動物收容中心,澎湖縣流浪動物收容中心,混種犬,1,M,MEDIUM,黃色,ADULT,T,https://www.pet.gov.tw/upload/pic/1724808189501.png,林務局,2022-03-14,澎湖縣馬公市烏崁里260、261號,(06)9213559
323339,新北市板橋區公立動物之家,新北市板橋區公立動物之家,混種犬,1,M,MEDIUM,黑色,ADULT,F,https://www.pet.gov.tw/upload/pic/1777876222773.png,大勇路3巷,2024-03-02,新北市板橋區板城路28-1號,(02)89662158
188382,澎湖縣流浪動物收容中心,澎湖縣流浪動物收容中心,混種犬,1,M,BIG,黃色,ADULT,T,https://www.pet.gov.tw/upload/pic/1724808058032.png,嵵裡,2020-12-18,澎湖縣馬公市烏崁里260、261號,(06)9213559
184126,澎湖縣流浪動物收容中心,澎湖縣流浪動物收容中心,混種犬,1,M,MEDIUM,黃色,ADULT,T,https://www.pet.gov.tw/upload/pic/1724808001662.png,案山海軍營區,2020-11-24,澎湖縣馬公市烏崁里260、261號,(06)9213559
197743,新北市板橋區公立動物之家,新北市板橋區公立動物之家,混種犬,1,F,MEDIUM,黃色,ADULT,F,https://www.pet.gov.tw/upload/pic/1754535813729.png,陶博館,2021-03-10,新北市板橋區板城路28-1號,(02)89662158
204798,澎湖縣流浪動物收容中心,澎湖縣流浪動物收容中心,混種犬,1,M,BIG,黑黃色,ADULT,T,https://www.pet.gov.tw/upload/pic/1724742561875.png,海軍基地,2021-05-08,澎湖縣馬公市烏崁里260、261號,(06)9213559
323341,新北市板橋區公立動物之家,新北市板橋區公立動物之家,混種犬,1,M,MEDIUM,黑色,ADULT,F,https://www.pet.gov.tw/upload/pic/1754536720718.png,大勇路3巷,2024-03-02,新北市板橋區板城路28-1號,(02)89662158
336233,澎湖縣流浪動物收容中心,澎湖縣流浪動物收容中心,混種犬,1,F,BIG,黃色,ADULT,T,https://www.pet.gov.tw/upload/pic/1727070901395.png,,2023-12-08,澎湖縣馬公市烏崁里260、261號,(06)9213559
457886,苗栗縣動物保護教育園區,苗栗縣動物保護教育園區,混種犬,1,F,SMALL,虎斑色,CHILD,T,https://www.pet.gov.tw/upload/pic/1781762681218.png,頭屋鄉鳴鳳村,2026-06-18,苗栗縣銅鑼鄉朝陽村6鄰朝北55-1號(地圖：https:／／goo.gl/maps/Bd4sckpEPsrof7Qb8),(037)558228
455995,苗栗縣動物保護教育園區,苗栗縣動物保護教育園區,混種犬,1,F,MEDIUM,米色,CHILD,T,https://www.pet.gov.tw/upload/pic/1780383843601.png,頭屋鄉鳴鳳村,2026-06-02,苗栗縣銅鑼鄉朝陽村6鄰朝北55-1號(地圖：https:／／goo.gl/maps/Bd4sckpEPsrof7Qb8),(037)558228
194922,澎湖縣流浪動物收容中心,澎湖縣流浪動物收容中心,混種犬,1,F,BIG,黑色,ADULT,T,https://www.pet.gov.tw/upload/pic/1724743466949.png,山水里109_1號旁巷子,2021-02-15,澎湖縣馬公市烏崁里260、261號,(06)9213559
399437,澎湖縣流浪動物收容中心,澎湖縣流浪動物收容中心,混種犬,1,M,MEDIUM,黑色,CHILD,T,https://www.pet.gov.tw/upload/pic/1746155757882.png,陳進山,2025-04-09,澎湖縣馬公市烏崁里260、261號,(06)9213559
425575,澎湖縣流浪動物收容中心,澎湖縣流浪動物收容中心,混種犬,1,F,MEDIUM,黃色,CHILD,T,https://www.pet.gov.tw/upload/pic/1761208055100.png,文山路225巷,2025-10-24,澎湖縣馬公市烏崁里260、261號,(06)9213559
407690,澎湖縣流浪動物收容中心,澎湖縣流浪動物收容中心,混種犬,1,M,MEDIUM,黃色,CHILD,T,https://www.pet.gov.tw/upload/pic/1749525874140.png,中路500號工地,2025-06-11,澎湖縣馬公市烏崁里260、261號,(06)9213559
390372,澎湖縣流浪動物收容中心,澎湖縣流浪動物收容中心,混種犬,1,F,MEDIUM,黑黃色,CHILD,T,https://www.pet.gov.tw/upload/pic/1748243917198.png,喜來登附近,2025-01-29,澎湖縣馬公市烏崁里260、261號,(06)9213559
390373,澎湖縣流浪動物收容中心,澎湖縣流浪動物收容中心,混種犬,1,F,MEDIUM,黑黃色,CHILD,T,https://www.pet.gov.tw/upload/pic/1748244007054.png,喜來登附近,2025-01-29,澎湖縣馬公市烏崁里260、261號,(06)9213559
438320,澎湖縣流浪動物收容中心,澎湖縣流浪動物收容中心,混種犬,1,F,MEDIUM,黑色,CHILD,T,https://www.pet.gov.tw/upload/pic/1768099847486.png,,2026-01-21,澎湖縣馬公市烏崁里260、261號,(06)9213559
438319,澎湖縣流浪動物收容中心,澎湖縣流浪動物收容中心,混種犬,1,M,MEDIUM,黑色,CHILD,T,https://www.pet.gov.tw/upload/pic/1768099868760.png,,2026-01-21,澎湖縣馬公市烏崁里260、261號,(06)9213559
387942,澎湖縣流浪動物收容中心,澎湖縣流浪動物收容中心,混種犬,1,F,MEDIUM,黑色,CHILD,T,https://www.pet.gov.tw/upload/pic/1739085530358.png,,2025-01-08,澎湖縣馬公市烏崁里260、261號,(06)9213559
418919,澎湖縣流浪動物收容中心,澎湖縣流浪動物收容中心,混種犬,1,F,SMALL,黑色,CHILD,T,https://www.pet.gov.tw/upload/pic/1755669522398.png,五德營區,2025-09-05,澎湖縣馬公市烏崁里260、261號,(06)9213559
361907,澎湖縣流浪動物收容中心,澎湖縣流浪動物收容中心,混種犬,1,F,MEDIUM,黃色,ADULT,T,https://www.pet.gov.tw/upload/pic/1727248774304.png,75號,2024-06-27,澎湖縣馬公市烏崁里260、261號,(06)9213559
429061,澎湖縣流浪動物收容中心,澎湖縣流浪動物收容中心,混種犬,1,F,BIG,黃色,ADULT,T,https://www.pet.gov.tw/upload/pic/1761978284120.png,,2025-11-14,澎湖縣馬公市烏崁里260、261號,(06)9213559
327236,澎湖縣流浪動物收容中心,澎湖縣流浪動物收容中心,混種犬,1,M,BIG,黑色,ADULT,T,https://www.pet.gov.tw/upload/pic/1706323357953.png,福興回收西文澳86-9號,2023-10-10,澎湖縣馬公市烏崁里260、261號,(06)9213559
344732,澎湖縣流浪動物收容中心,澎湖縣流浪動物收容中心,混種犬,1,F,MEDIUM,黑色,ADULT,T,https://www.pet.gov.tw/upload/pic/1706594213889.png,,2024-02-12,澎湖縣馬公市烏崁里260、261號,(06)9213559
426948,澎湖縣流浪動物收容中心,澎湖縣流浪動物收容中心,混種犬,1,F,SMALL,虎斑色,CHILD,T,https://www.pet.gov.tw/upload/pic/1761121471564.png,,2025-11-07,澎湖縣馬公市烏崁里260、261號,(06)9213559
420039,澎湖縣流浪動物收容中心,澎湖縣流浪動物收容中心,混種犬,1,F,BIG,黃色,ADULT,T,https://www.pet.gov.tw/upload/pic/1756782514724.png,緣ktv,2025-09-12,澎湖縣馬公市烏崁里260、261號,(06)9213559
295642,澎湖縣流浪動物收容中心,澎湖縣流浪動物收容中心,混種犬,1,M,MEDIUM,黃色,ADULT,T,https://www.pet.gov.tw/upload/pic/1727135496461.png,黑砂糖冰廠,2023-02-25,澎湖縣馬公市烏崁里260、261號,(06)9213559
424663,澎湖縣流浪動物收容中心,澎湖縣流浪動物收容中心,混種犬,1,M,MEDIUM,黑色,CHILD,T,https://www.pet.gov.tw/upload/pic/1759365063615.png,文山路225巷,2025-10-17,澎湖縣馬公市烏崁里260、261號,(06)9213559
198877,澎湖縣流浪動物收容中心,澎湖縣流浪動物收容中心,混種犬,1,M,MEDIUM,虎斑色,ADULT,T,https://www.pet.gov.tw/upload/pic/1724383238946.png,西衛開心農場旁,2021-03-24,澎湖縣馬公市烏崁里260、261號,(06)9213559
456441,桃園市動物保護教育園區,桃園市動物保護教育園區,哈士奇(西伯利亞雪橇犬),0,M,BIG,黑白色,ADULT,F,https://www.pet.gov.tw/upload/pic/1780712651487.png,中壢區崇德二路,,桃園市新屋區永興里3鄰藻礁路1668號,(03)4861760
459273,高雄市壽山動物保護教育園區,高雄市壽山動物保護教育園區,吉娃娃犬,0,M,SMALL,白色,ADULT,N,https://www.pet.gov.tw/upload/pic/1782869499947.png,忠義街,,高雄市鼓山區萬壽路350號,(07)5519059
459243,高雄市壽山動物保護教育園區,高雄市壽山動物保護教育園區,美國惡霸犬,0,M,BIG,棕色,ADULT,N,https://www.pet.gov.tw/upload/pic/1782867469266.png,陽明路,,高雄市鼓山區萬壽路350號,(07)5519059
459262,南投縣公立動物收容所,南投縣公立動物收容所,法國鬥牛犬,0,M,MEDIUM,虎斑色,ADULT,F,https://www.pet.gov.tw/upload/pic/1782868711471.png,福旗巷小樹蛙露營區,,南投縣南投市嶺興路36-1號,(049)2225440
459261,南投縣公立動物收容所,南投縣公立動物收容所,混種犬,1,F,MEDIUM,黃色,ADULT,T,https://www.pet.gov.tw/upload/pic/1782868602984.png,碧興路,2026-06-30,南投縣南投市嶺興路36-1號,(049)2225440
459235,臺南市動物之家善化站,臺南市動物之家善化站,混種犬,1,M,MEDIUM,黑色,ADULT,N,https://www.pet.gov.tw/upload/pic/1782865064712.png,,2026-06-30,臺南市善化區昌隆里東勢寮1-19號,(06)5832399
401267,澎湖縣流浪動物收容中心,澎湖縣流浪動物收容中心,混種犬,1,M,BIG,黑色,ADULT,T,https://www.pet.gov.tw/upload/pic/1744686508516.png,陳進山,2025-04-23,澎湖縣馬公市烏崁里260、261號,(06)9213559
392283,澎湖縣流浪動物收容中心,澎湖縣流浪動物收容中心,混種犬,1,M,BIG,虎斑色,ADULT,T,https://www.pet.gov.tw/upload/pic/1738740804236.png,小林五金旁新建大樓,2025-02-19,澎湖縣馬公市烏崁里260、261號,(06)9213559
295640,澎湖縣流浪動物收容中心,澎湖縣流浪動物收容中心,混種犬,1,M,MEDIUM,黑色,ADULT,T,https://www.pet.gov.tw/upload/pic/1727263964230.png,黑砂糖冰廠,2023-02-25,澎湖縣馬公市烏崁里260、261號,(06)9213559
431976,澎湖縣流浪動物收容中心,澎湖縣流浪動物收容中心,混種犬,1,M,BIG,三花色,ADULT,T,https://www.pet.gov.tw/upload/pic/1763881476395.png,,2025-12-05,澎湖縣馬公市烏崁里260、261號,(06)9213559
457177,花蓮縣狗貓躍動園區,花蓮縣狗貓躍動園區,混種犬,1,F,MEDIUM,黑白色,ADULT,T,https://www.pet.gov.tw/upload/pic/1781243362245.png,,2026-07-01,花蓮縣鳳林鎮林榮里永豐路255號,(03)8421452
459176,高雄市燕巢動物保護關愛園區,高雄市燕巢動物保護關愛園區,混種犬,1,M,MEDIUM,黃色,CHILD,N,https://www.pet.gov.tw/upload/pic/1782803982131.png,阿蓮區峰山里,2026-06-30,高雄市燕巢區師大路98號,(07)6051002
459173,高雄市燕巢動物保護關愛園區,高雄市燕巢動物保護關愛園區,混種犬,1,F,MEDIUM,黑色,CHILD,N,https://www.pet.gov.tw/upload/pic/1782803894104.png,彌陀區過港里,2026-06-30,高雄市燕巢區師大路98號,(07)6051002
459170,高雄市燕巢動物保護關愛園區,高雄市燕巢動物保護關愛園區,混種犬,1,F,MEDIUM,黃色,CHILD,N,https://www.pet.gov.tw/upload/pic/1782803841770.png,路竹區甲北里,2026-06-30,高雄市燕巢區師大路98號,(07)6051002
459169,高雄市燕巢動物保護關愛園區,高雄市燕巢動物保護關愛園區,混種犬,1,F,MEDIUM,花色,CHILD,N,https://www.pet.gov.tw/upload/pic/1782803783030.png,梓官區赤崁里,2026-06-30,高雄市燕巢區師大路98號,(07)6051002
459167,高雄市燕巢動物保護關愛園區,高雄市燕巢動物保護關愛園區,混種犬,1,F,MEDIUM,黃色,CHILD,N,https://www.pet.gov.tw/upload/pic/1782803693767.png,湖內區海山里海埔國小,2026-06-30,高雄市燕巢區師大路98號,(07)6051002
459163,高雄市壽山動物保護教育園區,高雄市壽山動物保護教育園區,混種犬,1,M,MEDIUM,黃色,ADULT,N,https://www.pet.gov.tw/upload/pic/1782803332869.png,桃子園路,2026-06-01,高雄市鼓山區萬壽路350號,(07)5519059
459161,高雄市壽山動物保護教育園區,高雄市壽山動物保護教育園區,混種犬,1,F,BIG,黑色,ADULT,N,https://www.pet.gov.tw/upload/pic/1782802970046.png,統嶺路,2026-06-01,高雄市鼓山區萬壽路350號,(07)5519059
459158,高雄市壽山動物保護教育園區,高雄市壽山動物保護教育園區,混種犬,1,F,BIG,黃色,ADULT,N,https://www.pet.gov.tw/upload/pic/1782802836854.png,澄清路,2026-06-01,高雄市鼓山區萬壽路350號,(07)5519059
459154,高雄市壽山動物保護教育園區,高雄市壽山動物保護教育園區,混種犬,1,F,BIG,黃色,ADULT,N,https://www.pet.gov.tw/upload/pic/1782802739216.png,左營大路,2026-06-01,高雄市鼓山區萬壽路350號,(07)5519059
459152,高雄市壽山動物保護教育園區,高雄市壽山動物保護教育園區,混種犬,1,F,MEDIUM,黑色,ADULT,N,https://www.pet.gov.tw/upload/pic/1782802613840.png,下厝路,2026-06-01,高雄市鼓山區萬壽路350號,(07)5519059
459135,臺南市動物之家善化站,臺南市動物之家善化站,混種犬,1,M,MEDIUM,黑虎斑色,ADULT,N,https://www.pet.gov.tw/upload/pic/1782800503152.png,,2026-06-30,臺南市善化區昌隆里東勢寮1-19號,(06)5832399
459134,臺南市動物之家善化站,臺南市動物之家善化站,混種犬,1,F,MEDIUM,黑色,ADULT,N,https://www.pet.gov.tw/upload/pic/1782800365433.png,,2026-06-30,臺南市善化區昌隆里東勢寮1-19號,(06)5832399
459133,臺南市動物之家善化站,臺南市動物之家善化站,混種犬,1,F,MEDIUM,黃虎斑色,ADULT,N,https://www.pet.gov.tw/upload/pic/1782800246708.png,,2026-06-30,臺南市善化區昌隆里東勢寮1-19號,(06)5832399
459108,宜蘭縣流浪動物中途之家,宜蘭縣流浪動物中途之家,混種犬,1,M,BIG,黃色,ADULT,N,https://www.pet.gov.tw/upload/pic/1782800180602.png,華興巷,2026-06-30,宜蘭縣五結鄉成興村利寶路60號,(03)9602350620
430563,基隆市寵物銀行,基隆市寵物銀行,混種犬,1,M,BIG,黑色,ADULT,T,https://www.pet.gov.tw/upload/pic/1763009135465.png,武隆街103巷10號,2025-11-13,基隆市七堵區大華三路45-12號(欣欣安樂園旁),(02)24560148
459128,臺南市動物之家善化站,臺南市動物之家善化站,混種犬,1,M,MEDIUM,黑色,ADULT,N,https://www.pet.gov.tw/upload/pic/1782799756389.png,,2026-06-30,臺南市善化區昌隆里東勢寮1-19號,(06)5832399
459126,臺南市動物之家善化站,臺南市動物之家善化站,混種犬,1,M,MEDIUM,黑色,ADULT,N,https://www.pet.gov.tw/upload/pic/1782799643872.png,,2026-06-30,臺南市善化區昌隆里東勢寮1-19號,(06)5832399
455791,臺北市動物之家,臺北市動物之家,混種犬,1,M,MEDIUM,黑白色,ADULT,T,https://www.pet.gov.tw/upload/pic/1780198382361.png,文化里中央北路二段,2026-06-11,臺北市內湖區安美街191號,(02)87913254
459120,新竹縣動物保護教育園區,新竹縣動物保護教育園區,混種犬,1,F,BIG,虎斑色,ADULT,T,https://www.pet.gov.tw/upload/pic/1782798271368.png,,2026-06-22,新竹縣竹北市縣政五街192號,(03)5519548
193624,南投縣公立動物收容所,南投縣公立動物收容所,混種犬,1,F,MEDIUM,黃色,ADULT,T,https://www.pet.gov.tw/upload/pic/4de3a677-45f2-4bbf-88d0-3cbf71275ce2.JPG,南投縣埔里鎮泰安里平三街,2021-01-27,南投縣南投市嶺興路36-1號,(049)2225440
458225,雲林縣流浪動物收容所,雲林縣流浪動物收容所,混種犬,1,M,BIG,黑色,ADULT,T,https://www.pet.gov.tw/upload/pic/1782175105588.png,斗六市明德里,2026-06-15,雲林縣斗六市雲林路二段517號,(05)5523300
458226,雲林縣流浪動物收容所,雲林縣流浪動物收容所,混種犬,1,F,BIG,黑色,ADULT,T,https://www.pet.gov.tw/upload/pic/1782175191517.png,斗六市久安里,2026-06-26,雲林縣斗六市雲林路二段517號,(05)5523300
454201,臺中市動物之家后里園區,臺中市動物之家后里園區,柴犬,0,M,BIG,黃色,ADULT,T,https://www.pet.gov.tw/upload/pic/1782719181627.png,中橫十三路15號,2026-06-30,臺中市后里區堤防路370號,(04)25588024
458198,新北市新店區公立動物之家,新北市新店區公立動物之家,柴犬,0,F,SMALL,黃色,ADULT,N,https://www.pet.gov.tw/upload/pic/1782118293669.png,新店區安豐路27號,2026-07-01,新北市新店區安泰路235號,(02)22159462
458199,新北市新店區公立動物之家,新北市新店區公立動物之家,吉娃娃犬,0,F,SMALL,黃白色,ADULT,N,https://www.pet.gov.tw/upload/pic/1782118509063.png,汐止區大同路二段459號,2026-07-01,新北市新店區安泰路235號,(02)22159462
458556,金門縣動物收容中心,金門縣動物收容中心,混種犬,1,F,MEDIUM,黑白色,ADULT,F,https://www.pet.gov.tw/upload/pic/1782292550039.png,金沙鎮浦山里洋山,2026-06-24,金門縣金湖鎮裕民農莊20號,(082)336625
454040,金門縣動物收容中心,金門縣動物收容中心,混種犬,1,M,MEDIUM,虎斑色,ADULT,F,https://www.pet.gov.tw/upload/pic/1779678633602.png,金湖鎮山外里黃海路,2026-05-18,金門縣金湖鎮裕民農莊20號,(082)336625
458937,苗栗縣動物保護教育園區,苗栗縣動物保護教育園區,混種犬,1,M,MEDIUM,黑色,CHILD,T,https://www.pet.gov.tw/upload/pic/1782704734595.png,公館鄉中義村,2026-06-29,苗栗縣銅鑼鄉朝陽村6鄰朝北55-1號(地圖：https:／／goo.gl/maps/Bd4sckpEPsrof7Qb8),(037)558228
425527,臺北市動物之家,臺北市動物之家,混種犬,1,F,SMALL,黑白色,CHILD,T,https://www.pet.gov.tw/upload/pic/1759989536371.png,湖田里竹子湖路,2025-10-09,臺北市內湖區安美街191號,(02)87913254
412292,臺北市動物之家,臺北市動物之家,混種犬,1,M,SMALL,黑色,CHILD,T,https://www.pet.gov.tw/upload/pic/1751005332485.png,竹子湖路,2025-06-27,臺北市內湖區安美街191號,(02)87913254
429057,新北市中和區公立動物之家,新北市中和區公立動物之家,混種犬,1,M,MEDIUM,咖啡色,ADULT,T,https://www.pet.gov.tw/upload/pic/1782693748605.png,土城區三民路4號,2025-11-01,新北市中和區興南路三段100號,(02)86685547
323432,臺北市動物之家,臺北市動物之家,混種犬,1,F,MEDIUM,黑色,ADULT,T,https://www.pet.gov.tw/upload/pic/1693471011948.png,新光里忠孝東路七段,2023-12-09,臺北市內湖區安美街191號,(02)87913254
36093,新北市五股區公立動物之家,新北市五股區公立動物之家,混種犬,1,F,MEDIUM,黑色,ADULT,F,https://www.pet.gov.tw/upload/pic/e051dee3-f308-4830-bca1-d7c622a6eeea.jpg,下福里,2021-10-05,新北市五股區外寮路9-9號,(02)82925265
385664,新北市五股區公立動物之家,新北市五股區公立動物之家,混種犬,1,M,MEDIUM,棕黑色,ADULT,T,https://www.pet.gov.tw/upload/pic/1733631461381.png,河邊北街-寵物公園,2024-12-08,新北市五股區外寮路9-9號,(02)82925265
224694,新北市五股區公立動物之家,新北市五股區公立動物之家,混種犬,1,M,MEDIUM,黑色,ADULT,T,https://www.pet.gov.tw/upload/pic/6c58b8ba-b967-4b5f-9c0d-e3f730be722d.jpg,林口區美麗華球場,2020-10-13,新北市五股區外寮路9-9號,(02)82925265
458833,臺東縣動物收容中心,臺東縣動物收容中心,混種犬,1,F,SMALL,黑虎斑色,CHILD,N,https://www.pet.gov.tw/upload/pic/1782542238620.png,,2026-06-27,臺東縣臺東市中華路4段999巷600號,(089)362011
28940,桃園市動物保護教育園區,桃園市動物保護教育園區,混種犬,1,M,MEDIUM,黃色,ADULT,F,https://www.pet.gov.tw/upload/pic/bf62b904-bcf3-4433-96fe-18dc5596681a.JPG,健行里中北路,2018-03-01,桃園市新屋區永興里3鄰藻礁路1668號,(03)4861760
218701,桃園市動物保護教育園區,桃園市動物保護教育園區,混種犬,1,F,MEDIUM,黑色,ADULT,T,https://www.pet.gov.tw/upload/pic/f3013151-e704-4e15-b5c3-6741faf2d9e7.jpg,草漯里福興街,2024-11-22,桃園市新屋區永興里3鄰藻礁路1668號,(03)4861760
214658,桃園市動物保護教育園區,桃園市動物保護教育園區,混種犬,1,M,MEDIUM,黑黃色,ADULT,F,https://www.pet.gov.tw/upload/pic/13b8d61f-13eb-4f94-935c-3fff917c47ab.jpg,龍岡路三段622巷口,2022-09-06,桃園市新屋區永興里3鄰藻礁路1668號,(03)4861760
316979,桃園市動物保護教育園區,桃園市動物保護教育園區,混種犬,1,F,MEDIUM,黑色,ADULT,F,https://www.pet.gov.tw/upload/pic/1689562354974.png,裕成里裕成路１６４巷,2024-04-02,桃園市新屋區永興里3鄰藻礁路1668號,(03)4861760
458788,金門縣動物收容中心,金門縣動物收容中心,混種犬,1,M,MEDIUM,虎斑色,CHILD,F,https://www.pet.gov.tw/upload/pic/1782464896929.png,金湖鎮新湖里裕民農莊（松柏園）,2026-06-26,金門縣金湖鎮裕民農莊20號,(082)336625
458760,新北市中和區公立動物之家,新北市中和區公立動物之家,混種犬,1,F,MEDIUM,黑色,ADULT,T,https://www.pet.gov.tw/upload/pic/1782454563118.png,興南路三段,2026-06-26,新北市中和區興南路三段100號,(02)86685547
221615,臺北市動物之家,臺北市動物之家,混種犬,1,M,MEDIUM,黑棕色,ADULT,F,https://asms.coa.gov.tw/amlapp/upload/pic/aa64ec18-d230-4f80-8ae3-01a2b38729f1_org.jpeg,新安里新安路３０巷,2021-09-19,臺北市內湖區安美街191號,(02)87913254
458714,臺南市動物之家善化站,臺南市動物之家善化站,混種犬,1,F,MEDIUM,黑色,ADULT,F,https://www.pet.gov.tw/upload/pic/1782377506373.png,,,臺南市善化區昌隆里東勢寮1-19號,(06)5832399
458712,臺南市動物之家善化站,臺南市動物之家善化站,混種犬,1,M,MEDIUM,黃色,ADULT,N,https://www.pet.gov.tw/upload/pic/1782377240375.png,,2026-07-02,臺南市善化區昌隆里東勢寮1-19號,(06)5832399
458669,臺南市動物之家善化站,臺南市動物之家善化站,臘腸犬,0,F,MEDIUM,黃色,ADULT,N,https://www.pet.gov.tw/upload/pic/1782370363471.png,,2026-07-02,臺南市善化區昌隆里東勢寮1-19號,(06)5832399
224679,臺北市動物之家,臺北市動物之家,混種犬,1,M,MEDIUM,黃白色,ADULT,T,https://www.pet.gov.tw/upload/pic/db8c89d1-6d40-44d8-ac70-48d93db03ccd.jpg,台北市動物之家,2021-09-28,臺北市內湖區安美街191號,(02)87913254
458633,苗栗縣動物保護教育園區,苗栗縣動物保護教育園區,混種犬,1,F,SMALL,黑色,CHILD,T,https://www.pet.gov.tw/upload/pic/1782359216239.png,頭份市興隆里,2026-06-25,苗栗縣銅鑼鄉朝陽村6鄰朝北55-1號(地圖：https:／／goo.gl/maps/Bd4sckpEPsrof7Qb8),(037)558228
458611,高雄市燕巢動物保護關愛園區,高雄市燕巢動物保護關愛園區,混種犬,1,F,SMALL,黃色,CHILD,N,https://www.pet.gov.tw/upload/pic/1782351749390.png,尖山里紅山巷,2026-06-25,高雄市燕巢區師大路98號,(07)6051002
458607,高雄市燕巢動物保護關愛園區,高雄市燕巢動物保護關愛園區,混種犬,1,M,SMALL,黑色,CHILD,N,https://www.pet.gov.tw/upload/pic/1782351612438.png,鯤洲里中洲路,2026-06-25,高雄市燕巢區師大路98號,(07)6051002
458605,高雄市燕巢動物保護關愛園區,高雄市燕巢動物保護關愛園區,混種犬,1,M,SMALL,黃色,CHILD,N,https://www.pet.gov.tw/upload/pic/1782351468717.png,鹽田里永達路,2026-06-25,高雄市燕巢區師大路98號,(07)6051002
458601,高雄市燕巢動物保護關愛園區,高雄市燕巢動物保護關愛園區,混種犬,1,M,SMALL,棕色,CHILD,N,https://www.pet.gov.tw/upload/pic/1782351309806.png,圓富里旗甲路二段,2026-06-25,高雄市燕巢區師大路98號,(07)6051002
458596,高雄市燕巢動物保護關愛園區,高雄市燕巢動物保護關愛園區,混種犬,1,M,SMALL,黑色,CHILD,N,https://www.pet.gov.tw/upload/pic/1782350823315.png,圓富里旗甲路二段,2026-06-25,高雄市燕巢區師大路98號,(07)6051002
458595,高雄市燕巢動物保護關愛園區,高雄市燕巢動物保護關愛園區,混種犬,1,M,SMALL,黑色,CHILD,N,https://www.pet.gov.tw/upload/pic/1782350685226.png,新港里淵源橋,2026-06-25,高雄市燕巢區師大路98號,(07)6051002
458588,高雄市燕巢動物保護關愛園區,高雄市燕巢動物保護關愛園區,混種犬,1,F,SMALL,黑色,CHILD,N,https://www.pet.gov.tw/upload/pic/1782350537367.png,維新里保安路7巷,2026-06-25,高雄市燕巢區師大路98號,(07)6051002
458579,高雄市燕巢動物保護關愛園區,高雄市燕巢動物保護關愛園區,混種犬,1,F,SMALL,黑色,CHILD,N,https://www.pet.gov.tw/upload/pic/1782350153124.png,永安區新港里淵源橋,2026-06-25,高雄市燕巢區師大路98號,(07)6051002
458576,高雄市燕巢動物保護關愛園區,高雄市燕巢動物保護關愛園區,混種犬,1,F,SMALL,黑色,CHILD,N,https://www.pet.gov.tw/upload/pic/1782349909673.png,永安區新港里淵源橋,2026-06-25,高雄市燕巢區師大路98號,(07)6051002
458575,高雄市燕巢動物保護關愛園區,高雄市燕巢動物保護關愛園區,混種犬,1,F,SMALL,黑色,CHILD,N,https://www.pet.gov.tw/upload/pic/1782349738166.png,旗山區鯤洲里中洲路,2026-06-25,高雄市燕巢區師大路98號,(07)6051002
458573,高雄市燕巢動物保護關愛園區,高雄市燕巢動物保護關愛園區,混種犬,1,M,SMALL,黑色,CHILD,N,https://www.pet.gov.tw/upload/pic/1782349443933.png,新港里淵源橋,2026-06-25,高雄市燕巢區師大路98號,(07)6051002
457847,南投縣公立動物收容所,南投縣公立動物收容所,混種犬,1,M,MEDIUM,黑色,ADULT,T,https://www.pet.gov.tw/upload/pic/1781747382577.png,梅村路,2026-06-24,南投縣南投市嶺興路36-1號,(049)2225440
439853,雲林縣流浪動物收容所,雲林縣流浪動物收容所,比特犬,0,M,BIG,棕白色,CHILD,T,https://www.pet.gov.tw/upload/pic/1769056812961.png,土庫鎮崙內里,2026-01-16,雲林縣斗六市雲林路二段517號,(05)5523300
452561,新北市新店區公立動物之家,新北市新店區公立動物之家,貴賓犬,0,M,SMALL,咖啡色,ADULT,T,https://www.pet.gov.tw/upload/pic/1778576347679.png,新店區寶高路120巷巷口,2026-05-16,新北市新店區安泰路235號,(02)22159462
457963,高雄市壽山動物保護教育園區,高雄市壽山動物保護教育園區,混種犬,1,F,SMALL,黑色,CHILD,F,https://www.pet.gov.tw/upload/pic/1782289361803.png,介壽路,2026-06-18,高雄市鼓山區萬壽路350號,(07)5519059
145862,臺北市動物之家,臺北市動物之家,混種犬,1,F,MEDIUM,黑色,ADULT,T,https://www.pet.gov.tw/upload/pic/54371_109022105_0.jpg,西寧南路,2021-04-10,臺北市內湖區安美街191號,(02)87913254
31595,臺北市動物之家,臺北市動物之家,其他,0,M,MEDIUM,黑白色,ADULT,T,https://www.pet.gov.tw/upload/pic/24230_106061807_2.jpg,民眾不擬續養,2021-04-10,臺北市內湖區安美街191號,(02)87913254
458504,金門縣動物收容中心,金門縣動物收容中心,混種犬,1,F,SMALL,黑色,CHILD,F,https://www.pet.gov.tw/upload/pic/1782286707105.png,金寧鄉盤山村東堡溝,2026-06-22,金門縣金湖鎮裕民農莊20號,(082)336625
458503,金門縣動物收容中心,金門縣動物收容中心,混種犬,1,F,SMALL,黑色,CHILD,F,https://www.pet.gov.tw/upload/pic/1782285932689.png,金寧鄉盤山村東堡溝,2026-06-22,金門縣金湖鎮裕民農莊20號,(082)336625
458502,金門縣動物收容中心,金門縣動物收容中心,混種犬,1,F,SMALL,黑色,CHILD,F,https://www.pet.gov.tw/upload/pic/1782285527320.png,金寧鄉盤山村東堡溝,2026-06-22,金門縣金湖鎮裕民農莊20號,(082)336625
458501,金門縣動物收容中心,金門縣動物收容中心,混種犬,1,F,SMALL,黑色,CHILD,F,https://www.pet.gov.tw/upload/pic/1782285330559.png,金寧鄉盤山村東堡溝,2026-06-22,金門縣金湖鎮裕民農莊20號,(082)336625
458537,新北市瑞芳區公立動物之家,新北市瑞芳區公立動物之家,混種犬,1,F,MEDIUM,黑黃色,CHILD,T,https://www.pet.gov.tw/upload/pic/1782284984897.png,雙溪區,2026-06-24,新北市瑞芳區中坑路3號(瑞芳清潔隊廠區內),(02)24063481
458531,臺南市動物之家善化站,臺南市動物之家善化站,混種犬,1,F,MEDIUM,白色,ADULT,N,https://www.pet.gov.tw/upload/pic/1782284328391.png,,2026-07-01,臺南市善化區昌隆里東勢寮1-19號,(06)5832399
458500,金門縣動物收容中心,金門縣動物收容中心,混種犬,1,F,SMALL,黑色,CHILD,F,https://www.pet.gov.tw/upload/pic/1782283802119.png,金寧鄉盤山村東堡溝,2026-06-22,金門縣金湖鎮裕民農莊20號,(082)336625
458507,苗栗縣動物保護教育園區,苗栗縣動物保護教育園區,混種犬,1,F,MEDIUM,黑黃色,CHILD,T,https://www.pet.gov.tw/upload/pic/1782282777504.png,造橋鄉平興村,2026-06-24,苗栗縣銅鑼鄉朝陽村6鄰朝北55-1號(地圖：https:／／goo.gl/maps/Bd4sckpEPsrof7Qb8),(037)558228
457725,高雄市壽山動物保護教育園區,高雄市壽山動物保護教育園區,貴賓犬,0,N,SMALL,白色,ADULT,N,https://www.pet.gov.tw/upload/pic/1782280858666.png,再興街,,高雄市鼓山區萬壽路350號,(07)5519059
458474,臺南市動物之家善化站,臺南市動物之家善化站,混種犬,1,F,MEDIUM,黑色,ADULT,N,https://www.pet.gov.tw/upload/pic/1782272008609.png,,2026-07-01,臺南市善化區昌隆里東勢寮1-19號,(06)5832399
458472,臺南市動物之家善化站,臺南市動物之家善化站,混種犬,1,M,MEDIUM,虎斑色,ADULT,N,https://www.pet.gov.tw/upload/pic/1782271934918.png,,2026-07-01,臺南市善化區昌隆里東勢寮1-19號,(06)5832399
458471,臺南市動物之家善化站,臺南市動物之家善化站,混種犬,1,M,MEDIUM,虎斑色,ADULT,N,https://www.pet.gov.tw/upload/pic/1782271816376.png,,2026-07-01,臺南市善化區昌隆里東勢寮1-19號,(06)5832399
457372,臺北市動物之家,臺北市動物之家,混種犬,1,F,MEDIUM,黑色,ADULT,N,https://www.pet.gov.tw/upload/pic/1781491003518.png,福志里福志路,2026-06-24,臺北市內湖區安美街191號,(02)87913254
458334,桃園市動物保護教育園區,桃園市動物保護教育園區,臘腸犬,0,M,SMALL,黃色,ADULT,F,https://www.pet.gov.tw/upload/pic/1782201421642.png,,,桃園市新屋區永興里3鄰藻礁路1668號,(03)4861760
448322,臺北市動物之家,臺北市動物之家,混種犬,1,F,MEDIUM,黑色,ADULT,T,https://www.pet.gov.tw/upload/pic/1775628858946.png,武昌街二段,2026-06-22,臺北市內湖區安美街191號,(02)87913254
455609,桃園市動物保護教育園區,桃園市動物保護教育園區,柴犬,0,F,MEDIUM,白色,ADULT,N,https://www.pet.gov.tw/upload/pic/1779951862539.png,富林里工業七路附近工廠,2026-07-03,桃園市新屋區永興里3鄰藻礁路1668號,(03)4861760
455871,花蓮縣狗貓躍動園區,花蓮縣狗貓躍動園區,混種犬,1,F,MEDIUM,黃色,ADULT,T,https://www.pet.gov.tw/upload/pic/1780294363480.png,,2026-06-24,花蓮縣鳳林鎮林榮里永豐路255號,(03)8421452
455462,花蓮縣狗貓躍動園區,花蓮縣狗貓躍動園區,混種犬,1,F,MEDIUM,黑色,ADULT,T,https://www.pet.gov.tw/upload/pic/1779868337519.png,,2026-06-24,花蓮縣鳳林鎮林榮里永豐路255號,(03)8421452
458263,臺東縣動物收容中心,臺東縣動物收容中心,混種犬,1,F,MEDIUM,黑黃色,ADULT,N,https://www.pet.gov.tw/upload/pic/1782185337444.png,,2026-06-23,臺東縣臺東市中華路4段999巷600號,(089)362011
455874,花蓮縣狗貓躍動園區,花蓮縣狗貓躍動園區,混種犬,1,F,MEDIUM,黃色,ADULT,T,https://www.pet.gov.tw/upload/pic/1780294470497.png,,2026-06-24,花蓮縣鳳林鎮林榮里永豐路255號,(03)8421452
455679,花蓮縣狗貓躍動園區,花蓮縣狗貓躍動園區,混種犬,1,F,MEDIUM,黑白色,ADULT,T,https://www.pet.gov.tw/upload/pic/1780038084109.png,,2026-06-24,花蓮縣鳳林鎮林榮里永豐路255號,(03)8421452
458232,臺南市動物之家善化站,臺南市動物之家善化站,混種犬,1,M,MEDIUM,黑色,ADULT,N,https://www.pet.gov.tw/upload/pic/1782176094136.png,,2026-06-23,臺南市善化區昌隆里東勢寮1-19號,(06)5832399
458211,宜蘭縣流浪動物中途之家,宜蘭縣流浪動物中途之家,混種犬,1,M,BIG,黑色,ADULT,F,https://www.pet.gov.tw/upload/pic/1782120286687.png,利澤西路,2026-06-22,宜蘭縣五結鄉成興村利寶路60號,(03)9602350620
458212,宜蘭縣流浪動物中途之家,宜蘭縣流浪動物中途之家,混種犬,1,M,BIG,黑色,ADULT,T,https://www.pet.gov.tw/upload/pic/1782120519178.png,頭份路,2026-06-22,宜蘭縣五結鄉成興村利寶路60號,(03)9602350620
31326,臺北市動物之家,臺北市動物之家,混種犬,1,M,MEDIUM,黃色,ADULT,T,https://www.pet.gov.tw/upload/pic/30eb399c-22b5-4037-9964-2757e1642f4c.jpg,萬華國中,2016-12-21,臺北市內湖區安美街191號,(02)87913254
458185,金門縣動物收容中心,金門縣動物收容中心,混種犬,1,M,MEDIUM,黑色,CHILD,F,https://www.pet.gov.tw/upload/pic/1782117682624.png,金沙鎮浦山里呂厝,2026-06-15,金門縣金湖鎮裕民農莊20號,(082)336625
414325,雲林縣流浪動物收容所,雲林縣流浪動物收容所,混種犬,1,M,BIG,黑色,ADULT,F,https://www.pet.gov.tw/upload/pic/1758177466620.png,麥寮鄉許厝,2025-07-18,雲林縣斗六市雲林路二段517號,(05)5523300
414324,雲林縣流浪動物收容所,雲林縣流浪動物收容所,混種犬,1,M,BIG,黑色,ADULT,T,https://www.pet.gov.tw/upload/pic/1758177912114.png,麥寮鄉許厝,2025-07-18,雲林縣斗六市雲林路二段517號,(05)5523300
414322,雲林縣流浪動物收容所,雲林縣流浪動物收容所,混種犬,1,M,BIG,黑色,ADULT,T,https://www.pet.gov.tw/upload/pic/1758177787560.png,麥寮鄉許厝,2025-07-18,雲林縣斗六市雲林路二段517號,(05)5523300
458174,桃園市動物保護教育園區,桃園市動物保護教育園區,貴賓犬,0,M,SMALL,白色,ADULT,T,https://www.pet.gov.tw/upload/pic/1782113885611.png,幸福里福州一街,,桃園市新屋區永興里3鄰藻礁路1668號,(03)4861760
455396,花蓮縣狗貓躍動園區,花蓮縣狗貓躍動園區,混種犬,1,M,MEDIUM,黑棕色,ADULT,T,https://www.pet.gov.tw/upload/pic/1779853830521.png,,2026-06-23,花蓮縣鳳林鎮林榮里永豐路255號,(03)8421452
457013,花蓮縣狗貓躍動園區,花蓮縣狗貓躍動園區,混種犬,1,M,MEDIUM,黃色,ADULT,T,https://www.pet.gov.tw/upload/pic/1781146943036.png,,2026-06-23,花蓮縣鳳林鎮林榮里永豐路255號,(03)8421452
456858,花蓮縣狗貓躍動園區,花蓮縣狗貓躍動園區,混種犬,1,M,MEDIUM,黑色,ADULT,T,https://www.pet.gov.tw/upload/pic/1781058238356.png,,2026-06-23,花蓮縣鳳林鎮林榮里永豐路255號,(03)8421452
406923,臺北市動物之家,臺北市動物之家,混種犬,1,M,MEDIUM,黑色,ADULT,T,https://www.pet.gov.tw/upload/pic/1748070268493.png,,2025-05-24,臺北市內湖區安美街191號,(02)87913254
402110,臺北市動物之家,臺北市動物之家,混種犬,1,F,MEDIUM,黃色,ADULT,T,https://www.pet.gov.tw/upload/pic/1745034217496.png,中山北路六段,2025-09-03,臺北市內湖區安美街191號,(02)87913254
458034,新北市中和區公立動物之家,新北市中和區公立動物之家,混種犬,1,F,MEDIUM,黑色,CHILD,T,https://www.pet.gov.tw/upload/pic/1781935112533.png,,2026-06-20,新北市中和區興南路三段100號,(02)86685547
431449,臺北市動物之家,臺北市動物之家,混種犬,1,F,MEDIUM,黃色,ADULT,N,https://www.pet.gov.tw/upload/pic/1763532730153.png,莊敬路２８９巷,2025-11-26,臺北市內湖區安美街191號,(02)87913254
457961,高雄市壽山動物保護教育園區,高雄市壽山動物保護教育園區,混種犬,1,M,SMALL,虎斑色,ADULT,T,https://www.pet.gov.tw/upload/pic/1781767967275.png,椰樹南巷,2026-06-18,高雄市鼓山區萬壽路350號,(07)5519059
457972,宜蘭縣流浪動物中途之家,宜蘭縣流浪動物中途之家,混種犬,1,N,BIG,虎斑色,ADULT,N,https://www.pet.gov.tw/upload/pic/1781771006124.png,蘇濱路一段,2026-06-18,宜蘭縣五結鄉成興村利寶路60號,(03)9602350620
457971,高雄市壽山動物保護教育園區,高雄市壽山動物保護教育園區,混種犬,1,F,SMALL,黑色,ADULT,N,https://www.pet.gov.tw/upload/pic/1781770128939.png,明道二街,2026-06-18,高雄市鼓山區萬壽路350號,(07)5519059
457966,高雄市壽山動物保護教育園區,高雄市壽山動物保護教育園區,混種犬,1,M,BIG,黑色,ADULT,T,https://www.pet.gov.tw/upload/pic/1781769509800.png,鳳仁路,2026-06-18,高雄市鼓山區萬壽路350號,(07)5519059
457965,高雄市壽山動物保護教育園區,高雄市壽山動物保護教育園區,混種犬,1,M,SMALL,黑色,CHILD,T,https://www.pet.gov.tw/upload/pic/1781769296610.png,果嶺公園,2026-06-18,高雄市鼓山區萬壽路350號,(07)5519059
457962,高雄市壽山動物保護教育園區,高雄市壽山動物保護教育園區,混種犬,1,M,SMALL,黑色,ADULT,T,https://www.pet.gov.tw/upload/pic/1781768502239.png,下厝路,2026-06-18,高雄市鼓山區萬壽路350號,(07)5519059
457955,高雄市壽山動物保護教育園區,高雄市壽山動物保護教育園區,混種犬,1,M,SMALL,白色,ADULT,N,https://www.pet.gov.tw/upload/pic/1781767243513.png,大安三街,2026-06-18,高雄市鼓山區萬壽路350號,(07)5519059
457954,新北市八里區公立動物之家,新北市八里區公立動物之家,柴犬,0,M,MEDIUM,黃色,ADULT,F,https://www.pet.gov.tw/upload/pic/1781767445891.png,新莊區65橋下,,新北市八里區長坑里6鄰長坑道路36號,(02)26194428
457943,高雄市壽山動物保護教育園區,高雄市壽山動物保護教育園區,混種犬,1,M,MEDIUM,黑色,ADULT,T,https://www.pet.gov.tw/upload/pic/1781766186566.png,茄萣運動公園,2026-06-18,高雄市鼓山區萬壽路350號,(07)5519059
457935,高雄市壽山動物保護教育園區,高雄市壽山動物保護教育園區,混種犬,1,M,MEDIUM,黑色,ADULT,N,https://www.pet.gov.tw/upload/pic/1781765405443.png,大漢路,2026-06-18,高雄市鼓山區萬壽路350號,(07)5519059
457918,臺南市動物之家善化站,臺南市動物之家善化站,混種犬,1,F,MEDIUM,黑色,ADULT,N,https://www.pet.gov.tw/upload/pic/1781764902416.png,,2026-06-18,臺南市善化區昌隆里東勢寮1-19號,(06)5832399
457807,宜蘭縣流浪動物中途之家,宜蘭縣流浪動物中途之家,混種犬,1,F,BIG,白色,ADULT,T,https://www.pet.gov.tw/upload/pic/1781764570850.png,延平路,2026-06-17,宜蘭縣五結鄉成興村利寶路60號,(03)9602350620
457690,雲林縣流浪動物收容所,雲林縣流浪動物收容所,混種犬,1,M,MEDIUM,黑棕色,ADULT,T,https://www.pet.gov.tw/upload/pic/1781762442246.png,西螺鎮鹿場里,2026-06-18,雲林縣斗六市雲林路二段517號,(05)5523300
457899,桃園市動物保護教育園區,桃園市動物保護教育園區,混種犬,1,M,MEDIUM,黑色,ADULT,F,https://www.pet.gov.tw/upload/pic/1781763723698.png,大平里民有路一段,,桃園市新屋區永興里3鄰藻礁路1668號,(03)4861760
457885,苗栗縣動物保護教育園區,苗栗縣動物保護教育園區,混種犬,1,F,SMALL,咖啡色,CHILD,T,https://www.pet.gov.tw/upload/pic/1781762517190.png,頭屋鄉鳴鳳村,2026-06-18,苗栗縣銅鑼鄉朝陽村6鄰朝北55-1號(地圖：https:／／goo.gl/maps/Bd4sckpEPsrof7Qb8),(037)558228
457863,高雄市壽山動物保護教育園區,高雄市壽山動物保護教育園區,混種犬,1,M,SMALL,黑色,CHILD,N,https://www.pet.gov.tw/upload/pic/1781752173452.png,海富路,2026-06-18,高雄市鼓山區萬壽路350號,(07)5519059
176678,桃園市動物保護教育園區,桃園市動物保護教育園區,混種犬,1,F,MEDIUM,黑色,ADULT,F,https://www.pet.gov.tw/upload/pic/6c6fd0da-24ed-499d-8639-652a8425e2c3.JPG,上林里聖亭路,2025-02-03,桃園市新屋區永興里3鄰藻礁路1668號,(03)4861760
413730,嘉義市動物保護教育園區,嘉義市動物保護教育園區,混種犬,1,F,MEDIUM,黃色,ADULT,T,https://www.pet.gov.tw/upload/pic/1752054524797.png,綠映水樣公園,2025-07-09,嘉義市彌陀路31號,(05)2168661
452300,嘉義市動物保護教育園區,嘉義市動物保護教育園區,混種犬,1,F,BIG,黑黃色,ADULT,T,https://www.pet.gov.tw/upload/pic/1778479258040.png,荖藤里文化路756號,2026-05-21,嘉義市彌陀路31號,(05)2168661
457842,高雄市壽山動物保護教育園區,高雄市壽山動物保護教育園區,博美犬,0,F,SMALL,白色,ADULT,N,https://www.pet.gov.tw/upload/pic/1781745763388.png,華興街,,高雄市鼓山區萬壽路350號,(07)5519059
452307,嘉義市動物保護教育園區,嘉義市動物保護教育園區,混種犬,1,F,MEDIUM,黃色,ADULT,T,https://www.pet.gov.tw/upload/pic/1778479607586.png,荖藤里文化路756號,2026-06-17,嘉義市彌陀路31號,(05)2168661
457808,高雄市壽山動物保護教育園區,高雄市壽山動物保護教育園區,西施犬,0,M,MEDIUM,花色,ADULT,F,https://www.pet.gov.tw/upload/pic/1781687920034.png,水管路三段,,高雄市鼓山區萬壽路350號,(07)5519059
457787,彰化縣流浪狗中途之家,彰化縣流浪狗中途之家,混種犬,1,M,MEDIUM,虎斑色,ADULT,T,https://www.pet.gov.tw/upload/pic/1781682793617.png,大崙一巷8號,2026-07-11,彰化縣員林市大峰里阿寶巷426號(大門入口請由彰化縣芬園鄉大彰路一段875巷進入走到底),(04)8590638
457786,彰化縣流浪狗中途之家,彰化縣流浪狗中途之家,混種犬,1,F,MEDIUM,黃色,ADULT,T,https://www.pet.gov.tw/upload/pic/1781682696599.png,忠勇街195巷,2026-07-11,彰化縣員林市大峰里阿寶巷426號(大門入口請由彰化縣芬園鄉大彰路一段875巷進入走到底),(04)8590638
455876,新北市五股區公立動物之家,新北市五股區公立動物之家,玩具貴賓犬,0,M,SMALL,黑色,ADULT,T,https://www.pet.gov.tw/upload/pic/1780295801482.png,三重區三重區婚紗廣場,2026-06-14,新北市五股區外寮路9-9號,(02)82925265
457766,桃園市動物保護教育園區,桃園市動物保護教育園區,日本狐狸犬,0,F,MEDIUM,白色,ADULT,T,https://www.pet.gov.tw/upload/pic/1781676636041.png,崁頂路１４２１巷,2026-06-25,桃園市新屋區永興里3鄰藻礁路1668號,(03)4861760
31419,臺北市動物之家,臺北市動物之家,混種犬,1,M,MEDIUM,棕白色,ADULT,T,https://www.pet.gov.tw/upload/pic/21570_105090104_1.jpg,振興街,2021-04-10,臺北市內湖區安美街191號,(02)87913254
315246,臺北市動物之家,臺北市動物之家,混種犬,1,M,MEDIUM,黑色,ADULT,F,https://www.pet.gov.tw/upload/pic/1688347981056.png,桃源里大業路５２７巷,2024-03-05,臺北市內湖區安美街191號,(02)87913254
49721,臺北市動物之家,臺北市動物之家,混種犬,1,F,MEDIUM,黑色,ADULT,F,https://www.pet.gov.tw/upload/pic/35180_107052106_0.jpg,永吉路,2021-04-10,臺北市內湖區安美街191號,(02)87913254
457739,高雄市燕巢動物保護關愛園區,高雄市燕巢動物保護關愛園區,混種犬,1,F,BIG,黃色,ADULT,N,https://www.pet.gov.tw/upload/pic/1781665242120.png,永安區永新路,2026-06-17,高雄市燕巢區師大路98號,(07)6051002
457737,高雄市燕巢動物保護關愛園區,高雄市燕巢動物保護關愛園區,混種犬,1,F,BIG,黑色,CHILD,N,https://www.pet.gov.tw/upload/pic/1781665186317.png,彌陀區山下巷,2026-06-17,高雄市燕巢區師大路98號,(07)6051002
457736,高雄市燕巢動物保護關愛園區,高雄市燕巢動物保護關愛園區,混種犬,1,F,BIG,黑色,CHILD,N,https://www.pet.gov.tw/upload/pic/1781665136749.png,永安區保安路,2026-06-17,高雄市燕巢區師大路98號,(07)6051002
457733,高雄市燕巢動物保護關愛園區,高雄市燕巢動物保護關愛園區,混種犬,1,F,BIG,黑色,CHILD,N,https://www.pet.gov.tw/upload/pic/1781664981484.png,阿蓮區大崗山,2026-06-17,高雄市燕巢區師大路98號,(07)6051002
457732,高雄市燕巢動物保護關愛園區,高雄市燕巢動物保護關愛園區,混種犬,1,M,BIG,黑色,CHILD,N,https://www.pet.gov.tw/upload/pic/1781664928784.png,阿蓮區穎源路,2026-06-17,高雄市燕巢區師大路98號,(07)6051002
248190,臺北市動物之家,臺北市動物之家,混種犬,1,F,MEDIUM,黑色,ADULT,T,https://www.pet.gov.tw/upload/pic/1671596786041.png,湖山里	紗帽路,2022-07-12,臺北市內湖區安美街191號,(02)87913254
457721,高雄市燕巢動物保護關愛園區,高雄市燕巢動物保護關愛園區,混種犬,1,F,BIG,黑色,CHILD,N,https://www.pet.gov.tw/upload/pic/1781662664277.png,旗山區河堤,2026-06-17,高雄市燕巢區師大路98號,(07)6051002
457719,高雄市燕巢動物保護關愛園區,高雄市燕巢動物保護關愛園區,混種犬,1,M,BIG,黑色,CHILD,N,https://www.pet.gov.tw/upload/pic/1781662591106.png,彌陀區國校路,2026-06-17,高雄市燕巢區師大路98號,(07)6051002
448572,臺北市動物之家,臺北市動物之家,混種犬,1,M,MEDIUM,黑色,ADULT,T,https://www.pet.gov.tw/upload/pic/1775716847461.png,新光路二段,2026-06-11,臺北市內湖區安美街191號,(02)87913254
311144,臺北市動物之家,臺北市動物之家,混種犬,1,M,MEDIUM,黑色,ADULT,T,https://www.pet.gov.tw/upload/pic/1685678434938.png,成功路四段(原北投 光明路),2023-06-10,臺北市內湖區安美街191號,(02)87913254
457701,宜蘭縣流浪動物中途之家,宜蘭縣流浪動物中途之家,混種犬,1,F,SMALL,虎斑色,CHILD,N,https://www.pet.gov.tw/upload/pic/1781601718002.png,員山路三段,2026-06-16,宜蘭縣五結鄉成興村利寶路60號,(03)9602350620
457696,宜蘭縣流浪動物中途之家,宜蘭縣流浪動物中途之家,混種犬,1,M,SMALL,黑色,CHILD,N,https://www.pet.gov.tw/upload/pic/1781601599444.png,員山路三段,2026-06-16,宜蘭縣五結鄉成興村利寶路60號,(03)9602350620
445974,桃園市動物保護教育園區,桃園市動物保護教育園區,混種犬,1,M,MEDIUM,黑色,ADULT,F,https://www.pet.gov.tw/upload/pic/1773812875711.png,富源里公園一街,,桃園市新屋區永興里3鄰藻礁路1668號,(03)4861760
457682,臺南市動物之家善化站,臺南市動物之家善化站,混種犬,1,M,BIG,虎斑色,ADULT,N,https://www.pet.gov.tw/upload/pic/1781598455777.png,,2026-06-16,臺南市善化區昌隆里東勢寮1-19號,(06)5832399
457681,臺南市動物之家善化站,臺南市動物之家善化站,混種犬,1,M,BIG,黃色,ADULT,N,https://www.pet.gov.tw/upload/pic/1781598340230.png,,2026-06-16,臺南市善化區昌隆里東勢寮1-19號,(06)5832399
456331,桃園市動物保護教育園區,桃園市動物保護教育園區,德國狼犬(德國牧羊犬),0,F,BIG,黑黃色,ADULT,F,https://www.pet.gov.tw/upload/pic/1780623561860.png,永興路,,桃園市新屋區永興里3鄰藻礁路1668號,(03)4861760
457667,新北市五股區公立動物之家,新北市五股區公立動物之家,混種犬,1,M,MEDIUM,黑色,ADULT,F,https://www.pet.gov.tw/upload/pic/1781595844716.png,五股區五股凌雲路78_8號,,新北市五股區外寮路9-9號,(02)82925265
51108,南投縣公立動物收容所,南投縣公立動物收容所,混種犬,1,F,MEDIUM,黑色,ADULT,T,https://www.pet.gov.tw/upload/pic/326d83be-9589-4319-b41e-96546562d692.JPG,南投縣南投市,2018-06-01,南投縣南投市嶺興路36-1號,(049)2225440
65041,南投縣公立動物收容所,南投縣公立動物收容所,混種犬,1,F,MEDIUM,黑色,ADULT,T,https://www.pet.gov.tw/upload/pic/13c952a3-09a2-4f38-9b8c-96e61480f0f7.JPG,南投酒廠公墓,2018-09-25,南投縣南投市嶺興路36-1號,(049)2225440
457666,高雄市燕巢動物保護關愛園區,高雄市燕巢動物保護關愛園區,混種犬,1,M,BIG,虎斑色,ADULT,N,https://www.pet.gov.tw/upload/pic/1781595554866.png,永安區永新路,2026-06-16,高雄市燕巢區師大路98號,(07)6051002
68706,南投縣公立動物收容所,南投縣公立動物收容所,混種犬,1,F,MEDIUM,黑黃色,ADULT,T,https://www.pet.gov.tw/upload/pic/e13791f1-ca83-45b1-9da9-040fc4c1da76.JPG,南投縣南投市,2018-10-25,南投縣南投市嶺興路36-1號,(049)2225440
457662,高雄市燕巢動物保護關愛園區,高雄市燕巢動物保護關愛園區,混種犬,1,M,BIG,黃色,ADULT,N,https://www.pet.gov.tw/upload/pic/1781595220958.png,彌陀區舊港橫路,2026-06-16,高雄市燕巢區師大路98號,(07)6051002
457658,高雄市燕巢動物保護關愛園區,高雄市燕巢動物保護關愛園區,混種犬,1,M,BIG,黃色,ADULT,N,https://www.pet.gov.tw/upload/pic/1781595154840.png,湖內區忠孝街,2026-06-16,高雄市燕巢區師大路98號,(07)6051002
457657,高雄市燕巢動物保護關愛園區,高雄市燕巢動物保護關愛園區,混種犬,1,M,BIG,花色,CHILD,N,https://www.pet.gov.tw/upload/pic/1781595004964.png,茄萣區東方路一段,2026-06-16,高雄市燕巢區師大路98號,(07)6051002
457654,高雄市燕巢動物保護關愛園區,高雄市燕巢動物保護關愛園區,混種犬,1,F,BIG,黃色,CHILD,N,https://www.pet.gov.tw/upload/pic/1781594919761.png,燕巢區尖山路,2026-06-16,高雄市燕巢區師大路98號,(07)6051002
457651,高雄市燕巢動物保護關愛園區,高雄市燕巢動物保護關愛園區,混種犬,1,M,BIG,黃色,CHILD,N,https://www.pet.gov.tw/upload/pic/1781594770755.png,燕巢區尖山路,2026-06-16,高雄市燕巢區師大路98號,(07)6051002
457647,高雄市燕巢動物保護關愛園區,高雄市燕巢動物保護關愛園區,混種犬,1,M,BIG,黃色,CHILD,N,https://www.pet.gov.tw/upload/pic/1781594479222.png,燕巢區尖山里,2026-06-16,高雄市燕巢區師大路98號,(07)6051002
457646,高雄市燕巢動物保護關愛園區,高雄市燕巢動物保護關愛園區,混種犬,1,M,BIG,黃色,CHILD,N,https://www.pet.gov.tw/upload/pic/1781594411450.png,茄萣區濱海路四段,2026-06-16,高雄市燕巢區師大路98號,(07)6051002
457641,新北市八里區公立動物之家,新北市八里區公立動物之家,瑪爾濟斯犬,0,F,SMALL,白色,ADULT,F,https://www.pet.gov.tw/upload/pic/1781593951842.png,八里區文化公園,2026-06-22,新北市八里區長坑里6鄰長坑道路36號,(02)26194428
457643,新北市八里區公立動物之家,新北市八里區公立動物之家,瑪爾濟斯犬,0,F,SMALL,白色,ADULT,T,https://www.pet.gov.tw/upload/pic/1781594136404.png,八里區下罟子,,新北市八里區長坑里6鄰長坑道路36號,(02)26194428
457644,高雄市燕巢動物保護關愛園區,高雄市燕巢動物保護關愛園區,混種犬,1,M,BIG,黃色,ADULT,N,https://www.pet.gov.tw/upload/pic/1781594130437.png,內門區中正路,2026-06-16,高雄市燕巢區師大路98號,(07)6051002
457642,高雄市燕巢動物保護關愛園區,高雄市燕巢動物保護關愛園區,混種犬,1,M,BIG,黃色,ADULT,N,https://www.pet.gov.tw/upload/pic/1781593282815.png,永安區新興路,2026-06-16,高雄市燕巢區師大路98號,(07)6051002
457635,高雄市燕巢動物保護關愛園區,高雄市燕巢動物保護關愛園區,混種犬,1,M,BIG,黑色,CHILD,N,https://www.pet.gov.tw/upload/pic/1781593131743.png,阿蓮區菩提二路,2026-06-16,高雄市燕巢區師大路98號,(07)6051002
457633,高雄市燕巢動物保護關愛園區,高雄市燕巢動物保護關愛園區,混種犬,1,M,BIG,黑色,ADULT,N,https://www.pet.gov.tw/upload/pic/1781593059864.png,岡山區岡山路,2026-06-16,高雄市燕巢區師大路98號,(07)6051002
457632,高雄市燕巢動物保護關愛園區,高雄市燕巢動物保護關愛園區,混種犬,1,M,BIG,黑色,ADULT,N,https://www.pet.gov.tw/upload/pic/1781592996338.png,岡山區岡山路,2026-06-16,高雄市燕巢區師大路98號,(07)6051002
457629,高雄市燕巢動物保護關愛園區,高雄市燕巢動物保護關愛園區,混種犬,1,M,BIG,黑色,CHILD,N,https://www.pet.gov.tw/upload/pic/1781592526725.png,大樹區姑山路,2026-06-16,高雄市燕巢區師大路98號,(07)6051002
457625,高雄市燕巢動物保護關愛園區,高雄市燕巢動物保護關愛園區,混種犬,1,M,BIG,黑色,CHILD,N,https://www.pet.gov.tw/upload/pic/1781591607698.png,茄萣區東方路一段,2026-06-16,高雄市燕巢區師大路98號,(07)6051002
457617,臺東縣動物收容中心,臺東縣動物收容中心,混種犬,1,F,SMALL,黑色,CHILD,N,https://www.pet.gov.tw/upload/pic/1781591787021.png,新興國小,2026-06-16,臺東縣臺東市中華路4段999巷600號,(089)362011
457613,臺東縣動物收容中心,臺東縣動物收容中心,混種犬,1,F,SMALL,虎斑色,CHILD,N,https://www.pet.gov.tw/upload/pic/1781591632125.png,新興國小,2026-06-16,臺東縣臺東市中華路4段999巷600號,(089)362011
457610,高雄市燕巢動物保護關愛園區,高雄市燕巢動物保護關愛園區,混種犬,1,M,BIG,黑色,CHILD,N,https://www.pet.gov.tw/upload/pic/1781591541619.png,內門區大崎頭,2026-06-16,高雄市燕巢區師大路98號,(07)6051002
457609,高雄市燕巢動物保護關愛園區,高雄市燕巢動物保護關愛園區,混種犬,1,M,BIG,黑色,CHILD,N,https://www.pet.gov.tw/upload/pic/1781591385064.png,梓官區茄苳里嘉展路,2026-06-16,高雄市燕巢區師大路98號,(07)6051002
457607,高雄市燕巢動物保護關愛園區,高雄市燕巢動物保護關愛園區,混種犬,1,M,BIG,黑色,CHILD,N,https://www.pet.gov.tw/upload/pic/1781591148941.png,美濃區祿興里下竹圍,2026-06-16,高雄市燕巢區師大路98號,(07)6051002
457606,高雄市燕巢動物保護關愛園區,高雄市燕巢動物保護關愛園區,混種犬,1,M,BIG,黑色,CHILD,N,https://www.pet.gov.tw/upload/pic/1781591083766.png,燕巢區師大路,2026-06-16,高雄市燕巢區師大路98號,(07)6051002
457605,高雄市燕巢動物保護關愛園區,高雄市燕巢動物保護關愛園區,混種犬,1,M,BIG,黑色,ADULT,N,https://www.pet.gov.tw/upload/pic/1781591019388.png,旗山區三協里花旗二路,2026-06-16,高雄市燕巢區師大路98號,(07)6051002
457603,高雄市燕巢動物保護關愛園區,高雄市燕巢動物保護關愛園區,混種犬,1,M,BIG,黑色,ADULT,N,https://www.pet.gov.tw/upload/pic/1781590674084.png,海堤,2026-06-16,高雄市燕巢區師大路98號,(07)6051002
457602,高雄市燕巢動物保護關愛園區,高雄市燕巢動物保護關愛園區,混種犬,1,M,BIG,黑色,ADULT,N,https://www.pet.gov.tw/upload/pic/1781590613967.png,,2026-06-16,高雄市燕巢區師大路98號,(07)6051002
457579,臺東縣動物收容中心,臺東縣動物收容中心,混種犬,1,F,SMALL,黑色,CHILD,N,https://www.pet.gov.tw/upload/pic/1781588460537.png,台東大橋,2026-06-16,臺東縣臺東市中華路4段999巷600號,(089)362011
457580,臺東縣動物收容中心,臺東縣動物收容中心,混種犬,1,F,SMALL,黑色,CHILD,N,https://www.pet.gov.tw/upload/pic/1781588499709.png,台東大橋,2026-06-16,臺東縣臺東市中華路4段999巷600號,(089)362011
457576,桃園市動物保護教育園區,桃園市動物保護教育園區,混種犬,1,F,MEDIUM,黃色,ADULT,F,https://www.pet.gov.tw/upload/pic/1781588281333.png,大湳里和平路411巷(西坡埤塘公園),,桃園市新屋區永興里3鄰藻礁路1668號,(03)4861760
452668,臺南市動物之家灣裡站,臺南市動物之家灣裡站,混種犬,1,M,MEDIUM,黃色,ADULT,T,https://www.pet.gov.tw/upload/pic/1780043762971.png,新市子161號,2026-05-30,臺南市南區省躬里14鄰萬年路580巷92號,(06)2964439
457321,臺南市動物之家善化站,臺南市動物之家善化站,柴犬,0,M,MEDIUM,黃色,ADULT,N,https://www.pet.gov.tw/upload/pic/1781332187360.png,,2026-06-20,臺南市善化區昌隆里東勢寮1-19號,(06)5832399
457520,高雄市壽山動物保護教育園區,高雄市壽山動物保護教育園區,貴賓犬,0,M,SMALL,黃色,ADULT,N,https://www.pet.gov.tw/upload/pic/1781511139252.png,花園街,,高雄市鼓山區萬壽路350號,(07)5519059
457497,新北市淡水區公立動物之家,新北市淡水區公立動物之家,柴犬,0,M,MEDIUM,白色,ADULT,T,https://www.pet.gov.tw/upload/pic/1781509145188.png,,,新北市淡水區下圭柔山91之3號,(02)26267558
457496,高雄市燕巢動物保護關愛園區,高雄市燕巢動物保護關愛園區,博美犬,0,M,SMALL,白色,ADULT,N,https://www.pet.gov.tw/upload/pic/1781509031280.png,,,高雄市燕巢區師大路98號,(07)6051002
457446,宜蘭縣流浪動物中途之家,宜蘭縣流浪動物中途之家,混種犬,1,F,BIG,黑色,ADULT,F,https://www.pet.gov.tw/upload/pic/1781502868065.png,新社路,2026-06-15,宜蘭縣五結鄉成興村利寶路60號,(03)9602350620
196751,新竹縣動物保護教育園區,新竹縣動物保護教育園區,混種犬,1,M,SMALL,黑黃色,CHILD,T,https://www.pet.gov.tw/upload/pic/1765809288222.png,,2021-03-02,新竹縣竹北市縣政五街192號,(03)5519548
382232,新竹縣動物保護教育園區,新竹縣動物保護教育園區,混種犬,1,F,MEDIUM,黑色,ADULT,T,https://www.pet.gov.tw/upload/pic/1740632664363.png,,2024-11-13,新竹縣竹北市縣政五街192號,(03)5519548
457374,花蓮縣狗貓躍動園區,花蓮縣狗貓躍動園區,柴犬,0,M,MEDIUM,黃色,ADULT,F,https://www.pet.gov.tw/upload/pic/1781491665639.png,國民七街與國聯五路路口,,花蓮縣鳳林鎮林榮里永豐路255號,(03)8421452
457143,新北市三芝區公立動物之家,新北市三芝區公立動物之家,混種犬,1,M,MEDIUM,黃色,ADULT,T,https://www.pet.gov.tw/upload/pic/1781482462493.png,萬里區大鵬里,2026-06-12,新北市三芝區青山路(龍巖人本旁),(02)26365436
457144,新北市三芝區公立動物之家,新北市三芝區公立動物之家,混種犬,1,F,MEDIUM,黃色,ADULT,T,https://www.pet.gov.tw/upload/pic/1781482231611.png,萬里區大鵬里,2026-06-12,新北市三芝區青山路(龍巖人本旁),(02)26365436
457325,新北市中和區公立動物之家,新北市中和區公立動物之家,混種犬,1,F,MEDIUM,黑白色,ADULT,T,https://www.pet.gov.tw/upload/pic/1781331894396.png,土城區,2026-06-13,新北市中和區興南路三段100號,(02)86685547
48222,新北市中和區公立動物之家,新北市中和區公立動物之家,混種犬,1,F,MEDIUM,黑色,ADULT,T,https://www.pet.gov.tw/upload/pic/1736566340672.png,中和區,2018-05-10,新北市中和區興南路三段100號,(02)86685547
35737,新北市中和區公立動物之家,新北市中和區公立動物之家,混種犬,1,F,MEDIUM,黑黃色,ADULT,T,https://www.pet.gov.tw/upload/pic/1736565139138.png,永和街80號,2021-09-11,新北市中和區興南路三段100號,(02)86685547
35671,新北市中和區公立動物之家,新北市中和區公立動物之家,混種犬,1,F,MEDIUM,黑色,ADULT,T,https://www.pet.gov.tw/upload/pic/1735614756770.png,永和,2021-09-11,新北市中和區興南路三段100號,(02)86685547
35545,新北市中和區公立動物之家,新北市中和區公立動物之家,混種犬,1,M,MEDIUM,黑黃色,ADULT,T,https://www.pet.gov.tw/upload/pic/1735614515780.png,二甲路83之25號,2021-09-11,新北市中和區興南路三段100號,(02)86685547
35603,新北市中和區公立動物之家,新北市中和區公立動物之家,混種犬,1,F,MEDIUM,黑色,ADULT,T,https://www.pet.gov.tw/upload/pic/1736564419860.png,秀朗路三段70巷33號,2021-09-11,新北市中和區興南路三段100號,(02)86685547
113887,新北市中和區公立動物之家,新北市中和區公立動物之家,混種犬,1,M,MEDIUM,黑色,ADULT,T,https://www.pet.gov.tw/upload/pic/1735616658809.png,土城區金城路一段118號,2019-08-19,新北市中和區興南路三段100號,(02)86685547
452202,新北市中和區公立動物之家,新北市中和區公立動物之家,混種犬,1,M,MEDIUM,黑色,ADULT,T,https://www.pet.gov.tw/upload/pic/1778311318419.png,中和區華安街106號,2026-05-09,新北市中和區興南路三段100號,(02)86685547
450275,新北市中和區公立動物之家,新北市中和區公立動物之家,泰國脊背犬(泰皇犬),0,F,BIG,黑色,ADULT,T,https://www.pet.gov.tw/upload/pic/1776930633259.png,瑞芳區瑞芳區,2026-04-23,新北市中和區興南路三段100號,(02)86685547
457333,新北市中和區公立動物之家,新北市中和區公立動物之家,混種犬,1,F,MEDIUM,黑白色,ADULT,T,https://www.pet.gov.tw/upload/pic/1781337275934.png,土城區,2026-06-13,新北市中和區興南路三段100號,(02)86685547
443094,臺北市動物之家,臺北市動物之家,混種犬,1,M,MEDIUM,黑白色,ADULT,T,https://www.pet.gov.tw/upload/pic/1771828949388.png,永樂里延平北路一段(原拾獲地:塔城街),2026-04-07,臺北市內湖區安美街191號,(02)87913254
457142,桃園市動物保護教育園區,桃園市動物保護教育園區,威爾斯柯基犬,0,M,MEDIUM,黃白色,ADULT,F,https://www.pet.gov.tw/upload/pic/1781232547679.png,南港里大觀路,,桃園市新屋區永興里3鄰藻礁路1668號,(03)4861760
457324,桃園市動物保護教育園區,桃園市動物保護教育園區,柴犬,0,F,MEDIUM,黃白色,ADULT,F,https://www.pet.gov.tw/upload/pic/1781331750582.png,潮音北路,,桃園市新屋區永興里3鄰藻礁路1668號,(03)4861760
457345,高雄市壽山動物保護教育園區,高雄市壽山動物保護教育園區,柴犬,0,F,BIG,黃色,ADULT,N,https://www.pet.gov.tw/upload/pic/1781398725689.png,大業北路,,高雄市鼓山區萬壽路350號,(07)5519059
451493,花蓮縣狗貓躍動園區,花蓮縣狗貓躍動園區,混種犬,1,F,MEDIUM,黃色,ADULT,T,https://www.pet.gov.tw/upload/pic/1777956941544.png,,2026-05-22,花蓮縣鳳林鎮林榮里永豐路255號,(03)8421452
357256,花蓮縣狗貓躍動園區,花蓮縣狗貓躍動園區,混種犬,1,M,MEDIUM,黑色,ADULT,T,https://www.pet.gov.tw/upload/pic/1715221754016.png,大學路二段1號(東華大學),2024-05-22,花蓮縣鳳林鎮林榮里永豐路255號,(03)8421452
446102,花蓮縣狗貓躍動園區,花蓮縣狗貓躍動園區,混種犬,1,M,MEDIUM,黑色,ADULT,T,https://www.pet.gov.tw/upload/pic/1773888577896.png,,2026-04-24,花蓮縣鳳林鎮林榮里永豐路255號,(03)8421452
457273,宜蘭縣流浪動物中途之家,宜蘭縣流浪動物中途之家,混種犬,1,M,SMALL,黃色,CHILD,N,https://www.pet.gov.tw/upload/pic/1781254778162.png,隘界路,2026-06-12,宜蘭縣五結鄉成興村利寶路60號,(03)9602350620
457272,宜蘭縣流浪動物中途之家,宜蘭縣流浪動物中途之家,混種犬,1,M,SMALL,黑色,CHILD,N,https://www.pet.gov.tw/upload/pic/1781254748030.png,隘界路,2026-06-12,宜蘭縣五結鄉成興村利寶路60號,(03)9602350620
457271,宜蘭縣流浪動物中途之家,宜蘭縣流浪動物中途之家,混種犬,1,M,SMALL,黑色,CHILD,N,https://www.pet.gov.tw/upload/pic/1781254689963.png,隘界路,2026-06-12,宜蘭縣五結鄉成興村利寶路60號,(03)9602350620
451991,高雄市壽山動物保護教育園區,高雄市壽山動物保護教育園區,混種犬,1,F,SMALL,黑色,CHILD,F,https://www.pet.gov.tw/upload/pic/1778212668988.png,北斗街,2026-06-12,高雄市鼓山區萬壽路350號,(07)5519059
456958,新北市新店區公立動物之家,新北市新店區公立動物之家,混種犬,1,M,BIG,虎斑色,ADULT,T,https://www.pet.gov.tw/upload/pic/1781081487180.png,新店區碧潭路三號,,新北市新店區安泰路235號,(02)22159462
457196,臺東縣動物收容中心,臺東縣動物收容中心,混種犬,1,F,SMALL,黃色,CHILD,N,https://www.pet.gov.tw/upload/pic/1781245406003.png,大武街23-1號,2026-06-12,臺東縣臺東市中華路4段999巷600號,(089)362011
457175,新北市瑞芳區公立動物之家,新北市瑞芳區公立動物之家,混種犬,1,F,MEDIUM,黑色,ADULT,T,https://www.pet.gov.tw/upload/pic/1781243447409.png,瑞芳區,2026-06-12,新北市瑞芳區中坑路3號(瑞芳清潔隊廠區內),(02)24063481
454095,花蓮縣狗貓躍動園區,花蓮縣狗貓躍動園區,混種犬,1,F,MEDIUM,黃色,ADULT,T,https://www.pet.gov.tw/upload/pic/1779687061557.png,,2026-06-13,花蓮縣鳳林鎮林榮里永豐路255號,(03)8421452
401326,臺北市動物之家,臺北市動物之家,混種犬,1,M,MEDIUM,棕灰色,ADULT,T,https://www.pet.gov.tw/upload/pic/1744443948551.png,,2025-04-12,臺北市內湖區安美街191號,(02)87913254
456536,雲林縣流浪動物收容所,雲林縣流浪動物收容所,混種犬,1,F,BIG,黑色,ADULT,T,https://www.pet.gov.tw/upload/pic/1781173173807.png,麥寮鄉霄仁厝,2026-06-12,雲林縣斗六市雲林路二段517號,(05)5523300
113681,臺北市動物之家,臺北市動物之家,混種犬,1,F,MEDIUM,黃色,ADULT,T,https://www.pet.gov.tw/upload/pic/4820e08d-8254-4cd3-927d-0f87c13e105e.jpg,民眾不擬續養,2021-04-11,臺北市內湖區安美街191號,(02)87913254
456537,雲林縣流浪動物收容所,雲林縣流浪動物收容所,混種犬,1,F,MEDIUM,黃色,ADULT,T,https://www.pet.gov.tw/upload/pic/1781173145584.png,元長鄉合和村,2026-06-12,雲林縣斗六市雲林路二段517號,(05)5523300
423136,臺北市動物之家,臺北市動物之家,混種犬,1,M,MEDIUM,黑色,ADULT,T,https://www.pet.gov.tw/upload/pic/1758264278022.png,碧山路,2025-09-27,臺北市內湖區安美街191號,(02)87913254
457067,雲林縣流浪動物收容所,雲林縣流浪動物收容所,混種犬,1,F,BIG,黑色,ADULT,T,https://www.pet.gov.tw/upload/pic/1781173116802.png,斗六市虎溪里,,雲林縣斗六市雲林路二段517號,(05)5523300
456533,雲林縣流浪動物收容所,雲林縣流浪動物收容所,混種犬,1,F,BIG,白色,ADULT,T,https://www.pet.gov.tw/upload/pic/1781173086864.png,斗南鎮埤麻里,2026-06-12,雲林縣斗六市雲林路二段517號,(05)5523300
456600,新北市新店區公立動物之家,新北市新店區公立動物之家,瑪爾濟斯犬,0,F,SMALL,白色,ADULT,N,https://www.pet.gov.tw/upload/pic/1780896050416.png,汐止區伯爵街8巷,2026-06-20,新北市新店區安泰路235號,(02)22159462
457171,高雄市壽山動物保護教育園區,高雄市壽山動物保護教育園區,混種犬,1,F,MEDIUM,黑色,ADULT,T,https://www.pet.gov.tw/upload/pic/1781238616758.png,草衙二路,,高雄市鼓山區萬壽路350號,(07)5519059
452785,臺北市動物之家,臺北市動物之家,瑪爾濟斯犬,0,M,SMALL,白色,ADULT,F,https://www.pet.gov.tw/upload/pic/1778729967581.png,水源路 青年公園籃球場旁,2026-06-07,臺北市內湖區安美街191號,(02)87913254
451455,花蓮縣狗貓躍動園區,花蓮縣狗貓躍動園區,混種犬,1,F,MEDIUM,黃色,ADULT,T,https://www.pet.gov.tw/upload/pic/1777953645209.png,,,花蓮縣鳳林鎮林榮里永豐路255號,(03)8421452
453520,花蓮縣狗貓躍動園區,花蓮縣狗貓躍動園區,混種犬,1,F,MEDIUM,咖啡棕色,ADULT,T,https://www.pet.gov.tw/upload/pic/1779248676358.png,,2026-06-12,花蓮縣鳳林鎮林榮里永豐路255號,(03)8421452
457037,南投縣公立動物收容所,南投縣公立動物收容所,混種犬,1,M,MEDIUM,黑色,ADULT,T,https://www.pet.gov.tw/upload/pic/1781149346482.png,八卦路,2026-06-10,南投縣南投市嶺興路36-1號,(049)2225440
355646,臺北市動物之家,臺北市動物之家,混種犬,1,M,MEDIUM,黑色,ADULT,T,https://www.pet.gov.tw/upload/pic/1714359714608.png,大湖里大湖山莊街２４３巷,2024-05-28,臺北市內湖區安美街191號,(02)87913254
457015,花蓮縣狗貓躍動園區,花蓮縣狗貓躍動園區,混種犬,1,M,MEDIUM,黃色,ADULT,F,https://www.pet.gov.tw/upload/pic/1781147417254.png,,,花蓮縣鳳林鎮林榮里永豐路255號,(03)8421452
449743,新竹縣動物保護教育園區,新竹縣動物保護教育園區,混種犬,1,F,BIG,黑色,ADULT,T,https://www.pet.gov.tw/upload/pic/1776653247199.png,,2026-05-21,新竹縣竹北市縣政五街192號,(03)5519548
456974,宜蘭縣流浪動物中途之家,宜蘭縣流浪動物中途之家,混種犬,1,F,BIG,黑色,ADULT,N,https://www.pet.gov.tw/upload/pic/1781083553748.png,中興路,2026-06-10,宜蘭縣五結鄉成興村利寶路60號,(03)9602350620
456720,彰化縣流浪狗中途之家,彰化縣流浪狗中途之家,混種犬,1,M,MEDIUM,黑色,ADULT,T,https://www.pet.gov.tw/upload/pic/1780972025268.png,員集二段,2026-07-11,彰化縣員林市大峰里阿寶巷426號(大門入口請由彰化縣芬園鄉大彰路一段875巷進入走到底),(04)8590638
452751,彰化縣流浪狗中途之家,彰化縣流浪狗中途之家,混種犬,1,F,MEDIUM,黑色,ADULT,T,https://www.pet.gov.tw/upload/pic/1778723769553.png,,2026-07-10,彰化縣員林市大峰里阿寶巷426號(大門入口請由彰化縣芬園鄉大彰路一段875巷進入走到底),(04)8590638
456830,金門縣動物收容中心,金門縣動物收容中心,混種犬,1,M,MEDIUM,黃色,ADULT,T,https://www.pet.gov.tw/upload/pic/1780997905534.png,金寧鄉安美村安岐,2026-06-03,金門縣金湖鎮裕民農莊20號,(082)336625
456900,臺南市動物之家善化站,臺南市動物之家善化站,混種犬,1,F,MEDIUM,虎斑色,ADULT,N,https://www.pet.gov.tw/upload/pic/1781070231678.png,,2026-06-17,臺南市善化區昌隆里東勢寮1-19號,(06)5832399
456899,臺南市動物之家善化站,臺南市動物之家善化站,混種犬,1,M,MEDIUM,黃色,ADULT,N,https://www.pet.gov.tw/upload/pic/1781070120440.png,,2026-06-17,臺南市善化區昌隆里東勢寮1-19號,(06)5832399
452599,南投縣公立動物收容所,南投縣公立動物收容所,混種犬,1,M,MEDIUM,黑黃色,ADULT,T,https://www.pet.gov.tw/upload/pic/1778636317679.png,新豐路,2026-05-18,南投縣南投市嶺興路36-1號,(049)2225440
456894,臺南市動物之家善化站,臺南市動物之家善化站,混種犬,1,F,MEDIUM,黑色,ADULT,N,https://www.pet.gov.tw/upload/pic/1781069590953.png,,2026-06-17,臺南市善化區昌隆里東勢寮1-19號,(06)5832399
456056,南投縣公立動物收容所,南投縣公立動物收容所,混種犬,1,F,MEDIUM,黃色,ADULT,T,https://www.pet.gov.tw/upload/pic/1780451346834.png,文化路,2026-06-02,南投縣南投市嶺興路36-1號,(049)2225440
456856,南投縣公立動物收容所,南投縣公立動物收容所,混種犬,1,F,SMALL,黃白色,CHILD,T,https://www.pet.gov.tw/upload/pic/1781058071434.png,坪峰巷,2026-06-09,南投縣南投市嶺興路36-1號,(049)2225440
456839,宜蘭縣流浪動物中途之家,宜蘭縣流浪動物中途之家,混種犬,1,M,BIG,黑色,ADULT,N,https://www.pet.gov.tw/upload/pic/1781055308299.png,壯濱路二段,2026-06-09,宜蘭縣五結鄉成興村利寶路60號,(03)9602350620
450984,臺中市動物之家后里園區,臺中市動物之家后里園區,混種犬,1,F,BIG,黃色,ADULT,T,https://www.pet.gov.tw/upload/pic/1781053559308.png,城興街39巷39號,2026-06-10,臺中市后里區堤防路370號,(04)25588024
449880,臺中市動物之家后里園區,臺中市動物之家后里園區,混種犬,1,M,BIG,黑色,ADULT,T,https://www.pet.gov.tw/upload/pic/1781053437033.png,永大街201巷23弄6號,2026-06-10,臺中市后里區堤防路370號,(04)25588024
455887,新竹縣動物保護教育園區,新竹縣動物保護教育園區,混種犬,1,M,MEDIUM,黃色,ADULT,T,https://www.pet.gov.tw/upload/pic/1780757101854.png,,2026-05-21,新竹縣竹北市縣政五街192號,(03)5519548
456824,高雄市壽山動物保護教育園區,高雄市壽山動物保護教育園區,混種犬,1,F,MEDIUM,黑色,ADULT,T,https://www.pet.gov.tw/upload/pic/1780995967676.png,,2026-06-09,高雄市鼓山區萬壽路350號,(07)5519059
456816,高雄市壽山動物保護教育園區,高雄市壽山動物保護教育園區,混種犬,1,M,MEDIUM,黃色,ADULT,N,https://www.pet.gov.tw/upload/pic/1780994917079.png,,2026-06-09,高雄市鼓山區萬壽路350號,(07)5519059
456812,彰化縣流浪狗中途之家,彰化縣流浪狗中途之家,混種犬,1,F,MEDIUM,黑色,ADULT,T,https://www.pet.gov.tw/upload/pic/1780990754901.png,斗苑東路1-68號,2026-07-13,彰化縣員林市大峰里阿寶巷426號(大門入口請由彰化縣芬園鄉大彰路一段875巷進入走到底),(04)8590638
456811,彰化縣流浪狗中途之家,彰化縣流浪狗中途之家,混種犬,1,F,MEDIUM,黑色,ADULT,T,https://www.pet.gov.tw/upload/pic/1780990591376.png,斗苑東路1-68號,2026-07-13,彰化縣員林市大峰里阿寶巷426號(大門入口請由彰化縣芬園鄉大彰路一段875巷進入走到底),(04)8590638
456810,彰化縣流浪狗中途之家,彰化縣流浪狗中途之家,混種犬,1,F,MEDIUM,黑色,ADULT,T,https://www.pet.gov.tw/upload/pic/1780989622419.png,彰水路一段2號,2026-07-13,彰化縣員林市大峰里阿寶巷426號(大門入口請由彰化縣芬園鄉大彰路一段875巷進入走到底),(04)8590638
443241,花蓮縣狗貓躍動園區,花蓮縣狗貓躍動園區,混種犬,1,M,MEDIUM,黑白色,CHILD,T,https://www.pet.gov.tw/upload/pic/1771910136209.png,,2026-04-01,花蓮縣鳳林鎮林榮里永豐路255號,(03)8421452
443243,花蓮縣狗貓躍動園區,花蓮縣狗貓躍動園區,混種犬,1,M,MEDIUM,黑白色,CHILD,T,https://www.pet.gov.tw/upload/pic/1771910293247.png,,2026-04-01,花蓮縣鳳林鎮林榮里永豐路255號,(03)8421452
31588,臺北市動物之家,臺北市動物之家,混種犬,1,F,MEDIUM,黑色,ADULT,T,https://www.pet.gov.tw/upload/pic/24150_106061005_3.jpg,民眾不擬續養,2017-06-13,臺北市內湖區安美街191號,(02)87913254
456791,宜蘭縣流浪動物中途之家,宜蘭縣流浪動物中途之家,混種犬,1,M,BIG,黑色,ADULT,N,https://www.pet.gov.tw/upload/pic/1780986660821.png,五結二路,2026-06-09,宜蘭縣五結鄉成興村利寶路60號,(03)9602350620
446093,臺北市動物之家,臺北市動物之家,混種犬,1,M,MEDIUM,黃色,ADULT,T,https://www.pet.gov.tw/upload/pic/1773886586738.png,翠山里金龍產業道路3.5K~3.6K,2026-06-03,臺北市內湖區安美街191號,(02)87913254
448045,臺北市動物之家,臺北市動物之家,混種犬,1,M,MEDIUM,黑色,ADULT,T,https://www.pet.gov.tw/upload/pic/1775528986268.png,港華里港華1號公園,2026-05-20,臺北市內湖區安美街191號,(02)87913254
456753,苗栗縣動物保護教育園區,苗栗縣動物保護教育園區,混種犬,1,F,BIG,黑色,ADULT,T,https://www.pet.gov.tw/upload/pic/1780979398507.png,通霄鎮五南里,2026-06-09,苗栗縣銅鑼鄉朝陽村6鄰朝北55-1號(地圖：https:／／goo.gl/maps/Bd4sckpEPsrof7Qb8),(037)558228
455908,新竹市動物保護教育園區,新竹市動物保護教育園區,混種犬,1,F,MEDIUM,黑色,ADULT,T,https://www.pet.gov.tw/upload/pic/1780306952018.png,南隘路二段,2026-06-08,新竹市南寮里海濱路250號,(03)5368329
440080,彰化縣流浪狗中途之家,彰化縣流浪狗中途之家,混種犬,1,F,MEDIUM,虎斑色,ADULT,F,https://www.pet.gov.tw/upload/pic/1769217976126.png,民生路一段150號附近,2026-03-23,彰化縣員林市大峰里阿寶巷426號(大門入口請由彰化縣芬園鄉大彰路一段875巷進入走到底),(04)8590638
456645,臺南市動物之家善化站,臺南市動物之家善化站,混種犬,1,M,BIG,黑色,ADULT,N,https://www.pet.gov.tw/upload/pic/1780903381775.png,,2026-06-15,臺南市善化區昌隆里東勢寮1-19號,(06)5832399
31536,臺北市動物之家,臺北市動物之家,混種犬,1,M,MEDIUM,白色,ADULT,F,https://www.pet.gov.tw/upload/pic/23424_106032905_1.jpg,民眾不擬續養,2016-03-29,臺北市內湖區安美街191號,(02)87913254
442793,臺北市動物之家,臺北市動物之家,混種犬,1,M,MEDIUM,白色,ADULT,T,https://www.pet.gov.tw/upload/pic/1770963473723.png,通河東街一段,2026-04-07,臺北市內湖區安美街191號,(02)87913254
366623,臺北市動物之家,臺北市動物之家,混種犬,1,M,MEDIUM,黑色,ADULT,T,https://www.pet.gov.tw/upload/pic/1721204071245.png,萬美里和平東路四段６６巷,2024-07-29,臺北市內湖區安美街191號,(02)87913254
446695,臺北市動物之家,臺北市動物之家,鬆獅犬,0,M,MEDIUM,白色,ADULT,T,https://www.pet.gov.tw/upload/pic/1774341206408.png,南港路一段,2026-03-24,臺北市內湖區安美街191號,(02)87913254
173961,臺北市動物之家,臺北市動物之家,混種犬,1,M,MEDIUM,黃色,ADULT,T,https://www.pet.gov.tw/upload/pic/62682_109082202_0.jpg,延平北路7段,2021-04-10,臺北市內湖區安美街191號,(02)87913254
456532,彰化縣流浪狗中途之家,彰化縣流浪狗中途之家,混種犬,1,F,MEDIUM,黑色,ADULT,T,https://www.pet.gov.tw/upload/pic/1780883156898.png,高鐵特區雙義路與高鐵東二路,2026-06-16,彰化縣員林市大峰里阿寶巷426號(大門入口請由彰化縣芬園鄉大彰路一段875巷進入走到底),(04)8590638
456549,苗栗縣動物保護教育園區,苗栗縣動物保護教育園區,混種犬,1,M,BIG,黑色,ADULT,T,https://www.pet.gov.tw/upload/pic/1780888676830.png,公館鄉尖山村,2026-06-08,苗栗縣銅鑼鄉朝陽村6鄰朝北55-1號(地圖：https:／／goo.gl/maps/Bd4sckpEPsrof7Qb8),(037)558228
456529,臺南市動物之家善化站,臺南市動物之家善化站,混種犬,1,F,MEDIUM,棕白色,ADULT,N,https://www.pet.gov.tw/upload/pic/1780882155118.png,,2026-06-15,臺南市善化區昌隆里東勢寮1-19號,(06)5832399
31438,臺北市動物之家,臺北市動物之家,混種犬,1,F,MEDIUM,白色,ADULT,T,https://www.pet.gov.tw/upload/pic/22147_105110110_1.jpg,正新街,2021-04-10,臺北市內湖區安美街191號,(02)87913254
456476,高雄市壽山動物保護教育園區,高雄市壽山動物保護教育園區,瑪爾濟斯犬,0,M,SMALL,白色,ADULT,N,https://www.pet.gov.tw/upload/pic/1780729604054.png,興南路,,高雄市鼓山區萬壽路350號,(07)5519059
439984,高雄市壽山動物保護教育園區,高雄市壽山動物保護教育園區,混種犬,1,F,BIG,黃色,ADULT,F,https://www.pet.gov.tw/upload/pic/1769141830722.png,壽山管理站,2026-06-06,高雄市鼓山區萬壽路350號,(07)5519059
456395,臺北市動物之家,臺北市動物之家,混種犬,1,F,MEDIUM,黑色,CHILD,T,https://www.pet.gov.tw/upload/pic/1780643984298.png,,2026-06-05,臺北市內湖區安美街191號,(02)87913254
31912,臺北市動物之家,臺北市動物之家,混種犬,1,M,MEDIUM,黑白色,ADULT,F,https://www.pet.gov.tw/upload/pic/d0be76eb-291c-464f-867b-0d74512079d3.jpg,新生公園,2021-04-10,臺北市內湖區安美街191號,(02)87913254
456132,彰化縣流浪狗中途之家,彰化縣流浪狗中途之家,混種犬,1,M,SMALL,黑色,CHILD,N,https://www.pet.gov.tw/upload/pic/1780470774300.png,大社路一段216巷,2026-06-03,彰化縣員林市大峰里阿寶巷426號(大門入口請由彰化縣芬園鄉大彰路一段875巷進入走到底),(04)8590638
456134,彰化縣流浪狗中途之家,彰化縣流浪狗中途之家,混種犬,1,M,SMALL,黑色,CHILD,N,https://www.pet.gov.tw/upload/pic/1780470896801.png,大社路一段216巷,2026-06-03,彰化縣員林市大峰里阿寶巷426號(大門入口請由彰化縣芬園鄉大彰路一段875巷進入走到底),(04)8590638
456136,彰化縣流浪狗中途之家,彰化縣流浪狗中途之家,混種犬,1,F,SMALL,黃色,CHILD,N,https://www.pet.gov.tw/upload/pic/1780470987910.png,大社路一段216巷,2026-06-03,彰化縣員林市大峰里阿寶巷426號(大門入口請由彰化縣芬園鄉大彰路一段875巷進入走到底),(04)8590638
456137,彰化縣流浪狗中途之家,彰化縣流浪狗中途之家,混種犬,1,F,SMALL,黑色,CHILD,N,https://www.pet.gov.tw/upload/pic/1780471052194.png,大社路一段216巷,2026-06-03,彰化縣員林市大峰里阿寶巷426號(大門入口請由彰化縣芬園鄉大彰路一段875巷進入走到底),(04)8590638
456138,彰化縣流浪狗中途之家,彰化縣流浪狗中途之家,混種犬,1,F,SMALL,黑色,CHILD,N,https://www.pet.gov.tw/upload/pic/1780471136495.png,大社路一段216巷,2026-06-03,彰化縣員林市大峰里阿寶巷426號(大門入口請由彰化縣芬園鄉大彰路一段875巷進入走到底),(04)8590638
414440,彰化縣流浪狗中途之家,彰化縣流浪狗中途之家,混種犬,1,F,SMALL,黑色,CHILD,T,https://www.pet.gov.tw/upload/pic/1752643378394.png,東陽路二段,2025-07-16,彰化縣員林市大峰里阿寶巷426號(大門入口請由彰化縣芬園鄉大彰路一段875巷進入走到底),(04)8590638
414541,彰化縣流浪狗中途之家,彰化縣流浪狗中途之家,混種犬,1,F,SMALL,黑色,CHILD,T,https://www.pet.gov.tw/upload/pic/1752653376114.png,華山路273巷56號,2025-09-04,彰化縣員林市大峰里阿寶巷426號(大門入口請由彰化縣芬園鄉大彰路一段875巷進入走到底),(04)8590638
454164,彰化縣流浪狗中途之家,彰化縣流浪狗中途之家,混種犬,1,F,MEDIUM,黃色,ADULT,T,https://www.pet.gov.tw/upload/pic/1779758853341.png,高鐵北三路與高鐵東二路,2026-06-03,彰化縣員林市大峰里阿寶巷426號(大門入口請由彰化縣芬園鄉大彰路一段875巷進入走到底),(04)8590638
422309,彰化縣流浪狗中途之家,彰化縣流浪狗中途之家,混種犬,1,M,MEDIUM,棕色,ADULT,T,https://www.pet.gov.tw/upload/pic/1757902154180.png,辦公處,2025-09-26,彰化縣員林市大峰里阿寶巷426號(大門入口請由彰化縣芬園鄉大彰路一段875巷進入走到底),(04)8590638
456362,澎湖縣流浪動物收容中心,澎湖縣流浪動物收容中心,混種犬,1,F,SMALL,虎斑色,CHILD,F,https://www.pet.gov.tw/upload/pic/1780639287818.png,,2026-06-16,澎湖縣馬公市烏崁里260、261號,(06)9213559
456361,澎湖縣流浪動物收容中心,澎湖縣流浪動物收容中心,混種犬,1,M,SMALL,虎斑色,CHILD,F,https://www.pet.gov.tw/upload/pic/1780639194642.png,,2026-06-16,澎湖縣馬公市烏崁里260、261號,(06)9213559
456360,澎湖縣流浪動物收容中心,澎湖縣流浪動物收容中心,混種犬,1,F,SMALL,黑色,CHILD,F,https://www.pet.gov.tw/upload/pic/1780639161563.png,,2026-06-16,澎湖縣馬公市烏崁里260、261號,(06)9213559
456357,澎湖縣流浪動物收容中心,澎湖縣流浪動物收容中心,混種犬,1,M,SMALL,虎斑色,CHILD,F,https://www.pet.gov.tw/upload/pic/1780638947527.png,農牧場,2026-06-16,澎湖縣馬公市烏崁里260、261號,(06)9213559
429668,彰化縣流浪狗中途之家,彰化縣流浪狗中途之家,混種犬,1,F,MEDIUM,棕灰色,ADULT,T,https://www.pet.gov.tw/upload/pic/1762392730062.png,福中巷83號,2025-11-14,彰化縣員林市大峰里阿寶巷426號(大門入口請由彰化縣芬園鄉大彰路一段875巷進入走到底),(04)8590638
390459,彰化縣流浪狗中途之家,彰化縣流浪狗中途之家,混種犬,1,F,MEDIUM,虎斑色,ADULT,T,https://www.pet.gov.tw/upload/pic/1736998153651.png,花秀路252號,2025-02-03,彰化縣員林市大峰里阿寶巷426號(大門入口請由彰化縣芬園鄉大彰路一段875巷進入走到底),(04)8590638
414441,彰化縣流浪狗中途之家,彰化縣流浪狗中途之家,混種犬,1,F,SMALL,黑色,CHILD,T,https://www.pet.gov.tw/upload/pic/1780550191904.png,東陽路二段,2025-07-16,彰化縣員林市大峰里阿寶巷426號(大門入口請由彰化縣芬園鄉大彰路一段875巷進入走到底),(04)8590638
456181,彰化縣流浪狗中途之家,彰化縣流浪狗中途之家,混種犬,1,F,MEDIUM,黑色,ADULT,T,https://www.pet.gov.tw/upload/pic/1780538150277.png,,2026-06-13,彰化縣員林市大峰里阿寶巷426號(大門入口請由彰化縣芬園鄉大彰路一段875巷進入走到底),(04)8590638
451843,彰化縣流浪狗中途之家,彰化縣流浪狗中途之家,混種犬,1,F,MEDIUM,棕黑色,ADULT,T,https://www.pet.gov.tw/upload/pic/1778131795780.png,光雲巷263弄48號,2026-05-18,彰化縣員林市大峰里阿寶巷426號(大門入口請由彰化縣芬園鄉大彰路一段875巷進入走到底),(04)8590638
449457,彰化縣流浪狗中途之家,彰化縣流浪狗中途之家,混種犬,1,M,MEDIUM,黑色,ADULT,T,https://www.pet.gov.tw/upload/pic/1776323279335.png,,2026-04-27,彰化縣員林市大峰里阿寶巷426號(大門入口請由彰化縣芬園鄉大彰路一段875巷進入走到底),(04)8590638
456268,彰化縣流浪狗中途之家,彰化縣流浪狗中途之家,混種犬,1,F,SMALL,黑色,CHILD,N,https://www.pet.gov.tw/upload/pic/1780554497153.png,過溝三巷50號,2026-06-04,彰化縣員林市大峰里阿寶巷426號(大門入口請由彰化縣芬園鄉大彰路一段875巷進入走到底),(04)8590638
456270,彰化縣流浪狗中途之家,彰化縣流浪狗中途之家,混種犬,1,F,SMALL,黑色,CHILD,N,https://www.pet.gov.tw/upload/pic/1780554654867.png,過溝三巷50號,2026-06-04,彰化縣員林市大峰里阿寶巷426號(大門入口請由彰化縣芬園鄉大彰路一段875巷進入走到底),(04)8590638
456269,彰化縣流浪狗中途之家,彰化縣流浪狗中途之家,混種犬,1,M,SMALL,黑色,CHILD,N,https://www.pet.gov.tw/upload/pic/1780554581810.png,過溝三巷50號,2026-06-04,彰化縣員林市大峰里阿寶巷426號(大門入口請由彰化縣芬園鄉大彰路一段875巷進入走到底),(04)8590638
456231,臺南市動物之家善化站,臺南市動物之家善化站,混種犬,1,F,MEDIUM,黑色,ADULT,T,https://www.pet.gov.tw/upload/pic/1780552695222.png,,2026-06-11,臺南市善化區昌隆里東勢寮1-19號,(06)5832399
456230,臺南市動物之家善化站,臺南市動物之家善化站,混種犬,1,M,MEDIUM,黑色,ADULT,T,https://www.pet.gov.tw/upload/pic/1780552561635.png,,2026-06-11,臺南市善化區昌隆里東勢寮1-19號,(06)5832399
456229,臺南市動物之家善化站,臺南市動物之家善化站,混種犬,1,F,MEDIUM,黑色,ADULT,F,https://www.pet.gov.tw/upload/pic/1780552142018.png,,2026-06-11,臺南市善化區昌隆里東勢寮1-19號,(06)5832399
456228,臺南市動物之家善化站,臺南市動物之家善化站,混種犬,1,F,MEDIUM,黑色,ADULT,F,https://www.pet.gov.tw/upload/pic/1780552023574.png,,2026-06-11,臺南市善化區昌隆里東勢寮1-19號,(06)5832399
456227,臺南市動物之家善化站,臺南市動物之家善化站,混種犬,1,M,MEDIUM,黑色,ADULT,N,https://www.pet.gov.tw/upload/pic/1780551789129.png,,2026-06-11,臺南市善化區昌隆里東勢寮1-19號,(06)5832399
456217,彰化縣流浪狗中途之家,彰化縣流浪狗中途之家,混種犬,1,F,SMALL,黃白色,CHILD,N,https://www.pet.gov.tw/upload/pic/1780543017985.png,埔新路560號,2026-06-04,彰化縣員林市大峰里阿寶巷426號(大門入口請由彰化縣芬園鄉大彰路一段875巷進入走到底),(04)8590638
456211,花蓮縣狗貓躍動園區,花蓮縣狗貓躍動園區,混種犬,1,M,MEDIUM,黃色,ADULT,F,https://www.pet.gov.tw/upload/pic/1780540915609.png,,,花蓮縣鳳林鎮林榮里永豐路255號,(03)8421452
456198,臺南市動物之家善化站,臺南市動物之家善化站,混種犬,1,F,MEDIUM,白色,ADULT,N,https://www.pet.gov.tw/upload/pic/1780539976127.png,,2026-06-04,臺南市善化區昌隆里東勢寮1-19號,(06)5832399
452542,彰化縣流浪狗中途之家,彰化縣流浪狗中途之家,混種犬,1,F,MEDIUM,虎斑色,ADULT,F,https://www.pet.gov.tw/upload/pic/1778569883920.png,溪林路767號,2026-05-20,彰化縣員林市大峰里阿寶巷426號(大門入口請由彰化縣芬園鄉大彰路一段875巷進入走到底),(04)8590638
452438,彰化縣流浪狗中途之家,彰化縣流浪狗中途之家,混種犬,1,F,MEDIUM,虎斑色,ADULT,T,https://www.pet.gov.tw/upload/pic/1778555932275.png,,2026-05-20,彰化縣員林市大峰里阿寶巷426號(大門入口請由彰化縣芬園鄉大彰路一段875巷進入走到底),(04)8590638
456196,臺南市動物之家善化站,臺南市動物之家善化站,混種犬,1,F,MEDIUM,黑色,ADULT,N,https://www.pet.gov.tw/upload/pic/1780539908195.png,,2026-06-04,臺南市善化區昌隆里東勢寮1-19號,(06)5832399
451845,彰化縣流浪狗中途之家,彰化縣流浪狗中途之家,混種犬,1,F,MEDIUM,黑白色,ADULT,T,https://www.pet.gov.tw/upload/pic/1778131838163.png,光雲巷263弄48號,2026-05-25,彰化縣員林市大峰里阿寶巷426號(大門入口請由彰化縣芬園鄉大彰路一段875巷進入走到底),(04)8590638
455846,彰化縣流浪狗中途之家,彰化縣流浪狗中途之家,混種犬,1,F,MEDIUM,黃色,ADULT,F,https://www.pet.gov.tw/upload/pic/1780278495526.png,彰南路四段792巷93弄19號,2026-06-09,彰化縣員林市大峰里阿寶巷426號(大門入口請由彰化縣芬園鄉大彰路一段875巷進入走到底),(04)8590638
455847,彰化縣流浪狗中途之家,彰化縣流浪狗中途之家,混種犬,1,F,MEDIUM,黑黃色,ADULT,T,https://www.pet.gov.tw/upload/pic/1780278630020.png,大彰路三段118巷17號,2026-06-09,彰化縣員林市大峰里阿寶巷426號(大門入口請由彰化縣芬園鄉大彰路一段875巷進入走到底),(04)8590638
453485,彰化縣流浪狗中途之家,彰化縣流浪狗中途之家,混種犬,1,F,MEDIUM,虎斑色,ADULT,T,https://www.pet.gov.tw/upload/pic/1779242706809.png,,2026-06-01,彰化縣員林市大峰里阿寶巷426號(大門入口請由彰化縣芬園鄉大彰路一段875巷進入走到底),(04)8590638
442205,彰化縣流浪狗中途之家,彰化縣流浪狗中途之家,混種犬,1,F,MEDIUM,黃色,ADULT,T,https://www.pet.gov.tw/upload/pic/1773729409914.png,,2026-02-23,彰化縣員林市大峰里阿寶巷426號(大門入口請由彰化縣芬園鄉大彰路一段875巷進入走到底),(04)8590638
452240,彰化縣流浪狗中途之家,彰化縣流浪狗中途之家,混種犬,1,F,MEDIUM,黃色,ADULT,T,https://www.pet.gov.tw/upload/pic/1778464174792.png,高鐵特區高鐵北三路,2026-05-19,彰化縣員林市大峰里阿寶巷426號(大門入口請由彰化縣芬園鄉大彰路一段875巷進入走到底),(04)8590638
452606,彰化縣流浪狗中途之家,彰化縣流浪狗中途之家,混種犬,1,F,MEDIUM,黑色,ADULT,T,https://www.pet.gov.tw/upload/pic/1778638569022.png,南平路460號,2026-05-25,彰化縣員林市大峰里阿寶巷426號(大門入口請由彰化縣芬園鄉大彰路一段875巷進入走到底),(04)8590638
455603,彰化縣流浪狗中途之家,彰化縣流浪狗中途之家,混種犬,1,F,MEDIUM,黑黃色,ADULT,T,https://www.pet.gov.tw/upload/pic/1779950624205.png,彰濱產業園區服務中心,2026-06-06,彰化縣員林市大峰里阿寶巷426號(大門入口請由彰化縣芬園鄉大彰路一段875巷進入走到底),(04)8590638
297771,新竹縣動物保護教育園區,新竹縣動物保護教育園區,混種犬,1,M,MEDIUM,黑色,ADULT,T,https://www.pet.gov.tw/upload/pic/1678097799296.png,,2023-03-06,新竹縣竹北市縣政五街192號,(03)5519548
390706,基隆市寵物銀行,基隆市寵物銀行,混種犬,1,F,MEDIUM,黑色,ADULT,T,https://www.pet.gov.tw/upload/pic/1755479519601.png,基金三路,2025-06-05,基隆市七堵區大華三路45-12號(欣欣安樂園旁),(02)24560148
362142,基隆市寵物銀行,基隆市寵物銀行,混種犬,1,M,BIG,黑色,ADULT,T,https://www.pet.gov.tw/upload/pic/1755058233274.png,東新街6巷（靈惠廟）,2024-07-04,基隆市七堵區大華三路45-12號(欣欣安樂園旁),(02)24560148
166267,基隆市寵物銀行,基隆市寵物銀行,混種犬,1,M,BIG,虎斑色,ADULT,T,https://www.pet.gov.tw/upload/pic/1755056644470.png,基隆市安樂區崇德路18號1樓,2023-05-11,基隆市七堵區大華三路45-12號(欣欣安樂園旁),(02)24560148
374034,基隆市寵物銀行,基隆市寵物銀行,混種犬,1,M,BIG,黑棕色,ADULT,T,https://www.pet.gov.tw/upload/pic/1755062670965.png,中山四路,2025-01-08,基隆市七堵區大華三路45-12號(欣欣安樂園旁),(02)24560148
379923,基隆市寵物銀行,基隆市寵物銀行,混種犬,1,M,MEDIUM,黑色,ADULT,T,https://www.pet.gov.tw/upload/pic/1755062922163.png,中正路763號,2024-11-27,基隆市七堵區大華三路45-12號(欣欣安樂園旁),(02)24560148
412502,基隆市寵物銀行,基隆市寵物銀行,柴犬,0,F,MEDIUM,黃色,ADULT,F,https://www.pet.gov.tw/upload/pic/1755480873469.png,安樂區武嶺街,,基隆市七堵區大華三路45-12號(欣欣安樂園旁),(02)24560148
456073,彰化縣流浪狗中途之家,彰化縣流浪狗中途之家,混種犬,1,M,MEDIUM,黑色,ADULT,T,https://www.pet.gov.tw/upload/pic/1780455907364.png,大崙一巷8-25號,2026-06-11,彰化縣員林市大峰里阿寶巷426號(大門入口請由彰化縣芬園鄉大彰路一段875巷進入走到底),(04)8590638
456156,宜蘭縣流浪動物中途之家,宜蘭縣流浪動物中途之家,混種犬,1,F,BIG,黃色,ADULT,N,https://www.pet.gov.tw/upload/pic/1780478571016.png,順安路,2026-06-03,宜蘭縣五結鄉成興村利寶路60號,(03)9602350620
435577,臺北市動物之家,臺北市動物之家,混種犬,1,M,MEDIUM,黑色,ADULT,T,https://www.pet.gov.tw/upload/pic/1766108747495.png,北士科,2026-06-03,臺北市內湖區安美街191號,(02)87913254
435566,臺北市動物之家,臺北市動物之家,混種犬,1,M,MEDIUM,黃色,ADULT,T,https://www.pet.gov.tw/upload/pic/1766108792541.png,北士科,2026-06-03,臺北市內湖區安美街191號,(02)87913254
445799,彰化縣流浪狗中途之家,彰化縣流浪狗中途之家,混種犬,1,M,SMALL,虎斑色,CHILD,N,https://www.pet.gov.tw/upload/pic/1773725290952.png,員東路一段68巷70號,2026-03-17,彰化縣員林市大峰里阿寶巷426號(大門入口請由彰化縣芬園鄉大彰路一段875巷進入走到底),(04)8590638
343924,臺北市動物之家,臺北市動物之家,混種犬,1,F,MEDIUM,黑色,ADULT,T,https://www.pet.gov.tw/upload/pic/1705905180581.png,九如里研究院路三段,2025-10-04,臺北市內湖區安美街191號,(02)87913254
445029,彰化縣流浪狗中途之家,彰化縣流浪狗中途之家,混種犬,1,M,SMALL,黃色,CHILD,N,https://www.pet.gov.tw/upload/pic/1773192547848.png,義興路,2026-03-11,彰化縣員林市大峰里阿寶巷426號(大門入口請由彰化縣芬園鄉大彰路一段875巷進入走到底),(04)8590638
444144,彰化縣流浪狗中途之家,彰化縣流浪狗中途之家,混種犬,1,F,SMALL,黑色,CHILD,N,https://www.pet.gov.tw/upload/pic/1772608889976.png,源泉路二段48號旁巷子內果園,2026-03-04,彰化縣員林市大峰里阿寶巷426號(大門入口請由彰化縣芬園鄉大彰路一段875巷進入走到底),(04)8590638
443760,彰化縣流浪狗中途之家,彰化縣流浪狗中途之家,混種犬,1,M,SMALL,虎斑色,CHILD,N,https://www.pet.gov.tw/upload/pic/1772429729275.png,文明巷13號,2026-03-02,彰化縣員林市大峰里阿寶巷426號(大門入口請由彰化縣芬園鄉大彰路一段875巷進入走到底),(04)8590638
445262,彰化縣流浪狗中途之家,彰化縣流浪狗中途之家,混種犬,1,F,SMALL,黑白色,CHILD,N,https://www.pet.gov.tw/upload/pic/1773293357846.png,出水巷35號,2026-03-12,彰化縣員林市大峰里阿寶巷426號(大門入口請由彰化縣芬園鄉大彰路一段875巷進入走到底),(04)8590638
446535,彰化縣流浪狗中途之家,彰化縣流浪狗中途之家,混種犬,1,F,SMALL,黃色,CHILD,N,https://www.pet.gov.tw/upload/pic/1774248882674.png,義興路,2026-03-23,彰化縣員林市大峰里阿寶巷426號(大門入口請由彰化縣芬園鄉大彰路一段875巷進入走到底),(04)8590638
455971,彰化縣流浪狗中途之家,彰化縣流浪狗中途之家,混種犬,1,F,SMALL,黃色,CHILD,N,https://www.pet.gov.tw/upload/pic/1780379872772.png,彰南路3段435巷58號,2026-06-02,彰化縣員林市大峰里阿寶巷426號(大門入口請由彰化縣芬園鄉大彰路一段875巷進入走到底),(04)8590638
456042,彰化縣流浪狗中途之家,彰化縣流浪狗中途之家,混種犬,1,M,SMALL,黑白色,CHILD,N,https://www.pet.gov.tw/upload/pic/1780445330448.png,,2026-06-03,彰化縣員林市大峰里阿寶巷426號(大門入口請由彰化縣芬園鄉大彰路一段875巷進入走到底),(04)8590638
448299,彰化縣流浪狗中途之家,彰化縣流浪狗中途之家,混種犬,1,F,SMALL,虎斑色,CHILD,N,https://www.pet.gov.tw/upload/pic/1775621092081.png,岸頭巷3-2號附近,2026-04-08,彰化縣員林市大峰里阿寶巷426號(大門入口請由彰化縣芬園鄉大彰路一段875巷進入走到底),(04)8590638
448300,彰化縣流浪狗中途之家,彰化縣流浪狗中途之家,混種犬,1,F,SMALL,虎斑色,CHILD,N,https://www.pet.gov.tw/upload/pic/1775621180800.png,岸頭巷3-2號附近,2026-04-08,彰化縣員林市大峰里阿寶巷426號(大門入口請由彰化縣芬園鄉大彰路一段875巷進入走到底),(04)8590638
448301,彰化縣流浪狗中途之家,彰化縣流浪狗中途之家,混種犬,1,F,SMALL,虎斑色,CHILD,N,https://www.pet.gov.tw/upload/pic/1775621341749.png,岸頭巷32-號附近,2026-04-08,彰化縣員林市大峰里阿寶巷426號(大門入口請由彰化縣芬園鄉大彰路一段875巷進入走到底),(04)8590638
448302,彰化縣流浪狗中途之家,彰化縣流浪狗中途之家,混種犬,1,F,SMALL,黃色,CHILD,N,https://www.pet.gov.tw/upload/pic/1775621420202.png,岸頭巷3-2號附近,2026-04-08,彰化縣員林市大峰里阿寶巷426號(大門入口請由彰化縣芬園鄉大彰路一段875巷進入走到底),(04)8590638
450174,彰化縣流浪狗中途之家,彰化縣流浪狗中途之家,混種犬,1,F,SMALL,黃色,CHILD,N,https://www.pet.gov.tw/upload/pic/1776908580666.png,後路巷,2026-04-23,彰化縣員林市大峰里阿寶巷426號(大門入口請由彰化縣芬園鄉大彰路一段875巷進入走到底),(04)8590638
451790,彰化縣流浪狗中途之家,彰化縣流浪狗中途之家,混種犬,1,M,SMALL,黃色,CHILD,N,https://www.pet.gov.tw/upload/pic/1778117266594.png,開明路149號,2026-05-07,彰化縣員林市大峰里阿寶巷426號(大門入口請由彰化縣芬園鄉大彰路一段875巷進入走到底),(04)8590638
443623,彰化縣流浪狗中途之家,彰化縣流浪狗中途之家,混種犬,1,F,SMALL,黑色,CHILD,N,https://www.pet.gov.tw/upload/pic/1772246174770.png,安溪東路,2026-03-02,彰化縣員林市大峰里阿寶巷426號(大門入口請由彰化縣芬園鄉大彰路一段875巷進入走到底),(04)8590638
445756,彰化縣流浪狗中途之家,彰化縣流浪狗中途之家,混種犬,1,F,SMALL,黑黃色,CHILD,N,https://www.pet.gov.tw/upload/pic/1773713213261.png,員東路一段68巷70號,2026-03-17,彰化縣員林市大峰里阿寶巷426號(大門入口請由彰化縣芬園鄉大彰路一段875巷進入走到底),(04)8590638
452752,彰化縣流浪狗中途之家,彰化縣流浪狗中途之家,混種犬,1,M,SMALL,虎斑色,CHILD,N,https://www.pet.gov.tw/upload/pic/1778723884387.png,,2026-05-14,彰化縣員林市大峰里阿寶巷426號(大門入口請由彰化縣芬園鄉大彰路一段875巷進入走到底),(04)8590638
453378,彰化縣流浪狗中途之家,彰化縣流浪狗中途之家,混種犬,1,F,SMALL,棕色,CHILD,N,https://www.pet.gov.tw/upload/pic/1779175807531.png,九分路136號對面,2026-05-19,彰化縣員林市大峰里阿寶巷426號(大門入口請由彰化縣芬園鄉大彰路一段875巷進入走到底),(04)8590638
456043,彰化縣流浪狗中途之家,彰化縣流浪狗中途之家,混種犬,1,F,SMALL,虎斑色,CHILD,N,https://www.pet.gov.tw/upload/pic/1780445402798.png,鄉立幼兒園附近,2026-06-03,彰化縣員林市大峰里阿寶巷426號(大門入口請由彰化縣芬園鄉大彰路一段875巷進入走到底),(04)8590638
452405,彰化縣流浪狗中途之家,彰化縣流浪狗中途之家,混種犬,1,M,SMALL,黑色,CHILD,N,https://www.pet.gov.tw/upload/pic/1778553856034.png,大同路,2026-05-12,彰化縣員林市大峰里阿寶巷426號(大門入口請由彰化縣芬園鄉大彰路一段875巷進入走到底),(04)8590638
453376,彰化縣流浪狗中途之家,彰化縣流浪狗中途之家,混種犬,1,F,SMALL,黃色,CHILD,N,https://www.pet.gov.tw/upload/pic/1779170595821.png,開明路149號,2026-05-19,彰化縣員林市大峰里阿寶巷426號(大門入口請由彰化縣芬園鄉大彰路一段875巷進入走到底),(04)8590638
453941,彰化縣流浪狗中途之家,彰化縣流浪狗中途之家,混種犬,1,M,SMALL,黑黃色,CHILD,N,https://www.pet.gov.tw/upload/pic/1779514590653.png,廖厝巷122號附近排水購,2026-05-23,彰化縣員林市大峰里阿寶巷426號(大門入口請由彰化縣芬園鄉大彰路一段875巷進入走到底),(04)8590638
440702,彰化縣流浪狗中途之家,彰化縣流浪狗中途之家,混種犬,1,F,SMALL,黑黃色,CHILD,N,https://www.pet.gov.tw/upload/pic/1769583065720.png,台豐高爾夫球場,2026-01-28,彰化縣員林市大峰里阿寶巷426號(大門入口請由彰化縣芬園鄉大彰路一段875巷進入走到底),(04)8590638
440703,彰化縣流浪狗中途之家,彰化縣流浪狗中途之家,混種犬,1,M,SMALL,黑虎斑色,CHILD,N,https://www.pet.gov.tw/upload/pic/1770257005797.png,台豐高爾夫球場,2026-01-28,彰化縣員林市大峰里阿寶巷426號(大門入口請由彰化縣芬園鄉大彰路一段875巷進入走到底),(04)8590638
440704,彰化縣流浪狗中途之家,彰化縣流浪狗中途之家,混種犬,1,F,SMALL,黑虎斑色,CHILD,N,https://www.pet.gov.tw/upload/pic/1769583181937.png,台豐高爾夫球場,2026-01-28,彰化縣員林市大峰里阿寶巷426號(大門入口請由彰化縣芬園鄉大彰路一段875巷進入走到底),(04)8590638
446683,彰化縣流浪狗中途之家,彰化縣流浪狗中途之家,混種犬,1,M,SMALL,黑虎斑色,CHILD,N,https://www.pet.gov.tw/upload/pic/1774335461656.png,,2026-03-24,彰化縣員林市大峰里阿寶巷426號(大門入口請由彰化縣芬園鄉大彰路一段875巷進入走到底),(04)8590638
446685,彰化縣流浪狗中途之家,彰化縣流浪狗中途之家,混種犬,1,F,SMALL,黑虎斑色,CHILD,N,https://www.pet.gov.tw/upload/pic/1774335589674.png,,2026-03-24,彰化縣員林市大峰里阿寶巷426號(大門入口請由彰化縣芬園鄉大彰路一段875巷進入走到底),(04)8590638
450277,彰化縣流浪狗中途之家,彰化縣流浪狗中途之家,混種犬,1,F,SMALL,黑色,CHILD,N,https://www.pet.gov.tw/upload/pic/1776930707833.png,,2026-04-23,彰化縣員林市大峰里阿寶巷426號(大門入口請由彰化縣芬園鄉大彰路一段875巷進入走到底),(04)8590638
450282,彰化縣流浪狗中途之家,彰化縣流浪狗中途之家,混種犬,1,F,SMALL,黑色,CHILD,N,https://www.pet.gov.tw/upload/pic/1776930893004.png,,2026-04-23,彰化縣員林市大峰里阿寶巷426號(大門入口請由彰化縣芬園鄉大彰路一段875巷進入走到底),(04)8590638
450522,彰化縣流浪狗中途之家,彰化縣流浪狗中途之家,混種犬,1,M,SMALL,黑色,CHILD,N,https://www.pet.gov.tw/upload/pic/1777253927811.png,灣福路101號,2026-04-27,彰化縣員林市大峰里阿寶巷426號(大門入口請由彰化縣芬園鄉大彰路一段875巷進入走到底),(04)8590638
452750,彰化縣流浪狗中途之家,彰化縣流浪狗中途之家,混種犬,1,F,SMALL,黃色,CHILD,N,https://www.pet.gov.tw/upload/pic/1778723662546.png,,2026-05-14,彰化縣員林市大峰里阿寶巷426號(大門入口請由彰化縣芬園鄉大彰路一段875巷進入走到底),(04)8590638
445808,彰化縣流浪狗中途之家,彰化縣流浪狗中途之家,混種犬,1,F,SMALL,黑色,CHILD,N,https://www.pet.gov.tw/upload/pic/1773726737306.png,中山路3段993號,2026-03-17,彰化縣員林市大峰里阿寶巷426號(大門入口請由彰化縣芬園鄉大彰路一段875巷進入走到底),(04)8590638
449471,彰化縣流浪狗中途之家,彰化縣流浪狗中途之家,混種犬,1,M,SMALL,黑色,CHILD,N,https://www.pet.gov.tw/upload/pic/1776326771643.png,三和社區附近農業道路上,2026-04-16,彰化縣員林市大峰里阿寶巷426號(大門入口請由彰化縣芬園鄉大彰路一段875巷進入走到底),(04)8590638
448525,彰化縣流浪狗中途之家,彰化縣流浪狗中途之家,混種犬,1,F,SMALL,黃色,CHILD,N,https://www.pet.gov.tw/upload/pic/1775713093031.png,圳腳巷95號,2026-04-09,彰化縣員林市大峰里阿寶巷426號(大門入口請由彰化縣芬園鄉大彰路一段875巷進入走到底),(04)8590638
456126,新北市八里區公立動物之家,新北市八里區公立動物之家,柴犬,0,F,MEDIUM,黃色,ADULT,T,https://www.pet.gov.tw/upload/pic/1780469815529.png,新莊區新北大道三段,,新北市八里區長坑里6鄰長坑道路36號,(02)26194428
443926,花蓮縣狗貓躍動園區,花蓮縣狗貓躍動園區,混種犬,1,F,MEDIUM,棕色,CHILD,T,https://www.pet.gov.tw/upload/pic/1772517330207.png,,2026-04-23,花蓮縣鳳林鎮林榮里永豐路255號,(03)8421452
449400,花蓮縣狗貓躍動園區,花蓮縣狗貓躍動園區,混種犬,1,M,MEDIUM,棕色,CHILD,T,https://www.pet.gov.tw/upload/pic/1776310998857.png,,2026-05-09,花蓮縣鳳林鎮林榮里永豐路255號,(03)8421452
72450,臺北市動物之家,臺北市動物之家,混種犬,1,F,SMALL,黑色,CHILD,T,https://www.pet.gov.tw/upload/pic/1691811477658.png,木柵路四段,2021-04-11,臺北市內湖區安美街191號,(02)87913254
28864,桃園市動物保護教育園區,桃園市動物保護教育園區,混種犬,1,M,MEDIUM,黑色,ADULT,T,https://www.pet.gov.tw/upload/pic/aa152113-81ff-48d6-ac5b-61eb8096cfbf.JPG,石牌里７鄰,2023-03-01,桃園市新屋區永興里3鄰藻礁路1668號,(03)4861760
456096,臺南市動物之家善化站,臺南市動物之家善化站,混種犬,1,M,MEDIUM,黑黃色,ADULT,N,https://www.pet.gov.tw/upload/pic/1780458077738.png,,2026-06-10,臺南市善化區昌隆里東勢寮1-19號,(06)5832399
345337,桃園市動物保護教育園區,桃園市動物保護教育園區,混種犬,1,M,MEDIUM,黑色,ADULT,F,https://www.pet.gov.tw/upload/pic/1706833628450.png,藍埔里新華路一段６７１巷,,桃園市新屋區永興里3鄰藻礁路1668號,(03)4861760
425725,雲林縣流浪動物收容所,雲林縣流浪動物收容所,斯塔福郡鬥牛梗,0,M,BIG,黃色,ADULT,T,https://www.pet.gov.tw/upload/pic/1769067656325.png,斗六市新昌街,2026-06-03,雲林縣斗六市雲林路二段517號,(05)5523300
418713,雲林縣流浪動物收容所,雲林縣流浪動物收容所,混種犬,1,M,BIG,黃色,ADULT,T,https://www.pet.gov.tw/upload/pic/1775546966291.png,斗南鎮新庄,2026-06-03,雲林縣斗六市雲林路二段517號,(05)5523300
441340,雲林縣流浪動物收容所,雲林縣流浪動物收容所,混種犬,1,F,BIG,黑色,ADULT,T,https://www.pet.gov.tw/upload/pic/1774430382935.png,斗南鎮延平路,2026-06-03,雲林縣斗六市雲林路二段517號,(05)5523300
442608,雲林縣流浪動物收容所,雲林縣流浪動物收容所,混種犬,1,M,BIG,黃色,ADULT,T,https://www.pet.gov.tw/upload/pic/1775694331281.png,崙背鄉中厝,2026-06-03,雲林縣斗六市雲林路二段517號,(05)5523300
172043,雲林縣流浪動物收容所,雲林縣流浪動物收容所,混種犬,1,F,BIG,黑色,ADULT,T,https://www.pet.gov.tw/upload/pic/1774605164352.png,防疫所移交,2020-08-07,雲林縣斗六市雲林路二段517號,(05)5523300
160126,雲林縣流浪動物收容所,雲林縣流浪動物收容所,混種犬,1,M,BIG,黑色,ADULT,T,https://www.pet.gov.tw/upload/pic/1775093348432.png,四湖鄉延平北路,2020-05-15,雲林縣斗六市雲林路二段517號,(05)5523300
146635,雲林縣流浪動物收容所,雲林縣流浪動物收容所,混種犬,1,F,BIG,黑色,ADULT,T,https://www.pet.gov.tw/upload/pic/1774603875557.png,虎尾鎮德興路,2020-02-27,雲林縣斗六市雲林路二段517號,(05)5523300
146633,雲林縣流浪動物收容所,雲林縣流浪動物收容所,混種犬,1,F,BIG,黑色,ADULT,T,https://www.pet.gov.tw/upload/pic/1774519018661.png,虎尾鎮德興路,2020-03-19,雲林縣斗六市雲林路二段517號,(05)5523300
146630,雲林縣流浪動物收容所,雲林縣流浪動物收容所,混種犬,1,F,BIG,黑色,ADULT,T,https://www.pet.gov.tw/upload/pic/1774570961141.png,虎尾鎮德興路,2020-02-27,雲林縣斗六市雲林路二段517號,(05)5523300
146629,雲林縣流浪動物收容所,雲林縣流浪動物收容所,混種犬,1,M,BIG,虎斑色,ADULT,T,https://www.pet.gov.tw/upload/pic/1774503850761.png,虎尾鎮德興路,2020-02-27,雲林縣斗六市雲林路二段517號,(05)5523300
143988,雲林縣流浪動物收容所,雲林縣流浪動物收容所,混種犬,1,F,BIG,白色,ADULT,T,https://www.pet.gov.tw/upload/pic/1758007417077.png,莿桐鄉甘西村,2020-02-14,雲林縣斗六市雲林路二段517號,(05)5523300
136628,雲林縣流浪動物收容所,雲林縣流浪動物收容所,混種犬,1,F,BIG,黑色,ADULT,T,https://www.pet.gov.tw/upload/pic/1775099235371.png,崙背鄉崙背公園,2019-12-20,雲林縣斗六市雲林路二段517號,(05)5523300
174623,雲林縣流浪動物收容所,雲林縣流浪動物收容所,混種犬,1,M,BIG,黑色,ADULT,T,https://www.pet.gov.tw/upload/pic/1758006757146.png,古坑鄉草嶺村(動物救援),2020-08-28,雲林縣斗六市雲林路二段517號,(05)5523300
176322,雲林縣流浪動物收容所,雲林縣流浪動物收容所,混種犬,1,F,BIG,黑色,ADULT,T,https://www.pet.gov.tw/upload/pic/1758010954338.png,虎尾鎮平和路,2020-09-11,雲林縣斗六市雲林路二段517號,(05)5523300
176347,雲林縣流浪動物收容所,雲林縣流浪動物收容所,混種犬,1,M,BIG,黑黃色,ADULT,T,https://www.pet.gov.tw/upload/pic/1775099112399.png,林內鄉烏塗村,2020-09-11,雲林縣斗六市雲林路二段517號,(05)5523300
186507,雲林縣流浪動物收容所,雲林縣流浪動物收容所,混種犬,1,F,BIG,黑色,ADULT,T,https://www.pet.gov.tw/upload/pic/1774572155974.png,北港府番,2020-11-27,雲林縣斗六市雲林路二段517號,(05)5523300
201856,雲林縣流浪動物收容所,雲林縣流浪動物收容所,混種犬,1,F,BIG,黃色,ADULT,T,https://www.pet.gov.tw/upload/pic/1758008407485.png,虎尾鎮穎川里,2021-04-09,雲林縣斗六市雲林路二段517號,(05)5523300
206739,雲林縣流浪動物收容所,雲林縣流浪動物收容所,混種犬,1,M,BIG,黑色,ADULT,T,https://www.pet.gov.tw/upload/pic/1758007604279.png,虎尾鎮穎川里,2021-05-14,雲林縣斗六市雲林路二段517號,(05)5523300
206741,雲林縣流浪動物收容所,雲林縣流浪動物收容所,混種犬,1,M,BIG,黑黃色,ADULT,T,https://www.pet.gov.tw/upload/pic/1758008216229.png,虎尾鎮穎川里,2021-05-14,雲林縣斗六市雲林路二段517號,(05)5523300
206742,雲林縣流浪動物收容所,雲林縣流浪動物收容所,混種犬,1,F,BIG,黑黃色,ADULT,T,https://www.pet.gov.tw/upload/pic/1775098542810.png,虎尾鎮穎川里,2021-05-14,雲林縣斗六市雲林路二段517號,(05)5523300
212543,雲林縣流浪動物收容所,雲林縣流浪動物收容所,混種犬,1,M,BIG,黑黃色,CHILD,T,https://www.pet.gov.tw/upload/pic/1774510110959.png,北港北辰國小,2021-07-02,雲林縣斗六市雲林路二段517號,(05)5523300
313138,雲林縣流浪動物收容所,雲林縣流浪動物收容所,混種犬,1,M,BIG,黃色,ADULT,T,https://www.pet.gov.tw/upload/pic/1768816760192.png,虎尾鎮頂南路(動物救援),2023-06-15,雲林縣斗六市雲林路二段517號,(05)5523300
347833,雲林縣流浪動物收容所,雲林縣流浪動物收容所,混種犬,1,F,BIG,黑色,ADULT,T,https://www.pet.gov.tw/upload/pic/1774510292618.png,林內鄉新光路,2024-02-26,雲林縣斗六市雲林路二段517號,(05)5523300
347852,雲林縣流浪動物收容所,雲林縣流浪動物收容所,混種犬,1,M,BIG,黑色,ADULT,T,https://www.pet.gov.tw/upload/pic/1775098907415.png,林內鄉新光路,2024-02-26,雲林縣斗六市雲林路二段517號,(05)5523300
347947,雲林縣流浪動物收容所,雲林縣流浪動物收容所,混種犬,1,F,BIG,棕色,ADULT,T,https://www.pet.gov.tw/upload/pic/1775096775064.png,林內鄉新光路,2024-02-26,雲林縣斗六市雲林路二段517號,(05)5523300
430478,雲林縣流浪動物收容所,雲林縣流浪動物收容所,混種犬,1,F,MEDIUM,虎斑色,ADULT,T,https://www.pet.gov.tw/upload/pic/1775100061431.png,虎尾鎮三合里,2025-11-14,雲林縣斗六市雲林路二段517號,(05)5523300
105321,雲林縣流浪動物收容所,雲林縣流浪動物收容所,混種犬,1,M,BIG,黑色,ADULT,T,https://www.pet.gov.tw/upload/pic/1758007806901.png,水林運動公園,2019-06-21,雲林縣斗六市雲林路二段517號,(05)5523300
106360,雲林縣流浪動物收容所,雲林縣流浪動物收容所,混種犬,1,M,BIG,黑色,ADULT,T,https://www.pet.gov.tw/upload/pic/1775087136079.png,西螺鎮社口路,2019-06-28,雲林縣斗六市雲林路二段517號,(05)5523300
83256,雲林縣流浪動物收容所,雲林縣流浪動物收容所,混種犬,1,F,BIG,黑色,ADULT,T,https://www.pet.gov.tw/upload/pic/1775101494534.png,元長鄉崙仔村,2019-02-01,雲林縣斗六市雲林路二段517號,(05)5523300
64928,雲林縣流浪動物收容所,雲林縣流浪動物收容所,混種犬,1,F,BIG,黃色,ADULT,T,https://www.pet.gov.tw/upload/pic/c20fbce3-45eb-4c76-8b1a-458b3858a478.jpg,古坑鄉荷苞村,2018-09-21,雲林縣斗六市雲林路二段517號,(05)5523300
53555,雲林縣流浪動物收容所,雲林縣流浪動物收容所,混種犬,1,F,BIG,花色,ADULT,T,https://www.pet.gov.tw/upload/pic/1758006384851.png,北港水道頭公園,2018-06-22,雲林縣斗六市雲林路二段517號,(05)5523300
53545,雲林縣流浪動物收容所,雲林縣流浪動物收容所,混種犬,1,F,BIG,黑色,ADULT,T,https://www.pet.gov.tw/upload/pic/1758005815875.png,西螺鎮大新里,2018-06-22,雲林縣斗六市雲林路二段517號,(05)5523300
53539,雲林縣流浪動物收容所,雲林縣流浪動物收容所,混種犬,1,M,BIG,黑色,ADULT,T,https://www.pet.gov.tw/upload/pic/1775093474854.png,北港清潔隊,2018-06-22,雲林縣斗六市雲林路二段517號,(05)5523300
53531,雲林縣流浪動物收容所,雲林縣流浪動物收容所,混種犬,1,M,BIG,黑色,ADULT,T,https://www.pet.gov.tw/upload/pic/1775093856315.png,北港清潔隊,2018-06-22,雲林縣斗六市雲林路二段517號,(05)5523300
47950,雲林縣流浪動物收容所,雲林縣流浪動物收容所,混種犬,1,M,BIG,黑色,ADULT,T,https://www.pet.gov.tw/upload/pic/1774509849563.png,土庫鎮林森路,2018-05-04,雲林縣斗六市雲林路二段517號,(05)5523300
39768,雲林縣流浪動物收容所,雲林縣流浪動物收容所,混種犬,1,M,BIG,黑色,ADULT,T,https://www.pet.gov.tw/upload/pic/1775092243152.png,麥寮鄉中興村,2018-03-16,雲林縣斗六市雲林路二段517號,(05)5523300
39751,雲林縣流浪動物收容所,雲林縣流浪動物收容所,混種犬,1,F,BIG,黑色,ADULT,T,https://www.pet.gov.tw/upload/pic/1774510961662.png,土庫鎮新庄里,2018-03-16,雲林縣斗六市雲林路二段517號,(05)5523300
32961,雲林縣流浪動物收容所,雲林縣流浪動物收容所,混種犬,1,M,BIG,黑虎斑色,ADULT,T,https://www.pet.gov.tw/upload/pic/1775087781939.png,虎尾鎮,2018-01-24,雲林縣斗六市雲林路二段517號,(05)5523300
32959,雲林縣流浪動物收容所,雲林縣流浪動物收容所,混種犬,1,M,BIG,黑色,ADULT,T,https://www.pet.gov.tw/upload/pic/1775093740103.png,虎尾鎮延平里,2018-01-24,雲林縣斗六市雲林路二段517號,(05)5523300
32718,雲林縣流浪動物收容所,雲林縣流浪動物收容所,混種犬,1,M,BIG,黑色,ADULT,T,https://www.pet.gov.tw/upload/pic/1775092958545.png,虎尾鎮延平里,2018-01-17,雲林縣斗六市雲林路二段517號,(05)5523300
32705,雲林縣流浪動物收容所,雲林縣流浪動物收容所,混種犬,1,F,BIG,黑色,ADULT,T,https://www.pet.gov.tw/upload/pic/1775546251263.png,斗六市雲林路,2018-01-10,雲林縣斗六市雲林路二段517號,(05)5523300
32680,雲林縣流浪動物收容所,雲林縣流浪動物收容所,混種犬,1,M,BIG,黃色,ADULT,T,https://www.pet.gov.tw/upload/pic/1774488120258.png,斗六市雲林路,2018-01-02,雲林縣斗六市雲林路二段517號,(05)5523300
28495,雲林縣流浪動物收容所,雲林縣流浪動物收容所,混種犬,1,F,BIG,黑色,ADULT,T,https://www.pet.gov.tw/upload/pic/1774495665493.png,虎尾鎮,2017-12-19,雲林縣斗六市雲林路二段517號,(05)5523300
28376,雲林縣流浪動物收容所,雲林縣流浪動物收容所,混種犬,1,F,BIG,黑黃色,ADULT,T,https://www.pet.gov.tw/upload/pic/1758008810639.png,台西鄉,2017-11-14,雲林縣斗六市雲林路二段517號,(05)5523300
28332,雲林縣流浪動物收容所,雲林縣流浪動物收容所,混種犬,1,M,BIG,白色,ADULT,T,https://www.pet.gov.tw/upload/pic/1775088583181.png,土庫鎮,2017-11-01,雲林縣斗六市雲林路二段517號,(05)5523300
28008,雲林縣流浪動物收容所,雲林縣流浪動物收容所,混種犬,1,F,BIG,黑色,ADULT,T,https://www.pet.gov.tw/upload/pic/1774518776232.png,斗六市,2020-12-31,雲林縣斗六市雲林路二段517號,(05)5523300
28006,雲林縣流浪動物收容所,雲林縣流浪動物收容所,混種犬,1,F,BIG,黑色,ADULT,T,https://www.pet.gov.tw/upload/pic/1758006546620.png,斗六市,2017-08-30,雲林縣斗六市雲林路二段517號,(05)5523300
28005,雲林縣流浪動物收容所,雲林縣流浪動物收容所,混種犬,1,F,BIG,黑色,ADULT,T,https://www.pet.gov.tw/upload/pic/1758009017303.png,斗六市,2017-08-30,雲林縣斗六市雲林路二段517號,(05)5523300
27414,雲林縣流浪動物收容所,雲林縣流浪動物收容所,混種犬,1,F,BIG,黑色,ADULT,T,https://www.pet.gov.tw/upload/pic/1774496494017.png,西螺鎮,2017-07-11,雲林縣斗六市雲林路二段517號,(05)5523300
27348,雲林縣流浪動物收容所,雲林縣流浪動物收容所,混種犬,1,F,BIG,黑色,ADULT,T,https://www.pet.gov.tw/upload/pic/1775040890974.png,台西鄉,2017-05-31,雲林縣斗六市雲林路二段517號,(05)5523300
429304,雲林縣流浪動物收容所,雲林縣流浪動物收容所,混種犬,1,F,BIG,黑色,ADULT,T,https://www.pet.gov.tw/upload/pic/1776155377018.png,斗六市溝垻里,2026-06-01,雲林縣斗六市雲林路二段517號,(05)5523300
291989,雲林縣流浪動物收容所,雲林縣流浪動物收容所,混種犬,1,M,BIG,黑色,ADULT,T,https://www.pet.gov.tw/upload/pic/1769415685543.png,斗六市榮橋堤防,2023-01-13,雲林縣斗六市雲林路二段517號,(05)5523300
204760,雲林縣流浪動物收容所,雲林縣流浪動物收容所,混種犬,1,M,BIG,黑色,ADULT,T,https://www.pet.gov.tw/upload/pic/1768901044900.png,口湖鄉沙崙後,2021-04-30,雲林縣斗六市雲林路二段517號,(05)5523300
201866,雲林縣流浪動物收容所,雲林縣流浪動物收容所,混種犬,1,M,BIG,黑黃色,ADULT,T,https://www.pet.gov.tw/upload/pic/1769392067565.png,虎尾鎮穎川里,2021-04-09,雲林縣斗六市雲林路二段517號,(05)5523300
106355,雲林縣流浪動物收容所,雲林縣流浪動物收容所,混種犬,1,F,BIG,黑色,ADULT,T,https://www.pet.gov.tw/upload/pic/1758189198390.png,斗六市長安路,2019-06-28,雲林縣斗六市雲林路二段517號,(05)5523300
106354,雲林縣流浪動物收容所,雲林縣流浪動物收容所,混種犬,1,M,BIG,黑色,ADULT,T,https://www.pet.gov.tw/upload/pic/1758189097656.png,斗六市長安路,2019-06-28,雲林縣斗六市雲林路二段517號,(05)5523300
97609,雲林縣流浪動物收容所,雲林縣流浪動物收容所,混種犬,1,F,BIG,黑黃色,ADULT,T,https://www.pet.gov.tw/upload/pic/1768898007047.png,四湖鄉下鹿場路,2019-05-10,雲林縣斗六市雲林路二段517號,(05)5523300
97581,雲林縣流浪動物收容所,雲林縣流浪動物收容所,混種犬,1,F,BIG,黑色,ADULT,T,https://www.pet.gov.tw/upload/pic/1769398075813.png,虎尾鎮新吉里活動中心,2019-05-10,雲林縣斗六市雲林路二段517號,(05)5523300
97578,雲林縣流浪動物收容所,雲林縣流浪動物收容所,混種犬,1,F,BIG,黑色,ADULT,T,https://www.pet.gov.tw/upload/pic/1769408054040.png,虎尾鎮新吉里活動中心,2019-05-10,雲林縣斗六市雲林路二段517號,(05)5523300
97577,雲林縣流浪動物收容所,雲林縣流浪動物收容所,混種犬,1,F,BIG,黑色,ADULT,T,https://www.pet.gov.tw/upload/pic/1769408759104.png,虎尾鎮新吉里活動中心,2019-05-10,雲林縣斗六市雲林路二段517號,(05)5523300
97576,雲林縣流浪動物收容所,雲林縣流浪動物收容所,混種犬,1,F,BIG,黑色,ADULT,T,https://www.pet.gov.tw/upload/pic/1769396286048.png,虎尾鎮新吉里活動中心,2019-05-10,雲林縣斗六市雲林路二段517號,(05)5523300
97573,雲林縣流浪動物收容所,雲林縣流浪動物收容所,混種犬,1,F,BIG,黑色,ADULT,T,https://www.pet.gov.tw/upload/pic/1769483750169.png,虎尾鎮新吉里活動中心,2019-05-10,雲林縣斗六市雲林路二段517號,(05)5523300
97570,雲林縣流浪動物收容所,雲林縣流浪動物收容所,混種犬,1,F,BIG,黑色,ADULT,T,https://www.pet.gov.tw/upload/pic/1769483561032.png,虎尾鎮新吉里活動中心,2019-05-10,雲林縣斗六市雲林路二段517號,(05)5523300
96756,雲林縣流浪動物收容所,雲林縣流浪動物收容所,混種犬,1,F,BIG,黑色,ADULT,F,https://www.pet.gov.tw/upload/pic/1768897494053.png,二崙鄉安平路,2019-05-03,雲林縣斗六市雲林路二段517號,(05)5523300
96751,雲林縣流浪動物收容所,雲林縣流浪動物收容所,混種犬,1,F,BIG,黃色,ADULT,T,https://www.pet.gov.tw/upload/pic/1768897772093.png,虎尾同心公園,2019-05-03,雲林縣斗六市雲林路二段517號,(05)5523300
95755,雲林縣流浪動物收容所,雲林縣流浪動物收容所,混種犬,1,M,BIG,黑色,ADULT,T,https://www.pet.gov.tw/upload/pic/1768897009183.png,二崙鄉安平路,2019-04-26,雲林縣斗六市雲林路二段517號,(05)5523300
84186,雲林縣流浪動物收容所,雲林縣流浪動物收容所,混種犬,1,M,BIG,黑黃色,ADULT,T,https://www.pet.gov.tw/upload/pic/1769045536565.png,斗六市棒球場,2019-02-15,雲林縣斗六市雲林路二段517號,(05)5523300
78843,雲林縣流浪動物收容所,雲林縣流浪動物收容所,混種犬,1,F,BIG,黑黃色,ADULT,T,https://www.pet.gov.tw/upload/pic/1769474984924.png,西螺鎮安定里,2019-01-04,雲林縣斗六市雲林路二段517號,(05)5523300
78842,雲林縣流浪動物收容所,雲林縣流浪動物收容所,混種犬,1,F,BIG,黑色,ADULT,T,https://www.pet.gov.tw/upload/pic/1758239215879.png,斗六市中南路,2019-01-04,雲林縣斗六市雲林路二段517號,(05)5523300
64925,雲林縣流浪動物收容所,雲林縣流浪動物收容所,混種犬,1,M,BIG,黑色,ADULT,T,https://www.pet.gov.tw/upload/pic/1768902690154.png,古坑鄉荷苞村,2018-09-21,雲林縣斗六市雲林路二段517號,(05)5523300
63267,雲林縣流浪動物收容所,雲林縣流浪動物收容所,混種犬,1,F,BIG,黑色,ADULT,T,https://www.pet.gov.tw/upload/pic/1758238896377.png,虎尾鎮同心公園,2018-09-07,雲林縣斗六市雲林路二段517號,(05)5523300
60347,雲林縣流浪動物收容所,雲林縣流浪動物收容所,混種犬,1,F,BIG,黑黃色,ADULT,T,https://www.pet.gov.tw/upload/pic/448092e2-8c10-4858-9165-9692c3a5aa05.JPG,斗六市萬年路,2018-08-10,雲林縣斗六市雲林路二段517號,(05)5523300
46115,雲林縣流浪動物收容所,雲林縣流浪動物收容所,混種犬,1,M,BIG,白色,ADULT,T,https://www.pet.gov.tw/upload/pic/1769044009830.png,斗六市大學路,2018-04-20,雲林縣斗六市雲林路二段517號,(05)5523300
39762,雲林縣流浪動物收容所,雲林縣流浪動物收容所,混種犬,1,M,BIG,黃色,ADULT,T,https://www.pet.gov.tw/upload/pic/1768449509123.png,崙背鄉崙背公園,2018-03-16,雲林縣斗六市雲林路二段517號,(05)5523300
32696,雲林縣流浪動物收容所,雲林縣流浪動物收容所,混種犬,1,F,BIG,黑棕色,ADULT,T,https://www.pet.gov.tw/upload/pic/1758239146812.png,莿桐鄉和平路,2018-01-03,雲林縣斗六市雲林路二段517號,(05)5523300
28483,雲林縣流浪動物收容所,雲林縣流浪動物收容所,混種犬,1,M,BIG,黑色,ADULT,T,https://www.pet.gov.tw/upload/pic/ad3bc2ee-99fa-4a26-b9cb-4615d95b3a55.JPG,斗六市,2017-11-29,雲林縣斗六市雲林路二段517號,(05)5523300
27989,雲林縣流浪動物收容所,雲林縣流浪動物收容所,混種犬,1,F,BIG,黑色,ADULT,T,https://www.pet.gov.tw/upload/pic/1769391311685.png,虎尾鎮,2017-08-22,雲林縣斗六市雲林路二段517號,(05)5523300
455993,苗栗縣動物保護教育園區,苗栗縣動物保護教育園區,混種犬,1,F,MEDIUM,黑色,CHILD,T,https://www.pet.gov.tw/upload/pic/1780383587357.png,通霄鎮梅南里,2026-06-02,苗栗縣銅鑼鄉朝陽村6鄰朝北55-1號(地圖：https:／／goo.gl/maps/Bd4sckpEPsrof7Qb8),(037)558228
444899,臺北市動物之家,臺北市動物之家,混種犬,1,F,MEDIUM,黑色,ADULT,T,https://www.pet.gov.tw/upload/pic/1773124216734.png,新光路二段,2026-06-02,臺北市內湖區安美街191號,(02)87913254
443254,臺北市動物之家,臺北市動物之家,混種犬,1,M,MEDIUM,虎斑色,ADULT,T,https://www.pet.gov.tw/upload/pic/1771912038145.png,延平北路六段258巷,2026-03-31,臺北市內湖區安美街191號,(02)87913254
27971,雲林縣流浪動物收容所,雲林縣流浪動物收容所,混種犬,1,F,BIG,黑色,ADULT,T,https://www.pet.gov.tw/upload/pic/1769389557875.png,虎尾鎮,2017-08-22,雲林縣斗六市雲林路二段517號,(05)5523300
27969,雲林縣流浪動物收容所,雲林縣流浪動物收容所,混種犬,1,M,BIG,黑色,ADULT,T,https://www.pet.gov.tw/upload/pic/1769397533374.png,虎尾鎮,2017-08-22,雲林縣斗六市雲林路二段517號,(05)5523300
455994,苗栗縣動物保護教育園區,苗栗縣動物保護教育園區,混種犬,1,F,MEDIUM,黑色,CHILD,T,https://www.pet.gov.tw/upload/pic/1780383714580.png,銅鑼鄉銅鑼村,2026-06-02,苗栗縣銅鑼鄉朝陽村6鄰朝北55-1號(地圖：https:／／goo.gl/maps/Bd4sckpEPsrof7Qb8),(037)558228
27937,雲林縣流浪動物收容所,雲林縣流浪動物收容所,混種犬,1,M,BIG,黑色,ADULT,T,https://www.pet.gov.tw/upload/pic/1769389208712.png,水林鄉,2017-08-16,雲林縣斗六市雲林路二段517號,(05)5523300
27890,雲林縣流浪動物收容所,雲林縣流浪動物收容所,混種犬,1,M,BIG,黑虎斑色,ADULT,T,https://www.pet.gov.tw/upload/pic/1769389040548.png,水林鄉,2017-08-02,雲林縣斗六市雲林路二段517號,(05)5523300
27370,雲林縣流浪動物收容所,雲林縣流浪動物收容所,混種犬,1,M,BIG,黑棕色,ADULT,T,https://www.pet.gov.tw/upload/pic/1769488652666.png,西螺鎮,2017-06-21,雲林縣斗六市雲林路二段517號,(05)5523300
455966,高雄市壽山動物保護教育園區,高雄市壽山動物保護教育園區,貴賓犬,0,M,SMALL,黑色,ADULT,N,https://www.pet.gov.tw/upload/pic/1780379369408.png,九堂路,,高雄市鼓山區萬壽路350號,(07)5519059
451556,彰化縣流浪狗中途之家,彰化縣流浪狗中途之家,混種犬,1,M,MEDIUM,黃色,ADULT,T,https://www.pet.gov.tw/upload/pic/1777967239999.png,,2026-05-14,彰化縣員林市大峰里阿寶巷426號(大門入口請由彰化縣芬園鄉大彰路一段875巷進入走到底),(04)8590638
451344,臺北市動物之家,臺北市動物之家,混種犬,1,M,MEDIUM,黑色,ADULT,T,https://www.pet.gov.tw/upload/pic/1777880025922.png,永樂里延平河濱公園,2026-05-20,臺北市內湖區安美街191號,(02)87913254
455949,桃園市動物保護教育園區,桃園市動物保護教育園區,臘腸犬,0,M,SMALL,黃色,ADULT,T,https://www.pet.gov.tw/upload/pic/1780372140532.png,,,桃園市新屋區永興里3鄰藻礁路1668號,(03)4861760
391312,臺北市動物之家,臺北市動物之家,台灣犬,0,M,MEDIUM,黑色,ADULT,T,https://www.pet.gov.tw/upload/pic/1737433403283.png,不擬續養,2025-01-21,臺北市內湖區安美街191號,(02)87913254
239904,桃園市動物保護教育園區,桃園市動物保護教育園區,混種犬,1,F,MEDIUM,黑色,ADULT,F,https://www.pet.gov.tw/upload/pic/b0fb3adc-4e0a-42ec-a375-9933f31eb38a.JPG,中福里新興街３７９巷２３弄,2022-10-07,桃園市新屋區永興里3鄰藻礁路1668號,(03)4861760
110903,桃園市動物保護教育園區,桃園市動物保護教育園區,混種犬,1,M,MEDIUM,虎斑色,ADULT,F,https://www.pet.gov.tw/upload/pic/320ae5ee-c74d-4072-a612-4d6075c361b7.JPG,東興里龍岡路一段,2026-06-02,桃園市新屋區永興里3鄰藻礁路1668號,(03)4861760
449460,彰化縣流浪狗中途之家,彰化縣流浪狗中途之家,混種犬,1,M,MEDIUM,黑白色,ADULT,T,https://www.pet.gov.tw/upload/pic/1776323428041.png,,2026-04-27,彰化縣員林市大峰里阿寶巷426號(大門入口請由彰化縣芬園鄉大彰路一段875巷進入走到底),(04)8590638
453731,彰化縣流浪狗中途之家,彰化縣流浪狗中途之家,混種犬,1,F,MEDIUM,黑色,ADULT,T,https://www.pet.gov.tw/upload/pic/1779343506668.png,鹿港鎮體育場(江屋婚宴會館附近),2026-05-30,彰化縣員林市大峰里阿寶巷426號(大門入口請由彰化縣芬園鄉大彰路一段875巷進入走到底),(04)8590638
448622,彰化縣流浪狗中途之家,彰化縣流浪狗中途之家,混種犬,1,F,MEDIUM,黑色,ADULT,T,https://www.pet.gov.tw/upload/pic/1775720900555.png,光復路96巷29弄24號,2026-05-11,彰化縣員林市大峰里阿寶巷426號(大門入口請由彰化縣芬園鄉大彰路一段875巷進入走到底),(04)8590638
445259,彰化縣流浪狗中途之家,彰化縣流浪狗中途之家,混種犬,1,F,MEDIUM,黑虎斑色,ADULT,T,https://www.pet.gov.tw/upload/pic/1773290122655.png,和線路曉陽國小附近,2026-03-20,彰化縣員林市大峰里阿寶巷426號(大門入口請由彰化縣芬園鄉大彰路一段875巷進入走到底),(04)8590638
450813,彰化縣流浪狗中途之家,彰化縣流浪狗中途之家,混種犬,1,M,BIG,黑色,ADULT,T,https://www.pet.gov.tw/upload/pic/1777359833463.png,,2026-05-18,彰化縣員林市大峰里阿寶巷426號(大門入口請由彰化縣芬園鄉大彰路一段875巷進入走到底),(04)8590638
450205,彰化縣流浪狗中途之家,彰化縣流浪狗中途之家,混種犬,1,M,MEDIUM,黑色,ADULT,T,https://www.pet.gov.tw/upload/pic/1776915498796.png,彰濱產業園區服務中心(線西區),2026-05-13,彰化縣員林市大峰里阿寶巷426號(大門入口請由彰化縣芬園鄉大彰路一段875巷進入走到底),(04)8590638
449717,彰化縣流浪狗中途之家,彰化縣流浪狗中途之家,混種犬,1,M,MEDIUM,黑黃色,ADULT,T,https://www.pet.gov.tw/upload/pic/1776649619700.png,和線路曉陽國小附近,2026-05-13,彰化縣員林市大峰里阿寶巷426號(大門入口請由彰化縣芬園鄉大彰路一段875巷進入走到底),(04)8590638
449461,彰化縣流浪狗中途之家,彰化縣流浪狗中途之家,混種犬,1,M,MEDIUM,黑色,ADULT,F,https://www.pet.gov.tw/upload/pic/1776323478585.png,,2026-04-27,彰化縣員林市大峰里阿寶巷426號(大門入口請由彰化縣芬園鄉大彰路一段875巷進入走到底),(04)8590638
448621,彰化縣流浪狗中途之家,彰化縣流浪狗中途之家,混種犬,1,M,MEDIUM,黑色,ADULT,T,https://www.pet.gov.tw/upload/pic/1775720838180.png,光復路96巷29弄24號,2026-04-20,彰化縣員林市大峰里阿寶巷426號(大門入口請由彰化縣芬園鄉大彰路一段875巷進入走到底),(04)8590638
446068,彰化縣流浪狗中途之家,彰化縣流浪狗中途之家,混種犬,1,M,MEDIUM,黑色,ADULT,T,https://www.pet.gov.tw/upload/pic/1773885358154.png,福德巷380號,2026-04-13,彰化縣員林市大峰里阿寶巷426號(大門入口請由彰化縣芬園鄉大彰路一段875巷進入走到底),(04)8590638
445065,彰化縣流浪狗中途之家,彰化縣流浪狗中途之家,混種犬,1,M,MEDIUM,黑色,ADULT,T,https://www.pet.gov.tw/upload/pic/1773202868580.png,見興宮後面,2026-04-27,彰化縣員林市大峰里阿寶巷426號(大門入口請由彰化縣芬園鄉大彰路一段875巷進入走到底),(04)8590638
444908,彰化縣流浪狗中途之家,彰化縣流浪狗中途之家,混種犬,1,M,MEDIUM,虎斑色,ADULT,T,https://www.pet.gov.tw/upload/pic/1773125868663.png,,2026-05-11,彰化縣員林市大峰里阿寶巷426號(大門入口請由彰化縣芬園鄉大彰路一段875巷進入走到底),(04)8590638
444191,彰化縣流浪狗中途之家,彰化縣流浪狗中途之家,混種犬,1,M,MEDIUM,,ADULT,T,https://www.pet.gov.tw/upload/pic/1772673841163.png,太平路568巷5弄2號,2026-03-25,彰化縣員林市大峰里阿寶巷426號(大門入口請由彰化縣芬園鄉大彰路一段875巷進入走到底),(04)8590638
444190,彰化縣流浪狗中途之家,彰化縣流浪狗中途之家,混種犬,1,M,MEDIUM,,ADULT,T,https://www.pet.gov.tw/upload/pic/1772673669626.png,太平路568巷5弄2號,2026-03-25,彰化縣員林市大峰里阿寶巷426號(大門入口請由彰化縣芬園鄉大彰路一段875巷進入走到底),(04)8590638
443130,彰化縣流浪狗中途之家,彰化縣流浪狗中途之家,混種犬,1,M,MEDIUM,黑色,ADULT,T,https://www.pet.gov.tw/upload/pic/1771892762478.png,曾厝巷34號,2026-03-04,彰化縣員林市大峰里阿寶巷426號(大門入口請由彰化縣芬園鄉大彰路一段875巷進入走到底),(04)8590638
443030,彰化縣流浪狗中途之家,彰化縣流浪狗中途之家,混種犬,1,M,MEDIUM,黑色,ADULT,T,https://www.pet.gov.tw/upload/pic/1771817847731.png,中村巷,2026-03-04,彰化縣員林市大峰里阿寶巷426號(大門入口請由彰化縣芬園鄉大彰路一段875巷進入走到底),(04)8590638
441731,彰化縣流浪狗中途之家,彰化縣流浪狗中途之家,混種犬,1,M,MEDIUM,黑色,ADULT,T,https://www.pet.gov.tw/upload/pic/1770255259535.png,南潭路一巷54號,2026-03-16,彰化縣員林市大峰里阿寶巷426號(大門入口請由彰化縣芬園鄉大彰路一段875巷進入走到底),(04)8590638
427286,彰化縣流浪狗中途之家,彰化縣流浪狗中途之家,混種犬,1,M,MEDIUM,黑棕色,ADULT,T,https://www.pet.gov.tw/upload/pic/1761611875015.png,二溪路7段一巷145號,2025-11-10,彰化縣員林市大峰里阿寶巷426號(大門入口請由彰化縣芬園鄉大彰路一段875巷進入走到底),(04)8590638
455922,臺南市動物之家善化站,臺南市動物之家善化站,混種犬,1,F,MEDIUM,黑白色,ADULT,N,https://www.pet.gov.tw/upload/pic/1780366643238.png,,2026-06-02,臺南市善化區昌隆里東勢寮1-19號,(06)5832399
455872,臺南市動物之家善化站,臺南市動物之家善化站,混種犬,1,M,MEDIUM,黑色,ADULT,N,https://www.pet.gov.tw/upload/pic/1780294431268.png,,2026-06-08,臺南市善化區昌隆里東勢寮1-19號,(06)5832399
455857,金門縣動物收容中心,金門縣動物收容中心,混種犬,1,F,MEDIUM,米色,ADULT,F,https://www.pet.gov.tw/upload/pic/1780294186602.png,金城鎮珠沙里小西門,2026-05-28,金門縣金湖鎮裕民農莊20號,(082)336625
455854,苗栗縣動物保護教育園區,苗栗縣動物保護教育園區,混種犬,1,F,MEDIUM,黑色,CHILD,T,https://www.pet.gov.tw/upload/pic/1780285253598.png,公館鄉玉谷村,2026-06-01,苗栗縣銅鑼鄉朝陽村6鄰朝北55-1號(地圖：https:／／goo.gl/maps/Bd4sckpEPsrof7Qb8),(037)558228
455853,苗栗縣動物保護教育園區,苗栗縣動物保護教育園區,混種犬,1,F,MEDIUM,黑色,CHILD,T,https://www.pet.gov.tw/upload/pic/1780285142201.png,公館鄉玉谷村,2026-06-01,苗栗縣銅鑼鄉朝陽村6鄰朝北55-1號(地圖：https:／／goo.gl/maps/Bd4sckpEPsrof7Qb8),(037)558228
455816,臺南市動物之家善化站,臺南市動物之家善化站,邊境牧羊犬,0,M,MEDIUM,黑色,ADULT,N,https://www.pet.gov.tw/upload/pic/1780274567767.png,,2026-06-08,臺南市善化區昌隆里東勢寮1-19號,(06)5832399
455728,高雄市燕巢動物保護關愛園區,高雄市燕巢動物保護關愛園區,混種犬,1,F,BIG,黑色,ADULT,N,https://www.pet.gov.tw/upload/pic/1780105543150.png,大遼路,2026-05-18,高雄市燕巢區師大路98號,(07)6051002
455727,高雄市燕巢動物保護關愛園區,高雄市燕巢動物保護關愛園區,混種犬,1,F,BIG,黑色,ADULT,N,https://www.pet.gov.tw/upload/pic/1780105406316.png,瓊林路,2026-05-18,高雄市燕巢區師大路98號,(07)6051002
445074,臺中市動物之家后里園區,臺中市動物之家后里園區,貴賓犬,0,M,MEDIUM,棕色,ADULT,T,https://www.pet.gov.tw/upload/pic/1780103268064.png,后神路,2026-05-30,臺中市后里區堤防路370號,(04)25588024
455726,高雄市燕巢動物保護關愛園區,高雄市燕巢動物保護關愛園區,混種犬,1,F,BIG,棕色,ADULT,N,https://www.pet.gov.tw/upload/pic/1780103687156.png,新庄路,2026-05-18,高雄市燕巢區師大路98號,(07)6051002
455725,高雄市燕巢動物保護關愛園區,高雄市燕巢動物保護關愛園區,混種犬,1,F,BIG,黑色,ADULT,N,https://www.pet.gov.tw/upload/pic/1780103562452.png,復興路,2026-05-18,高雄市燕巢區師大路98號,(07)6051002
455724,高雄市燕巢動物保護關愛園區,高雄市燕巢動物保護關愛園區,混種犬,1,F,BIG,花色,ADULT,N,https://www.pet.gov.tw/upload/pic/1780103433851.png,保安路,2026-05-17,高雄市燕巢區師大路98號,(07)6051002
455723,高雄市燕巢動物保護關愛園區,高雄市燕巢動物保護關愛園區,混種犬,1,F,MEDIUM,黃色,CHILD,N,https://www.pet.gov.tw/upload/pic/1780103249342.png,安招路,2026-05-17,高雄市燕巢區師大路98號,(07)6051002
455721,高雄市燕巢動物保護關愛園區,高雄市燕巢動物保護關愛園區,混種犬,1,F,MEDIUM,黑色,CHILD,N,https://www.pet.gov.tw/upload/pic/1780103049967.png,大新路,2026-05-16,高雄市燕巢區師大路98號,(07)6051002
455720,高雄市燕巢動物保護關愛園區,高雄市燕巢動物保護關愛園區,混種犬,1,M,BIG,黃色,ADULT,N,https://www.pet.gov.tw/upload/pic/1780102876034.png,壽齡國小,2026-05-15,高雄市燕巢區師大路98號,(07)6051002
455719,高雄市燕巢動物保護關愛園區,高雄市燕巢動物保護關愛園區,混種犬,1,F,BIG,黑色,CHILD,N,https://www.pet.gov.tw/upload/pic/1780102732035.png,烏西崙,2026-05-14,高雄市燕巢區師大路98號,(07)6051002
455718,高雄市燕巢動物保護關愛園區,高雄市燕巢動物保護關愛園區,混種犬,1,F,BIG,黑色,ADULT,N,https://www.pet.gov.tw/upload/pic/1780102567762.png,壽齡國小,2026-05-14,高雄市燕巢區師大路98號,(07)6051002
455717,高雄市燕巢動物保護關愛園區,高雄市燕巢動物保護關愛園區,混種犬,1,F,BIG,黑色,ADULT,N,https://www.pet.gov.tw/upload/pic/1780102427721.png,壽齡國小,2026-05-13,高雄市燕巢區師大路98號,(07)6051002
455716,高雄市燕巢動物保護關愛園區,高雄市燕巢動物保護關愛園區,混種犬,1,F,BIG,黑色,ADULT,N,https://www.pet.gov.tw/upload/pic/1780102248093.png,潭底頂,2026-05-13,高雄市燕巢區師大路98號,(07)6051002
455715,高雄市燕巢動物保護關愛園區,高雄市燕巢動物保護關愛園區,混種犬,1,F,MEDIUM,花色,CHILD,N,https://www.pet.gov.tw/upload/pic/1780102051514.png,嘉峰路,2026-05-13,高雄市燕巢區師大路98號,(07)6051002
455714,高雄市燕巢動物保護關愛園區,高雄市燕巢動物保護關愛園區,混種犬,1,F,BIG,黑色,ADULT,N,https://www.pet.gov.tw/upload/pic/1780101903273.png,白雲寺,2026-05-13,高雄市燕巢區師大路98號,(07)6051002
453327,彰化縣流浪狗中途之家,彰化縣流浪狗中途之家,混種犬,1,M,MEDIUM,黃色,ADULT,T,https://www.pet.gov.tw/upload/pic/1779154540406.png,員集路一段,2026-06-01,彰化縣員林市大峰里阿寶巷426號(大門入口請由彰化縣芬園鄉大彰路一段875巷進入走到底),(04)8590638
453484,彰化縣流浪狗中途之家,彰化縣流浪狗中途之家,混種犬,1,M,MEDIUM,黑黃色,ADULT,T,https://www.pet.gov.tw/upload/pic/1779242638164.png,中山南街附近,2026-06-01,彰化縣員林市大峰里阿寶巷426號(大門入口請由彰化縣芬園鄉大彰路一段875巷進入走到底),(04)8590638
452241,彰化縣流浪狗中途之家,彰化縣流浪狗中途之家,混種犬,1,M,MEDIUM,黑色,ADULT,T,https://www.pet.gov.tw/upload/pic/1778464231015.png,高鐵特區高鐵北三路,2026-06-01,彰化縣員林市大峰里阿寶巷426號(大門入口請由彰化縣芬園鄉大彰路一段875巷進入走到底),(04)8590638
452835,彰化縣流浪狗中途之家,彰化縣流浪狗中途之家,混種犬,1,M,MEDIUM,虎斑色,ADULT,T,https://www.pet.gov.tw/upload/pic/1778741322715.png,,2026-06-01,彰化縣員林市大峰里阿寶巷426號(大門入口請由彰化縣芬園鄉大彰路一段875巷進入走到底),(04)8590638
455315,雲林縣流浪動物收容所,雲林縣流浪動物收容所,比特犬,0,M,BIG,黑色,ADULT,T,https://www.pet.gov.tw/upload/pic/1779965465746.png,古坑鄉新庄村,2026-05-29,雲林縣斗六市雲林路二段517號,(05)5523300
455321,雲林縣流浪動物收容所,雲林縣流浪動物收容所,混種犬,1,M,BIG,黑色,ADULT,T,https://www.pet.gov.tw/upload/pic/1779964657524.png,大埤鄉松竹村,2026-05-22,雲林縣斗六市雲林路二段517號,(05)5523300
455330,雲林縣流浪動物收容所,雲林縣流浪動物收容所,混種犬,1,F,BIG,黑色,ADULT,T,https://www.pet.gov.tw/upload/pic/1779964627535.png,大埤鄉尚義村,2026-05-29,雲林縣斗六市雲林路二段517號,(05)5523300
455675,宜蘭縣流浪動物中途之家,宜蘭縣流浪動物中途之家,其他,0,M,BIG,黑黃色,ADULT,F,https://www.pet.gov.tw/upload/pic/1780037014143.png,文雅路,,宜蘭縣五結鄉成興村利寶路60號,(03)9602350620
453965,臺南市動物之家灣裡站,臺南市動物之家灣裡站,混種犬,1,F,MEDIUM,,ADULT,T,https://www.pet.gov.tw/upload/pic/1779528529896.png,新建路3巷10號之4,2026-05-26,臺南市南區省躬里14鄰萬年路580巷92號,(06)2964439
455635,南投縣公立動物收容所,南投縣公立動物收容所,混種犬,1,F,MEDIUM,黃色,ADULT,T,https://www.pet.gov.tw/upload/pic/1780017980821.png,復興路,2026-05-28,南投縣南投市嶺興路36-1號,(049)2225440
441101,高雄市壽山動物保護教育園區,高雄市壽山動物保護教育園區,柴犬,0,M,SMALL,白色,ADULT,T,https://www.pet.gov.tw/upload/pic/1769822566188.png,天祥一路,2026-05-28,高雄市鼓山區萬壽路350號,(07)5519059
445276,花蓮縣狗貓躍動園區,花蓮縣狗貓躍動園區,混種犬,1,F,MEDIUM,黃白色,CHILD,T,https://www.pet.gov.tw/upload/pic/1773295887216.png,,2026-04-16,花蓮縣鳳林鎮林榮里永豐路255號,(03)8421452
445278,花蓮縣狗貓躍動園區,花蓮縣狗貓躍動園區,混種犬,1,F,MEDIUM,黃白色,CHILD,T,https://www.pet.gov.tw/upload/pic/1773295990102.png,,2026-04-16,花蓮縣鳳林鎮林榮里永豐路255號,(03)8421452
440434,嘉義市動物保護教育園區,嘉義市動物保護教育園區,混種犬,1,F,SMALL,黑黃色,CHILD,T,https://www.pet.gov.tw/upload/pic/1769480661197.png,大溪路295號,2026-04-13,嘉義市彌陀路31號,(05)2168661
450081,新北市新店區公立動物之家,新北市新店區公立動物之家,貴賓犬,0,M,SMALL,咖啡色,ADULT,F,https://www.pet.gov.tw/upload/pic/1776835020915.png,新店區碧潭,2026-05-28,新北市新店區安泰路235號,(02)22159462
455564,臺南市動物之家善化站,臺南市動物之家善化站,混種犬,1,M,MEDIUM,黑黃色,ADULT,N,https://www.pet.gov.tw/upload/pic/1779938168546.png,,2026-06-04,臺南市善化區昌隆里東勢寮1-19號,(06)5832399
455561,臺南市動物之家善化站,臺南市動物之家善化站,混種犬,1,M,MEDIUM,黑色,ADULT,N,https://www.pet.gov.tw/upload/pic/1779938005355.png,,2026-06-04,臺南市善化區昌隆里東勢寮1-19號,(06)5832399
455451,臺南市動物之家灣裡站,臺南市動物之家灣裡站,混種犬,1,M,SMALL,白色,CHILD,T,https://www.pet.gov.tw/upload/pic/1779872821585.png,復國1路67巷15號紫龍宮後面,2026-05-27,臺南市南區省躬里14鄰萬年路580巷92號,(06)2964439
455450,臺南市動物之家灣裡站,臺南市動物之家灣裡站,混種犬,1,M,SMALL,白色,CHILD,T,https://www.pet.gov.tw/upload/pic/1779872812081.png,復國1路67巷15號紫龍宮後面,2026-05-27,臺南市南區省躬里14鄰萬年路580巷92號,(06)2964439
455487,宜蘭縣流浪動物中途之家,宜蘭縣流浪動物中途之家,混種犬,1,F,BIG,黑色,ADULT,N,https://www.pet.gov.tw/upload/pic/1779873811649.png,廍後路,2026-05-27,宜蘭縣五結鄉成興村利寶路60號,(03)9602350620
412284,臺南市動物之家灣裡站,臺南市動物之家灣裡站,混種犬,1,F,MEDIUM,黃色,ADULT,N,https://www.pet.gov.tw/upload/pic/1751017484239.png,北安街二段32巷2號,2026-05-27,臺南市南區省躬里14鄰萬年路580巷92號,(06)2964439
437883,臺南市動物之家灣裡站,臺南市動物之家灣裡站,混種犬,1,M,SMALL,白色,CHILD,N,https://www.pet.gov.tw/upload/pic/1779863476736.png,大成路168巷空軍空地,2026-05-27,臺南市南區省躬里14鄰萬年路580巷92號,(06)2964439
451018,臺中市動物之家后里園區,臺中市動物之家后里園區,混種犬,1,F,BIG,黑色,ADULT,T,https://www.pet.gov.tw/upload/pic/1779861529105.png,舊社路139之1號,2026-05-27,臺中市后里區堤防路370號,(04)25588024
245920,臺南市動物之家灣裡站,臺南市動物之家灣裡站,混種犬,1,F,MEDIUM,棕色,ADULT,T,https://www.pet.gov.tw/upload/pic/ab41e5de-5724-451b-8a22-fc5b108f5906.jpg,七股里3-18號,2022-08-01,臺南市南區省躬里14鄰萬年路580巷92號,(06)2964439
450841,臺南市動物之家灣裡站,臺南市動物之家灣裡站,貴賓犬,0,F,MEDIUM,棕色,ADULT,T,https://www.pet.gov.tw/upload/pic/1777368536422.png,生產路618號,2026-05-08,臺南市南區省躬里14鄰萬年路580巷92號,(06)2964439
441170,臺南市動物之家灣裡站,臺南市動物之家灣裡站,臘腸犬,0,M,MEDIUM,咖啡色,ADULT,T,https://www.pet.gov.tw/upload/pic/1769848649482.png,安吉路與台江大道路口,2026-03-03,臺南市南區省躬里14鄰萬年路580巷92號,(06)2964439
442700,臺南市動物之家灣裡站,臺南市動物之家灣裡站,貴賓犬,0,F,MEDIUM,棕色,ADULT,T,https://www.pet.gov.tw/upload/pic/1773049391022.png,金華路二段 (水萍塭公園),2026-03-02,臺南市南區省躬里14鄰萬年路580巷92號,(06)2964439
437569,臺南市動物之家灣裡站,臺南市動物之家灣裡站,瑪爾濟斯犬,0,M,MEDIUM,白色,ADULT,T,https://www.pet.gov.tw/upload/pic/1773049587732.png,府安路三段276巷口,2026-01-13,臺南市南區省躬里14鄰萬年路580巷92號,(06)2964439
307671,臺南市動物之家灣裡站,臺南市動物之家灣裡站,混種犬,1,F,MEDIUM,虎斑色,ADULT,T,https://www.pet.gov.tw/upload/pic/1723789499522.png,復華里忠孝路(二王公墓),2024-08-09,臺南市南區省躬里14鄰萬年路580巷92號,(06)2964439
455361,臺南市動物之家灣裡站,臺南市動物之家灣裡站,混種犬,1,F,MEDIUM,,CHILD,N,https://www.pet.gov.tw/upload/pic/1779853920228.png,復國一路475巷60號,2026-05-27,臺南市南區省躬里14鄰萬年路580巷92號,(06)2964439
452156,臺南市動物之家灣裡站,臺南市動物之家灣裡站,混種犬,1,F,MEDIUM,黑色,ADULT,T,https://www.pet.gov.tw/upload/pic/1778315948311.png,中灣一街31號,2026-05-12,臺南市南區省躬里14鄰萬年路580巷92號,(06)2964439
455402,新北市新店區公立動物之家,新北市新店區公立動物之家,貴賓犬,0,M,MEDIUM,白色,ADULT,F,https://www.pet.gov.tw/upload/pic/1779857966208.png,汐止區新興路,,新北市新店區安泰路235號,(02)22159462
390221,臺南市動物之家灣裡站,臺南市動物之家灣裡站,混種犬,1,M,MEDIUM,黑色,ADULT,T,https://www.pet.gov.tw/upload/pic/1779854510786.png,德崙路381號,2026-04-20,臺南市南區省躬里14鄰萬年路580巷92號,(06)2964439
455364,高雄市壽山動物保護教育園區,高雄市壽山動物保護教育園區,法國鬥牛犬,0,F,MEDIUM,黃色,ADULT,N,https://www.pet.gov.tw/upload/pic/1779850572506.png,鳳和一街,,高雄市鼓山區萬壽路350號,(07)5519059
444434,臺南市動物之家灣裡站,臺南市動物之家灣裡站,混種犬,1,F,MEDIUM,灰色,ADULT,N,https://www.pet.gov.tw/upload/pic/1772843758548.png,大德路855號,2026-05-27,臺南市南區省躬里14鄰萬年路580巷92號,(06)2964439
368456,臺南市動物之家灣裡站,臺南市動物之家灣裡站,柴犬,0,F,MEDIUM,棕色,ADULT,F,https://www.pet.gov.tw/upload/pic/1779847948872.png,86快速道路東向西往西向16K,2026-03-17,臺南市南區省躬里14鄰萬年路580巷92號,(06)2964439
448626,臺南市動物之家灣裡站,臺南市動物之家灣裡站,混種犬,1,M,MEDIUM,黑黃色,CHILD,T,https://www.pet.gov.tw/upload/pic/1779847506900.png,文華路3段428號附近空地,2026-04-24,臺南市南區省躬里14鄰萬年路580巷92號,(06)2964439
448337,臺南市動物之家灣裡站,臺南市動物之家灣裡站,混種犬,1,F,MEDIUM,黑色,ADULT,N,https://www.pet.gov.tw/upload/pic/1779847257238.png,和平路258巷旁農田,2026-05-27,臺南市南區省躬里14鄰萬年路580巷92號,(06)2964439
388953,臺南市動物之家灣裡站,臺南市動物之家灣裡站,混種犬,1,M,MEDIUM,黑色,ADULT,T,https://www.pet.gov.tw/upload/pic/1745567979426.png,郡平路188號6F-18,2025-03-28,臺南市南區省躬里14鄰萬年路580巷92號,(06)2964439
435908,臺南市動物之家灣裡站,臺南市動物之家灣裡站,混種犬,1,F,MEDIUM,黑色,ADULT,N,https://www.pet.gov.tw/upload/pic/1779781140139.png,"22.9412929,120.4232585",2026-05-26,臺南市南區省躬里14鄰萬年路580巷92號,(06)2964439
435911,臺南市動物之家灣裡站,臺南市動物之家灣裡站,混種犬,1,F,MEDIUM,白色,ADULT,T,https://www.pet.gov.tw/upload/pic/1779780931687.png,文衡殿後方,2026-03-17,臺南市南區省躬里14鄰萬年路580巷92號,(06)2964439
395381,臺南市動物之家灣裡站,臺南市動物之家灣裡站,混種犬,1,F,MEDIUM,黑色,ADULT,T,https://www.pet.gov.tw/upload/pic/1745464717781.png,崙頂120-11號,2025-04-02,臺南市南區省躬里14鄰萬年路580巷92號,(06)2964439
302913,臺南市動物之家灣裡站,臺南市動物之家灣裡站,混種犬,1,M,MEDIUM,黑棕色,ADULT,T,https://www.pet.gov.tw/upload/pic/1750147663273.png,塩洲里洲尾街321巷62號,2025-03-06,臺南市南區省躬里14鄰萬年路580巷92號,(06)2964439
440242,臺南市動物之家灣裡站,臺南市動物之家灣裡站,混種犬,1,M,MEDIUM,黃色,ADULT,N,https://www.pet.gov.tw/upload/pic/1779780557828.png,文華路二段326號,2026-03-17,臺南市南區省躬里14鄰萬年路580巷92號,(06)2964439
320403,臺南市動物之家灣裡站,臺南市動物之家灣裡站,混種犬,1,F,MEDIUM,白色,ADULT,F,https://www.pet.gov.tw/upload/pic/1723788530472.png,忠孝路二王公墓周遭,2024-01-30,臺南市南區省躬里14鄰萬年路580巷92號,(06)2964439
381084,臺南市動物之家灣裡站,臺南市動物之家灣裡站,混種犬,1,M,MEDIUM,黑色,ADULT,N,https://www.pet.gov.tw/upload/pic/1779779755955.png,自強路379巷9號,2025-01-02,臺南市南區省躬里14鄰萬年路580巷92號,(06)2964439
446588,臺南市動物之家灣裡站,臺南市動物之家灣裡站,混種犬,1,M,MEDIUM,黑色,ADULT,T,https://www.pet.gov.tw/upload/pic/1779779241673.png,台17線與25線路口旁,2026-05-06,臺南市南區省躬里14鄰萬年路580巷92號,(06)2964439
454227,彰化縣流浪狗中途之家,彰化縣流浪狗中途之家,混種犬,1,M,SMALL,黑色,CHILD,N,https://www.pet.gov.tw/upload/pic/1779776817950.png,石牌路58號,2026-05-26,彰化縣員林市大峰里阿寶巷426號(大門入口請由彰化縣芬園鄉大彰路一段875巷進入走到底),(04)8590638
454232,彰化縣流浪狗中途之家,彰化縣流浪狗中途之家,混種犬,1,M,SMALL,黑色,CHILD,N,https://www.pet.gov.tw/upload/pic/1779777751803.png,石牌路58號,2026-05-26,彰化縣員林市大峰里阿寶巷426號(大門入口請由彰化縣芬園鄉大彰路一段875巷進入走到底),(04)8590638
454229,彰化縣流浪狗中途之家,彰化縣流浪狗中途之家,混種犬,1,M,SMALL,黑黃色,CHILD,N,https://www.pet.gov.tw/upload/pic/1779777554117.png,石牌路58號,2026-05-26,彰化縣員林市大峰里阿寶巷426號(大門入口請由彰化縣芬園鄉大彰路一段875巷進入走到底),(04)8590638
454218,彰化縣流浪狗中途之家,彰化縣流浪狗中途之家,混種犬,1,M,SMALL,黑色,CHILD,N,https://www.pet.gov.tw/upload/pic/1779776764034.png,石牌路58號,2026-05-26,彰化縣員林市大峰里阿寶巷426號(大門入口請由彰化縣芬園鄉大彰路一段875巷進入走到底),(04)8590638
454216,彰化縣流浪狗中途之家,彰化縣流浪狗中途之家,混種犬,1,M,SMALL,黑色,CHILD,N,https://www.pet.gov.tw/upload/pic/1779776723500.png,石牌路58號,2026-05-26,彰化縣員林市大峰里阿寶巷426號(大門入口請由彰化縣芬園鄉大彰路一段875巷進入走到底),(04)8590638
454212,彰化縣流浪狗中途之家,彰化縣流浪狗中途之家,混種犬,1,F,SMALL,黑色,CHILD,N,https://www.pet.gov.tw/upload/pic/1779776535614.png,石牌路58號,2026-05-26,彰化縣員林市大峰里阿寶巷426號(大門入口請由彰化縣芬園鄉大彰路一段875巷進入走到底),(04)8590638
382097,桃園市動物保護教育園區,桃園市動物保護教育園區,貴賓犬,0,M,SMALL,咖啡色,ADULT,N,https://www.pet.gov.tw/upload/pic/1731475998462.png,北門里民生路,2024-11-21,桃園市新屋區永興里3鄰藻礁路1668號,(03)4861760
452150,桃園市動物保護教育園區,桃園市動物保護教育園區,混種犬,1,M,MEDIUM,黃色,ADULT,N,https://www.pet.gov.tw/upload/pic/1778291648022.png,東勢里金雞湖路,2026-05-26,桃園市新屋區永興里3鄰藻礁路1668號,(03)4861760
452643,花蓮縣狗貓躍動園區,花蓮縣狗貓躍動園區,混種犬,1,M,MEDIUM,,ADULT,T,https://www.pet.gov.tw/upload/pic/1778643657266.png,,2026-05-22,花蓮縣鳳林鎮林榮里永豐路255號,(03)8421452
454170,南投縣公立動物收容所,南投縣公立動物收容所,混種犬,1,F,MEDIUM,黑色,ADULT,T,https://www.pet.gov.tw/upload/pic/1779762754353.png,彰南路三段,2026-05-25,南投縣南投市嶺興路36-1號,(049)2225440
454145,宜蘭縣流浪動物中途之家,宜蘭縣流浪動物中途之家,混種犬,1,M,BIG,黑黃色,ADULT,T,https://www.pet.gov.tw/upload/pic/1779700144675.png,冬山路,2026-05-25,宜蘭縣五結鄉成興村利寶路60號,(03)9602350620
402431,桃園市動物保護教育園區,桃園市動物保護教育園區,混種犬,1,M,MEDIUM,黑白色,ADULT,T,https://www.pet.gov.tw/upload/pic/1745302961653.png,永興里東興路二段,2025-08-14,桃園市新屋區永興里3鄰藻礁路1668號,(03)4861760
454146,宜蘭縣流浪動物中途之家,宜蘭縣流浪動物中途之家,混種犬,1,M,BIG,虎斑色,ADULT,T,https://www.pet.gov.tw/upload/pic/1779699175802.png,冬山路,2026-05-25,宜蘭縣五結鄉成興村利寶路60號,(03)9602350620
454144,宜蘭縣流浪動物中途之家,宜蘭縣流浪動物中途之家,混種犬,1,F,BIG,黃白色,ADULT,T,https://www.pet.gov.tw/upload/pic/1779698942764.png,冬山路,2026-05-25,宜蘭縣五結鄉成興村利寶路60號,(03)9602350620
454141,宜蘭縣流浪動物中途之家,宜蘭縣流浪動物中途之家,混種犬,1,F,BIG,棕色,ADULT,N,https://www.pet.gov.tw/upload/pic/1779698742319.png,冬山路,2026-05-25,宜蘭縣五結鄉成興村利寶路60號,(03)9602350620
453675,南投縣公立動物收容所,南投縣公立動物收容所,混種犬,1,M,MEDIUM,黑色,ADULT,T,https://www.pet.gov.tw/upload/pic/1779330407892.png,玉山景觀路,2026-05-25,南投縣南投市嶺興路36-1號,(049)2225440
454049,金門縣動物收容中心,金門縣動物收容中心,混種犬,1,F,MEDIUM,棕黑色,CHILD,T,https://www.pet.gov.tw/upload/pic/1779680926333.png,烈嶼鄉西口村双口,2026-05-20,金門縣金湖鎮裕民農莊20號,(082)336625
391913,桃園市動物保護教育園區,桃園市動物保護教育園區,混種犬,1,M,MEDIUM,黑色,ADULT,N,https://www.pet.gov.tw/upload/pic/1737782041689.png,崙坪里荷新路６５巷,2025-07-06,桃園市新屋區永興里3鄰藻礁路1668號,(03)4861760
396321,桃園市動物保護教育園區,桃園市動物保護教育園區,混種犬,1,F,MEDIUM,咖啡色,ADULT,N,https://www.pet.gov.tw/upload/pic/1741140807312.png,崙坪里荷新路,2026-05-25,桃園市新屋區永興里3鄰藻礁路1668號,(03)4861760
396324,桃園市動物保護教育園區,桃園市動物保護教育園區,混種犬,1,F,MEDIUM,棕色,ADULT,N,https://www.pet.gov.tw/upload/pic/1741140904197.png,崙坪里荷新路,2025-07-06,桃園市新屋區永興里3鄰藻礁路1668號,(03)4861760
396319,桃園市動物保護教育園區,桃園市動物保護教育園區,混種犬,1,F,MEDIUM,黑色,ADULT,N,https://www.pet.gov.tw/upload/pic/1741140716162.png,崙坪里荷新路,2026-05-25,桃園市新屋區永興里3鄰藻礁路1668號,(03)4861760
454043,高雄市壽山動物保護教育園區,高雄市壽山動物保護教育園區,傑克羅素梗,0,M,SMALL,花色,ADULT,F,https://www.pet.gov.tw/upload/pic/1779677013720.png,西藏街,,高雄市鼓山區萬壽路350號,(07)5519059
31661,臺北市動物之家,臺北市動物之家,混種犬,1,M,MEDIUM,棕色,ADULT,T,https://www.pet.gov.tw/upload/pic/25828_VAAAG1060820013_1.jpg,民眾不擬續養,2021-04-10,臺北市內湖區安美街191號,(02)87913254
393639,臺北市動物之家,臺北市動物之家,混種犬,1,M,MEDIUM,黑黃色,ADULT,T,https://www.pet.gov.tw/upload/pic/1739516439042.png,,2025-02-14,臺北市內湖區安美街191號,(02)87913254
392910,新北市五股區公立動物之家,新北市五股區公立動物之家,混種犬,1,M,MEDIUM,黑色,ADULT,T,https://www.pet.gov.tw/upload/pic/1739173335904.png,蘆洲復興路,2025-02-12,新北市五股區外寮路9-9號,(02)82925265
453687,基隆市寵物銀行,基隆市寵物銀行,貴賓犬,0,M,SMALL,棕色,ADULT,N,https://www.pet.gov.tw/upload/pic/1779331497925.png,西定國小側門,2026-05-29,基隆市七堵區大華三路45-12號(欣欣安樂園旁),(02)24560148
451849,彰化縣流浪狗中途之家,彰化縣流浪狗中途之家,混種犬,1,F,MEDIUM,棕色,ADULT,T,https://www.pet.gov.tw/upload/pic/1778131908781.png,光雲巷263弄48號,2026-05-25,彰化縣員林市大峰里阿寶巷426號(大門入口請由彰化縣芬園鄉大彰路一段875巷進入走到底),(04)8590638
451840,彰化縣流浪狗中途之家,彰化縣流浪狗中途之家,混種犬,1,M,MEDIUM,黑黃色,ADULT,T,https://www.pet.gov.tw/upload/pic/1778131706525.png,光雲巷263弄48號,2026-05-25,彰化縣員林市大峰里阿寶巷426號(大門入口請由彰化縣芬園鄉大彰路一段875巷進入走到底),(04)8590638
429520,桃園市動物保護教育園區,桃園市動物保護教育園區,臘腸犬,0,M,SMALL,黑黃色,ADULT,T,https://www.pet.gov.tw/upload/pic/1762312631344.png,大崗里金湖街,2026-04-23,桃園市新屋區永興里3鄰藻礁路1668號,(03)4861760
452296,花蓮縣狗貓躍動園區,花蓮縣狗貓躍動園區,混種犬,1,F,MEDIUM,黑色,CHILD,T,https://www.pet.gov.tw/upload/pic/1778478757766.png,,2026-05-23,花蓮縣鳳林鎮林榮里永豐路255號,(03)8421452
452294,花蓮縣狗貓躍動園區,花蓮縣狗貓躍動園區,混種犬,1,F,MEDIUM,黑色,CHILD,T,https://www.pet.gov.tw/upload/pic/1778478683124.png,,2026-05-23,花蓮縣鳳林鎮林榮里永豐路255號,(03)8421452
452293,花蓮縣狗貓躍動園區,花蓮縣狗貓躍動園區,混種犬,1,M,MEDIUM,黑色,CHILD,T,https://www.pet.gov.tw/upload/pic/1778478609612.png,,2026-05-23,花蓮縣鳳林鎮林榮里永豐路255號,(03)8421452
452292,花蓮縣狗貓躍動園區,花蓮縣狗貓躍動園區,混種犬,1,F,MEDIUM,黑色,CHILD,T,https://www.pet.gov.tw/upload/pic/1778478486274.png,,2026-05-23,花蓮縣鳳林鎮林榮里永豐路255號,(03)8421452
451816,花蓮縣狗貓躍動園區,花蓮縣狗貓躍動園區,混種犬,1,F,MEDIUM,黑色,CHILD,T,https://www.pet.gov.tw/upload/pic/1778123384964.png,,2026-05-23,花蓮縣鳳林鎮林榮里永豐路255號,(03)8421452
453318,雲林縣流浪動物收容所,雲林縣流浪動物收容所,混種犬,1,M,MEDIUM,黑黃色,ADULT,T,https://www.pet.gov.tw/upload/pic/1779342383860.png,崙背鄉港尾村,2026-05-22,雲林縣斗六市雲林路二段517號,(05)5523300
453320,雲林縣流浪動物收容所,雲林縣流浪動物收容所,混種犬,1,F,MEDIUM,黑白色,ADULT,T,https://www.pet.gov.tw/upload/pic/1779342310832.png,古坑鄉荷苞村,2026-05-22,雲林縣斗六市雲林路二段517號,(05)5523300
451818,花蓮縣狗貓躍動園區,花蓮縣狗貓躍動園區,混種犬,1,F,MEDIUM,黃白色,ADULT,T,https://www.pet.gov.tw/upload/pic/1778123492890.png,,2026-05-23,花蓮縣鳳林鎮林榮里永豐路255號,(03)8421452
451962,新北市五股區公立動物之家,新北市五股區公立動物之家,混種犬,1,M,MEDIUM,黑色,ADULT,T,https://www.pet.gov.tw/upload/pic/1778206547316.png,三重區三重區忠孝橋下往三重方向,2026-05-20,新北市五股區外寮路9-9號,(02)82925265
443053,新北市新店區公立動物之家,新北市新店區公立動物之家,柴犬,0,M,MEDIUM,黃白色,ADULT,T,https://www.pet.gov.tw/upload/pic/1771823619165.png,新店區柴埕路60巷,2026-05-13,新北市新店區安泰路235號,(02)22159462
442865,臺北市動物之家,臺北市動物之家,混種犬,1,F,MEDIUM,黑色,ADULT,T,https://www.pet.gov.tw/upload/pic/1771054747363.png,重陽路39巷,2026-05-21,臺北市內湖區安美街191號,(02)87913254
453753,高雄市燕巢動物保護關愛園區,高雄市燕巢動物保護關愛園區,混種犬,1,F,BIG,黃色,ADULT,N,https://www.pet.gov.tw/upload/pic/1779347256020.png,下竹圍,2026-05-08,高雄市燕巢區師大路98號,(07)6051002
453744,臺南市動物之家善化站,臺南市動物之家善化站,混種犬,1,F,MEDIUM,黑色,ADULT,N,https://www.pet.gov.tw/upload/pic/1779344795892.png,,2026-05-28,臺南市善化區昌隆里東勢寮1-19號,(06)5832399
453743,臺南市動物之家善化站,臺南市動物之家善化站,混種犬,1,M,MEDIUM,黑色,ADULT,N,https://www.pet.gov.tw/upload/pic/1779344703298.png,,2026-05-28,臺南市善化區昌隆里東勢寮1-19號,(06)5832399
453618,新北市八里區公立動物之家,新北市八里區公立動物之家,混種犬,1,M,MEDIUM,黑色,ADULT,F,https://www.pet.gov.tw/upload/pic/1779268225010.png,新莊區大觀街和景德路 路口,,新北市八里區長坑里6鄰長坑道路36號,(02)26194428
453732,高雄市燕巢動物保護關愛園區,高雄市燕巢動物保護關愛園區,混種犬,1,F,BIG,黑色,ADULT,N,https://www.pet.gov.tw/upload/pic/1779343464593.png,南勢湖,2026-05-08,高雄市燕巢區師大路98號,(07)6051002
453730,高雄市燕巢動物保護關愛園區,高雄市燕巢動物保護關愛園區,混種犬,1,F,MEDIUM,黑色,ADULT,N,https://www.pet.gov.tw/upload/pic/1779343243363.png,南寮路,2026-05-08,高雄市燕巢區師大路98號,(07)6051002
448229,新竹市動物保護教育園區,新竹市動物保護教育園區,混種犬,1,M,MEDIUM,黑黃色,ADULT,T,https://www.pet.gov.tw/upload/pic/1775552134709.png,閑谷二街,2026-04-14,新竹市南寮里海濱路250號,(03)5368329
452303,嘉義市動物保護教育園區,嘉義市動物保護教育園區,混種犬,1,F,BIG,黑黃色,ADULT,T,https://www.pet.gov.tw/upload/pic/1778479389499.png,荖藤里文化路756號,2026-05-21,嘉義市彌陀路31號,(05)2168661
423417,嘉義市動物保護教育園區,嘉義市動物保護教育園區,混種犬,1,F,SMALL,黑色,CHILD,T,https://www.pet.gov.tw/upload/pic/1758535485822.png,盧義路335巷21號,2026-05-15,嘉義市彌陀路31號,(05)2168661
453700,臺南市動物之家善化站,臺南市動物之家善化站,混種犬,1,M,MEDIUM,黑色,ADULT,N,https://www.pet.gov.tw/upload/pic/1779334974431.png,,2026-05-21,臺南市善化區昌隆里東勢寮1-19號,(06)5832399
453696,高雄市燕巢動物保護關愛園區,高雄市燕巢動物保護關愛園區,混種犬,1,F,BIG,黑色,ADULT,N,https://www.pet.gov.tw/upload/pic/1779334496144.png,大新路,2026-05-07,高雄市燕巢區師大路98號,(07)6051002
453693,高雄市燕巢動物保護關愛園區,高雄市燕巢動物保護關愛園區,混種犬,1,F,BIG,黃色,ADULT,N,https://www.pet.gov.tw/upload/pic/1779333962596.png,復興路,2026-05-07,高雄市燕巢區師大路98號,(07)6051002
453692,高雄市燕巢動物保護關愛園區,高雄市燕巢動物保護關愛園區,混種犬,1,F,MEDIUM,黑色,ADULT,N,https://www.pet.gov.tw/upload/pic/1779333470594.png,中華路,2026-05-07,高雄市燕巢區師大路98號,(07)6051002
453690,高雄市燕巢動物保護關愛園區,高雄市燕巢動物保護關愛園區,混種犬,1,F,BIG,黑色,ADULT,N,https://www.pet.gov.tw/upload/pic/1779332784527.png,復興路,2026-05-07,高雄市燕巢區師大路98號,(07)6051002
453635,高雄市燕巢動物保護關愛園區,高雄市燕巢動物保護關愛園區,混種犬,1,F,BIG,黃色,ADULT,N,https://www.pet.gov.tw/upload/pic/1779325419362.png,鹽港二路,2026-05-07,高雄市燕巢區師大路98號,(07)6051002
453632,高雄市燕巢動物保護關愛園區,高雄市燕巢動物保護關愛園區,混種犬,1,F,BIG,黑色,ADULT,N,https://www.pet.gov.tw/upload/pic/1779325051597.png,大新路,2026-05-07,高雄市燕巢區師大路98號,(07)6051002
453631,高雄市燕巢動物保護關愛園區,高雄市燕巢動物保護關愛園區,混種犬,1,F,BIG,黑色,ADULT,N,https://www.pet.gov.tw/upload/pic/1779324761512.png,富山巷,2026-05-06,高雄市燕巢區師大路98號,(07)6051002
453630,高雄市燕巢動物保護關愛園區,高雄市燕巢動物保護關愛園區,混種犬,1,F,BIG,黑色,ADULT,N,https://www.pet.gov.tw/upload/pic/1779324548037.png,武鹿巷,2026-05-06,高雄市燕巢區師大路98號,(07)6051002
453629,高雄市燕巢動物保護關愛園區,高雄市燕巢動物保護關愛園區,混種犬,1,F,BIG,黑色,ADULT,T,https://www.pet.gov.tw/upload/pic/1779324344155.png,湖內巷,2026-05-06,高雄市燕巢區師大路98號,(07)6051002
453628,高雄市燕巢動物保護關愛園區,高雄市燕巢動物保護關愛園區,混種犬,1,F,BIG,黃色,ADULT,T,https://www.pet.gov.tw/upload/pic/1779324175742.png,師大路,2026-05-06,高雄市燕巢區師大路98號,(07)6051002
453598,高雄市燕巢動物保護關愛園區,高雄市燕巢動物保護關愛園區,混種犬,1,F,BIG,黃色,ADULT,N,https://www.pet.gov.tw/upload/pic/1779264290807.png,海尾路,2026-05-05,高雄市燕巢區師大路98號,(07)6051002
453597,高雄市燕巢動物保護關愛園區,高雄市燕巢動物保護關愛園區,混種犬,1,F,BIG,黃色,ADULT,N,https://www.pet.gov.tw/upload/pic/1779264042652.png,師大路,2026-05-05,高雄市燕巢區師大路98號,(07)6051002
451299,花蓮縣狗貓躍動園區,花蓮縣狗貓躍動園區,混種犬,1,M,MEDIUM,黑色,CHILD,T,https://www.pet.gov.tw/upload/pic/1777868239172.png,,2026-05-21,花蓮縣鳳林鎮林榮里永豐路255號,(03)8421452
318013,桃園市動物保護教育園區,桃園市動物保護教育園區,混種犬,1,M,MEDIUM,黑黃色,ADULT,F,https://www.pet.gov.tw/upload/pic/1690273332602.png,佳安里文化路上,2024-03-29,桃園市新屋區永興里3鄰藻礁路1668號,(03)4861760
453516,臺南市動物之家善化站,臺南市動物之家善化站,混種犬,1,M,MEDIUM,虎斑色,ADULT,N,https://www.pet.gov.tw/upload/pic/1779247846339.png,,2026-05-27,臺南市善化區昌隆里東勢寮1-19號,(06)5832399
453514,臺南市動物之家善化站,臺南市動物之家善化站,混種犬,1,M,MEDIUM,黑色,ADULT,N,https://www.pet.gov.tw/upload/pic/1779247655374.png,,2026-05-27,臺南市善化區昌隆里東勢寮1-19號,(06)5832399
453506,高雄市壽山動物保護教育園區,高雄市壽山動物保護教育園區,瑪爾濟斯犬,0,M,SMALL,白色,ADULT,F,https://www.pet.gov.tw/upload/pic/1779246828720.png,大遼路,,高雄市鼓山區萬壽路350號,(07)5519059
212068,臺北市動物之家,臺北市動物之家,混種犬,1,M,MEDIUM,黑色,ADULT,T,https://www.pet.gov.tw/upload/pic/1671599589824.png,新生北路3段87巷,2021-07-07,臺北市內湖區安美街191號,(02)87913254
430027,臺北市動物之家,臺北市動物之家,混種犬,1,M,BIG,棕黑色,ADULT,T,https://www.pet.gov.tw/upload/pic/1762578065714.png,竹子湖路,2025-11-15,臺北市內湖區安美街191號,(02)87913254
452265,雲林縣流浪動物收容所,雲林縣流浪動物收容所,混種犬,1,M,BIG,黑色,ADULT,T,https://www.pet.gov.tw/upload/pic/1778653931718.png,褒忠鄉龍岩,2026-05-15,雲林縣斗六市雲林路二段517號,(05)5523300
453446,宜蘭縣流浪動物中途之家,宜蘭縣流浪動物中途之家,威爾斯柯基犬,0,M,MEDIUM,黃白色,ADULT,F,https://www.pet.gov.tw/upload/pic/1779178450599.png,隘界三路,,宜蘭縣五結鄉成興村利寶路60號,(03)9602350620
453444,宜蘭縣流浪動物中途之家,宜蘭縣流浪動物中途之家,混種犬,1,M,BIG,黃色,ADULT,N,https://www.pet.gov.tw/upload/pic/1779178184728.png,成功路,2026-05-19,宜蘭縣五結鄉成興村利寶路60號,(03)9602350620
453443,宜蘭縣流浪動物中途之家,宜蘭縣流浪動物中途之家,混種犬,1,M,BIG,虎斑色,ADULT,N,https://www.pet.gov.tw/upload/pic/1779178113404.png,漳福路,2026-05-19,宜蘭縣五結鄉成興村利寶路60號,(03)9602350620
453431,臺南市動物之家善化站,臺南市動物之家善化站,混種犬,1,M,MEDIUM,黑色,ADULT,N,https://www.pet.gov.tw/upload/pic/1779176244137.png,,2026-05-26,臺南市善化區昌隆里東勢寮1-19號,(06)5832399
443546,臺北市動物之家,臺北市動物之家,混種犬,1,M,MEDIUM,棕黑色,ADULT,T,https://www.pet.gov.tw/upload/pic/1772087293059.png,忠孝東路五段,2026-05-06,臺北市內湖區安美街191號,(02)87913254
453382,宜蘭縣流浪動物中途之家,宜蘭縣流浪動物中途之家,混種犬,1,F,MEDIUM,棕色,CHILD,N,https://www.pet.gov.tw/upload/pic/1779171454311.png,壯六二路,2026-05-19,宜蘭縣五結鄉成興村利寶路60號,(03)9602350620
450747,臺北市動物之家,臺北市動物之家,混種犬,1,M,MEDIUM,黑色,ADULT,T,https://www.pet.gov.tw/upload/pic/1777350083704.png,研究院路四段,2026-05-06,臺北市內湖區安美街191號,(02)87913254
453358,臺南市動物之家善化站,臺南市動物之家善化站,混種犬,1,F,MEDIUM,黑白色,ADULT,N,https://www.pet.gov.tw/upload/pic/1779161899509.png,,2026-05-26,臺南市善化區昌隆里東勢寮1-19號,(06)5832399
223183,臺北市動物之家,臺北市動物之家,混種犬,1,M,MEDIUM,棕色,ADULT,T,https://www.pet.gov.tw/upload/pic/465fe4b2-c4eb-4dc0-b58c-a297577fe973.jpg,新富里 研究院路一段(原救援地：內湖區金莊路和金豐街叉口涵洞旁人行道),2021-11-03,臺北市內湖區安美街191號,(02)87913254
450239,臺北市動物之家,臺北市動物之家,混種犬,1,M,MEDIUM,黃色,ADULT,T,https://www.pet.gov.tw/upload/pic/1776925303225.png,文林北路,2026-04-30,臺北市內湖區安美街191號,(02)87913254
299200,屏東縣公立犬貓中途之家,屏東縣公立犬貓中途之家,混種犬,1,F,BIG,黃色,ADULT,F,https://www.pet.gov.tw/upload/pic/1690423495185.png,鹽埔漁港,2023-08-01,屏東縣內埔鄉學府路1號(屏東科技大學內),(72)
318278,屏東縣公立犬貓中途之家,屏東縣公立犬貓中途之家,混種犬,1,F,BIG,棕色,ADULT,F,https://www.pet.gov.tw/upload/pic/1690350468176.png,信國定遠路,2024-07-16,屏東縣內埔鄉學府路1號(屏東科技大學內),(72)
288933,屏東縣公立犬貓中途之家,屏東縣公立犬貓中途之家,比特犬,0,F,BIG,黃色,ADULT,T,https://www.pet.gov.tw/upload/pic/1671691564045.png,恆春鎮茄湖營區,2024-07-16,屏東縣內埔鄉學府路1號(屏東科技大學內),(72)
296285,屏東縣公立犬貓中途之家,屏東縣公立犬貓中途之家,柴犬,0,F,MEDIUM,黃色,ADULT,T,https://www.pet.gov.tw/upload/pic/1677050773461.png,九如鄉榮泉街20號,2023-04-13,屏東縣內埔鄉學府路1號(屏東科技大學內),(72)
452658,嘉義縣動物保護教育園區,嘉義縣動物保護教育園區,混種犬,1,F,MEDIUM,黑黃色,ADULT,T,https://www.pet.gov.tw/upload/pic/1778646796053.png,,2026-05-13,嘉義縣民雄鄉松山村後山仔37之2號,(05)2721119
453043,宜蘭縣流浪動物中途之家,宜蘭縣流浪動物中途之家,混種犬,1,F,BIG,黃色,ADULT,N,https://www.pet.gov.tw/upload/pic/1778837059243.png,壯濱路三段,2026-05-15,宜蘭縣五結鄉成興村利寶路60號,(03)9602350620
420959,新竹縣動物保護教育園區,新竹縣動物保護教育園區,混種犬,1,F,MEDIUM,黑色,ADULT,T,https://www.pet.gov.tw/upload/pic/1756970769797.png,,2025-09-05,新竹縣竹北市縣政五街192號,(03)5519548
420958,新竹縣動物保護教育園區,新竹縣動物保護教育園區,混種犬,1,F,MEDIUM,黑色,ADULT,T,https://www.pet.gov.tw/upload/pic/1756970235569.png,,2025-09-05,新竹縣竹北市縣政五街192號,(03)5519548
419768,新竹縣動物保護教育園區,新竹縣動物保護教育園區,混種犬,1,M,MEDIUM,黑黃色,ADULT,T,https://www.pet.gov.tw/upload/pic/1757434826195.png,,2025-09-05,新竹縣竹北市縣政五街192號,(03)5519548
402435,基隆市寵物銀行,基隆市寵物銀行,混種犬,1,F,MEDIUM,黑色,ADULT,F,https://www.pet.gov.tw/upload/pic/1756104173549.png,南榮巿場,2025-06-06,基隆市七堵區大華三路45-12號(欣欣安樂園旁),(02)24560148
248857,臺北市動物之家,臺北市動物之家,混種犬,1,M,MEDIUM,黃色,ADULT,T,https://www.pet.gov.tw/upload/pic/9220dd1c-cf19-4262-b816-8a5ef90f11d3.jpg,動物之家,2022-03-31,臺北市內湖區安美街191號,(02)87913254
452664,宜蘭縣流浪動物中途之家,宜蘭縣流浪動物中途之家,混種犬,1,F,BIG,黑色,ADULT,T,https://www.pet.gov.tw/upload/pic/1778649768795.png,圳寮路,2026-05-12,宜蘭縣五結鄉成興村利寶路60號,(03)9602350620
400586,新竹縣動物保護教育園區,新竹縣動物保護教育園區,混種犬,1,F,MEDIUM,黑白色,ADULT,T,https://www.pet.gov.tw/upload/pic/1744039398281.png,,2025-04-05,新竹縣竹北市縣政五街192號,(03)5519548
35743,新北市中和區公立動物之家,新北市中和區公立動物之家,混種犬,1,M,MEDIUM,虎斑色,ADULT,T,https://www.pet.gov.tw/upload/pic/1755757478726.png,龍泉路75-1號,2021-09-11,新北市中和區興南路三段100號,(02)86685547
35658,新北市中和區公立動物之家,新北市中和區公立動物之家,混種犬,1,M,MEDIUM,虎斑色,ADULT,T,https://www.pet.gov.tw/upload/pic/1741331753729.png,龍泉路75-2號,2021-09-11,新北市中和區興南路三段100號,(02)86685547
62678,桃園市動物保護教育園區,桃園市動物保護教育園區,混種犬,1,M,MEDIUM,黑色,ADULT,F,https://www.pet.gov.tw/upload/pic/c19d555c-c52b-4ad7-988a-b80a46fc8371.JPG,深圳里觀海路一段與濱海林蔭大道,2018-09-04,桃園市新屋區永興里3鄰藻礁路1668號,(03)4861760
28911,桃園市動物保護教育園區,桃園市動物保護教育園區,混種犬,1,F,MEDIUM,黑色,ADULT,F,https://www.pet.gov.tw/upload/pic/7b00233b-290d-487b-a1d1-797c3b5241f2.JPG,崙坪一路,2018-03-01,桃園市新屋區永興里3鄰藻礁路1668號,(03)4861760
431849,臺北市動物之家,臺北市動物之家,混種犬,1,F,MEDIUM,棕色,ADULT,T,https://www.pet.gov.tw/upload/pic/1763706798875.png,南京西路,2025-12-21,臺北市內湖區安美街191號,(02)87913254
453048,桃園市動物保護教育園區,桃園市動物保護教育園區,臘腸犬,0,M,SMALL,黑黃色,ADULT,F,https://www.pet.gov.tw/upload/pic/1778894374034.png,榮興路,,桃園市新屋區永興里3鄰藻礁路1668號,(03)4861760
449368,桃園市動物保護教育園區,桃園市動物保護教育園區,柴犬,0,M,MEDIUM,黃色,ADULT,F,https://www.pet.gov.tw/upload/pic/1776305404109.png,草新里八德五街至五福三街整條路,,桃園市新屋區永興里3鄰藻礁路1668號,(03)4861760
453042,宜蘭縣流浪動物中途之家,宜蘭縣流浪動物中途之家,混種犬,1,M,BIG,黃色,ADULT,N,https://www.pet.gov.tw/upload/pic/1778837037517.png,壯濱路二段,2026-05-15,宜蘭縣五結鄉成興村利寶路60號,(03)9602350620
453041,宜蘭縣流浪動物中途之家,宜蘭縣流浪動物中途之家,混種犬,1,M,BIG,虎斑色,ADULT,N,https://www.pet.gov.tw/upload/pic/1778836997467.png,壯濱路三路,2026-05-15,宜蘭縣五結鄉成興村利寶路60號,(03)9602350620
451555,彰化縣流浪狗中途之家,彰化縣流浪狗中途之家,混種犬,1,F,MEDIUM,黑色,ADULT,T,https://www.pet.gov.tw/upload/pic/1777967174150.png,,2026-05-18,彰化縣員林市大峰里阿寶巷426號(大門入口請由彰化縣芬園鄉大彰路一段875巷進入走到底),(04)8590638
437911,花蓮縣狗貓躍動園區,花蓮縣狗貓躍動園區,比特犬,0,F,MEDIUM,黑色,ADULT,T,https://www.pet.gov.tw/upload/pic/1767843749718.png,,,花蓮縣鳳林鎮林榮里永豐路255號,(03)8421452
431144,花蓮縣狗貓躍動園區,花蓮縣狗貓躍動園區,混種犬,1,F,MEDIUM,黃色,ADULT,T,https://www.pet.gov.tw/upload/pic/1763356950207.png,,,花蓮縣鳳林鎮林榮里永豐路255號,(03)8421452
451335,桃園市動物保護教育園區,桃園市動物保護教育園區,柴犬,0,F,SMALL,黃白色,ADULT,N,https://www.pet.gov.tw/upload/pic/1777878121146.png,中福里龍安街二段,2026-05-22,桃園市新屋區永興里3鄰藻礁路1668號,(03)4861760
452870,新北市中和區公立動物之家,新北市中和區公立動物之家,混種犬,1,F,MEDIUM,黃色,ADULT,T,https://www.pet.gov.tw/upload/pic/1778744597710.png,土城區,2026-05-14,新北市中和區興南路三段100號,(02)86685547
452869,彰化縣流浪狗中途之家,彰化縣流浪狗中途之家,混種犬,1,M,MEDIUM,虎斑色,ADULT,T,https://www.pet.gov.tw/upload/pic/1778744496037.png,大峯巷165號,2026-05-23,彰化縣員林市大峰里阿寶巷426號(大門入口請由彰化縣芬園鄉大彰路一段875巷進入走到底),(04)8590638
452792,高雄市燕巢動物保護關愛園區,高雄市燕巢動物保護關愛園區,混種犬,1,F,BIG,虎斑色,ADULT,N,https://www.pet.gov.tw/upload/pic/1778734000110.png,義德街,2026-05-03,高雄市燕巢區師大路98號,(07)6051002
452791,高雄市燕巢動物保護關愛園區,高雄市燕巢動物保護關愛園區,混種犬,1,F,BIG,灰色,ADULT,N,https://www.pet.gov.tw/upload/pic/1778733722809.png,中正西路,2026-05-03,高雄市燕巢區師大路98號,(07)6051002
452790,高雄市燕巢動物保護關愛園區,高雄市燕巢動物保護關愛園區,混種犬,1,F,BIG,黃色,ADULT,N,https://www.pet.gov.tw/upload/pic/1778732437290.png,復興路,2026-05-02,高雄市燕巢區師大路98號,(07)6051002
452781,高雄市燕巢動物保護關愛園區,高雄市燕巢動物保護關愛園區,混種犬,1,F,BIG,黑色,ADULT,N,https://www.pet.gov.tw/upload/pic/1778728168832.png,復興路,2026-05-02,高雄市燕巢區師大路98號,(07)6051002
452777,高雄市燕巢動物保護關愛園區,高雄市燕巢動物保護關愛園區,混種犬,1,F,BIG,黑色,ADULT,N,https://www.pet.gov.tw/upload/pic/1778727995221.png,新庄路,2026-05-02,高雄市燕巢區師大路98號,(07)6051002
452774,高雄市燕巢動物保護關愛園區,高雄市燕巢動物保護關愛園區,混種犬,1,F,BIG,黑色,ADULT,N,https://www.pet.gov.tw/upload/pic/1778727480808.png,富山巷,2026-05-01,高雄市燕巢區師大路98號,(07)6051002
452771,高雄市燕巢動物保護關愛園區,高雄市燕巢動物保護關愛園區,混種犬,1,F,BIG,黑色,ADULT,N,https://www.pet.gov.tw/upload/pic/1778727154764.png,玄中路,2026-05-01,高雄市燕巢區師大路98號,(07)6051002
452770,臺南市動物之家善化站,臺南市動物之家善化站,混種犬,1,F,MEDIUM,黃色,ADULT,N,https://www.pet.gov.tw/upload/pic/1778727109015.png,,2026-05-21,臺南市善化區昌隆里東勢寮1-19號,(06)5832399
452769,高雄市燕巢動物保護關愛園區,高雄市燕巢動物保護關愛園區,混種犬,1,F,BIG,黑色,ADULT,N,https://www.pet.gov.tw/upload/pic/1778726859493.png,玄中路,2026-05-01,高雄市燕巢區師大路98號,(07)6051002
452768,金門縣動物收容中心,金門縣動物收容中心,混種犬,1,F,SMALL,,CHILD,F,https://www.pet.gov.tw/upload/pic/1778726292975.png,金寧鄉盤山村金鼎國小,2026-05-06,金門縣金湖鎮裕民農莊20號,(082)336625
452764,高雄市燕巢動物保護關愛園區,高雄市燕巢動物保護關愛園區,混種犬,1,F,BIG,黑色,ADULT,N,https://www.pet.gov.tw/upload/pic/1778726145973.png,師大路,2026-05-01,高雄市燕巢區師大路98號,(07)6051002
444192,彰化縣流浪狗中途之家,彰化縣流浪狗中途之家,混種犬,1,F,MEDIUM,,ADULT,T,https://www.pet.gov.tw/upload/pic/1772673902483.png,太平路568巷5弄2號,2026-03-25,彰化縣員林市大峰里阿寶巷426號(大門入口請由彰化縣芬園鄉大彰路一段875巷進入走到底),(04)8590638
452712,宜蘭縣流浪動物中途之家,宜蘭縣流浪動物中途之家,混種犬,1,M,BIG,黑色,ADULT,N,https://www.pet.gov.tw/upload/pic/1778664107609.png,再連路,2026-05-13,宜蘭縣五結鄉成興村利寶路60號,(03)9602350620
452701,新北市中和區公立動物之家,新北市中和區公立動物之家,混種犬,1,M,MEDIUM,黑色,ADULT,F,https://www.pet.gov.tw/upload/pic/1778661409842.png,土城區中央路一段43號,2026-05-13,新北市中和區興南路三段100號,(02)86685547
369611,花蓮縣狗貓躍動園區,花蓮縣狗貓躍動園區,混種犬,1,F,MEDIUM,咖啡色,ADULT,T,https://www.pet.gov.tw/upload/pic/1723444685956.png,福昌二街55號,2024-10-18,花蓮縣鳳林鎮林榮里永豐路255號,(03)8421452
419775,新竹縣動物保護教育園區,新竹縣動物保護教育園區,混種犬,1,F,MEDIUM,黃色,ADULT,T,https://www.pet.gov.tw/upload/pic/1756977767252.png,,2025-09-05,新竹縣竹北市縣政五街192號,(03)5519548
420976,新竹縣動物保護教育園區,新竹縣動物保護教育園區,混種犬,1,F,MEDIUM,虎斑色,ADULT,T,https://www.pet.gov.tw/upload/pic/1757393934370.png,,2025-09-05,新竹縣竹北市縣政五街192號,(03)5519548
444095,花蓮縣狗貓躍動園區,花蓮縣狗貓躍動園區,混種犬,1,F,MEDIUM,黑色,ADULT,T,https://www.pet.gov.tw/upload/pic/1772594356200.png,,2026-03-27,花蓮縣鳳林鎮林榮里永豐路255號,(03)8421452
442952,基隆市寵物銀行,基隆市寵物銀行,混種犬,1,F,MEDIUM,黑棕色,ADULT,N,https://www.pet.gov.tw/upload/pic/1771641300184.png,明德二路16號,2026-02-23,基隆市七堵區大華三路45-12號(欣欣安樂園旁),(02)24560148
451538,基隆市寵物銀行,基隆市寵物銀行,混種犬,1,F,BIG,棕色,ADULT,T,https://www.pet.gov.tw/upload/pic/1777965737513.png,,2026-05-05,基隆市七堵區大華三路45-12號(欣欣安樂園旁),(02)24560148
450883,南投縣公立動物收容所,南投縣公立動物收容所,獒犬,0,F,BIG,黑黃色,ADULT,T,https://www.pet.gov.tw/upload/pic/1777426430403.png,大長路,2026-05-11,南投縣南投市嶺興路36-1號,(049)2225440
444299,基隆市寵物銀行,基隆市寵物銀行,混種犬,1,N,MEDIUM,黑色,ADULT,T,https://www.pet.gov.tw/upload/pic/1772696363178.png,基金三路36號,2026-03-05,基隆市七堵區大華三路45-12號(欣欣安樂園旁),(02)24560148
293075,臺南市動物之家灣裡站,臺南市動物之家灣裡站,混種犬,1,F,MEDIUM,黃色,ADULT,T,https://www.pet.gov.tw/upload/pic/1675157634116.png,東橋七街,2025-09-10,臺南市南區省躬里14鄰萬年路580巷92號,(06)2964439
451240,新北市新店區公立動物之家,新北市新店區公立動物之家,貴賓犬,0,M,MEDIUM,白色,ADULT,T,https://www.pet.gov.tw/upload/pic/1777700915865.png,汐止區茄興街,2026-05-15,新北市新店區安泰路235號,(02)22159462
446583,宜蘭縣流浪動物中途之家,宜蘭縣流浪動物中途之家,混種犬,1,F,BIG,黃色,ADULT,F,https://www.pet.gov.tw/upload/pic/1774333039002.png,古結路,2026-03-23,宜蘭縣五結鄉成興村利寶路60號,(03)9602350620
439174,南投縣公立動物收容所,南投縣公立動物收容所,混種犬,1,F,SMALL,咖啡色,ADULT,T,https://www.pet.gov.tw/upload/pic/1771915095696.png,如意街,2026-02-24,南投縣南投市嶺興路36-1號,(049)2225440
439173,南投縣公立動物收容所,南投縣公立動物收容所,混種犬,1,F,SMALL,黃色,ADULT,T,https://www.pet.gov.tw/upload/pic/1771915143386.png,如意街,2026-02-24,南投縣南投市嶺興路36-1號,(049)2225440
436939,南投縣公立動物收容所,南投縣公立動物收容所,比熊犬,0,M,SMALL,白色,ADULT,T,https://www.pet.gov.tw/upload/pic/1767148733845.png,振興巷,2025-12-30,南投縣南投市嶺興路36-1號,(049)2225440
61826,新北市八里區公立動物之家,新北市八里區公立動物之家,混種犬,1,M,MEDIUM,黃色,ADULT,T,https://www.pet.gov.tw/upload/pic/1724989061455.png,應化街6巷7弄5號,2022-09-29,新北市八里區長坑里6鄰長坑道路36號,(02)26194428
452385,臺南市動物之家善化站,臺南市動物之家善化站,混種犬,1,M,MEDIUM,黃色,ADULT,N,https://www.pet.gov.tw/upload/pic/1778552083294.png,,2026-05-12,臺南市善化區昌隆里東勢寮1-19號,(06)5832399
452377,桃園市動物保護教育園區,桃園市動物保護教育園區,混種犬,1,M,BIG,黃色,ADULT,T,https://www.pet.gov.tw/upload/pic/1778550449342.png,蚵殼港,2026-05-19,桃園市新屋區永興里3鄰藻礁路1668號,(03)4861760
277073,屏東縣公立犬貓中途之家,屏東縣公立犬貓中途之家,獒犬,0,F,BIG,黑色,ADULT,T,https://www.pet.gov.tw/upload/pic/27b79fb8-4d5d-444e-a10a-def183f007c6.jpg,枋寮鄉中山路,2023-04-05,屏東縣內埔鄉學府路1號(屏東科技大學內),(72)
64896,屏東縣公立犬貓中途之家,屏東縣公立犬貓中途之家,混種犬,1,F,MEDIUM,黑白色,ADULT,T,https://www.pet.gov.tw/upload/pic/8ed7949f-dd12-42cb-b729-463be7b03b53.JPG,所內,2021-04-01,屏東縣內埔鄉學府路1號(屏東科技大學內),(72)
451641,南投縣公立動物收容所,南投縣公立動物收容所,混種犬,1,F,MEDIUM,黑色,CHILD,T,https://www.pet.gov.tw/upload/pic/1778030802542.png,文化路,2026-05-11,南投縣南投市嶺興路36-1號,(049)2225440
255519,桃園市動物保護教育園區,桃園市動物保護教育園區,混種犬,1,M,MEDIUM,黑色,ADULT,F,https://www.pet.gov.tw/upload/pic/e5d5320f-3409-4b30-b464-f256fe061c4b.jpg,中山里榮安一街,2022-07-21,桃園市新屋區永興里3鄰藻礁路1668號,(03)4861760
450404,連江縣動物之家,連江縣動物之家,混種犬,1,F,MEDIUM,棕色,ADULT,T,https://www.pet.gov.tw/upload/pic/1777018269152.png,,2026-04-24,連江縣南竿鄉復興村223號,(0836)25003
451611,雲林縣流浪動物收容所,雲林縣流浪動物收容所,混種犬,1,M,BIG,黑色,ADULT,T,https://www.pet.gov.tw/upload/pic/1778028293301.png,口湖鄉梧南村,2026-04-27,雲林縣斗六市雲林路二段517號,(05)5523300
452312,基隆市寵物銀行,基隆市寵物銀行,混種犬,1,M,MEDIUM,黃色,ADULT,T,https://www.pet.gov.tw/upload/pic/1778481196223.png,,2026-05-11,基隆市七堵區大華三路45-12號(欣欣安樂園旁),(02)24560148
435721,新竹縣動物保護教育園區,新竹縣動物保護教育園區,混種犬,1,M,MEDIUM,黑色,ADULT,F,https://www.pet.gov.tw/upload/pic/1770301405033.png,,2026-01-13,新竹縣竹北市縣政五街192號,(03)5519548
433273,新北市五股區公立動物之家,新北市五股區公立動物之家,混種犬,1,F,MEDIUM,黑色,ADULT,T,https://www.pet.gov.tw/upload/pic/1764663852246.png,五股區五股淩雲路三段田埔巷21號,2025-12-10,新北市五股區外寮路9-9號,(02)82925265
433789,臺北市動物之家,臺北市動物之家,混種犬,1,M,MEDIUM,棕黑色,ADULT,T,https://www.pet.gov.tw/upload/pic/1764920752013.png,貴子坑周遭停車場,2026-05-06,臺北市內湖區安美街191號,(02)87913254
442947,新北市五股區公立動物之家,新北市五股區公立動物之家,混種犬,1,M,MEDIUM,黑白色,ADULT,T,https://www.pet.gov.tw/upload/pic/1771566562644.png,三重區三重區三和路二段156號,2026-03-04,新北市五股區外寮路9-9號,(02)82925265
452212,臺南市動物之家善化站,臺南市動物之家善化站,混種犬,1,M,MEDIUM,黑色,ADULT,N,https://www.pet.gov.tw/upload/pic/1778316377585.png,,2026-05-08,臺南市善化區昌隆里東勢寮1-19號,(06)5832399
311443,桃園市動物保護教育園區,桃園市動物保護教育園區,混種犬,1,M,SMALL,黑色,CHILD,F,https://www.pet.gov.tw/upload/pic/1686016696868.png,上湖里楊湖路二段７１９巷７２０弄,2023-06-06,桃園市新屋區永興里3鄰藻礁路1668號,(03)4861760
439508,臺北市動物之家,臺北市動物之家,混種犬,1,F,MEDIUM,黃色,ADULT,T,https://www.pet.gov.tw/upload/pic/1768875584654.png,政大里猴山岳新光路登山道路中段小平台處,2026-04-24,臺北市內湖區安美街191號,(02)87913254
445755,彰化縣流浪狗中途之家,彰化縣流浪狗中途之家,混種犬,1,F,MEDIUM,黃色,ADULT,T,https://www.pet.gov.tw/upload/pic/1773711173809.png,線西鄉立幼兒園附近,2026-05-11,彰化縣員林市大峰里阿寶巷426號(大門入口請由彰化縣芬園鄉大彰路一段875巷進入走到底),(04)8590638
451851,彰化縣流浪狗中途之家,彰化縣流浪狗中途之家,混種犬,1,M,MEDIUM,黑黃色,ADULT,T,https://www.pet.gov.tw/upload/pic/1778133727095.png,光雲巷263弄48號,2026-05-16,彰化縣員林市大峰里阿寶巷426號(大門入口請由彰化縣芬園鄉大彰路一段875巷進入走到底),(04)8590638
448617,彰化縣流浪狗中途之家,彰化縣流浪狗中途之家,混種犬,1,M,MEDIUM,黑色,ADULT,T,https://www.pet.gov.tw/upload/pic/1775720628903.png,光復路96巷29弄24號,2026-05-11,彰化縣員林市大峰里阿寶巷426號(大門入口請由彰化縣芬園鄉大彰路一段875巷進入走到底),(04)8590638
452121,宜蘭縣流浪動物中途之家,宜蘭縣流浪動物中途之家,混種犬,1,F,MEDIUM,黑色,CHILD,N,https://www.pet.gov.tw/upload/pic/1778231068078.png,雙埤路,2026-05-08,宜蘭縣五結鄉成興村利寶路60號,(03)9602350620
452118,宜蘭縣流浪動物中途之家,宜蘭縣流浪動物中途之家,混種犬,1,F,MEDIUM,黑色,CHILD,N,https://www.pet.gov.tw/upload/pic/1778231008086.png,雙埤路,2026-05-08,宜蘭縣五結鄉成興村利寶路60號,(03)9602350620
452117,宜蘭縣流浪動物中途之家,宜蘭縣流浪動物中途之家,混種犬,1,F,BIG,虎斑色,ADULT,N,https://www.pet.gov.tw/upload/pic/1778230954947.png,雙埤路,2026-05-08,宜蘭縣五結鄉成興村利寶路60號,(03)9602350620
410484,臺中市動物之家南屯園區,臺中市動物之家南屯園區,混種犬,1,M,MEDIUM,虎斑色,ADULT,T,https://www.pet.gov.tw/upload/pic/1750401549686.png,海堤路,2025-09-10,臺中市南屯區中台路601號,(04)23850976
450051,澎湖縣流浪動物收容中心,澎湖縣流浪動物收容中心,混種犬,1,M,BIG,,ADULT,T,https://www.pet.gov.tw/upload/pic/1778224014441.png,,2026-05-05,澎湖縣馬公市烏崁里260、261號,(06)9213559
427030,基隆市寵物銀行,基隆市寵物銀行,混種犬,1,F,MEDIUM,黑色,ADULT,T,https://www.pet.gov.tw/upload/pic/1761188139896.png,成功一路113巷2弄,2026-05-08,基隆市七堵區大華三路45-12號(欣欣安樂園旁),(02)24560148
292431,新竹縣動物保護教育園區,新竹縣動物保護教育園區,混種犬,1,F,MEDIUM,黑色,ADULT,T,https://www.pet.gov.tw/upload/pic/1678512528757.png,,2023-01-18,新竹縣竹北市縣政五街192號,(03)5519548
272040,新竹縣動物保護教育園區,新竹縣動物保護教育園區,混種犬,1,F,MEDIUM,米色,ADULT,T,https://www.pet.gov.tw/upload/pic/90593a4c-d6ef-4b1a-810e-7c6f364b87a1.jpg,竹北,2022-08-31,新竹縣竹北市縣政五街192號,(03)5519548
419771,新竹縣動物保護教育園區,新竹縣動物保護教育園區,混種犬,1,F,MEDIUM,黑白色,ADULT,T,https://www.pet.gov.tw/upload/pic/1756968738216.png,,2025-09-05,新竹縣竹北市縣政五街192號,(03)5519548
451792,彰化縣流浪狗中途之家,彰化縣流浪狗中途之家,混種犬,1,F,MEDIUM,黑色,ADULT,T,https://www.pet.gov.tw/upload/pic/1778117437472.png,延平路190巷25號附近,2026-05-16,彰化縣員林市大峰里阿寶巷426號(大門入口請由彰化縣芬園鄉大彰路一段875巷進入走到底),(04)8590638
451793,彰化縣流浪狗中途之家,彰化縣流浪狗中途之家,混種犬,1,F,MEDIUM,黑色,ADULT,T,https://www.pet.gov.tw/upload/pic/1778117494622.png,延平路190巷25號附近,2026-05-16,彰化縣員林市大峰里阿寶巷426號(大門入口請由彰化縣芬園鄉大彰路一段875巷進入走到底),(04)8590638
451807,高雄市壽山動物保護教育園區,高雄市壽山動物保護教育園區,混種犬,1,M,BIG,黑色,ADULT,T,https://www.pet.gov.tw/upload/pic/1778119883706.png,鳳芸二路,2026-05-07,高雄市鼓山區萬壽路350號,(07)5519059
440359,花蓮縣狗貓躍動園區,花蓮縣狗貓躍動園區,混種犬,1,M,MEDIUM,棕色,CHILD,T,https://www.pet.gov.tw/upload/pic/1769413511177.png,,2026-03-03,花蓮縣鳳林鎮林榮里永豐路255號,(03)8421452
451241,新北市新店區公立動物之家,新北市新店區公立動物之家,混種犬,1,M,MEDIUM,黑棕色,ADULT,T,https://www.pet.gov.tw/upload/pic/1777869362920.png,新店區安泰路(池塘),2026-05-02,新北市新店區安泰路235號,(02)22159462
372043,澎湖縣流浪動物收容中心,澎湖縣流浪動物收容中心,混種犬,1,F,MEDIUM,黑色,CHILD,T,https://www.pet.gov.tw/upload/pic/1725001372007.png,北極殿前面,2024-09-11,澎湖縣馬公市烏崁里260、261號,(06)9213559
438318,澎湖縣流浪動物收容中心,澎湖縣流浪動物收容中心,混種犬,1,F,BIG,黃色,ADULT,F,https://www.pet.gov.tw/upload/pic/1768099882550.png,,2026-01-21,澎湖縣馬公市烏崁里260、261號,(06)9213559
405068,澎湖縣流浪動物收容中心,澎湖縣流浪動物收容中心,混種犬,1,F,BIG,黑黃色,ADULT,T,https://www.pet.gov.tw/upload/pic/1747366043899.png,陳進山,2025-05-21,澎湖縣馬公市烏崁里260、261號,(06)9213559
374286,澎湖縣流浪動物收容中心,澎湖縣流浪動物收容中心,混種犬,1,F,BIG,黑黃色,ADULT,T,https://www.pet.gov.tw/upload/pic/1726558170545.png,海軍基地-海二廠,2024-10-02,澎湖縣馬公市烏崁里260、261號,(06)9213559
391951,澎湖縣流浪動物收容中心,澎湖縣流浪動物收容中心,混種犬,1,M,BIG,三花色,ADULT,T,https://www.pet.gov.tw/upload/pic/1738564192582.png,石泉國小電塔前,2025-02-12,澎湖縣馬公市烏崁里260、261號,(06)9213559
435042,澎湖縣流浪動物收容中心,澎湖縣流浪動物收容中心,混種犬,1,F,BIG,黑色,ADULT,T,https://www.pet.gov.tw/upload/pic/1767321245185.png,,2026-01-02,澎湖縣馬公市烏崁里260、261號,(06)9213559
339638,澎湖縣流浪動物收容中心,澎湖縣流浪動物收容中心,混種犬,1,M,BIG,虎斑色,ADULT,T,https://www.pet.gov.tw/upload/pic/1724385086017.png,水塔,2024-01-01,澎湖縣馬公市烏崁里260、261號,(06)9213559
310711,澎湖縣流浪動物收容中心,澎湖縣流浪動物收容中心,混種犬,1,M,MEDIUM,黑黃色,ADULT,T,https://www.pet.gov.tw/upload/pic/1727265255672.png,海邊,2023-06-13,澎湖縣馬公市烏崁里260、261號,(06)9213559
398250,澎湖縣流浪動物收容中心,澎湖縣流浪動物收容中心,混種犬,1,M,BIG,黃白色,ADULT,T,https://www.pet.gov.tw/upload/pic/1742356873298.png,自立路106號,,澎湖縣馬公市烏崁里260、261號,(06)9213559
423807,澎湖縣流浪動物收容中心,澎湖縣流浪動物收容中心,混種犬,1,M,BIG,黑黃色,ADULT,T,https://www.pet.gov.tw/upload/pic/1761208279386.png,雞母塢,2025-10-10,澎湖縣馬公市烏崁里260、261號,(06)9213559
416022,臺南市動物之家灣裡站,臺南市動物之家灣裡站,長毛臘腸,0,M,MEDIUM,黃色,ADULT,T,https://www.pet.gov.tw/upload/pic/1773049734601.png,446巷90弄39號,2026-02-10,臺南市南區省躬里14鄰萬年路580巷92號,(06)2964439
450224,新北市五股區公立動物之家,新北市五股區公立動物之家,混種犬,1,M,MEDIUM,黃色,CHILD,T,https://www.pet.gov.tw/upload/pic/1776924130200.png,蘆洲區蘆洲中山一路,2026-05-05,新北市五股區外寮路9-9號,(02)82925265
451676,新北市五股區公立動物之家,新北市五股區公立動物之家,混種犬,1,M,MEDIUM,黃色,ADULT,T,https://www.pet.gov.tw/upload/pic/1778038829163.png,林口區林口瑞平里瑞樹坑59-1號,2026-05-06,新北市五股區外寮路9-9號,(02)82925265
451740,臺南市動物之家善化站,臺南市動物之家善化站,混種犬,1,F,MEDIUM,黃色,ADULT,N,https://www.pet.gov.tw/upload/pic/1778053607205.png,,2026-05-13,臺南市善化區昌隆里東勢寮1-19號,(06)5832399
143690,臺北市動物之家,臺北市動物之家,混種犬,1,M,MEDIUM,黃色,ADULT,T,https://www.pet.gov.tw/upload/pic/54322_109021301_0.JPG,康樂街,2021-04-10,臺北市內湖區安美街191號,(02)87913254
271638,桃園市動物保護教育園區,桃園市動物保護教育園區,混種犬,1,F,MEDIUM,黑黃色,ADULT,F,https://www.pet.gov.tw/upload/pic/c80c8457-975d-4555-a3d8-be1fa1766ef1.JPG,濱海路武威段１３１巷,2026-05-06,桃園市新屋區永興里3鄰藻礁路1668號,(03)4861760
451642,南投縣公立動物收容所,南投縣公立動物收容所,混種犬,1,M,MEDIUM,黑色,ADULT,T,https://www.pet.gov.tw/upload/pic/1778031027060.png,平山一街,2026-05-05,南投縣南投市嶺興路36-1號,(049)2225440
451554,彰化縣流浪狗中途之家,彰化縣流浪狗中途之家,混種犬,1,F,SMALL,虎斑色,CHILD,N,https://www.pet.gov.tw/upload/pic/1777967111789.png,,2026-05-05,彰化縣員林市大峰里阿寶巷426號(大門入口請由彰化縣芬園鄉大彰路一段875巷進入走到底),(04)8590638
448707,花蓮縣狗貓躍動園區,花蓮縣狗貓躍動園區,混種犬,1,M,MEDIUM,黃色,ADULT,T,https://www.pet.gov.tw/upload/pic/1775796034914.png,,2026-05-06,花蓮縣鳳林鎮林榮里永豐路255號,(03)8421452
448706,花蓮縣狗貓躍動園區,花蓮縣狗貓躍動園區,混種犬,1,M,MEDIUM,虎斑白色,ADULT,T,https://www.pet.gov.tw/upload/pic/1775795896664.png,,2026-05-06,花蓮縣鳳林鎮林榮里永豐路255號,(03)8421452
451550,彰化縣流浪狗中途之家,彰化縣流浪狗中途之家,混種犬,1,F,SMALL,虎斑色,CHILD,N,https://www.pet.gov.tw/upload/pic/1777966959553.png,,2026-05-05,彰化縣員林市大峰里阿寶巷426號(大門入口請由彰化縣芬園鄉大彰路一段875巷進入走到底),(04)8590638
436948,南投縣公立動物收容所,南投縣公立動物收容所,混種犬,1,M,MEDIUM,黑色,ADULT,T,https://www.pet.gov.tw/upload/pic/1767150657359.png,中山路一段,2026-01-05,南投縣南投市嶺興路36-1號,(049)2225440
451112,彰化縣流浪狗中途之家,彰化縣流浪狗中途之家,混種犬,1,M,SMALL,黑色,CHILD,N,https://www.pet.gov.tw/upload/pic/1777523561065.png,安溪路195巷口附近,2026-04-30,彰化縣員林市大峰里阿寶巷426號(大門入口請由彰化縣芬園鄉大彰路一段875巷進入走到底),(04)8590638
450156,金門縣動物收容中心,金門縣動物收容中心,混種犬,1,M,BIG,黑色,ADULT,N,https://www.pet.gov.tw/upload/pic/1777885297723.png,,2026-04-22,金門縣金湖鎮裕民農莊20號,(082)336625
366260,屏東縣公立犬貓中途之家,屏東縣公立犬貓中途之家,混種犬,1,F,BIG,黑色,ADULT,T,https://www.pet.gov.tw/upload/pic/1706325251854.png,新園鄉鹽埔中正路,2024-07-16,屏東縣內埔鄉學府路1號(屏東科技大學內),(72)
443026,臺北市動物之家,臺北市動物之家,混種犬,1,F,MEDIUM,黑色,ADULT,T,https://www.pet.gov.tw/upload/pic/1771817536886.png,福安里延平北路七段,2026-03-01,臺北市內湖區安美街191號,(02)87913254
445659,彰化縣流浪狗中途之家,彰化縣流浪狗中途之家,混種犬,1,F,MEDIUM,黑色,ADULT,T,https://www.pet.gov.tw/upload/pic/1773645809388.png,,2026-05-04,彰化縣員林市大峰里阿寶巷426號(大門入口請由彰化縣芬園鄉大彰路一段875巷進入走到底),(04)8590638
451280,宜蘭縣流浪動物中途之家,宜蘭縣流浪動物中途之家,混種犬,1,F,BIG,黑色,ADULT,N,https://www.pet.gov.tw/upload/pic/1777860862661.png,過嶺自行車道,2026-05-04,宜蘭縣五結鄉成興村利寶路60號,(03)9602350620
450079,臺中市動物之家后里園區,臺中市動物之家后里園區,混種犬,1,F,BIG,黑色,ADULT,T,https://www.pet.gov.tw/upload/pic/1777853882353.png,東關路一段松鶴三巷26-4號,2026-05-04,臺中市后里區堤防路370號,(04)25588024
445795,新北市新店區公立動物之家,新北市新店區公立動物之家,混種犬,1,F,MEDIUM,黑色,ADULT,T,https://www.pet.gov.tw/upload/pic/1773723883850.png,新店區安民街,2026-03-17,新北市新店區安泰路235號,(02)22159462
392105,新北市中和區公立動物之家,新北市中和區公立動物之家,混種犬,1,M,MEDIUM,黑黃色,ADULT,T,https://www.pet.gov.tw/upload/pic/1755843007752.png,石門路,2025-04-10,新北市中和區興南路三段100號,(02)86685547
451244,高雄市壽山動物保護教育園區,高雄市壽山動物保護教育園區,混種犬,1,M,BIG,黑色,ADULT,N,https://www.pet.gov.tw/upload/pic/1777706457950.png,半廍路,2026-05-02,高雄市鼓山區萬壽路350號,(07)5519059
451242,新北市新店區公立動物之家,新北市新店區公立動物之家,柴犬,0,F,SMALL,,ADULT,F,https://www.pet.gov.tw/upload/pic/1777704107046.png,深坑區深南路,,新北市新店區安泰路235號,(02)22159462
451186,新北市中和區公立動物之家,新北市中和區公立動物之家,混種犬,1,F,MEDIUM,黑色,ADULT,T,https://www.pet.gov.tw/upload/pic/1777547074413.png,中和區員山路,2026-04-30,新北市中和區興南路三段100號,(02)86685547
450682,雲林縣流浪動物收容所,雲林縣流浪動物收容所,混種犬,1,F,MEDIUM,黑色,ADULT,T,https://www.pet.gov.tw/upload/pic/1777457225107.png,東勢鄉東北村,2026-05-01,雲林縣斗六市雲林路二段517號,(05)5523300
450684,雲林縣流浪動物收容所,雲林縣流浪動物收容所,混種犬,1,M,BIG,虎斑色,ADULT,T,https://www.pet.gov.tw/upload/pic/1777457160417.png,元長鄉北昌路,2026-05-01,雲林縣斗六市雲林路二段517號,(05)5523300
435481,澎湖縣流浪動物收容中心,澎湖縣流浪動物收容中心,混種犬,1,M,BIG,黑白色,ADULT,T,https://www.pet.gov.tw/upload/pic/1766024168814.png,,2026-01-02,澎湖縣馬公市烏崁里260、261號,(06)9213559
451159,臺南市動物之家善化站,臺南市動物之家善化站,混種犬,1,M,MEDIUM,黑色,ADULT,N,https://www.pet.gov.tw/upload/pic/1777534803991.png,,2026-05-07,臺南市善化區昌隆里東勢寮1-19號,(06)5832399
451144,高雄市燕巢動物保護關愛園區,高雄市燕巢動物保護關愛園區,混種犬,1,F,BIG,黑色,ADULT,N,https://www.pet.gov.tw/upload/pic/1777531729201.png,,2026-04-30,高雄市燕巢區師大路98號,(07)6051002
451143,高雄市燕巢動物保護關愛園區,高雄市燕巢動物保護關愛園區,混種犬,1,F,BIG,黑色,ADULT,N,https://www.pet.gov.tw/upload/pic/1777531668864.png,,2026-04-30,高雄市燕巢區師大路98號,(07)6051002
451142,高雄市燕巢動物保護關愛園區,高雄市燕巢動物保護關愛園區,混種犬,1,F,BIG,黃色,ADULT,N,https://www.pet.gov.tw/upload/pic/1777531611503.png,,2026-04-30,高雄市燕巢區師大路98號,(07)6051002
451141,高雄市燕巢動物保護關愛園區,高雄市燕巢動物保護關愛園區,混種犬,1,F,BIG,黑色,ADULT,N,https://www.pet.gov.tw/upload/pic/1777531099614.png,,2026-04-30,高雄市燕巢區師大路98號,(07)6051002
451140,高雄市燕巢動物保護關愛園區,高雄市燕巢動物保護關愛園區,混種犬,1,F,BIG,黑色,ADULT,N,https://www.pet.gov.tw/upload/pic/1777530987788.png,,2026-04-30,高雄市燕巢區師大路98號,(07)6051002
451139,高雄市燕巢動物保護關愛園區,高雄市燕巢動物保護關愛園區,混種犬,1,F,BIG,黃色,ADULT,N,https://www.pet.gov.tw/upload/pic/1777530931671.png,,2026-04-30,高雄市燕巢區師大路98號,(07)6051002
451138,高雄市燕巢動物保護關愛園區,高雄市燕巢動物保護關愛園區,混種犬,1,F,BIG,黑色,ADULT,N,https://www.pet.gov.tw/upload/pic/1777530857909.png,,2026-04-30,高雄市燕巢區師大路98號,(07)6051002
451136,高雄市燕巢動物保護關愛園區,高雄市燕巢動物保護關愛園區,混種犬,1,F,BIG,黑色,ADULT,N,https://www.pet.gov.tw/upload/pic/1777530768080.png,,2026-04-30,高雄市燕巢區師大路98號,(07)6051002
451111,高雄市燕巢動物保護關愛園區,高雄市燕巢動物保護關愛園區,混種犬,1,F,BIG,白色,ADULT,N,https://www.pet.gov.tw/upload/pic/1777521955541.png,,2026-04-30,高雄市燕巢區師大路98號,(07)6051002
451110,高雄市燕巢動物保護關愛園區,高雄市燕巢動物保護關愛園區,混種犬,1,F,BIG,黃色,ADULT,N,https://www.pet.gov.tw/upload/pic/1777521761098.png,,2026-04-30,高雄市燕巢區師大路98號,(07)6051002
439249,連江縣動物之家,連江縣動物之家,混種犬,1,M,MEDIUM,黑色,ADULT,T,https://www.pet.gov.tw/upload/pic/1776051798758.png,,2026-04-01,連江縣南竿鄉復興村223號,(0836)25003
194289,連江縣動物之家,連江縣動物之家,混種犬,1,F,MEDIUM,黑白色,ADULT,T,https://www.pet.gov.tw/upload/pic/1776134735762.png,東引,2026-04-14,連江縣南竿鄉復興村223號,(0836)25003
197133,連江縣動物之家,連江縣動物之家,混種犬,1,F,MEDIUM,黑色,ADULT,T,https://www.pet.gov.tw/upload/pic/1776072222865.png,108.埃及豔后,2021-03-04,連江縣南竿鄉復興村223號,(0836)25003
197136,連江縣動物之家,連江縣動物之家,混種犬,1,M,MEDIUM,黑黃色,ADULT,T,https://www.pet.gov.tw/upload/pic/1776134339591.png,109莒光青帆-B央哥,2021-03-04,連江縣南竿鄉復興村223號,(0836)25003
273378,連江縣動物之家,連江縣動物之家,混種犬,1,F,MEDIUM,白色,ADULT,T,https://www.pet.gov.tw/upload/pic/1776848878292.png,南竿鄉復興村,2026-04-13,連江縣南竿鄉復興村223號,(0836)25003
442503,連江縣動物之家,連江縣動物之家,混種犬,1,M,SMALL,黑色,ADULT,T,https://www.pet.gov.tw/upload/pic/1776067173634.png,,2026-02-11,連江縣南竿鄉復興村223號,(0836)25003
450395,連江縣動物之家,連江縣動物之家,混種犬,1,M,BIG,棕色,ADULT,T,https://www.pet.gov.tw/upload/pic/1777017433600.png,,2026-04-24,連江縣南竿鄉復興村223號,(0836)25003
450427,連江縣動物之家,連江縣動物之家,混種犬,1,M,MEDIUM,米色,ADULT,T,https://www.pet.gov.tw/upload/pic/1777024922043.png,,2026-04-24,連江縣南竿鄉復興村223號,(0836)25003
450339,連江縣動物之家,連江縣動物之家,混種犬,1,M,SMALL,黑色,ADULT,T,https://www.pet.gov.tw/upload/pic/1776997986712.png,,2026-04-24,連江縣南竿鄉復興村223號,(0836)25003
450366,連江縣動物之家,連江縣動物之家,混種犬,1,F,MEDIUM,米色,ADULT,T,https://www.pet.gov.tw/upload/pic/1777003710190.png,,2026-04-24,連江縣南竿鄉復興村223號,(0836)25003
450380,連江縣動物之家,連江縣動物之家,混種犬,1,F,MEDIUM,米色,ADULT,N,https://www.pet.gov.tw/upload/pic/1777013815589.png,,2026-04-01,連江縣南竿鄉復興村223號,(0836)25003
450425,連江縣動物之家,連江縣動物之家,混種犬,1,M,MEDIUM,黑棕色,ADULT,F,https://www.pet.gov.tw/upload/pic/1777023947732.png,,2026-04-24,連江縣南竿鄉復興村223號,(0836)25003
450426,連江縣動物之家,連江縣動物之家,混種犬,1,M,MEDIUM,黑棕色,ADULT,T,https://www.pet.gov.tw/upload/pic/1777024317857.png,,2026-04-24,連江縣南竿鄉復興村223號,(0836)25003
450428,連江縣動物之家,連江縣動物之家,混種犬,1,M,MEDIUM,米色,ADULT,N,https://www.pet.gov.tw/upload/pic/1777025183618.png,,2026-04-24,連江縣南竿鄉復興村223號,(0836)25003
373431,基隆市寵物銀行,基隆市寵物銀行,混種犬,1,F,MEDIUM,黑色,ADULT,T,https://www.pet.gov.tw/upload/pic/1755481494717.png,南榮路243巷46號,2025-01-15,基隆市七堵區大華三路45-12號(欣欣安樂園旁),(02)24560148
66437,臺北市動物之家,臺北市動物之家,混種犬,1,M,MEDIUM,黃色,ADULT,T,https://www.pet.gov.tw/upload/pic/8cdeee04-31c0-4c1e-9e5c-266fe5651ff0.jpg,關渡捷運站附近,2021-04-11,臺北市內湖區安美街191號,(02)87913254
450530,連江縣動物之家,連江縣動物之家,拉不拉多犬,0,M,BIG,黑色,ADULT,T,https://www.pet.gov.tw/upload/pic/1777258471079.png,,2026-04-27,連江縣南竿鄉復興村223號,(0836)25003
47084,臺北市動物之家,臺北市動物之家,混種犬,1,F,SMALL,黑色,CHILD,T,https://www.pet.gov.tw/upload/pic/0a417f85-ce6e-4cc5-aa26-e4a529b4b22a.jpg,光明派出所,2021-04-11,臺北市內湖區安美街191號,(02)87913254
450990,高雄市壽山動物保護教育園區,高雄市壽山動物保護教育園區,混種犬,1,M,MEDIUM,黑色,ADULT,T,https://www.pet.gov.tw/upload/pic/1777444130590.png,上發六路,2026-04-29,高雄市鼓山區萬壽路350號,(07)5519059
450988,高雄市壽山動物保護教育園區,高雄市壽山動物保護教育園區,混種犬,1,M,BIG,黃色,ADULT,T,https://www.pet.gov.tw/upload/pic/1777443969436.png,興田路,2026-04-29,高雄市鼓山區萬壽路350號,(07)5519059
450986,高雄市壽山動物保護教育園區,高雄市壽山動物保護教育園區,混種犬,1,M,BIG,黃色,ADULT,T,https://www.pet.gov.tw/upload/pic/1777443547700.png,沿海四路,2026-04-29,高雄市鼓山區萬壽路350號,(07)5519059
450979,高雄市壽山動物保護教育園區,高雄市壽山動物保護教育園區,混種犬,1,M,MEDIUM,黑色,CHILD,T,https://www.pet.gov.tw/upload/pic/1777441989881.png,高坪三十街,2026-04-29,高雄市鼓山區萬壽路350號,(07)5519059
450975,高雄市壽山動物保護教育園區,高雄市壽山動物保護教育園區,混種犬,1,F,SMALL,黑色,CHILD,F,https://www.pet.gov.tw/upload/pic/1777441825540.png,中鋼路,2026-04-29,高雄市鼓山區萬壽路350號,(07)5519059
450973,高雄市壽山動物保護教育園區,高雄市壽山動物保護教育園區,混種犬,1,F,SMALL,黑色,CHILD,F,https://www.pet.gov.tw/upload/pic/1777441769623.png,中鋼路,2026-04-29,高雄市鼓山區萬壽路350號,(07)5519059
362843,桃園市動物保護教育園區,桃園市動物保護教育園區,混種犬,1,F,SMALL,黃色,ADULT,F,https://www.pet.gov.tw/upload/pic/1718854616906.png,瑞興里大鶯路769巷213弄附近水溝內,2026-03-24,桃園市新屋區永興里3鄰藻礁路1668號,(03)4861760
450910,臺南市動物之家善化站,臺南市動物之家善化站,混種犬,1,M,MEDIUM,黃色,ADULT,N,https://www.pet.gov.tw/upload/pic/1777434139534.png,,2026-05-06,臺南市善化區昌隆里東勢寮1-19號,(06)5832399
450909,臺南市動物之家善化站,臺南市動物之家善化站,混種犬,1,F,MEDIUM,白色,ADULT,N,https://www.pet.gov.tw/upload/pic/1777434053995.png,,2026-05-06,臺南市善化區昌隆里東勢寮1-19號,(06)5832399
63698,臺北市動物之家,臺北市動物之家,混種犬,1,M,MEDIUM,黑棕色,ADULT,T,https://www.pet.gov.tw/upload/pic/70a801ac-40e4-4239-8a30-529d14a047f6.jpg,冷水坑服務中心,2022-01-14,臺北市內湖區安美街191號,(02)87913254
163726,臺北市動物之家,臺北市動物之家,混種犬,1,M,MEDIUM,黑色,ADULT,T,https://www.pet.gov.tw/upload/pic/b733db43-13f0-4a42-b807-0f47b9708b54.jpg,通化街171巷,2021-04-10,臺北市內湖區安美街191號,(02)87913254
360007,臺北市動物之家,臺北市動物之家,混種犬,1,M,MEDIUM,黃色,ADULT,T,https://www.pet.gov.tw/upload/pic/1716971137748.png,溪山里至善路三段３７１巷口,2024-07-05,臺北市內湖區安美街191號,(02)87913254
72810,臺北市動物之家,臺北市動物之家,混種犬,1,F,MEDIUM,黑色,ADULT,T,https://www.pet.gov.tw/upload/pic/70ff247d-904b-493a-80d6-198ef1e86e98.jpg,北平西路、成德路交叉口,2018-10-03,臺北市內湖區安美街191號,(02)87913254
320283,臺北市動物之家,臺北市動物之家,混種犬,1,F,MEDIUM,黑色,ADULT,T,https://www.pet.gov.tw/upload/pic/1691572065242.png,,2023-08-09,臺北市內湖區安美街191號,(02)87913254
231640,臺北市動物之家,臺北市動物之家,混種犬,1,M,MEDIUM,黑白色,CHILD,T,https://www.pet.gov.tw/upload/pic/1691812217496.png,不擬續養,2021-11-18,臺北市內湖區安美街191號,(02)87913254
282551,臺北市動物之家,臺北市動物之家,混種犬,1,M,MEDIUM,黑色,ADULT,T,https://www.pet.gov.tw/upload/pic/97c93dc3-47ec-4dfc-8ee1-44343cf53a4a.jpg,原地址：文林北路,2022-11-17,臺北市內湖區安美街191號,(02)87913254
169481,臺北市動物之家,臺北市動物之家,混種犬,1,M,MEDIUM,黑色,ADULT,T,https://www.pet.gov.tw/upload/pic/3c6179e3-7f19-44a6-b559-c1e2b6dabdb3.jpg,南深路70巷,2021-04-10,臺北市內湖區安美街191號,(02)87913254
31742,臺北市動物之家,臺北市動物之家,混種犬,1,M,MEDIUM,黑色,ADULT,T,https://www.pet.gov.tw/upload/pic/084c6763-14bd-4713-8e83-60c893690faf.jpg,石牌路2段343巷,2017-12-11,臺北市內湖區安美街191號,(02)87913254
171028,臺北市動物之家,臺北市動物之家,混種犬,1,M,MEDIUM,黑色,ADULT,T,https://www.pet.gov.tw/upload/pic/2b42f5c1-1de4-4595-b304-872026de39cf.jpg,竹子湖路,2021-04-10,臺北市內湖區安美街191號,(02)87913254
450730,臺南市動物之家善化站,臺南市動物之家善化站,混種犬,1,M,MEDIUM,黑黃色,ADULT,N,https://www.pet.gov.tw/upload/pic/1777345213043.png,,2026-05-05,臺南市善化區昌隆里東勢寮1-19號,(06)5832399
450800,宜蘭縣流浪動物中途之家,宜蘭縣流浪動物中途之家,混種犬,1,M,BIG,黑色,ADULT,N,https://www.pet.gov.tw/upload/pic/1777357518531.png,濱海路七段,2026-04-28,宜蘭縣五結鄉成興村利寶路60號,(03)9602350620
444385,花蓮縣狗貓躍動園區,花蓮縣狗貓躍動園區,混種犬,1,M,MEDIUM,黑色,ADULT,T,https://www.pet.gov.tw/upload/pic/1772776914673.png,,2026-03-11,花蓮縣鳳林鎮林榮里永豐路255號,(03)8421452
448960,新北市新店區公立動物之家,新北市新店區公立動物之家,標準貴賓犬,0,M,SMALL,咖啡色,ADULT,T,https://www.pet.gov.tw/upload/pic/1776060188598.png,新店區安和路118號,,新北市新店區安泰路235號,(02)22159462
440292,花蓮縣狗貓躍動園區,花蓮縣狗貓躍動園區,混種犬,1,M,MEDIUM,白色,ADULT,T,https://www.pet.gov.tw/upload/pic/1769406180508.png,,2026-02-25,花蓮縣鳳林鎮林榮里永豐路255號,(03)8421452
439728,花蓮縣狗貓躍動園區,花蓮縣狗貓躍動園區,混種犬,1,M,MEDIUM,黃色,ADULT,T,https://www.pet.gov.tw/upload/pic/1768981021312.png,,2026-02-25,花蓮縣鳳林鎮林榮里永豐路255號,(03)8421452
450642,新竹市動物保護教育園區,新竹市動物保護教育園區,威爾斯柯基犬,0,M,MEDIUM,黑黃色,ADULT,T,https://www.pet.gov.tw/upload/pic/1777273706881.png,自由路,,新竹市南寮里海濱路250號,(03)5368329
450489,臺北市動物之家,臺北市動物之家,混種犬,1,F,MEDIUM,黑色,ADULT,T,https://www.pet.gov.tw/upload/pic/1777189438129.png,,2026-04-26,臺北市內湖區安美街191號,(02)87913254
31397,臺北市動物之家,臺北市動物之家,混種犬,1,M,MEDIUM,白色,ADULT,T,https://www.pet.gov.tw/upload/pic/b19718cc-104c-4023-9021-d1699e3dbc14.jpg,辛亥路,2017-01-10,臺北市內湖區安美街191號,(02)87913254
450532,臺南市動物之家善化站,臺南市動物之家善化站,混種犬,1,F,SMALL,黃白色,CHILD,N,https://www.pet.gov.tw/upload/pic/1777259106652.png,,2026-05-04,臺南市善化區昌隆里東勢寮1-19號,(06)5832399
31509,臺北市動物之家,臺北市動物之家,混種犬,1,M,MEDIUM,黃色,ADULT,T,https://www.pet.gov.tw/upload/pic/0c2f6412-0f76-4e4e-a156-71d8b96c8b14.jpg,大度路3段301巷,2017-10-09,臺北市內湖區安美街191號,(02)87913254
446106,花蓮縣狗貓躍動園區,花蓮縣狗貓躍動園區,混種犬,1,F,MEDIUM,棕黑色,CHILD,T,https://www.pet.gov.tw/upload/pic/1773889031728.png,,2026-04-15,花蓮縣鳳林鎮林榮里永豐路255號,(03)8421452
357972,澎湖縣流浪動物收容中心,澎湖縣流浪動物收容中心,混種犬,1,M,BIG,黃色,ADULT,T,https://www.pet.gov.tw/upload/pic/1715744112426.png,112號,2024-05-29,澎湖縣馬公市烏崁里260、261號,(06)9213559
406624,澎湖縣流浪動物收容中心,澎湖縣流浪動物收容中心,混種犬,1,M,BIG,黑黃色,ADULT,T,https://www.pet.gov.tw/upload/pic/1747877150850.png,三太子廟前,2025-06-04,澎湖縣馬公市烏崁里260、261號,(06)9213559
391934,新北市五股區公立動物之家,新北市五股區公立動物之家,混種犬,1,M,MEDIUM,虎斑色,ADULT,T,https://www.pet.gov.tw/upload/pic/1737860139754.png,信賢街大山公園,2025-01-26,新北市五股區外寮路9-9號,(02)82925265
449901,雲林縣流浪動物收容所,雲林縣流浪動物收容所,混種犬,1,M,BIG,黑黃色,ADULT,T,https://www.pet.gov.tw/upload/pic/1776901435135.png,四湖鄉三姓村,2026-04-24,雲林縣斗六市雲林路二段517號,(05)5523300
449902,雲林縣流浪動物收容所,雲林縣流浪動物收容所,混種犬,1,M,BIG,黑黃色,ADULT,T,https://www.pet.gov.tw/upload/pic/1776901317454.png,四湖鄉三姓村,2026-04-24,雲林縣斗六市雲林路二段517號,(05)5523300
449904,雲林縣流浪動物收容所,雲林縣流浪動物收容所,混種犬,1,F,BIG,黑黃色,ADULT,N,https://www.pet.gov.tw/upload/pic/1776901898613.png,四湖鄉三姓村,2026-04-24,雲林縣斗六市雲林路二段517號,(05)5523300
449898,雲林縣流浪動物收容所,雲林縣流浪動物收容所,混種犬,1,M,BIG,黑白色,ADULT,T,https://www.pet.gov.tw/upload/pic/1776901200541.png,虎尾鎮西屯里,2026-04-24,雲林縣斗六市雲林路二段517號,(05)5523300
445156,新北市五股區公立動物之家,新北市五股區公立動物之家,貴賓犬,0,F,SMALL,黃色,ADULT,T,https://www.pet.gov.tw/upload/pic/1773219878930.png,蘆洲區中正路,2026-03-24,新北市五股區外寮路9-9號,(02)82925265
450418,臺南市動物之家善化站,臺南市動物之家善化站,混種犬,1,M,MEDIUM,黑白色,ADULT,F,https://www.pet.gov.tw/upload/pic/1777020762299.png,,2026-04-24,臺南市善化區昌隆里東勢寮1-19號,(06)5832399
450415,臺南市動物之家善化站,臺南市動物之家善化站,混種犬,1,M,MEDIUM,黑白色,ADULT,F,https://www.pet.gov.tw/upload/pic/1777020621434.png,,2026-04-24,臺南市善化區昌隆里東勢寮1-19號,(06)5832399
450309,宜蘭縣流浪動物中途之家,宜蘭縣流浪動物中途之家,混種犬,1,F,MEDIUM,黑色,CHILD,N,https://www.pet.gov.tw/upload/pic/1777020467921.png,八甲路,2026-04-23,宜蘭縣五結鄉成興村利寶路60號,(03)9602350620
450306,宜蘭縣流浪動物中途之家,宜蘭縣流浪動物中途之家,混種犬,1,F,MEDIUM,黑色,CHILD,N,https://www.pet.gov.tw/upload/pic/1777020447391.png,八甲路,2026-04-23,宜蘭縣五結鄉成興村利寶路60號,(03)9602350620
450303,宜蘭縣流浪動物中途之家,宜蘭縣流浪動物中途之家,混種犬,1,F,MEDIUM,黑色,CHILD,N,https://www.pet.gov.tw/upload/pic/1777020286385.png,八甲路,2026-04-23,宜蘭縣五結鄉成興村利寶路60號,(03)9602350620
448802,新北市五股區公立動物之家,新北市五股區公立動物之家,玩具貴賓犬,0,M,SMALL,黑色,ADULT,T,https://www.pet.gov.tw/upload/pic/1775879848865.png,三重區三重三和路二段226號,2026-04-24,新北市五股區外寮路9-9號,(02)82925265
75469,連江縣動物之家,連江縣動物之家,混種犬,1,F,SMALL,黑色,ADULT,T,https://www.pet.gov.tw/upload/pic/1776926500129.png,南竿鄉,2018-11-26,連江縣南竿鄉復興村223號,(0836)25003
55203,連江縣動物之家,連江縣動物之家,混種犬,1,F,MEDIUM,虎斑色,ADULT,F,https://www.pet.gov.tw/upload/pic/1776937890053.png,,2018-01-01,連江縣南竿鄉復興村223號,(0836)25003
64905,屏東縣公立犬貓中途之家,屏東縣公立犬貓中途之家,混種犬,1,F,MEDIUM,黑色,ADULT,T,https://www.pet.gov.tw/upload/pic/9703ce5e-24f9-4352-9fcb-0df3b552fa44.JPG,所內,2018-09-03,屏東縣內埔鄉學府路1號(屏東科技大學內),(72)
64654,屏東縣公立犬貓中途之家,屏東縣公立犬貓中途之家,混種犬,1,F,MEDIUM,黃色,ADULT,T,https://www.pet.gov.tw/upload/pic/22f8c33e-8d8d-4514-af15-71bbd49b0a23.jpg,所內,2018-09-20,屏東縣內埔鄉學府路1號(屏東科技大學內),(72)
64796,屏東縣公立犬貓中途之家,屏東縣公立犬貓中途之家,混種犬,1,M,MEDIUM,黃虎斑色,ADULT,T,https://www.pet.gov.tw/upload/pic/45246f10-3f07-4f17-8dfe-b9ef6ece5d97.jpg,所內,2018-10-25,屏東縣內埔鄉學府路1號(屏東科技大學內),(72)
64647,屏東縣公立犬貓中途之家,屏東縣公立犬貓中途之家,混種犬,1,M,MEDIUM,黃色,ADULT,T,https://www.pet.gov.tw/upload/pic/9c7163b6-6279-46dd-97c2-04b4111526b2.jpg,所內,2018-09-03,屏東縣內埔鄉學府路1號(屏東科技大學內),(72)
64795,屏東縣公立犬貓中途之家,屏東縣公立犬貓中途之家,混種犬,1,F,MEDIUM,黑黃色,ADULT,T,https://www.pet.gov.tw/upload/pic/a9fd2093-e5f6-4025-b1b1-ed11d208bb8b.jpg,所內,2018-10-25,屏東縣內埔鄉學府路1號(屏東科技大學內),(72)
64860,屏東縣公立犬貓中途之家,屏東縣公立犬貓中途之家,混種犬,1,F,MEDIUM,黑色,ADULT,T,https://www.pet.gov.tw/upload/pic/29e61901-31ae-4baa-b7ab-17cf58386d8a.jpg,所內,2020-03-01,屏東縣內埔鄉學府路1號(屏東科技大學內),(72)
64842,屏東縣公立犬貓中途之家,屏東縣公立犬貓中途之家,混種犬,1,M,MEDIUM,黃色,ADULT,T,https://www.pet.gov.tw/upload/pic/978fa4d2-720d-4b99-a3ae-2077c381c5fb.jpg,所內,2020-03-01,屏東縣內埔鄉學府路1號(屏東科技大學內),(72)
64644,屏東縣公立犬貓中途之家,屏東縣公立犬貓中途之家,混種犬,1,M,BIG,黑色,ADULT,T,https://www.pet.gov.tw/upload/pic/60282d8e-8626-4525-b49c-8bce3a24a952.jpg,所內,2020-02-20,屏東縣內埔鄉學府路1號(屏東科技大學內),(72)
64888,屏東縣公立犬貓中途之家,屏東縣公立犬貓中途之家,混種犬,1,F,MEDIUM,黑色,ADULT,T,https://www.pet.gov.tw/upload/pic/4af372e1-93ba-422a-91ad-a03fabe97ca2.jpg,所內,2018-09-03,屏東縣內埔鄉學府路1號(屏東科技大學內),(72)
64651,屏東縣公立犬貓中途之家,屏東縣公立犬貓中途之家,混種犬,1,F,MEDIUM,黑色,ADULT,T,https://www.pet.gov.tw/upload/pic/1721288672766.png,所內,2018-09-20,屏東縣內埔鄉學府路1號(屏東科技大學內),(72)
64900,屏東縣公立犬貓中途之家,屏東縣公立犬貓中途之家,混種犬,1,F,MEDIUM,黑色,ADULT,T,https://www.pet.gov.tw/upload/pic/88db9a64-6169-4be6-be6e-f27fc40dd294.jpg,所內,2020-03-02,屏東縣內埔鄉學府路1號(屏東科技大學內),(72)
64902,屏東縣公立犬貓中途之家,屏東縣公立犬貓中途之家,混種犬,1,F,MEDIUM,黑色,ADULT,T,https://www.pet.gov.tw/upload/pic/1abbcbc1-5a2c-4ba4-9aeb-c0c9510fcf1a.jpg,所內,2018-09-03,屏東縣內埔鄉學府路1號(屏東科技大學內),(72)
64809,屏東縣公立犬貓中途之家,屏東縣公立犬貓中途之家,混種犬,1,M,MEDIUM,黑黃色,ADULT,T,https://www.pet.gov.tw/upload/pic/2dc3a89e-0dfb-45b7-9121-033728f54a7b.jpg,所內,2018-10-25,屏東縣內埔鄉學府路1號(屏東科技大學內),(72)
64865,屏東縣公立犬貓中途之家,屏東縣公立犬貓中途之家,混種犬,1,F,MEDIUM,黑色,ADULT,T,https://www.pet.gov.tw/upload/pic/31443433-80e1-452e-b90c-e7ec3ed5db07.jpg,所內,2018-09-23,屏東縣內埔鄉學府路1號(屏東科技大學內),(72)
167596,屏東縣公立犬貓中途之家,屏東縣公立犬貓中途之家,混種犬,1,M,BIG,虎斑色,ADULT,T,https://www.pet.gov.tw/upload/pic/6427d448-ae7f-48bc-9709-a9e1f23d36ba.jpg,屏東,2020-07-01,屏東縣內埔鄉學府路1號(屏東科技大學內),(72)
64653,屏東縣公立犬貓中途之家,屏東縣公立犬貓中途之家,混種犬,1,F,MEDIUM,黃色,ADULT,T,https://www.pet.gov.tw/upload/pic/1721288865138.png,所內,2020-02-20,屏東縣內埔鄉學府路1號(屏東科技大學內),(72)
69650,屏東縣公立犬貓中途之家,屏東縣公立犬貓中途之家,混種犬,1,F,MEDIUM,黃色,ADULT,T,https://www.pet.gov.tw/upload/pic/d5a55dfb-a8c2-4d08-9541-b147d0ce536f.jpg,所內,2021-04-01,屏東縣內埔鄉學府路1號(屏東科技大學內),(72)
64885,屏東縣公立犬貓中途之家,屏東縣公立犬貓中途之家,混種犬,1,F,MEDIUM,黑色,ADULT,T,https://www.pet.gov.tw/upload/pic/db11cdb8-b976-452e-9eb9-c8a271accae3.jpg,所內,2018-10-25,屏東縣內埔鄉學府路1號(屏東科技大學內),(72)
195345,屏東縣公立犬貓中途之家,屏東縣公立犬貓中途之家,混種犬,1,M,MEDIUM,黃色,ADULT,T,https://www.pet.gov.tw/upload/pic/fb9aae14-c21c-4c68-b97a-761923c12666.jpg,屏東,2021-02-01,屏東縣內埔鄉學府路1號(屏東科技大學內),(72)
64798,屏東縣公立犬貓中途之家,屏東縣公立犬貓中途之家,混種犬,1,F,MEDIUM,黑色,ADULT,T,https://www.pet.gov.tw/upload/pic/ce34c6a5-20f7-4da5-af5d-0eee413b5c9b.jpg,所內,2018-10-25,屏東縣內埔鄉學府路1號(屏東科技大學內),(72)
64901,屏東縣公立犬貓中途之家,屏東縣公立犬貓中途之家,混種犬,1,F,MEDIUM,黑色,ADULT,T,https://www.pet.gov.tw/upload/pic/3a445152-512a-4d35-90fa-dfce557a5453.jpg,所內,2020-03-01,屏東縣內埔鄉學府路1號(屏東科技大學內),(72)
64894,屏東縣公立犬貓中途之家,屏東縣公立犬貓中途之家,混種犬,1,F,MEDIUM,黑色,ADULT,T,https://www.pet.gov.tw/upload/pic/110e915c-7be3-4522-93b4-b372acea301a.jpg,所內,2020-02-20,屏東縣內埔鄉學府路1號(屏東科技大學內),(72)
64801,屏東縣公立犬貓中途之家,屏東縣公立犬貓中途之家,混種犬,1,F,MEDIUM,黑色,ADULT,T,https://www.pet.gov.tw/upload/pic/0f542a88-ec56-460e-8dc8-d1e66b3ad2ad.jpg,所內,2019-01-22,屏東縣內埔鄉學府路1號(屏東科技大學內),(72)
64652,屏東縣公立犬貓中途之家,屏東縣公立犬貓中途之家,混種犬,1,F,MEDIUM,黃色,ADULT,T,https://www.pet.gov.tw/upload/pic/1721288787772.png,所內,2018-09-03,屏東縣內埔鄉學府路1號(屏東科技大學內),(72)
64803,屏東縣公立犬貓中途之家,屏東縣公立犬貓中途之家,混種犬,1,F,MEDIUM,黃色,ADULT,T,https://www.pet.gov.tw/upload/pic/93838b05-108a-4d35-a3b1-15d7de6db29c.jpg,所內,2020-03-02,屏東縣內埔鄉學府路1號(屏東科技大學內),(72)
134729,屏東縣公立犬貓中途之家,屏東縣公立犬貓中途之家,混種犬,1,M,MEDIUM,黑棕色,ADULT,T,https://www.pet.gov.tw/upload/pic/3c44a21c-131d-4006-a119-e3400434c725.jpg,九如鄉塔樓路54號,2020-02-05,屏東縣內埔鄉學府路1號(屏東科技大學內),(72)
342790,屏東縣公立犬貓中途之家,屏東縣公立犬貓中途之家,混種犬,1,F,MEDIUM,黑色,ADULT,T,https://www.pet.gov.tw/upload/pic/1705125491040.png,車城鄉美術館,2024-07-16,屏東縣內埔鄉學府路1號(屏東科技大學內),(72)
445790,臺中市動物之家后里園區,臺中市動物之家后里園區,混種犬,1,F,BIG,黑虎斑色,ADULT,T,https://www.pet.gov.tw/upload/pic/1776990753505.png,圳前路47-5號,2026-04-24,臺中市后里區堤防路370號,(04)25588024
47614,連江縣動物之家,連江縣動物之家,混種犬,1,M,MEDIUM,黑棕色,ADULT,F,https://www.pet.gov.tw/upload/pic/cdc04e30-8f15-492f-a842-8a6da4756368.jpg,,2018-01-01,連江縣南竿鄉復興村223號,(0836)25003
65914,連江縣動物之家,連江縣動物之家,混種犬,1,F,MEDIUM,灰白色,ADULT,F,https://www.pet.gov.tw/upload/pic/aba0ffb4-415f-434b-abf0-d4abe29b363c.jpg,,2018-09-18,連江縣南竿鄉復興村223號,(0836)25003
47610,連江縣動物之家,連江縣動物之家,混種犬,1,F,MEDIUM,黃色,ADULT,F,https://www.pet.gov.tw/upload/pic/1776928861755.png,莒光鄉,2018-01-01,連江縣南竿鄉復興村223號,(0836)25003
450321,臺南市動物之家善化站,臺南市動物之家善化站,混種犬,1,M,MEDIUM,黃色,ADULT,N,https://www.pet.gov.tw/upload/pic/1776935201415.png,,2026-04-30,臺南市善化區昌隆里東勢寮1-19號,(06)5832399
450317,臺南市動物之家善化站,臺南市動物之家善化站,混種犬,1,M,MEDIUM,虎斑色,ADULT,N,https://www.pet.gov.tw/upload/pic/1776935004956.png,,2026-04-30,臺南市善化區昌隆里東勢寮1-19號,(06)5832399
450310,高雄市燕巢動物保護關愛園區,高雄市燕巢動物保護關愛園區,混種犬,1,M,BIG,黃色,ADULT,T,https://www.pet.gov.tw/upload/pic/1776933448549.png,,2026-04-23,高雄市燕巢區師大路98號,(07)6051002
450308,高雄市燕巢動物保護關愛園區,高雄市燕巢動物保護關愛園區,混種犬,1,M,BIG,黑色,ADULT,N,https://www.pet.gov.tw/upload/pic/1776933371915.png,,2026-04-23,高雄市燕巢區師大路98號,(07)6051002
450305,高雄市燕巢動物保護關愛園區,高雄市燕巢動物保護關愛園區,混種犬,1,M,BIG,黑色,ADULT,N,https://www.pet.gov.tw/upload/pic/1776933219902.png,,2026-04-23,高雄市燕巢區師大路98號,(07)6051002
450296,高雄市燕巢動物保護關愛園區,高雄市燕巢動物保護關愛園區,混種犬,1,M,BIG,黑色,ADULT,N,https://www.pet.gov.tw/upload/pic/1776932904745.png,,2026-04-23,高雄市燕巢區師大路98號,(07)6051002
450294,高雄市燕巢動物保護關愛園區,高雄市燕巢動物保護關愛園區,混種犬,1,M,BIG,黑色,ADULT,N,https://www.pet.gov.tw/upload/pic/1776932837910.png,,2026-04-23,高雄市燕巢區師大路98號,(07)6051002
450293,高雄市燕巢動物保護關愛園區,高雄市燕巢動物保護關愛園區,混種犬,1,M,BIG,花色,ADULT,N,https://www.pet.gov.tw/upload/pic/1776932781934.png,,2026-04-23,高雄市燕巢區師大路98號,(07)6051002
450291,高雄市燕巢動物保護關愛園區,高雄市燕巢動物保護關愛園區,混種犬,1,M,BIG,黃色,ADULT,N,https://www.pet.gov.tw/upload/pic/1776932698071.png,,2026-04-23,高雄市燕巢區師大路98號,(07)6051002
450290,高雄市燕巢動物保護關愛園區,高雄市燕巢動物保護關愛園區,混種犬,1,F,BIG,黑色,ADULT,N,https://www.pet.gov.tw/upload/pic/1776931958810.png,,2026-04-23,高雄市燕巢區師大路98號,(07)6051002
75448,連江縣動物之家,連江縣動物之家,混種犬,1,M,MEDIUM,黑色,ADULT,T,https://www.pet.gov.tw/upload/pic/ea19d496-2e23-4496-aedf-1e4e628ffa18.jpg,,2018-11-12,連江縣南竿鄉復興村223號,(0836)25003
55205,連江縣動物之家,連江縣動物之家,混種犬,1,M,MEDIUM,棕黑色,ADULT,F,https://www.pet.gov.tw/upload/pic/f8b2a209-e389-4c1c-9bde-ee5a5e0617cc.jpg,南竿鄉,2018-01-01,連江縣南竿鄉復興村223號,(0836)25003
51511,連江縣動物之家,連江縣動物之家,混種犬,1,F,MEDIUM,棕黑色,ADULT,F,https://www.pet.gov.tw/upload/pic/426a82f1-a001-4084-97d4-233d3852ab0b.jpg,,2018-01-01,連江縣南竿鄉復興村223號,(0836)25003
75449,連江縣動物之家,連江縣動物之家,混種犬,1,F,MEDIUM,黑色,ADULT,T,https://www.pet.gov.tw/upload/pic/1b32312d-355f-4cc4-bff9-23938443277d.jpg,北竿鄉,2018-11-12,連江縣南竿鄉復興村223號,(0836)25003
442866,臺北市動物之家,臺北市動物之家,混種犬,1,F,MEDIUM,黃色,ADULT,T,https://www.pet.gov.tw/upload/pic/1771054767798.png,華興里木柵路一段378巷,2026-04-23,臺北市內湖區安美街191號,(02)87913254
446501,新北市五股區公立動物之家,新北市五股區公立動物之家,混種犬,1,M,MEDIUM,虎斑色,ADULT,T,https://www.pet.gov.tw/upload/pic/1774237663695.png,林口區林口大水湳路95號,2026-04-05,新北市五股區外寮路9-9號,(02)82925265
449024,雲林縣流浪動物收容所,雲林縣流浪動物收容所,混種犬,1,M,BIG,黑色,ADULT,T,https://www.pet.gov.tw/upload/pic/1776127642188.png,虎尾鎮東屯里,2026-04-17,雲林縣斗六市雲林路二段517號,(05)5523300
423605,雲林縣流浪動物收容所,雲林縣流浪動物收容所,混種犬,1,F,BIG,黑色,ADULT,T,https://www.pet.gov.tw/upload/pic/1758619867581.png,虎尾鎮大成街,2025-09-26,雲林縣斗六市雲林路二段517號,(05)5523300
434319,雲林縣流浪動物收容所,雲林縣流浪動物收容所,比特犬,0,M,BIG,黑色,ADULT,T,https://www.pet.gov.tw/upload/pic/1765327294501.png,斗六市榴中派出所,2025-12-12,雲林縣斗六市雲林路二段517號,(05)5523300
430484,雲林縣流浪動物收容所,雲林縣流浪動物收容所,混種犬,1,M,BIG,黑色,ADULT,T,https://www.pet.gov.tw/upload/pic/1762855364089.png,台西鄉台西國小,2025-11-14,雲林縣斗六市雲林路二段517號,(05)5523300
96864,連江縣動物之家,連江縣動物之家,混種犬,1,M,MEDIUM,米色,ADULT,T,https://www.pet.gov.tw/upload/pic/58f55138-648d-4b01-be46-0c018276fa66.jpg,東引,2019-04-16,連江縣南竿鄉復興村223號,(0836)25003
443792,臺北市動物之家,臺北市動物之家,混種犬,1,F,MEDIUM,黃色,ADULT,T,https://www.pet.gov.tw/upload/pic/1772436824264.png,大湖里大湖山莊街,2026-04-07,臺北市內湖區安美街191號,(02)87913254
75450,連江縣動物之家,連江縣動物之家,混種犬,1,M,BIG,米色,ADULT,F,https://www.pet.gov.tw/upload/pic/1776849392821.png,,2018-11-15,連江縣南竿鄉復興村223號,(0836)25003
450153,高雄市壽山動物保護教育園區,高雄市壽山動物保護教育園區,混種犬,1,M,MEDIUM,黃色,CHILD,T,https://www.pet.gov.tw/upload/pic/1776848921090.png,高屏大橋,,高雄市鼓山區萬壽路350號,(07)5519059
117464,連江縣動物之家,連江縣動物之家,混種犬,1,M,MEDIUM,黑色,ADULT,F,https://www.pet.gov.tw/upload/pic/c120e1ad-529d-475f-a098-d2a10bcbf76c.jpg,機場旁舊養雞場,2019-09-05,連江縣南竿鄉復興村223號,(0836)25003
450141,宜蘭縣流浪動物中途之家,宜蘭縣流浪動物中途之家,混種犬,1,F,BIG,虎斑色,ADULT,N,https://www.pet.gov.tw/upload/pic/1776848018731.png,大鬮路,2026-04-22,宜蘭縣五結鄉成興村利寶路60號,(03)9602350620
450140,宜蘭縣流浪動物中途之家,宜蘭縣流浪動物中途之家,混種犬,1,F,BIG,黑色,ADULT,N,https://www.pet.gov.tw/upload/pic/1776847972906.png,蘭陽溪口,2026-04-22,宜蘭縣五結鄉成興村利寶路60號,(03)9602350620
450126,臺南市動物之家善化站,臺南市動物之家善化站,混種犬,1,M,MEDIUM,黑色,ADULT,N,https://www.pet.gov.tw/upload/pic/1776845249071.png,,2026-04-22,臺南市善化區昌隆里東勢寮1-19號,(06)5832399
271640,桃園市動物保護教育園區,桃園市動物保護教育園區,混種犬,1,F,MEDIUM,黑色,ADULT,F,https://www.pet.gov.tw/upload/pic/e26f0215-0cea-430a-ad9f-b91f4eb809a5.JPG,濱海路武威段１３１巷,2026-04-22,桃園市新屋區永興里3鄰藻礁路1668號,(03)4861760
439087,嘉義市動物保護教育園區,嘉義市動物保護教育園區,博美犬,0,F,SMALL,白色,ADULT,F,https://www.pet.gov.tw/upload/pic/1768536495977.png,芳安路416巷27號,,嘉義市彌陀路31號,(05)2168661
440227,新竹市動物保護教育園區,新竹市動物保護教育園區,混種犬,1,M,MEDIUM,黑色,ADULT,T,https://www.pet.gov.tw/upload/pic/1769476471793.png,中華路五段,2026-04-21,新竹市南寮里海濱路250號,(03)5368329
450018,桃園市動物保護教育園區,桃園市動物保護教育園區,混種犬,1,F,BIG,黑色,ADULT,T,https://www.pet.gov.tw/upload/pic/1776757869666.png,,,桃園市新屋區永興里3鄰藻礁路1668號,(03)4861760
450024,桃園市動物保護教育園區,桃園市動物保護教育園區,混種犬,1,F,BIG,黑色,ADULT,T,https://www.pet.gov.tw/upload/pic/1776758324046.png,,,桃園市新屋區永興里3鄰藻礁路1668號,(03)4861760
449999,苗栗縣動物保護教育園區,苗栗縣動物保護教育園區,混種犬,1,M,BIG,棕色,ADULT,T,https://www.pet.gov.tw/upload/pic/1776754564182.png,南庄鄉東河村,2026-04-21,苗栗縣銅鑼鄉朝陽村6鄰朝北55-1號(地圖：https:／／goo.gl/maps/Bd4sckpEPsrof7Qb8),(037)558228
449983,桃園市動物保護教育園區,桃園市動物保護教育園區,混種犬,1,M,MEDIUM,黑黃色,ADULT,N,https://www.pet.gov.tw/upload/pic/1776753790488.png,,2026-04-21,桃園市新屋區永興里3鄰藻礁路1668號,(03)4861760
26399,南投縣公立動物收容所,南投縣公立動物收容所,混種犬,1,F,MEDIUM,黑色,ADULT,T,https://www.pet.gov.tw/upload/pic/658b87e3-bcd1-4f7d-9f35-94be91299684.JPG,南投縣南投市,2017-07-11,南投縣南投市嶺興路36-1號,(049)2225440
449982,桃園市動物保護教育園區,桃園市動物保護教育園區,混種犬,1,F,MEDIUM,黑色,ADULT,N,https://www.pet.gov.tw/upload/pic/1776753561560.png,,2026-04-21,桃園市新屋區永興里3鄰藻礁路1668號,(03)4861760
26394,南投縣公立動物收容所,南投縣公立動物收容所,混種犬,1,F,MEDIUM,黑色,ADULT,T,https://www.pet.gov.tw/upload/pic/9c779dd9-4067-453a-826a-57fe8cf4f806.JPG,南投縣名間鄉,2017-07-19,南投縣南投市嶺興路36-1號,(049)2225440
26406,南投縣公立動物收容所,南投縣公立動物收容所,混種犬,1,F,MEDIUM,黃色,ADULT,T,https://www.pet.gov.tw/upload/pic/3d9f66fa-7b66-48cb-9727-69f89ee1cfde.JPG,南投縣魚池鄉,2017-04-24,南投縣南投市嶺興路36-1號,(049)2225440
28601,南投縣公立動物收容所,南投縣公立動物收容所,混種犬,1,F,MEDIUM,黑色,ADULT,T,https://www.pet.gov.tw/upload/pic/f584b341-1733-4963-a33b-325a06975f72.JPG,南投縣埔里鎮,2019-01-08,南投縣南投市嶺興路36-1號,(049)2225440
26392,南投縣公立動物收容所,南投縣公立動物收容所,混種犬,1,F,MEDIUM,黃色,ADULT,T,https://www.pet.gov.tw/upload/pic/c5d6912c-9f2f-4c95-9ef1-36b54c01297b.JPG,南投縣名間鄉名崗國小,2018-02-12,南投縣南投市嶺興路36-1號,(049)2225440
26402,南投縣公立動物收容所,南投縣公立動物收容所,混種犬,1,F,MEDIUM,虎斑色,ADULT,T,https://www.pet.gov.tw/upload/pic/75d6d6c5-5775-478c-8cfa-b68514bb765a.JPG,南投縣竹山鎮,2017-07-24,南投縣南投市嶺興路36-1號,(049)2225440
449981,桃園市動物保護教育園區,桃園市動物保護教育園區,混種犬,1,M,MEDIUM,黑白色,ADULT,N,https://www.pet.gov.tw/upload/pic/1776753173418.png,,2026-04-21,桃園市新屋區永興里3鄰藻礁路1668號,(03)4861760
26395,南投縣公立動物收容所,南投縣公立動物收容所,混種犬,1,F,MEDIUM,黑色,ADULT,T,https://www.pet.gov.tw/upload/pic/b2571046-e326-495b-b642-9f2de4bafc6c.JPG,南投縣草屯鎮,2017-09-04,南投縣南投市嶺興路36-1號,(049)2225440
449979,桃園市動物保護教育園區,桃園市動物保護教育園區,混種犬,1,M,MEDIUM,黑色,ADULT,N,https://www.pet.gov.tw/upload/pic/1776752885448.png,,2026-04-21,桃園市新屋區永興里3鄰藻礁路1668號,(03)4861760
221997,南投縣公立動物收容所,南投縣公立動物收容所,混種犬,1,F,MEDIUM,黑色,ADULT,T,https://www.pet.gov.tw/upload/pic/1935f963-01d5-4628-b10f-61978c168935.JPG,南投縣名間鄉田仔村九層林巷,2021-09-11,南投縣南投市嶺興路36-1號,(049)2225440
168300,南投縣公立動物收容所,南投縣公立動物收容所,混種犬,1,F,MEDIUM,米色,ADULT,T,https://www.pet.gov.tw/upload/pic/c0e14f0c-9095-4d40-a746-49905169571d.JPG,南投縣草屯鎮新豐里稻香路,2020-07-15,南投縣南投市嶺興路36-1號,(049)2225440
212741,南投縣公立動物收容所,南投縣公立動物收容所,混種犬,1,M,MEDIUM,虎斑白色,ADULT,T,https://www.pet.gov.tw/upload/pic/c963eefa-c082-4c73-b1b7-12590463ad8e.JPG,南投縣水里鄉南光村六合路,2021-07-15,南投縣南投市嶺興路36-1號,(049)2225440
26390,南投縣公立動物收容所,南投縣公立動物收容所,混種犬,1,F,MEDIUM,黑色,ADULT,T,https://www.pet.gov.tw/upload/pic/bb15b2db-699c-42dc-9bdf-572ee2124eb0.JPG,南投縣中嶚鄉,2017-10-03,南投縣南投市嶺興路36-1號,(049)2225440
26400,南投縣公立動物收容所,南投縣公立動物收容所,混種犬,1,F,MEDIUM,黑白色,ADULT,T,https://www.pet.gov.tw/upload/pic/6c7cbc05-ad94-417e-a99e-d886755f7cad.JPG,南投縣名間鄉,2017-07-13,南投縣南投市嶺興路36-1號,(049)2225440
26409,南投縣公立動物收容所,南投縣公立動物收容所,混種犬,1,F,MEDIUM,黑色,ADULT,T,https://www.pet.gov.tw/upload/pic/85c32c3a-0184-4670-9638-f3b8ddff99ff.JPG,南投縣南投市,2017-06-13,南投縣南投市嶺興路36-1號,(049)2225440
432171,南投縣公立動物收容所,南投縣公立動物收容所,混種犬,1,M,MEDIUM,虎斑色,ADULT,T,https://www.pet.gov.tw/upload/pic/1764032189504.png,登輝路,2025-12-08,南投縣南投市嶺興路36-1號,(049)2225440
198196,南投縣公立動物收容所,南投縣公立動物收容所,混種犬,1,F,MEDIUM,咖啡色,ADULT,T,https://www.pet.gov.tw/upload/pic/4e50dfc9-853e-4477-b587-2537093e1f79.JPG,南投縣南投市嶺興路,2021-03-12,南投縣南投市嶺興路36-1號,(049)2225440
307158,南投縣公立動物收容所,南投縣公立動物收容所,混種犬,1,F,MEDIUM,虎斑色,ADULT,T,https://www.pet.gov.tw/upload/pic/1683597779780.png,南投縣仁愛鄉春陽村龍山巷,2023-05-15,南投縣南投市嶺興路36-1號,(049)2225440
127965,連江縣動物之家,連江縣動物之家,混種犬,1,F,MEDIUM,黑色,ADULT,F,https://www.pet.gov.tw/upload/pic/1776742014232.png,,2019-11-05,連江縣南竿鄉復興村223號,(0836)25003
134697,雲林縣流浪動物收容所,雲林縣流浪動物收容所,混種犬,1,M,BIG,黑色,ADULT,T,https://www.pet.gov.tw/upload/pic/1769410369421.png,水林鄉長青食堂,2019-12-13,雲林縣斗六市雲林路二段517號,(05)5523300
236853,雲林縣流浪動物收容所,雲林縣流浪動物收容所,混種犬,1,F,BIG,虎斑色,ADULT,T,https://www.pet.gov.tw/upload/pic/1758188142840.png,崙背鄉自強街,2021-12-24,雲林縣斗六市雲林路二段517號,(05)5523300
178346,雲林縣流浪動物收容所,雲林縣流浪動物收容所,混種犬,1,M,BIG,黑黃色,ADULT,T,https://www.pet.gov.tw/upload/pic/1769048035623.png,土庫鎮秀潭保生宮,2020-09-26,雲林縣斗六市雲林路二段517號,(05)5523300
46117,雲林縣流浪動物收容所,雲林縣流浪動物收容所,混種犬,1,M,SMALL,白色,ADULT,T,https://www.pet.gov.tw/upload/pic/1758175665989.png,斗六市大學路,2018-04-20,雲林縣斗六市雲林路二段517號,(05)5523300
57983,雲林縣流浪動物收容所,雲林縣流浪動物收容所,混種犬,1,M,BIG,黑色,ADULT,T,https://www.pet.gov.tw/upload/pic/710df533-2ab0-4e07-9430-f85fdec7fba9.JPG,西螺鎮東南夜市,2018-07-20,雲林縣斗六市雲林路二段517號,(05)5523300
44235,雲林縣流浪動物收容所,雲林縣流浪動物收容所,混種犬,1,M,BIG,黑色,ADULT,T,https://www.pet.gov.tw/upload/pic/1769155215934.png,虎尾鎮虎尾糖廠,2018-04-13,雲林縣斗六市雲林路二段517號,(05)5523300
44228,雲林縣流浪動物收容所,雲林縣流浪動物收容所,混種犬,1,F,BIG,黑白色,ADULT,T,https://www.pet.gov.tw/upload/pic/1769155138574.png,虎尾鎮虎尾糖廠,2018-04-13,雲林縣斗六市雲林路二段517號,(05)5523300
329859,雲林縣流浪動物收容所,雲林縣流浪動物收容所,混種犬,1,F,BIG,黃色,ADULT,T,https://www.pet.gov.tw/upload/pic/1775544027174.png,斗六市文化路,2023-10-16,雲林縣斗六市雲林路二段517號,(05)5523300
263449,雲林縣流浪動物收容所,雲林縣流浪動物收容所,混種犬,1,F,BIG,黑色,ADULT,T,https://www.pet.gov.tw/upload/pic/1758073839292.png,西螺鎮西螺大橋,2022-07-01,雲林縣斗六市雲林路二段517號,(05)5523300
32681,雲林縣流浪動物收容所,雲林縣流浪動物收容所,混種犬,1,F,BIG,黃色,ADULT,T,https://www.pet.gov.tw/upload/pic/1758072365528.png,斗六市雲林路,2018-01-02,雲林縣斗六市雲林路二段517號,(05)5523300
28388,雲林縣流浪動物收容所,雲林縣流浪動物收容所,混種犬,1,F,BIG,黃色,ADULT,T,https://www.pet.gov.tw/upload/pic/1755845755381.png,西螺鎮,2017-11-14,雲林縣斗六市雲林路二段517號,(05)5523300
27921,雲林縣流浪動物收容所,雲林縣流浪動物收容所,混種犬,1,F,BIG,黑色,ADULT,T,https://www.pet.gov.tw/upload/pic/1774495373783.png,東勢鄉,2017-08-16,雲林縣斗六市雲林路二段517號,(05)5523300
26995,雲林縣流浪動物收容所,雲林縣流浪動物收容所,混種犬,1,F,BIG,黑色,ADULT,T,https://www.pet.gov.tw/upload/pic/1775094341960.png,二崙鄉,2017-04-05,雲林縣斗六市雲林路二段517號,(05)5523300
28139,雲林縣流浪動物收容所,雲林縣流浪動物收容所,混種犬,1,F,BIG,黑色,ADULT,T,https://www.pet.gov.tw/upload/pic/1774252702338.png,口湖鄉,2017-09-13,雲林縣斗六市雲林路二段517號,(05)5523300
347849,雲林縣流浪動物收容所,雲林縣流浪動物收容所,混種犬,1,F,BIG,黑白色,ADULT,T,https://www.pet.gov.tw/upload/pic/1756374151511.png,林內鄉新光路,2024-03-08,雲林縣斗六市雲林路二段517號,(05)5523300
449847,桃園市動物保護教育園區,桃園市動物保護教育園區,混種犬,1,M,MEDIUM,虎斑色,ADULT,T,https://www.pet.gov.tw/upload/pic/1776667551814.png,龍壽里東萬壽路,,桃園市新屋區永興里3鄰藻礁路1668號,(03)4861760
438820,臺南市動物之家灣裡站,臺南市動物之家灣裡站,混種犬,1,F,MEDIUM,黑色,ADULT,T,https://www.pet.gov.tw/upload/pic/1768381776326.png,182縣道文衡殿,2026-04-02,臺南市南區省躬里14鄰萬年路580巷92號,(06)2964439
449381,苗栗縣動物保護教育園區,苗栗縣動物保護教育園區,波音達指示犬(英系),0,F,BIG,咖啡色,ADULT,F,https://www.pet.gov.tw/upload/pic/1776306555039.png,南庄鄉東村,,苗栗縣銅鑼鄉朝陽村6鄰朝北55-1號(地圖：https:／／goo.gl/maps/Bd4sckpEPsrof7Qb8),(037)558228
294482,臺北市動物之家,臺北市動物之家,混種犬,1,F,MEDIUM,黑色,CHILD,T,https://www.pet.gov.tw/upload/pic/1676010899557.png,湖田里竹子湖路,2023-02-10,臺北市內湖區安美街191號,(02)87913254
449641,新北市中和區公立動物之家,新北市中和區公立動物之家,混種犬,1,M,MEDIUM,白色,CHILD,T,https://www.pet.gov.tw/upload/pic/1776491231202.png,土城區青雲路587號,2026-04-18,新北市中和區興南路三段100號,(02)86685547
449595,臺南市動物之家善化站,臺南市動物之家善化站,混種犬,1,F,MEDIUM,黑白色,ADULT,N,https://www.pet.gov.tw/upload/pic/1776418523708.png,,2026-04-17,臺南市善化區昌隆里東勢寮1-19號,(06)5832399
445008,雲林縣流浪動物收容所,雲林縣流浪動物收容所,混種犬,1,F,BIG,黑色,ADULT,T,https://www.pet.gov.tw/upload/pic/1776156947690.png,二崙鄉復興村,2026-04-17,雲林縣斗六市雲林路二段517號,(05)5523300
449584,宜蘭縣流浪動物中途之家,宜蘭縣流浪動物中途之家,混種犬,1,F,BIG,黑色,ADULT,N,https://www.pet.gov.tw/upload/pic/1776416918231.png,三星路一段,2026-04-17,宜蘭縣五結鄉成興村利寶路60號,(03)9602350620
449583,宜蘭縣流浪動物中途之家,宜蘭縣流浪動物中途之家,混種犬,1,F,BIG,黃色,ADULT,N,https://www.pet.gov.tw/upload/pic/1776416723602.png,縣政一街,2026-04-17,宜蘭縣五結鄉成興村利寶路60號,(03)9602350620
291898,雲林縣流浪動物收容所,雲林縣流浪動物收容所,混種犬,1,F,BIG,黑色,ADULT,F,https://www.pet.gov.tw/upload/pic/1775694010974.png,斗六市榮橋堤防,2023-01-13,雲林縣斗六市雲林路二段517號,(05)5523300
449026,雲林縣流浪動物收容所,雲林縣流浪動物收容所,混種犬,1,F,MEDIUM,黑白色,ADULT,T,https://www.pet.gov.tw/upload/pic/1776383849071.png,麥寮鄉橋頭村,2026-04-17,雲林縣斗六市雲林路二段517號,(05)5523300
449027,雲林縣流浪動物收容所,雲林縣流浪動物收容所,混種犬,1,F,SMALL,黑色,ADULT,T,https://www.pet.gov.tw/upload/pic/1776383800042.png,東勢鄉南昌路,2026-04-17,雲林縣斗六市雲林路二段517號,(05)5523300
449030,雲林縣流浪動物收容所,雲林縣流浪動物收容所,混種犬,1,F,BIG,黃色,ADULT,T,https://www.pet.gov.tw/upload/pic/1776383729173.png,口湖鄉復興路,2026-04-17,雲林縣斗六市雲林路二段517號,(05)5523300
31442,臺北市動物之家,臺北市動物之家,混種犬,1,M,BIG,白色,ADULT,T,https://www.pet.gov.tw/upload/pic/9c2a8ede-3cdc-4b2e-b95d-0e68cd72bf00.jpg,仙岩路,2017-10-15,臺北市內湖區安美街191號,(02)87913254
449555,臺南市動物之家善化站,臺南市動物之家善化站,混種犬,1,F,MEDIUM,黃色,ADULT,N,https://www.pet.gov.tw/upload/pic/1776398001887.png,,2026-04-17,臺南市善化區昌隆里東勢寮1-19號,(06)5832399
449544,臺南市動物之家善化站,臺南市動物之家善化站,混種犬,1,M,MEDIUM,白色,ADULT,N,https://www.pet.gov.tw/upload/pic/1776396466730.png,,2026-04-17,臺南市善化區昌隆里東勢寮1-19號,(06)5832399
231683,新北市板橋區公立動物之家,新北市板橋區公立動物之家,混種犬,1,F,MEDIUM,黃白色,ADULT,F,https://www.pet.gov.tw/upload/pic/a2e5e552-cf2c-4458-8114-3f2e5709caa9.JPG,亞東醫院捷運站2號出口,2021-11-18,新北市板橋區板城路28-1號,(02)89662158
445079,桃園市動物保護教育園區,桃園市動物保護教育園區,阿根廷杜告犬,0,F,BIG,白色,ADULT,N,https://www.pet.gov.tw/upload/pic/1773208652749.png,兔坑里大同路,2026-05-14,桃園市新屋區永興里3鄰藻礁路1668號,(03)4861760
449451,高雄市壽山動物保護教育園區,高雄市壽山動物保護教育園區,貴賓犬,0,M,SMALL,棕色,ADULT,F,https://www.pet.gov.tw/upload/pic/1776322393453.png,鐵道街,,高雄市鼓山區萬壽路350號,(07)5519059
449329,宜蘭縣流浪動物中途之家,宜蘭縣流浪動物中途之家,混種犬,1,F,BIG,黑色,ADULT,T,https://www.pet.gov.tw/upload/pic/1776244960907.png,永興街,2026-04-15,宜蘭縣五結鄉成興村利寶路60號,(03)9602350620
449328,宜蘭縣流浪動物中途之家,宜蘭縣流浪動物中途之家,混種犬,1,F,BIG,黑色,ADULT,T,https://www.pet.gov.tw/upload/pic/1776244937589.png,永興街,2026-04-15,宜蘭縣五結鄉成興村利寶路60號,(03)9602350620
449327,宜蘭縣流浪動物中途之家,宜蘭縣流浪動物中途之家,混種犬,1,F,BIG,黑色,ADULT,T,https://www.pet.gov.tw/upload/pic/1776244917809.png,永興街,2026-04-15,宜蘭縣五結鄉成興村利寶路60號,(03)9602350620
445953,花蓮縣狗貓躍動園區,花蓮縣狗貓躍動園區,混種犬,1,M,MEDIUM,棕黑色,CHILD,T,https://www.pet.gov.tw/upload/pic/1773802320524.png,,2026-04-16,花蓮縣鳳林鎮林榮里永豐路255號,(03)8421452
449301,臺南市動物之家善化站,臺南市動物之家善化站,混種犬,1,M,MEDIUM,白色,ADULT,N,https://www.pet.gov.tw/upload/pic/1776239926383.png,,2026-04-15,臺南市善化區昌隆里東勢寮1-19號,(06)5832399
449300,臺南市動物之家善化站,臺南市動物之家善化站,混種犬,1,F,MEDIUM,黑色,ADULT,N,https://www.pet.gov.tw/upload/pic/1776239852785.png,,2026-04-15,臺南市善化區昌隆里東勢寮1-19號,(06)5832399
443914,花蓮縣狗貓躍動園區,花蓮縣狗貓躍動園區,混種犬,1,F,MEDIUM,白色,ADULT,T,https://www.pet.gov.tw/upload/pic/1772514683487.png,,2026-03-27,花蓮縣鳳林鎮林榮里永豐路255號,(03)8421452
449190,臺南市動物之家善化站,臺南市動物之家善化站,混種犬,1,F,MEDIUM,黑色,ADULT,N,https://www.pet.gov.tw/upload/pic/1776156948373.png,,2026-04-21,臺南市善化區昌隆里東勢寮1-19號,(06)5832399
449184,宜蘭縣流浪動物中途之家,宜蘭縣流浪動物中途之家,混種犬,1,N,BIG,黃色,ADULT,N,https://www.pet.gov.tw/upload/pic/1776155922937.png,美功路一段,2026-04-14,宜蘭縣五結鄉成興村利寶路60號,(03)9602350620
201868,雲林縣流浪動物收容所,雲林縣流浪動物收容所,混種犬,1,M,BIG,黑黃色,ADULT,T,https://www.pet.gov.tw/upload/pic/1775639029339.png,虎尾鎮穎川里,2021-04-09,雲林縣斗六市雲林路二段517號,(05)5523300
329724,雲林縣流浪動物收容所,雲林縣流浪動物收容所,混種犬,1,M,BIG,黃色,ADULT,T,https://www.pet.gov.tw/upload/pic/1775722586343.png,斗六市文化路,2023-10-16,雲林縣斗六市雲林路二段517號,(05)5523300
146118,雲林縣流浪動物收容所,雲林縣流浪動物收容所,混種犬,1,M,MEDIUM,黑色,,T,https://www.pet.gov.tw/upload/pic/7d236d2b-76c5-49a6-a5c3-6fe6f7b5f7e0.jpg,元長鄉頂寮村,2020-02-21,雲林縣斗六市雲林路二段517號,(05)5523300
350191,花蓮縣狗貓躍動園區,花蓮縣狗貓躍動園區,混種犬,1,M,MEDIUM,棕黑色,ADULT,T,https://www.pet.gov.tw/upload/pic/1710469907584.png,勝安村自強路201巷31弄10號,2024-03-29,花蓮縣鳳林鎮林榮里永豐路255號,(03)8421452
399032,雲林縣流浪動物收容所,雲林縣流浪動物收容所,混種犬,1,M,BIG,黑色,ADULT,T,https://www.pet.gov.tw/upload/pic/1742805731093.png,古坑鄉新庄村,2025-03-20,雲林縣斗六市雲林路二段517號,(05)5523300
267470,雲林縣流浪動物收容所,雲林縣流浪動物收容所,混種犬,1,M,BIG,黑色,ADULT,T,https://www.pet.gov.tw/upload/pic/bbca5752-7089-441a-bfa3-71056c232846.jpg,東勢鄉東勢西路,2022-07-29,雲林縣斗六市雲林路二段517號,(05)5523300
279355,雲林縣流浪動物收容所,雲林縣流浪動物收容所,混種犬,1,M,BIG,黑色,ADULT,T,https://www.pet.gov.tw/upload/pic/072b84f6-4a21-4229-845e-0136a0e47940.jpg,西螺鎮西螺大橋,2022-10-21,雲林縣斗六市雲林路二段517號,(05)5523300
449152,苗栗縣動物保護教育園區,苗栗縣動物保護教育園區,混種犬,1,M,BIG,黑色,ADULT,T,https://www.pet.gov.tw/upload/pic/1776150966395.png,後龍鎮大山里,2026-04-14,苗栗縣銅鑼鄉朝陽村6鄰朝北55-1號(地圖：https:／／goo.gl/maps/Bd4sckpEPsrof7Qb8),(037)558228
229460,雲林縣流浪動物收容所,雲林縣流浪動物收容所,混種犬,1,F,BIG,黑色,ADULT,T,https://www.pet.gov.tw/upload/pic/da54749d-62aa-4347-bb49-d1c7722d39db.jpg,口湖鄉光明路,2021-10-29,雲林縣斗六市雲林路二段517號,(05)5523300
279354,雲林縣流浪動物收容所,雲林縣流浪動物收容所,混種犬,1,M,BIG,黃色,ADULT,T,https://www.pet.gov.tw/upload/pic/d760d63f-81e7-46d9-8939-41e144c6ca9b.jpg,西螺鎮西螺大橋,2022-10-21,雲林縣斗六市雲林路二段517號,(05)5523300
449146,苗栗縣動物保護教育園區,苗栗縣動物保護教育園區,混種犬,1,M,BIG,棕黑色,ADULT,T,https://www.pet.gov.tw/upload/pic/1776150455553.png,頭份市興隆里,2026-04-14,苗栗縣銅鑼鄉朝陽村6鄰朝北55-1號(地圖：https:／／goo.gl/maps/Bd4sckpEPsrof7Qb8),(037)558228
127971,連江縣動物之家,連江縣動物之家,混種犬,1,M,MEDIUM,黑黃色,ADULT,F,https://www.pet.gov.tw/upload/pic/1776138644332.png,陽明橋附近,2019-11-05,連江縣南竿鄉復興村223號,(0836)25003
407453,桃園市動物保護教育園區,桃園市動物保護教育園區,柴犬,0,M,MEDIUM,白色,ADULT,T,https://www.pet.gov.tw/upload/pic/1748418141300.png,白玉里桃科六路出海口,2026-05-07,桃園市新屋區永興里3鄰藻礁路1668號,(03)4861760
421770,桃園市動物保護教育園區,桃園市動物保護教育園區,威爾斯柯基犬,0,F,SMALL,花色,ADULT,T,https://www.pet.gov.tw/upload/pic/1757489330793.png,高榮里幼獅路二段,2026-05-12,桃園市新屋區永興里3鄰藻礁路1668號,(03)4861760
382963,花蓮縣狗貓躍動園區,花蓮縣狗貓躍動園區,貴賓犬,0,M,SMALL,黑色,ADULT,T,https://www.pet.gov.tw/upload/pic/1731999207763.png,嘉北一路6巷40號,2024-12-06,花蓮縣鳳林鎮林榮里永豐路255號,(03)8421452
449054,金門縣動物收容中心,金門縣動物收容中心,混種犬,1,M,BIG,黑色,ADULT,T,https://www.pet.gov.tw/upload/pic/1776139116185.png,金湖鎮蓮庵里西村,2026-04-02,金門縣金湖鎮裕民農莊20號,(082)336625
201450,新竹縣動物保護教育園區,新竹縣動物保護教育園區,混種犬,1,M,MEDIUM,虎斑色,ADULT,T,https://www.pet.gov.tw/upload/pic/1693466787365.png,尖石,2021-04-07,新竹縣竹北市縣政五街192號,(03)5519548
160626,新竹縣動物保護教育園區,新竹縣動物保護教育園區,混種犬,1,F,MEDIUM,黃色,ADULT,T,https://www.pet.gov.tw/upload/pic/1719650793783.png,橫山田寮村,2020-05-20,新竹縣竹北市縣政五街192號,(03)5519548
217806,新竹縣動物保護教育園區,新竹縣動物保護教育園區,混種犬,1,F,MEDIUM,黃色,ADULT,T,https://www.pet.gov.tw/upload/pic/1709003336611.png,湖口,2021-08-15,新竹縣竹北市縣政五街192號,(03)5519548
365663,基隆市寵物銀行,基隆市寵物銀行,混種犬,1,M,MEDIUM,虎斑色,ADULT,T,https://www.pet.gov.tw/upload/pic/1756698069369.png,武聖街49巷,2025-01-08,基隆市七堵區大華三路45-12號(欣欣安樂園旁),(02)24560148
356016,基隆市寵物銀行,基隆市寵物銀行,混種犬,1,M,BIG,黑色,ADULT,F,https://www.pet.gov.tw/upload/pic/1756698302138.png,仁愛區龍安街198巷,2024-06-13,基隆市七堵區大華三路45-12號(欣欣安樂園旁),(02)24560148
398310,基隆市寵物銀行,基隆市寵物銀行,混種犬,1,M,BIG,黑色,ADULT,T,https://www.pet.gov.tw/upload/pic/1756709613525.png,武昌街70巷,2025-08-05,基隆市七堵區大華三路45-12號(欣欣安樂園旁),(02)24560148
401742,基隆市寵物銀行,基隆市寵物銀行,混種犬,1,M,BIG,黑色,ADULT,T,https://www.pet.gov.tw/upload/pic/1756709982391.png,暖東苗圃,2025-04-16,基隆市七堵區大華三路45-12號(欣欣安樂園旁),(02)24560148
435394,基隆市寵物銀行,基隆市寵物銀行,混種犬,1,M,MEDIUM,黑色,ADULT,N,https://www.pet.gov.tw/upload/pic/1765953316941.png,定國街,2026-03-17,基隆市七堵區大華三路45-12號(欣欣安樂園旁),(02)24560148
133642,連江縣動物之家,連江縣動物之家,混種犬,1,F,MEDIUM,黑色,ADULT,F,https://www.pet.gov.tw/upload/pic/1776136579884.png,莒光,2019-12-06,連江縣南竿鄉復興村223號,(0836)25003
378376,基隆市寵物銀行,基隆市寵物銀行,混種犬,1,M,MEDIUM,虎斑色,ADULT,F,https://www.pet.gov.tw/upload/pic/1756708835139.png,武訓街59號,2025-01-08,基隆市七堵區大華三路45-12號(欣欣安樂園旁),(02)24560148
435397,基隆市寵物銀行,基隆市寵物銀行,混種犬,1,M,SMALL,黑色,ADULT,N,https://www.pet.gov.tw/upload/pic/1765953541726.png,定國街,2026-03-17,基隆市七堵區大華三路45-12號(欣欣安樂園旁),(02)24560148
205836,基隆市寵物銀行,基隆市寵物銀行,混種犬,1,M,MEDIUM,黑色,ADULT,T,https://www.pet.gov.tw/upload/pic/1756707989706.png,大華一路美河新都社區,2021-09-18,基隆市七堵區大華三路45-12號(欣欣安樂園旁),(02)24560148
101386,基隆市寵物銀行,基隆市寵物銀行,混種犬,1,F,SMALL,黑棕色,ADULT,T,https://www.pet.gov.tw/upload/pic/1756707060526.png,崇安街36巷,2023-07-03,基隆市七堵區大華三路45-12號(欣欣安樂園旁),(02)24560148
134193,基隆市寵物銀行,基隆市寵物銀行,混種犬,1,M,MEDIUM,黑黃色,ADULT,T,https://www.pet.gov.tw/upload/pic/1756707650019.png,工建路104巷17-5號,2023-01-11,基隆市七堵區大華三路45-12號(欣欣安樂園旁),(02)24560148
404835,基隆市寵物銀行,基隆市寵物銀行,混種犬,1,F,MEDIUM,黑黃色,ADULT,T,https://www.pet.gov.tw/upload/pic/1756785475018.png,,2025-05-08,基隆市七堵區大華三路45-12號(欣欣安樂園旁),(02)24560148
381538,基隆市寵物銀行,基隆市寵物銀行,混種犬,1,M,MEDIUM,黑色,ADULT,T,https://www.pet.gov.tw/upload/pic/1756784789939.png,東光派出所,2025-01-08,基隆市七堵區大華三路45-12號(欣欣安樂園旁),(02)24560148
410264,基隆市寵物銀行,基隆市寵物銀行,混種犬,1,M,MEDIUM,黑色,ADULT,T,https://www.pet.gov.tw/upload/pic/1750309915383.png,中正路,2025-11-25,基隆市七堵區大華三路45-12號(欣欣安樂園旁),(02)24560148
440135,基隆市寵物銀行,基隆市寵物銀行,混種犬,1,M,BIG,黃白色,ADULT,T,https://www.pet.gov.tw/upload/pic/1769236780841.png,東新街6巷74號,2026-01-30,基隆市七堵區大華三路45-12號(欣欣安樂園旁),(02)24560148
432546,基隆市寵物銀行,基隆市寵物銀行,混種犬,1,F,MEDIUM,黑色,ADULT,F,https://www.pet.gov.tw/upload/pic/1764211455855.png,太白莊,2025-11-27,基隆市七堵區大華三路45-12號(欣欣安樂園旁),(02)24560148
423686,基隆市寵物銀行,基隆市寵物銀行,混種犬,1,F,BIG,黃色,ADULT,T,https://www.pet.gov.tw/upload/pic/1758691905355.png,東信路63巷,2025-10-31,基隆市七堵區大華三路45-12號(欣欣安樂園旁),(02)24560148
429702,基隆市寵物銀行,基隆市寵物銀行,混種犬,1,M,BIG,黑色,ADULT,T,https://www.pet.gov.tw/upload/pic/1762394682835.png,文明路,2025-11-06,基隆市七堵區大華三路45-12號(欣欣安樂園旁),(02)24560148
425576,基隆市寵物銀行,基隆市寵物銀行,混種犬,1,F,BIG,黃白色,ADULT,T,https://www.pet.gov.tw/upload/pic/1760060386208.png,漁港三街,2025-10-10,基隆市七堵區大華三路45-12號(欣欣安樂園旁),(02)24560148
407764,基隆市寵物銀行,基隆市寵物銀行,混種犬,1,M,MEDIUM,黑色,ADULT,F,https://www.pet.gov.tw/upload/pic/1757302620961.png,基隆火車站（南站）,2025-08-05,基隆市七堵區大華三路45-12號(欣欣安樂園旁),(02)24560148
408448,基隆市寵物銀行,基隆市寵物銀行,比特犬,0,M,BIG,黃色,ADULT,T,https://www.pet.gov.tw/upload/pic/1755478612152.png,通明街,2025-06-05,基隆市七堵區大華三路45-12號(欣欣安樂園旁),(02)24560148
449013,臺南市動物之家善化站,臺南市動物之家善化站,混種犬,1,M,SMALL,黑白色,CHILD,N,https://www.pet.gov.tw/upload/pic/1776070641670.png,,2026-04-20,臺南市善化區昌隆里東勢寮1-19號,(06)5832399
123398,新竹縣動物保護教育園區,新竹縣動物保護教育園區,混種犬,1,M,MEDIUM,黃色,ADULT,T,https://www.pet.gov.tw/upload/pic/1663a6da-3959-4573-9111-79a51d4ef4a0.jpg,竹北市,2019-10-09,新竹縣竹北市縣政五街192號,(03)5519548
253907,新竹縣動物保護教育園區,新竹縣動物保護教育園區,混種犬,1,M,BIG,黃色,ADULT,T,https://www.pet.gov.tw/upload/pic/1770097767616.png,寶山鄉雙園路二段,2022-05-06,新竹縣竹北市縣政五街192號,(03)5519548
397102,基隆市寵物銀行,基隆市寵物銀行,混種犬,1,M,MEDIUM,黑色,ADULT,N,https://www.pet.gov.tw/upload/pic/1755479336541.png,武訓街,2025-03-11,基隆市七堵區大華三路45-12號(欣欣安樂園旁),(02)24560148
423409,嘉義市動物保護教育園區,嘉義市動物保護教育園區,混種犬,1,M,SMALL,黑色,CHILD,T,https://www.pet.gov.tw/upload/pic/1758535252416.png,五柳園,2026-04-13,嘉義市彌陀路31號,(05)2168661
394962,基隆市寵物銀行,基隆市寵物銀行,混種犬,1,F,MEDIUM,黑棕色,ADULT,T,https://www.pet.gov.tw/upload/pic/1755063255011.png,基金一路208巷,2025-05-07,基隆市七堵區大華三路45-12號(欣欣安樂園旁),(02)24560148
228055,新竹縣動物保護教育園區,新竹縣動物保護教育園區,混種犬,1,F,MEDIUM,黑色,ADULT,T,https://www.pet.gov.tw/upload/pic/1703647453497.png,湖口,2021-10-22,新竹縣竹北市縣政五街192號,(03)5519548
324704,新竹縣動物保護教育園區,新竹縣動物保護教育園區,混種犬,1,F,BIG,黑色,ADULT,T,https://www.pet.gov.tw/upload/pic/1729347887397.png,,2023-10-30,新竹縣竹北市縣政五街192號,(03)5519548
233804,新竹縣動物保護教育園區,新竹縣動物保護教育園區,混種犬,1,M,MEDIUM,黑色,ADULT,T,https://www.pet.gov.tw/upload/pic/a098fa32-3d70-4cb3-874d-c46ad00c6c56.jpg,關西鎮東山里,2021-12-02,新竹縣竹北市縣政五街192號,(03)5519548
241214,新竹縣動物保護教育園區,新竹縣動物保護教育園區,混種犬,1,M,MEDIUM,黑灰色,ADULT,T,https://www.pet.gov.tw/upload/pic/cae342cc-7244-4ef8-8122-67540b440f84.jpg,關西鎮錦山里7鄰76號,2022-01-28,新竹縣竹北市縣政五街192號,(03)5519548
419754,新竹縣動物保護教育園區,新竹縣動物保護教育園區,混種犬,1,F,MEDIUM,黑色,ADULT,T,https://www.pet.gov.tw/upload/pic/1756907638975.png,,2025-09-05,新竹縣竹北市縣政五街192號,(03)5519548
419759,新竹縣動物保護教育園區,新竹縣動物保護教育園區,混種犬,1,F,MEDIUM,黑色,ADULT,T,https://www.pet.gov.tw/upload/pic/1756909203464.png,,2025-09-05,新竹縣竹北市縣政五街192號,(03)5519548
356557,新竹縣動物保護教育園區,新竹縣動物保護教育園區,柴犬,0,M,MEDIUM,黃白色,ADULT,T,https://www.pet.gov.tw/upload/pic/1775399353885.png,,2024-05-22,新竹縣竹北市縣政五街192號,(03)5519548
373004,新竹縣動物保護教育園區,新竹縣動物保護教育園區,混種犬,1,M,MEDIUM,棕色,ADULT,T,https://www.pet.gov.tw/upload/pic/1740100284584.png,,2024-09-05,新竹縣竹北市縣政五街192號,(03)5519548
394942,新竹縣動物保護教育園區,新竹縣動物保護教育園區,混種犬,1,M,MEDIUM,黃色,ADULT,T,https://www.pet.gov.tw/upload/pic/1747638788471.png,,2025-02-19,新竹縣竹北市縣政五街192號,(03)5519548
418133,新竹縣動物保護教育園區,新竹縣動物保護教育園區,其他,0,F,BIG,棕灰色,ADULT,T,https://www.pet.gov.tw/upload/pic/1761957226226.png,,2025-09-05,新竹縣竹北市縣政五街192號,(03)5519548
164233,新竹縣動物保護教育園區,新竹縣動物保護教育園區,混種犬,1,F,MEDIUM,棕色,ADULT,T,https://www.pet.gov.tw/upload/pic/1683427888099.png,寶山,2020-06-11,新竹縣竹北市縣政五街192號,(03)5519548
374276,新竹縣動物保護教育園區,新竹縣動物保護教育園區,混種犬,1,F,MEDIUM,黑色,ADULT,T,https://www.pet.gov.tw/upload/pic/1727714456200.png,,2024-09-16,新竹縣竹北市縣政五街192號,(03)5519548
298999,新竹縣動物保護教育園區,新竹縣動物保護教育園區,混種犬,1,F,MEDIUM,黃色,ADULT,T,https://www.pet.gov.tw/upload/pic/1712729347958.png,,2023-03-14,新竹縣竹北市縣政五街192號,(03)5519548
389444,新竹縣動物保護教育園區,新竹縣動物保護教育園區,混種犬,1,F,MEDIUM,黑黃色,ADULT,T,https://www.pet.gov.tw/upload/pic/1740632406748.png,,2025-01-07,新竹縣竹北市縣政五街192號,(03)5519548
207845,新竹縣動物保護教育園區,新竹縣動物保護教育園區,混種犬,1,M,SMALL,黑色,CHILD,T,https://www.pet.gov.tw/upload/pic/1700033255601.png,橫山豐田村,2021-05-24,新竹縣竹北市縣政五街192號,(03)5519548
301624,新竹縣動物保護教育園區,新竹縣動物保護教育園區,混種犬,1,M,MEDIUM,黃色,ADULT,T,https://www.pet.gov.tw/upload/pic/1717344285592.png,,2023-10-02,新竹縣竹北市縣政五街192號,(03)5519548
215744,新竹縣動物保護教育園區,新竹縣動物保護教育園區,混種犬,1,M,MEDIUM,黑色,ADULT,T,https://www.pet.gov.tw/upload/pic/e7c894ed-227a-47e2-a667-b4b69c80e618.jpg,北埔,2021-07-28,新竹縣竹北市縣政五街192號,(03)5519548
311470,新竹縣動物保護教育園區,新竹縣動物保護教育園區,混種犬,1,M,MEDIUM,黑色,ADULT,T,https://www.pet.gov.tw/upload/pic/1721835473476.png,,2023-06-06,新竹縣竹北市縣政五街192號,(03)5519548
167771,新竹縣動物保護教育園區,新竹縣動物保護教育園區,混種犬,1,M,MEDIUM,黑色,ADULT,T,https://www.pet.gov.tw/upload/pic/1721835630267.png,新埔鎮鹿鳴里鹿鳴坑12號,2020-07-13,新竹縣竹北市縣政五街192號,(03)5519548
344236,新竹縣動物保護教育園區,新竹縣動物保護教育園區,混種犬,1,M,MEDIUM,黑黃色,ADULT,T,https://www.pet.gov.tw/upload/pic/1711946783949.png,,2024-01-24,新竹縣竹北市縣政五街192號,(03)5519548
238086,新竹縣動物保護教育園區,新竹縣動物保護教育園區,混種犬,1,F,SMALL,黑色,CHILD,T,https://www.pet.gov.tw/upload/pic/1720163645425.png,新豐,2022-01-05,新竹縣竹北市縣政五街192號,(03)5519548
216115,新竹縣動物保護教育園區,新竹縣動物保護教育園區,混種犬,1,F,MEDIUM,黑色,ADULT,T,https://www.pet.gov.tw/upload/pic/1691045585265.png,北埔,2021-07-31,新竹縣竹北市縣政五街192號,(03)5519548
354739,新竹縣動物保護教育園區,新竹縣動物保護教育園區,混種犬,1,F,SMALL,黑色,ADULT,T,https://www.pet.gov.tw/upload/pic/1721316006011.png,,2024-04-19,新竹縣竹北市縣政五街192號,(03)5519548
283010,新竹縣動物保護教育園區,新竹縣動物保護教育園區,混種犬,1,M,MEDIUM,黃色,ADULT,T,https://www.pet.gov.tw/upload/pic/1720163909700.png,峨嵋鄉石井村3鄰,2022-11-14,新竹縣竹北市縣政五街192號,(03)5519548
245138,新竹縣動物保護教育園區,新竹縣動物保護教育園區,混種犬,1,M,BIG,黑色,ADULT,T,https://www.pet.gov.tw/upload/pic/1720167977632.png,新豐,2022-03-07,新竹縣竹北市縣政五街192號,(03)5519548
330876,新竹縣動物保護教育園區,新竹縣動物保護教育園區,混種犬,1,M,MEDIUM,白色,ADULT,T,https://www.pet.gov.tw/upload/pic/1720167493979.png,,2023-10-24,新竹縣竹北市縣政五街192號,(03)5519548
257730,新竹縣動物保護教育園區,新竹縣動物保護教育園區,混種犬,1,M,MEDIUM,黃色,ADULT,T,https://www.pet.gov.tw/upload/pic/20c61462-3c22-4acf-9b2d-bc4f09ee2ef8.jpg,橫山,2022-06-01,新竹縣竹北市縣政五街192號,(03)5519548
408996,新竹縣動物保護教育園區,新竹縣動物保護教育園區,混種犬,1,M,MEDIUM,黑色,ADULT,T,https://www.pet.gov.tw/upload/pic/1749564590425.png,,2025-06-10,新竹縣竹北市縣政五街192號,(03)5519548
401573,新竹縣動物保護教育園區,新竹縣動物保護教育園區,混種犬,1,M,MEDIUM,黑色,ADULT,T,https://www.pet.gov.tw/upload/pic/1750303164307.png,,2025-04-04,新竹縣竹北市縣政五街192號,(03)5519548
291403,新竹縣動物保護教育園區,新竹縣動物保護教育園區,混種犬,1,F,SMALL,黑黃色,CHILD,T,https://www.pet.gov.tw/upload/pic/1773986607220.png,,2023-01-10,新竹縣竹北市縣政五街192號,(03)5519548
328107,新竹縣動物保護教育園區,新竹縣動物保護教育園區,混種犬,1,M,MEDIUM,黑色,ADULT,T,https://www.pet.gov.tw/upload/pic/1720165630053.png,,2023-10-02,新竹縣竹北市縣政五街192號,(03)5519548
345631,新竹縣動物保護教育園區,新竹縣動物保護教育園區,混種犬,1,M,SMALL,黃色,CHILD,T,https://www.pet.gov.tw/upload/pic/1711434774688.png,,2024-02-05,新竹縣竹北市縣政五街192號,(03)5519548
356173,新竹縣動物保護教育園區,新竹縣動物保護教育園區,混種犬,1,M,MEDIUM,黃色,ADULT,T,https://www.pet.gov.tw/upload/pic/1714573145631.png,,2024-05-01,新竹縣竹北市縣政五街192號,(03)5519548
201449,新竹縣動物保護教育園區,新竹縣動物保護教育園區,混種犬,1,F,MEDIUM,米色,ADULT,T,https://www.pet.gov.tw/upload/pic/1719650709497.png,尖石,2021-04-07,新竹縣竹北市縣政五街192號,(03)5519548
276712,新竹縣動物保護教育園區,新竹縣動物保護教育園區,混種犬,1,F,SMALL,黃色,CHILD,T,https://www.pet.gov.tw/upload/pic/1674100023147.png,新豐,2022-10-03,新竹縣竹北市縣政五街192號,(03)5519548
272615,新竹縣動物保護教育園區,新竹縣動物保護教育園區,混種犬,1,M,SMALL,黑色,ADULT,T,https://www.pet.gov.tw/upload/pic/1693471349392.png,竹北,2022-09-02,新竹縣竹北市縣政五街192號,(03)5519548
342250,新竹縣動物保護教育園區,新竹縣動物保護教育園區,混種犬,1,F,MEDIUM,黃色,ADULT,T,https://www.pet.gov.tw/upload/pic/1720165218067.png,,2024-01-09,新竹縣竹北市縣政五街192號,(03)5519548
342251,新竹縣動物保護教育園區,新竹縣動物保護教育園區,混種犬,1,M,MEDIUM,,ADULT,T,https://www.pet.gov.tw/upload/pic/1720165355370.png,,2024-01-09,新竹縣竹北市縣政五街192號,(03)5519548
352504,新竹縣動物保護教育園區,新竹縣動物保護教育園區,混種犬,1,F,MEDIUM,黑白色,ADULT,T,https://www.pet.gov.tw/upload/pic/1713492719046.png,,2024-04-02,新竹縣竹北市縣政五街192號,(03)5519548
232797,新竹縣動物保護教育園區,新竹縣動物保護教育園區,混種犬,1,M,MEDIUM,黑色,ADULT,T,https://www.pet.gov.tw/upload/pic/760d8418-7a60-4ce4-8b77-d375826e4394.jpg,新埔,2021-11-26,新竹縣竹北市縣政五街192號,(03)5519548
382855,新竹縣動物保護教育園區,新竹縣動物保護教育園區,混種犬,1,M,MEDIUM,黃色,ADULT,T,https://www.pet.gov.tw/upload/pic/1741102677733.png,,2024-11-16,新竹縣竹北市縣政五街192號,(03)5519548
326932,新竹縣動物保護教育園區,新竹縣動物保護教育園區,混種犬,1,F,MEDIUM,黃色,ADULT,T,https://www.pet.gov.tw/upload/pic/1702000591983.png,,2023-12-29,新竹縣竹北市縣政五街192號,(03)5519548
207844,新竹縣動物保護教育園區,新竹縣動物保護教育園區,混種犬,1,M,MEDIUM,黑色,ADULT,T,https://www.pet.gov.tw/upload/pic/1721836463416.png,,2021-05-24,新竹縣竹北市縣政五街192號,(03)5519548
196750,新竹縣動物保護教育園區,新竹縣動物保護教育園區,混種犬,1,M,MEDIUM,黑色,ADULT,T,https://www.pet.gov.tw/upload/pic/1700026496136.png,湖口老街,2021-03-02,新竹縣竹北市縣政五街192號,(03)5519548
279607,新竹縣動物保護教育園區,新竹縣動物保護教育園區,混種犬,1,F,MEDIUM,黑色,ADULT,T,https://www.pet.gov.tw/upload/pic/1720163266411.png,竹北,2022-10-24,新竹縣竹北市縣政五街192號,(03)5519548
344315,新竹縣動物保護教育園區,新竹縣動物保護教育園區,混種犬,1,F,MEDIUM,黃色,ADULT,T,https://www.pet.gov.tw/upload/pic/1720164864692.png,,2024-01-24,新竹縣竹北市縣政五街192號,(03)5519548
153733,桃園市動物保護教育園區,桃園市動物保護教育園區,混種犬,1,M,MEDIUM,黃色,ADULT,F,https://www.pet.gov.tw/upload/pic/7c2d0f51-5b27-4d8c-856f-ed14f8635a84.JPG,興仁里豐德路與豐田路交叉口豐德公園,2026-04-11,桃園市新屋區永興里3鄰藻礁路1668號,(03)4861760
448823,新北市中和區公立動物之家,新北市中和區公立動物之家,混種犬,1,M,MEDIUM,虎斑色,ADULT,T,https://www.pet.gov.tw/upload/pic/1775896186071.png,中和區員山路30號,2026-04-11,新北市中和區興南路三段100號,(02)86685547
448459,雲林縣流浪動物收容所,雲林縣流浪動物收容所,混種犬,1,F,BIG,黑色,ADULT,T,https://www.pet.gov.tw/upload/pic/1775782235111.png,二崙鄉大華村,2026-04-10,雲林縣斗六市雲林路二段517號,(05)5523300
448747,新北市瑞芳區公立動物之家,新北市瑞芳區公立動物之家,混種犬,1,F,MEDIUM,黑色,CHILD,T,https://www.pet.gov.tw/upload/pic/1775808834276.png,外隆林,2026-04-10,新北市瑞芳區中坑路3號(瑞芳清潔隊廠區內),(02)24063481
90692,臺北市動物之家,臺北市動物之家,混種犬,1,M,MEDIUM,黑色,ADULT,T,https://www.pet.gov.tw/upload/pic/1690005392922.png,羅斯福路5段,2021-04-10,臺北市內湖區安美街191號,(02)87913254
448643,宜蘭縣流浪動物中途之家,宜蘭縣流浪動物中途之家,混種犬,1,M,BIG,黃色,ADULT,F,https://www.pet.gov.tw/upload/pic/1775725164442.png,嶺脚路,2026-04-09,宜蘭縣五結鄉成興村利寶路60號,(03)9602350620
291897,雲林縣流浪動物收容所,雲林縣流浪動物收容所,混種犬,1,F,BIG,黑色,ADULT,F,https://www.pet.gov.tw/upload/pic/1673592069166.png,斗六市榮橋堤防,2023-01-13,雲林縣斗六市雲林路二段517號,(05)5523300
329498,雲林縣流浪動物收容所,雲林縣流浪動物收容所,混種犬,1,M,MEDIUM,黃色,ADULT,T,https://www.pet.gov.tw/upload/pic/1697192747976.png,土庫鎮青園幼稚園,2023-10-06,雲林縣斗六市雲林路二段517號,(05)5523300
448619,彰化縣流浪狗中途之家,彰化縣流浪狗中途之家,混種犬,1,F,MEDIUM,黑色,ADULT,N,https://www.pet.gov.tw/upload/pic/1775720719364.png,光復路96巷29弄24號,2026-04-09,彰化縣員林市大峰里阿寶巷426號(大門入口請由彰化縣芬園鄉大彰路一段875巷進入走到底),(04)8590638
366087,雲林縣流浪動物收容所,雲林縣流浪動物收容所,混種犬,1,M,BIG,黑色,ADULT,T,https://www.pet.gov.tw/upload/pic/1721005048491.png,虎尾鎮廉使里,2024-07-08,雲林縣斗六市雲林路二段517號,(05)5523300
425213,雲林縣流浪動物收容所,雲林縣流浪動物收容所,混種犬,1,F,BIG,黑黃色,ADULT,T,https://www.pet.gov.tw/upload/pic/1759885023585.png,口湖鄉台子村,2025-10-10,雲林縣斗六市雲林路二段517號,(05)5523300
272651,雲林縣流浪動物收容所,雲林縣流浪動物收容所,混種犬,1,M,BIG,黑色,ADULT,T,https://www.pet.gov.tw/upload/pic/3f561012-44b6-4fc4-88ed-2afe4244e6a8.jpg,麥寮鄉後安村,2022-09-02,雲林縣斗六市雲林路二段517號,(05)5523300
426711,雲林縣流浪動物收容所,雲林縣流浪動物收容所,混種犬,1,M,BIG,黃色,ADULT,T,https://www.pet.gov.tw/upload/pic/1775605860042.png,虎尾鎮中興里,2025-10-24,雲林縣斗六市雲林路二段517號,(05)5523300
307968,雲林縣流浪動物收容所,雲林縣流浪動物收容所,混種犬,1,M,BIG,黑色,ADULT,T,https://www.pet.gov.tw/upload/pic/1683885279254.png,虎尾鎮平和橋,2023-05-12,雲林縣斗六市雲林路二段517號,(05)5523300
301090,雲林縣流浪動物收容所,雲林縣流浪動物收容所,混種犬,1,M,MEDIUM,黃色,ADULT,T,https://www.pet.gov.tw/upload/pic/1679743508347.png,斗南鎮石溪里,2023-03-25,雲林縣斗六市雲林路二段517號,(05)5523300
365114,雲林縣流浪動物收容所,雲林縣流浪動物收容所,混種犬,1,M,BIG,黑色,ADULT,T,https://www.pet.gov.tw/upload/pic/1720404196727.png,崙背鄉豐榮村,2024-07-05,雲林縣斗六市雲林路二段517號,(05)5523300
276566,雲林縣流浪動物收容所,雲林縣流浪動物收容所,混種犬,1,F,BIG,黑色,ADULT,T,https://www.pet.gov.tw/upload/pic/fb508823-869e-4356-96dc-09989ee7be9f.jpg,斗六市民生南路,2022-09-30,雲林縣斗六市雲林路二段517號,(05)5523300
301088,雲林縣流浪動物收容所,雲林縣流浪動物收容所,混種犬,1,F,BIG,黑色,ADULT,T,https://www.pet.gov.tw/upload/pic/1775702815045.png,崙背鄉大有村,2023-03-25,雲林縣斗六市雲林路二段517號,(05)5523300
448483,苗栗縣動物保護教育園區,苗栗縣動物保護教育園區,混種犬,1,M,MEDIUM,黑色,ADULT,T,https://www.pet.gov.tw/upload/pic/1775701221453.png,竹南鎮新南里,2026-04-09,苗栗縣銅鑼鄉朝陽村6鄰朝北55-1號(地圖：https:／／goo.gl/maps/Bd4sckpEPsrof7Qb8),(037)558228
366086,雲林縣流浪動物收容所,雲林縣流浪動物收容所,混種犬,1,M,BIG,黑色,ADULT,T,https://www.pet.gov.tw/upload/pic/1721004977709.png,虎尾鎮廉使里,2024-07-08,雲林縣斗六市雲林路二段517號,(05)5523300
358574,雲林縣流浪動物收容所,雲林縣流浪動物收容所,混種犬,1,M,BIG,黑色,ADULT,T,https://www.pet.gov.tw/upload/pic/1716164486464.png,虎尾鎮新生路,2024-05-13,雲林縣斗六市雲林路二段517號,(05)5523300
272652,雲林縣流浪動物收容所,雲林縣流浪動物收容所,混種犬,1,F,BIG,黑黃色,ADULT,T,https://www.pet.gov.tw/upload/pic/6d77f4d4-91ab-4068-941d-d3c6b703b828.jpg,麥寮鄉興華村,2022-09-02,雲林縣斗六市雲林路二段517號,(05)5523300
259176,雲林縣流浪動物收容所,雲林縣流浪動物收容所,混種犬,1,F,BIG,黑色,ADULT,T,https://www.pet.gov.tw/upload/pic/1692612395267.png,虎尾鎮科園路,2022-06-10,雲林縣斗六市雲林路二段517號,(05)5523300
257051,雲林縣流浪動物收容所,雲林縣流浪動物收容所,混種犬,1,M,BIG,虎斑色,ADULT,T,https://www.pet.gov.tw/upload/pic/618dba3a-baa7-47bb-94c3-58e678f3589f.jpg,斗六市嘉新路,2022-05-27,雲林縣斗六市雲林路二段517號,(05)5523300
420403,雲林縣流浪動物收容所,雲林縣流浪動物收容所,混種犬,1,M,BIG,黑黃色,ADULT,T,https://www.pet.gov.tw/upload/pic/1756707038584.png,崙背鄉草湖村,2025-09-05,雲林縣斗六市雲林路二段517號,(05)5523300
420402,雲林縣流浪動物收容所,雲林縣流浪動物收容所,混種犬,1,M,BIG,黃色,ADULT,T,https://www.pet.gov.tw/upload/pic/1756706842408.png,斗六市籽公園,2025-09-05,雲林縣斗六市雲林路二段517號,(05)5523300
329861,雲林縣流浪動物收容所,雲林縣流浪動物收容所,混種犬,1,F,BIG,黑色,ADULT,T,https://www.pet.gov.tw/upload/pic/1697534289307.png,斗六市文化路,2023-10-16,雲林縣斗六市雲林路二段517號,(05)5523300
245459,新北市淡水區公立動物之家,新北市淡水區公立動物之家,混種犬,1,M,BIG,黃白色,ADULT,T,https://www.pet.gov.tw/upload/pic/1703574955644.png,淡水區新春街125巷,2022-03-08,新北市淡水區下圭柔山91之3號,(02)26267558
431759,雲林縣流浪動物收容所,雲林縣流浪動物收容所,混種犬,1,M,BIG,黑黃色,ADULT,T,https://www.pet.gov.tw/upload/pic/1763630327336.png,東勢鄉東勢路,2025-11-21,雲林縣斗六市雲林路二段517號,(05)5523300
447780,新北市淡水區公立動物之家,新北市淡水區公立動物之家,混種犬,1,F,BIG,黃白色,ADULT,F,https://www.pet.gov.tw/upload/pic/1775522144388.png,淡水區,2026-04-02,新北市淡水區下圭柔山91之3號,(02)26267558
440617,雲林縣流浪動物收容所,雲林縣流浪動物收容所,混種犬,1,F,BIG,黑色,ADULT,T,https://www.pet.gov.tw/upload/pic/1769562969944.png,口湖鄉下崙,2026-01-30,雲林縣斗六市雲林路二段517號,(05)5523300
291895,雲林縣流浪動物收容所,雲林縣流浪動物收容所,混種犬,1,F,BIG,黑色,ADULT,F,https://www.pet.gov.tw/upload/pic/1673591935530.png,斗六市榮橋堤防,2023-01-13,雲林縣斗六市雲林路二段517號,(05)5523300
402211,雲林縣流浪動物收容所,雲林縣流浪動物收容所,混種犬,1,F,BIG,黑色,ADULT,T,https://www.pet.gov.tw/upload/pic/1745208057181.png,麥寮鄉麥豐村,2025-04-17,雲林縣斗六市雲林路二段517號,(05)5523300
429308,雲林縣流浪動物收容所,雲林縣流浪動物收容所,混種犬,1,M,BIG,黑色,ADULT,T,https://www.pet.gov.tw/upload/pic/1762217003279.png,西螺鎮延平路,2025-11-07,雲林縣斗六市雲林路二段517號,(05)5523300
402212,雲林縣流浪動物收容所,雲林縣流浪動物收容所,混種犬,1,M,BIG,黑色,ADULT,T,https://www.pet.gov.tw/upload/pic/1745207948928.png,麥寮鄉麥豐村,2025-04-17,雲林縣斗六市雲林路二段517號,(05)5523300
402187,雲林縣流浪動物收容所,雲林縣流浪動物收容所,混種犬,1,M,BIG,棕色,ADULT,T,https://www.pet.gov.tw/upload/pic/1745204879509.png,虎尾鎮廉使里,2025-04-17,雲林縣斗六市雲林路二段517號,(05)5523300
446876,新北市淡水區公立動物之家,新北市淡水區公立動物之家,柴犬,0,F,MEDIUM,棕色,ADULT,F,https://www.pet.gov.tw/upload/pic/1774487337676.png,淡水區,,新北市淡水區下圭柔山91之3號,(02)26267558
413532,雲林縣流浪動物收容所,雲林縣流浪動物收容所,混種犬,1,M,MEDIUM,黑色,ADULT,T,https://www.pet.gov.tw/upload/pic/1751957254790.png,北港鎮長治街,2025-07-11,雲林縣斗六市雲林路二段517號,(05)5523300
413534,雲林縣流浪動物收容所,雲林縣流浪動物收容所,混種犬,1,M,BIG,黑色,ADULT,T,https://www.pet.gov.tw/upload/pic/1751957483331.png,二崙鄉三和村,2025-07-11,雲林縣斗六市雲林路二段517號,(05)5523300
410001,雲林縣流浪動物收容所,雲林縣流浪動物收容所,混種犬,1,F,BIG,黑色,ADULT,T,https://www.pet.gov.tw/upload/pic/1750210058132.png,虎尾鎮松園三路,2025-06-20,雲林縣斗六市雲林路二段517號,(05)5523300
329735,雲林縣流浪動物收容所,雲林縣流浪動物收容所,混種犬,1,M,BIG,黃白色,ADULT,T,https://www.pet.gov.tw/upload/pic/1697503581248.png,斗六市文化路,2023-10-16,雲林縣斗六市雲林路二段517號,(05)5523300
407496,雲林縣流浪動物收容所,雲林縣流浪動物收容所,混種犬,1,F,BIG,花白色,ADULT,T,https://www.pet.gov.tw/upload/pic/1748426062045.png,西螺鎮市場南路,2025-05-22,雲林縣斗六市雲林路二段517號,(05)5523300
433453,雲林縣流浪動物收容所,雲林縣流浪動物收容所,混種犬,1,F,MEDIUM,黃色,ADULT,T,https://www.pet.gov.tw/upload/pic/1764754860494.png,台西鄉海口村,2025-12-05,雲林縣斗六市雲林路二段517號,(05)5523300
431763,雲林縣流浪動物收容所,雲林縣流浪動物收容所,混種犬,1,M,BIG,黑色,ADULT,T,https://www.pet.gov.tw/upload/pic/1763630483958.png,四湖鄉四湖公園,2025-11-21,雲林縣斗六市雲林路二段517號,(05)5523300
406125,雲林縣流浪動物收容所,雲林縣流浪動物收容所,混種犬,1,F,BIG,虎斑色,ADULT,T,https://www.pet.gov.tw/upload/pic/1747621558766.png,古坑鄉崁腳村,2025-05-16,雲林縣斗六市雲林路二段517號,(05)5523300
401816,雲林縣流浪動物收容所,雲林縣流浪動物收容所,混種犬,1,M,BIG,黑色,ADULT,T,https://www.pet.gov.tw/upload/pic/1744793410103.png,台西鄉崙豐路,2025-04-07,雲林縣斗六市雲林路二段517號,(05)5523300
406137,雲林縣流浪動物收容所,雲林縣流浪動物收容所,混種犬,1,M,BIG,黑色,ADULT,T,https://www.pet.gov.tw/upload/pic/1747621947971.png,水林鄉蕃薯村,2025-05-15,雲林縣斗六市雲林路二段517號,(05)5523300
425210,雲林縣流浪動物收容所,雲林縣流浪動物收容所,混種犬,1,F,BIG,虎斑色,ADULT,T,https://www.pet.gov.tw/upload/pic/1775693056219.png,古坑鄉崁腳村,2025-10-10,雲林縣斗六市雲林路二段517號,(05)5523300
401658,雲林縣流浪動物收容所,雲林縣流浪動物收容所,混種犬,1,F,BIG,黑色,ADULT,T,https://www.pet.gov.tw/upload/pic/1744709388212.png,麥寮鄉麥津村,2025-04-07,雲林縣斗六市雲林路二段517號,(05)5523300
267469,雲林縣流浪動物收容所,雲林縣流浪動物收容所,混種犬,1,F,BIG,黑色,ADULT,T,https://www.pet.gov.tw/upload/pic/8be9997a-9b41-43c8-8e3a-35f9f91966e1.jpg,古坑鄉華南村,2022-07-29,雲林縣斗六市雲林路二段517號,(05)5523300
146628,雲林縣流浪動物收容所,雲林縣流浪動物收容所,混種犬,1,M,BIG,黑色,,T,https://www.pet.gov.tw/upload/pic/394dcceb-f9c8-4668-936a-6ea73d14ffa3.jpg,虎尾鎮德興路,2020-02-27,雲林縣斗六市雲林路二段517號,(05)5523300
146631,雲林縣流浪動物收容所,雲林縣流浪動物收容所,混種犬,1,M,BIG,黃色,,T,https://www.pet.gov.tw/upload/pic/7d885524-06e6-478f-ab90-0bd4b805899c.jpg,虎尾鎮德興路,2020-02-27,雲林縣斗六市雲林路二段517號,(05)5523300
110114,雲林縣流浪動物收容所,雲林縣流浪動物收容所,混種犬,1,M,BIG,黃色,ADULT,T,https://www.pet.gov.tw/upload/pic/304dc519-5530-40a6-af07-1a8d632b9c7a.jpg,二崙鄉仁和路,2019-07-19,雲林縣斗六市雲林路二段517號,(05)5523300
263447,雲林縣流浪動物收容所,雲林縣流浪動物收容所,混種犬,1,F,BIG,黑色,ADULT,T,https://www.pet.gov.tw/upload/pic/1758071961163.png,北港後溝里,2022-07-01,雲林縣斗六市雲林路二段517號,(05)5523300
263446,雲林縣流浪動物收容所,雲林縣流浪動物收容所,混種犬,1,M,BIG,黑色,ADULT,T,https://www.pet.gov.tw/upload/pic/1758072236358.png,北港後溝里,2022-07-01,雲林縣斗六市雲林路二段517號,(05)5523300
264525,雲林縣流浪動物收容所,雲林縣流浪動物收容所,混種犬,1,F,BIG,黑色,ADULT,T,https://www.pet.gov.tw/upload/pic/1758071400407.png,虎尾鎮光復路,2022-07-08,雲林縣斗六市雲林路二段517號,(05)5523300
318634,雲林縣流浪動物收容所,雲林縣流浪動物收容所,混種犬,1,F,BIG,棕色,ADULT,T,https://www.pet.gov.tw/upload/pic/1758071206180.png,口湖鄉宜梧,2023-07-28,雲林縣斗六市雲林路二段517號,(05)5523300
287120,雲林縣流浪動物收容所,雲林縣流浪動物收容所,混種犬,1,M,BIG,棕色,ADULT,T,https://www.pet.gov.tw/upload/pic/1758070088203.png,斗南鎮二重溝,2022-12-09,雲林縣斗六市雲林路二段517號,(05)5523300
440618,雲林縣流浪動物收容所,雲林縣流浪動物收容所,混種犬,1,M,MEDIUM,黑色,ADULT,T,https://www.pet.gov.tw/upload/pic/1769563030281.png,斗六市柚子公園,2026-01-30,雲林縣斗六市雲林路二段517號,(05)5523300
448139,南投縣公立動物收容所,南投縣公立動物收容所,法國鬥牛犬,0,M,MEDIUM,黃色,ADULT,F,https://www.pet.gov.tw/upload/pic/1775540131482.png,石川路,,南投縣南投市嶺興路36-1號,(049)2225440
435707,臺北市動物之家,臺北市動物之家,混種犬,1,M,MEDIUM,黑色,ADULT,T,https://www.pet.gov.tw/upload/pic/1766130016227.png,大業路５２７巷,2026-04-03,臺北市內湖區安美街191號,(02)87913254
448037,新竹市動物保護教育園區,新竹市動物保護教育園區,威爾斯柯基犬,0,M,MEDIUM,黃白色,ADULT,N,https://www.pet.gov.tw/upload/pic/1775526563051.png,金竹路,,新竹市南寮里海濱路250號,(03)5368329
435737,臺北市動物之家,臺北市動物之家,混種犬,1,F,MEDIUM,黑色,ADULT,T,https://www.pet.gov.tw/upload/pic/1766390806546.png,中和街502巷5弄,2025-12-27,臺北市內湖區安美街191號,(02)87913254
447951,臺南市動物之家善化站,臺南市動物之家善化站,混種犬,1,F,MEDIUM,黑色,ADULT,T,https://www.pet.gov.tw/upload/pic/1775122796539.png,,2026-04-08,臺南市善化區昌隆里東勢寮1-19號,(06)5832399
447952,臺南市動物之家善化站,臺南市動物之家善化站,混種犬,1,F,MEDIUM,黑色,ADULT,T,https://www.pet.gov.tw/upload/pic/1775122910867.png,,2026-04-08,臺南市善化區昌隆里東勢寮1-19號,(06)5832399
424262,臺南市動物之家灣裡站,臺南市動物之家灣裡站,柴犬,0,F,MEDIUM,黑白色,ADULT,T,https://www.pet.gov.tw/upload/pic/1759223690627.png,頂山129號,2025-10-01,臺南市南區省躬里14鄰萬年路580巷92號,(06)2964439
411759,臺南市動物之家灣裡站,臺南市動物之家灣裡站,混種犬,1,M,MEDIUM,黑色,ADULT,T,https://www.pet.gov.tw/upload/pic/1750731185635.png,新忠路6號,2026-03-06,臺南市南區省躬里14鄰萬年路580巷92號,(06)2964439
447602,南投縣公立動物收容所,南投縣公立動物收容所,混種犬,1,F,SMALL,虎斑色,CHILD,T,https://www.pet.gov.tw/upload/pic/1775006740795.png,集山路二段,2026-04-01,南投縣南投市嶺興路36-1號,(049)2225440
447601,南投縣公立動物收容所,南投縣公立動物收容所,混種犬,1,M,MEDIUM,黑白色,ADULT,T,https://www.pet.gov.tw/upload/pic/1775006658555.png,集山路二段,2026-04-01,南投縣南投市嶺興路36-1號,(049)2225440
447804,新北市新店區公立動物之家,新北市新店區公立動物之家,柴犬,0,M,MEDIUM,黃色,ADULT,F,https://www.pet.gov.tw/upload/pic/1775092648247.png,汐止區建成路160巷/(芳鄰早餐),,新北市新店區安泰路235號,(02)22159462
447600,南投縣公立動物收容所,南投縣公立動物收容所,混種犬,1,F,MEDIUM,黑色,ADULT,T,https://www.pet.gov.tw/upload/pic/1775006538623.png,集山路二段,2026-04-01,南投縣南投市嶺興路36-1號,(049)2225440
447027,南投縣公立動物收容所,南投縣公立動物收容所,混種犬,1,F,MEDIUM,黑棕色,ADULT,T,https://www.pet.gov.tw/upload/pic/1774574406047.png,東興巷,2026-04-01,南投縣南投市嶺興路36-1號,(049)2225440
447025,南投縣公立動物收容所,南投縣公立動物收容所,混種犬,1,F,MEDIUM,黃色,ADULT,T,https://www.pet.gov.tw/upload/pic/1774574255579.png,東興巷,2026-04-01,南投縣南投市嶺興路36-1號,(049)2225440
447861,桃園市動物保護教育園區,桃園市動物保護教育園區,混種犬,1,F,MEDIUM,黑色,ADULT,T,https://www.pet.gov.tw/upload/pic/1775102929916.png,石門管理中心,,桃園市新屋區永興里3鄰藻礁路1668號,(03)4861760
446284,新北市八里區公立動物之家,新北市八里區公立動物之家,博美犬,0,M,SMALL,白色,ADULT,F,https://www.pet.gov.tw/upload/pic/1773990606943.png,新莊區中正路,2026-03-28,新北市八里區長坑里6鄰長坑道路36號,(02)26194428
447744,宜蘭縣流浪動物中途之家,宜蘭縣流浪動物中途之家,混種犬,1,M,BIG,黑色,ADULT,N,https://www.pet.gov.tw/upload/pic/1775099468576.png,順和路,2026-04-01,宜蘭縣五結鄉成興村利寶路60號,(03)9602350620
447827,宜蘭縣流浪動物中途之家,宜蘭縣流浪動物中途之家,混種犬,1,N,SMALL,黑色,CHILD,N,https://www.pet.gov.tw/upload/pic/1775099233691.png,三星鄉公所,2026-04-02,宜蘭縣五結鄉成興村利寶路60號,(03)9602350620
447824,宜蘭縣流浪動物中途之家,宜蘭縣流浪動物中途之家,混種犬,1,N,SMALL,黑色,CHILD,N,https://www.pet.gov.tw/upload/pic/1775099095864.png,三星鄉公所,2026-04-02,宜蘭縣五結鄉成興村利寶路60號,(03)9602350620
447822,宜蘭縣流浪動物中途之家,宜蘭縣流浪動物中途之家,混種犬,1,N,SMALL,黑色,CHILD,N,https://www.pet.gov.tw/upload/pic/1775098993407.png,三星鄉公所,2026-04-02,宜蘭縣五結鄉成興村利寶路60號,(03)9602350620
347835,雲林縣流浪動物收容所,雲林縣流浪動物收容所,混種犬,1,F,BIG,黃色,ADULT,T,https://www.pet.gov.tw/upload/pic/1709026223940.png,林內鄉新光路,2024-02-26,雲林縣斗六市雲林路二段517號,(05)5523300
174093,雲林縣流浪動物收容所,雲林縣流浪動物收容所,混種犬,1,F,BIG,黃色,,T,https://www.pet.gov.tw/upload/pic/4b8f4d2d-2d3c-4331-b554-b9633890cd68.jpg,斗六市七賢街(動物救援),2020-08-21,雲林縣斗六市雲林路二段517號,(05)5523300
426997,新竹市動物保護教育園區,新竹市動物保護教育園區,混種犬,1,M,SMALL,黑白色,ADULT,T,https://www.pet.gov.tw/upload/pic/1766452901322.png,民族路,2025-12-23,新竹市南寮里海濱路250號,(03)5368329
347858,雲林縣流浪動物收容所,雲林縣流浪動物收容所,混種犬,1,F,BIG,黑色,ADULT,T,https://www.pet.gov.tw/upload/pic/1709027476375.png,林內鄉新光路,2024-02-26,雲林縣斗六市雲林路二段517號,(05)5523300
347949,雲林縣流浪動物收容所,雲林縣流浪動物收容所,混種犬,1,M,BIG,黃色,ADULT,T,https://www.pet.gov.tw/upload/pic/1709164876188.png,林內鄉新光路,2024-02-26,雲林縣斗六市雲林路二段517號,(05)5523300
197328,雲林縣流浪動物收容所,雲林縣流浪動物收容所,混種犬,1,M,BIG,虎斑色,ADULT,T,https://www.pet.gov.tw/upload/pic/1758006182727.png,四湖鄉西洋路,2021-03-05,雲林縣斗六市雲林路二段517號,(05)5523300
447787,高雄市壽山動物保護教育園區,高雄市壽山動物保護教育園區,哈士奇(西伯利亞雪橇犬),0,F,MEDIUM,黑色,CHILD,F,https://www.pet.gov.tw/upload/pic/1775091068382.png,力行路,,高雄市鼓山區萬壽路350號,(07)5519059
402209,雲林縣流浪動物收容所,雲林縣流浪動物收容所,混種犬,1,M,BIG,黃色,ADULT,T,https://www.pet.gov.tw/upload/pic/1745207717129.png,斗六市南潭路,2025-04-17,雲林縣斗六市雲林路二段517號,(05)5523300
210644,雲林縣流浪動物收容所,雲林縣流浪動物收容所,混種犬,1,F,BIG,黑色,ADULT,T,https://www.pet.gov.tw/upload/pic/349eb3b5-d98f-4c00-b7ca-11e1d0c70b9d.jpg,莿桐鄉麻園村,2021-06-18,雲林縣斗六市雲林路二段517號,(05)5523300
430479,雲林縣流浪動物收容所,雲林縣流浪動物收容所,混種犬,1,M,BIG,黑色,ADULT,T,https://www.pet.gov.tw/upload/pic/1762855020578.png,古坑鄉大湖口,2025-11-14,雲林縣斗六市雲林路二段517號,(05)5523300
402207,雲林縣流浪動物收容所,雲林縣流浪動物收容所,混種犬,1,M,BIG,黑色,ADULT,T,https://www.pet.gov.tw/upload/pic/1745207554728.png,虎尾鎮廉使里,2025-04-16,雲林縣斗六市雲林路二段517號,(05)5523300
387499,雲林縣流浪動物收容所,雲林縣流浪動物收容所,混種犬,1,M,BIG,黑色,ADULT,T,https://www.pet.gov.tw/upload/pic/1734914868799.png,北港鎮糖廠,2024-12-19,雲林縣斗六市雲林路二段517號,(05)5523300
299790,雲林縣流浪動物收容所,雲林縣流浪動物收容所,混種犬,1,M,BIG,黑色,ADULT,T,https://www.pet.gov.tw/upload/pic/1679058017146.png,斗六市榴南里,2023-03-17,雲林縣斗六市雲林路二段517號,(05)5523300
26877,雲林縣流浪動物收容所,雲林縣流浪動物收容所,混種犬,1,M,BIG,棕色,,T,https://www.pet.gov.tw/upload/pic/0bd69991-130b-4819-ad8e-ed49466490c9.JPG,西螺鎮,2017-03-01,雲林縣斗六市雲林路二段517號,(05)5523300
343828,雲林縣流浪動物收容所,雲林縣流浪動物收容所,混種犬,1,M,BIG,黑色,ADULT,T,https://www.pet.gov.tw/upload/pic/1705884837300.png,台西鄉台西港,2024-01-18,雲林縣斗六市雲林路二段517號,(05)5523300
199279,雲林縣流浪動物收容所,雲林縣流浪動物收容所,混種犬,1,M,BIG,黃色,ADULT,T,https://www.pet.gov.tw/upload/pic/99eeb38c-a80e-4c5d-be62-34bb271e3737.jpg,虎尾鎮三合里,2021-03-19,雲林縣斗六市雲林路二段517號,(05)5523300
33928,雲林縣流浪動物收容所,雲林縣流浪動物收容所,混種犬,1,M,BIG,黑色,,T,https://www.pet.gov.tw/upload/pic/f05fb185-666c-46af-94c7-348fa2bbf3dd.JPG,水林鄉宏仁路,2018-02-07,雲林縣斗六市雲林路二段517號,(05)5523300
27004,雲林縣流浪動物收容所,雲林縣流浪動物收容所,混種犬,1,M,BIG,黑色,,T,https://www.pet.gov.tw/upload/pic/0958d5dd-aa73-49ac-affc-d6cb556c5296.jpg,古坑鄉,2017-04-05,雲林縣斗六市雲林路二段517號,(05)5523300
65611,雲林縣流浪動物收容所,雲林縣流浪動物收容所,混種犬,1,M,BIG,黑色,,T,https://www.pet.gov.tw/upload/pic/fac55dc5-0c25-4c67-a8a5-94c8c36cfb92.jpg,斗六市湖山里,2018-09-28,雲林縣斗六市雲林路二段517號,(05)5523300
347826,雲林縣流浪動物收容所,雲林縣流浪動物收容所,混種犬,1,M,BIG,黑色,ADULT,T,https://www.pet.gov.tw/upload/pic/1709025898844.png,林內鄉新光路,2024-02-26,雲林縣斗六市雲林路二段517號,(05)5523300
402208,雲林縣流浪動物收容所,雲林縣流浪動物收容所,混種犬,1,M,BIG,黑色,ADULT,T,https://www.pet.gov.tw/upload/pic/1745207632625.png,斗六市南潭路,2025-04-17,雲林縣斗六市雲林路二段517號,(05)5523300
27305,雲林縣流浪動物收容所,雲林縣流浪動物收容所,混種犬,1,F,BIG,黑色,,T,https://www.pet.gov.tw/upload/pic/447ea938-2923-4250-9f7d-cb645e060a88.jpg,虎尾鎮,2017-05-09,雲林縣斗六市雲林路二段517號,(05)5523300
75966,雲林縣流浪動物收容所,雲林縣流浪動物收容所,混種犬,1,M,BIG,黃色,,T,https://www.pet.gov.tw/upload/pic/d9fef383-e9bf-40f6-bebc-45263cd44c20.jpg,西螺鎮福來路,2018-12-07,雲林縣斗六市雲林路二段517號,(05)5523300
299788,雲林縣流浪動物收容所,雲林縣流浪動物收容所,混種犬,1,M,BIG,棕黑色,ADULT,T,https://www.pet.gov.tw/upload/pic/1679057519734.png,斗六市榴南里,2023-03-17,雲林縣斗六市雲林路二段517號,(05)5523300
430483,雲林縣流浪動物收容所,雲林縣流浪動物收容所,混種犬,1,M,BIG,黃色,ADULT,T,https://www.pet.gov.tw/upload/pic/1762855298354.png,古坑鄉永光村,2025-11-14,雲林縣斗六市雲林路二段517號,(05)5523300
347854,雲林縣流浪動物收容所,雲林縣流浪動物收容所,混種犬,1,M,BIG,黑色,ADULT,T,https://www.pet.gov.tw/upload/pic/1709027349888.png,林內鄉新光路,2024-02-26,雲林縣斗六市雲林路二段517號,(05)5523300
344491,雲林縣流浪動物收容所,雲林縣流浪動物收容所,混種犬,1,F,BIG,黑白色,ADULT,T,https://www.pet.gov.tw/upload/pic/1706260308341.png,元長鄉興南路,2024-01-22,雲林縣斗六市雲林路二段517號,(05)5523300
27005,雲林縣流浪動物收容所,雲林縣流浪動物收容所,混種犬,1,F,BIG,黑黃色,,T,https://www.pet.gov.tw/upload/pic/dde37730-4784-4fd7-b6ef-3117eeffbc35.jpg,古坑鄉,2017-04-05,雲林縣斗六市雲林路二段517號,(05)5523300
399969,雲林縣流浪動物收容所,雲林縣流浪動物收容所,混種犬,1,M,BIG,黑色,ADULT,T,https://www.pet.gov.tw/upload/pic/1743585429125.png,麥寮鄉三盛村,2025-03-26,雲林縣斗六市雲林路二段517號,(05)5523300
440510,臺北市動物之家,臺北市動物之家,混種犬,1,F,MEDIUM,黃虎斑色,ADULT,T,https://www.pet.gov.tw/upload/pic/1769494008839.png,復興三路355巷,2026-02-24,臺北市內湖區安美街191號,(02)87913254
387484,新北市三芝區公立動物之家,新北市三芝區公立動物之家,混種犬,1,M,MEDIUM,黑色,ADULT,N,https://www.pet.gov.tw/upload/pic/1734853300527.png,,2024-12-22,新北市三芝區青山路(龍巖人本旁),(02)26365436
447557,雲林縣流浪動物收容所,雲林縣流浪動物收容所,混種犬,1,F,MEDIUM,黑色,ADULT,T,https://www.pet.gov.tw/upload/pic/1774949357311.png,四湖鄉中華路,2026-04-03,雲林縣斗六市雲林路二段517號,(05)5523300
447558,雲林縣流浪動物收容所,雲林縣流浪動物收容所,混種犬,1,M,BIG,黑色,ADULT,T,https://www.pet.gov.tw/upload/pic/1774949439297.png,虎尾鎮竹圍,2026-04-03,雲林縣斗六市雲林路二段517號,(05)5523300
447697,臺北市動物之家,臺北市動物之家,混種犬,1,F,MEDIUM,黑棕色,ADULT,T,https://www.pet.gov.tw/upload/pic/1775026240701.png,,2026-04-01,臺北市內湖區安美街191號,(02)87913254
447688,高雄市壽山動物保護教育園區,高雄市壽山動物保護教育園區,混種犬,1,F,MEDIUM,黑色,CHILD,F,https://www.pet.gov.tw/upload/pic/1775025848029.png,華山街,2026-04-01,高雄市鼓山區萬壽路350號,(07)5519059
447685,高雄市壽山動物保護教育園區,高雄市壽山動物保護教育園區,混種犬,1,F,SMALL,黑色,CHILD,F,https://www.pet.gov.tw/upload/pic/1775025723182.png,宏毅二路,2026-04-01,高雄市鼓山區萬壽路350號,(07)5519059
447683,高雄市壽山動物保護教育園區,高雄市壽山動物保護教育園區,混種犬,1,F,SMALL,黑色,CHILD,F,https://www.pet.gov.tw/upload/pic/1775025643254.png,宏毅二路,2026-04-01,高雄市鼓山區萬壽路350號,(07)5519059
282806,南投縣公立動物收容所,南投縣公立動物收容所,混種犬,1,M,MEDIUM,虎斑色,ADULT,T,https://www.pet.gov.tw/upload/pic/d7f452be-a343-449f-8d77-6dbc72a726f5.JPG,南投縣鹿谷鄉鹿山路,2022-12-01,南投縣南投市嶺興路36-1號,(049)2225440
447673,新北市五股區公立動物之家,新北市五股區公立動物之家,法國鬥牛犬,0,F,MEDIUM,米色,ADULT,F,https://www.pet.gov.tw/upload/pic/1775024663170.png,三重區三重三和路4段145巷口,,新北市五股區外寮路9-9號,(02)82925265
447671,高雄市燕巢動物保護關愛園區,高雄市燕巢動物保護關愛園區,混種犬,1,M,BIG,虎斑色,ADULT,N,https://www.pet.gov.tw/upload/pic/1775024408625.png,大新路,2026-03-31,高雄市燕巢區師大路98號,(07)6051002
447669,高雄市燕巢動物保護關愛園區,高雄市燕巢動物保護關愛園區,混種犬,1,M,MEDIUM,虎斑色,ADULT,N,https://www.pet.gov.tw/upload/pic/1775024227886.png,中華路,2026-03-30,高雄市燕巢區師大路98號,(07)6051002
447666,高雄市燕巢動物保護關愛園區,高雄市燕巢動物保護關愛園區,混種犬,1,M,BIG,黑色,ADULT,N,https://www.pet.gov.tw/upload/pic/1775023783267.png,三民路,2026-03-27,高雄市燕巢區師大路98號,(07)6051002
447664,高雄市燕巢動物保護關愛園區,高雄市燕巢動物保護關愛園區,混種犬,1,M,BIG,黑色,ADULT,N,https://www.pet.gov.tw/upload/pic/1775023635505.png,花旗二路,2026-03-27,高雄市燕巢區師大路98號,(07)6051002
447662,高雄市燕巢動物保護關愛園區,高雄市燕巢動物保護關愛園區,混種犬,1,M,BIG,黃色,ADULT,N,https://www.pet.gov.tw/upload/pic/1775023521181.png,永華路,2026-03-27,高雄市燕巢區師大路98號,(07)6051002
447659,高雄市燕巢動物保護關愛園區,高雄市燕巢動物保護關愛園區,混種犬,1,M,BIG,黑色,ADULT,N,https://www.pet.gov.tw/upload/pic/1775023387420.png,復興路,2026-03-26,高雄市燕巢區師大路98號,(07)6051002
447657,高雄市燕巢動物保護關愛園區,高雄市燕巢動物保護關愛園區,混種犬,1,M,BIG,黃色,ADULT,N,https://www.pet.gov.tw/upload/pic/1775023260751.png,漁港路,2026-03-26,高雄市燕巢區師大路98號,(07)6051002
447654,高雄市燕巢動物保護關愛園區,高雄市燕巢動物保護關愛園區,混種犬,1,M,BIG,黃色,ADULT,N,https://www.pet.gov.tw/upload/pic/1775023140646.png,新興路,2026-03-26,高雄市燕巢區師大路98號,(07)6051002
447651,高雄市燕巢動物保護關愛園區,高雄市燕巢動物保護關愛園區,混種犬,1,M,BIG,黃色,ADULT,N,https://www.pet.gov.tw/upload/pic/1775023017908.png,永華路,2026-03-26,高雄市燕巢區師大路98號,(07)6051002
447639,苗栗縣動物保護教育園區,苗栗縣動物保護教育園區,混種犬,1,F,SMALL,黑色,CHILD,F,https://www.pet.gov.tw/upload/pic/1775020378119.png,造橋鄉大龍村,2026-04-01,苗栗縣銅鑼鄉朝陽村6鄰朝北55-1號(地圖：https:／／goo.gl/maps/Bd4sckpEPsrof7Qb8),(037)558228
438159,南投縣公立動物收容所,南投縣公立動物收容所,混種犬,1,M,MEDIUM,黑白色,ADULT,T,https://www.pet.gov.tw/upload/pic/1767923374895.png,平林路,2026-04-01,南投縣南投市嶺興路36-1號,(049)2225440
441098,南投縣公立動物收容所,南投縣公立動物收容所,混種犬,1,F,MEDIUM,黑色,ADULT,T,https://www.pet.gov.tw/upload/pic/1769821933658.png,平和街,2026-01-29,南投縣南投市嶺興路36-1號,(049)2225440
445418,臺中市動物之家后里園區,臺中市動物之家后里園區,混種犬,1,F,BIG,黃白色,ADULT,T,https://www.pet.gov.tw/upload/pic/1775004864876.png,松竹路二段368號,2026-04-01,臺中市后里區堤防路370號,(04)25588024
404538,新竹縣動物保護教育園區,新竹縣動物保護教育園區,混種犬,1,M,BIG,白色,ADULT,T,https://www.pet.gov.tw/upload/pic/1746586752333.png,,2025-05-06,新竹縣竹北市縣政五街192號,(03)5519548
447094,新北市新店區公立動物之家,新北市新店區公立動物之家,柴犬,0,F,SMALL,黑黃色,ADULT,T,https://www.pet.gov.tw/upload/pic/1774587670943.png,烏來區福山里,2026-04-07,新北市新店區安泰路235號,(02)22159462
447555,臺南市動物之家善化站,臺南市動物之家善化站,混種犬,1,F,MEDIUM,白色,ADULT,T,https://www.pet.gov.tw/upload/pic/1774949117575.png,,2026-03-31,臺南市善化區昌隆里東勢寮1-19號,(06)5832399
447525,宜蘭縣流浪動物中途之家,宜蘭縣流浪動物中途之家,混種犬,1,M,BIG,黑色,ADULT,N,https://www.pet.gov.tw/upload/pic/1774948550630.png,中正路,2026-03-31,宜蘭縣五結鄉成興村利寶路60號,(03)9602350620
447492,彰化縣流浪狗中途之家,彰化縣流浪狗中途之家,混種犬,1,F,SMALL,黃色,CHILD,N,https://www.pet.gov.tw/upload/pic/1774945821017.png,溪林路340號,2026-03-31,彰化縣員林市大峰里阿寶巷426號(大門入口請由彰化縣芬園鄉大彰路一段875巷進入走到底),(04)8590638
447489,彰化縣流浪狗中途之家,彰化縣流浪狗中途之家,混種犬,1,F,SMALL,黑色,CHILD,N,https://www.pet.gov.tw/upload/pic/1774945765998.png,溪林路340號,2026-03-31,彰化縣員林市大峰里阿寶巷426號(大門入口請由彰化縣芬園鄉大彰路一段875巷進入走到底),(04)8590638
447488,彰化縣流浪狗中途之家,彰化縣流浪狗中途之家,混種犬,1,F,SMALL,黑色,CHILD,N,https://www.pet.gov.tw/upload/pic/1774945693440.png,溪林路340號,2026-03-31,彰化縣員林市大峰里阿寶巷426號(大門入口請由彰化縣芬園鄉大彰路一段875巷進入走到底),(04)8590638
446031,金門縣動物收容中心,金門縣動物收容中心,混種犬,1,M,SMALL,黑色,CHILD,F,https://www.pet.gov.tw/upload/pic/1774943557879.png,烈嶼鄉黃埔村后頭,2026-03-17,金門縣金湖鎮裕民農莊20號,(082)336625
446030,金門縣動物收容中心,金門縣動物收容中心,混種犬,1,F,SMALL,黑色,CHILD,F,https://www.pet.gov.tw/upload/pic/1774943506360.png,烈嶼鄉黃埔村后頭,2026-03-17,金門縣金湖鎮裕民農莊20號,(082)336625
447377,高雄市燕巢動物保護關愛園區,高雄市燕巢動物保護關愛園區,混種犬,1,M,BIG,黃色,ADULT,N,https://www.pet.gov.tw/upload/pic/1774941180666.png,壽齡國小,2026-03-01,高雄市燕巢區師大路98號,(07)6051002
447276,桃園市動物保護教育園區,桃園市動物保護教育園區,混種犬,1,M,MEDIUM,黑色,ADULT,T,https://www.pet.gov.tw/upload/pic/1774937831111.png,永寧里揚昇路,,桃園市新屋區永興里3鄰藻礁路1668號,(03)4861760
447216,桃園市動物保護教育園區,桃園市動物保護教育園區,鬥牛犬(英國),0,M,SMALL,虎斑色,ADULT,F,https://www.pet.gov.tw/upload/pic/1774935249673.png,觀音里桃科三路,,桃園市新屋區永興里3鄰藻礁路1668號,(03)4861760
445304,桃園市動物保護教育園區,桃園市動物保護教育園區,貴賓犬,0,M,SMALL,黑色,ADULT,N,https://www.pet.gov.tw/upload/pic/1773300157792.png,中德里中路北街39巷,2026-04-10,桃園市新屋區永興里3鄰藻礁路1668號,(03)4861760
72789,臺北市動物之家,臺北市動物之家,混種犬,1,F,MEDIUM,黃色,ADULT,T,https://www.pet.gov.tw/upload/pic/1671598954569.png,民生東路1段,2021-04-11,臺北市內湖區安美街191號,(02)87913254
377218,臺北市動物之家,臺北市動物之家,混種犬,1,F,MEDIUM,黑色,ADULT,T,https://www.pet.gov.tw/upload/pic/1728610940068.png,湖田里竹子湖路,2024-10-18,臺北市內湖區安美街191號,(02)87913254
437003,臺北市動物之家,臺北市動物之家,混種犬,1,M,MEDIUM,黃色,ADULT,T,https://www.pet.gov.tw/upload/pic/1767163046949.png,環河南路二段46巷,2026-03-29,臺北市內湖區安美街191號,(02)87913254
29054,桃園市動物保護教育園區,桃園市動物保護教育園區,混種犬,1,M,MEDIUM,花色,ADULT,F,https://www.pet.gov.tw/upload/pic/29c9bed5-41e3-45c8-bf79-a42e67b901ef.JPG,環東路,2018-03-29,桃園市新屋區永興里3鄰藻礁路1668號,(03)4861760
387161,雲林縣流浪動物收容所,雲林縣流浪動物收容所,混種犬,1,M,BIG,黑色,ADULT,T,https://www.pet.gov.tw/upload/pic/1734514284989.png,斗南鎮建國二路,2024-12-13,雲林縣斗六市雲林路二段517號,(05)5523300
445260,彰化縣流浪狗中途之家,彰化縣流浪狗中途之家,混種犬,1,F,MEDIUM,黑色,ADULT,T,https://www.pet.gov.tw/upload/pic/1773290214458.png,見興宮後面,2026-03-30,彰化縣員林市大峰里阿寶巷426號(大門入口請由彰化縣芬園鄉大彰路一段875巷進入走到底),(04)8590638
447139,宜蘭縣流浪動物中途之家,宜蘭縣流浪動物中途之家,混種犬,1,M,BIG,黃色,ADULT,N,https://www.pet.gov.tw/upload/pic/1774596126260.png,中正路,2026-03-27,宜蘭縣五結鄉成興村利寶路60號,(03)9602350620
447138,宜蘭縣流浪動物中途之家,宜蘭縣流浪動物中途之家,混種犬,1,F,BIG,黑色,ADULT,N,https://www.pet.gov.tw/upload/pic/1774596047711.png,中正路,2026-03-27,宜蘭縣五結鄉成興村利寶路60號,(03)9602350620
56666,臺北市動物之家,臺北市動物之家,混種犬,1,M,MEDIUM,虎斑色,ADULT,T,https://www.pet.gov.tw/upload/pic/cabadec7-a2a3-4272-b162-d219f8df633a.jpg,環南家禽屠宰場旁,2021-04-10,臺北市內湖區安美街191號,(02)87913254
88605,臺北市動物之家,臺北市動物之家,混種犬,1,M,MEDIUM,黃色,ADULT,T,https://www.pet.gov.tw/upload/pic/86d05222-9c7d-4020-a4fc-68831af5110b.jpg,泉源路,2021-04-11,臺北市內湖區安美街191號,(02)87913254
203131,臺北市動物之家,臺北市動物之家,混種犬,1,F,SMALL,黑色,CHILD,T,https://www.pet.gov.tw/upload/pic/badc3006-5cd8-4788-bb2a-91eabc4ba85c.jpg,復興三路152巷,2021-04-19,臺北市內湖區安美街191號,(02)87913254
447036,臺南市動物之家善化站,臺南市動物之家善化站,混種犬,1,M,MEDIUM,黃色,ADULT,N,https://www.pet.gov.tw/upload/pic/1774577302588.png,,2026-04-02,臺南市善化區昌隆里東勢寮1-19號,(06)5832399
430481,雲林縣流浪動物收容所,雲林縣流浪動物收容所,混種犬,1,M,BIG,黑色,ADULT,T,https://www.pet.gov.tw/upload/pic/1762855186770.png,斗六市社口里,2025-11-14,雲林縣斗六市雲林路二段517號,(05)5523300
447016,臺東縣動物收容中心,臺東縣動物收容中心,混種犬,1,F,MEDIUM,黑色,ADULT,N,https://www.pet.gov.tw/upload/pic/1774571236128.png,,2026-03-27,臺東縣臺東市中華路4段999巷600號,(089)362011
399968,雲林縣流浪動物收容所,雲林縣流浪動物收容所,混種犬,1,M,BIG,黑色,ADULT,T,https://www.pet.gov.tw/upload/pic/1743585546556.png,麥寮鄉三盛村,2025-03-26,雲林縣斗六市雲林路二段517號,(05)5523300
299793,雲林縣流浪動物收容所,雲林縣流浪動物收容所,混種犬,1,F,BIG,黑色,ADULT,T,https://www.pet.gov.tw/upload/pic/1679058912979.png,台西鄉和豐村,2023-03-17,雲林縣斗六市雲林路二段517號,(05)5523300
313137,雲林縣流浪動物收容所,雲林縣流浪動物收容所,混種犬,1,F,BIG,黑色,ADULT,T,https://www.pet.gov.tw/upload/pic/1686823826337.png,口湖鄉下崙村,2023-06-15,雲林縣斗六市雲林路二段517號,(05)5523300
430480,雲林縣流浪動物收容所,雲林縣流浪動物收容所,混種犬,1,F,BIG,黑色,ADULT,T,https://www.pet.gov.tw/upload/pic/1774518565197.png,古坑鄉崁腳村,2025-11-14,雲林縣斗六市雲林路二段517號,(05)5523300
402206,雲林縣流浪動物收容所,雲林縣流浪動物收容所,混種犬,1,F,BIG,黑色,ADULT,T,https://www.pet.gov.tw/upload/pic/1745207490518.png,古坑鄉湳仔村,2025-04-15,雲林縣斗六市雲林路二段517號,(05)5523300
345830,雲林縣流浪動物收容所,雲林縣流浪動物收容所,混種犬,1,F,BIG,黑黃色,ADULT,T,https://www.pet.gov.tw/upload/pic/1707215627698.png,四湖鄉運動公園,2024-02-05,雲林縣斗六市雲林路二段517號,(05)5523300
447007,宜蘭縣流浪動物中途之家,宜蘭縣流浪動物中途之家,混種犬,1,M,BIG,虎斑色,ADULT,N,https://www.pet.gov.tw/upload/pic/1774514609331.png,大福路,2026-03-26,宜蘭縣五結鄉成興村利寶路60號,(03)9602350620
134695,雲林縣流浪動物收容所,雲林縣流浪動物收容所,混種犬,1,F,BIG,黑色,ADULT,T,https://www.pet.gov.tw/upload/pic/b90116fa-2fec-4382-ad86-548eaf287623.jpg,水林鄉長青食堂,2019-12-13,雲林縣斗六市雲林路二段517號,(05)5523300
185297,雲林縣流浪動物收容所,雲林縣流浪動物收容所,混種犬,1,M,BIG,黑色,ADULT,T,https://www.pet.gov.tw/upload/pic/1774508182936.png,斗六市文化路,2020-11-20,雲林縣斗六市雲林路二段517號,(05)5523300
363053,雲林縣流浪動物收容所,雲林縣流浪動物收容所,混種犬,1,F,BIG,黃色,ADULT,T,https://www.pet.gov.tw/upload/pic/1774507278487.png,麥寮鄉工業路,2024-06-20,雲林縣斗六市雲林路二段517號,(05)5523300
146634,雲林縣流浪動物收容所,雲林縣流浪動物收容所,混種犬,1,F,BIG,黃色,ADULT,T,https://www.pet.gov.tw/upload/pic/14c8f44c-e9cf-45c3-9103-bc8b94dc9ad8.jpg,虎尾鎮德興路,2020-02-27,雲林縣斗六市雲林路二段517號,(05)5523300
26885,雲林縣流浪動物收容所,雲林縣流浪動物收容所,混種犬,1,F,BIG,虎斑色,,T,https://www.pet.gov.tw/upload/pic/615f8e74-16d4-46ad-9ee5-ee58bb84323a.jpg,斗南鎮,2017-03-15,雲林縣斗六市雲林路二段517號,(05)5523300
185312,雲林縣流浪動物收容所,雲林縣流浪動物收容所,混種犬,1,F,BIG,黃色,ADULT,T,https://www.pet.gov.tw/upload/pic/1774504951796.png,西螺鎮福興里,2020-11-20,雲林縣斗六市雲林路二段517號,(05)5523300
43221,雲林縣流浪動物收容所,雲林縣流浪動物收容所,混種犬,1,M,BIG,虎斑色,,T,https://www.pet.gov.tw/upload/pic/50ddd279-ca3d-4b34-9843-65f637611de4.jpg,斗南鎮新崙里,2018-04-03,雲林縣斗六市雲林路二段517號,(05)5523300
442423,臺北市動物之家,臺北市動物之家,混種犬,1,F,MEDIUM,黃色,ADULT,T,https://www.pet.gov.tw/upload/pic/1770703318030.png,康樂街,2026-02-19,臺北市內湖區安美街191號,(02)87913254
26883,雲林縣流浪動物收容所,雲林縣流浪動物收容所,混種犬,1,F,BIG,黑棕色,,T,https://www.pet.gov.tw/upload/pic/1774497049932.png,莿桐鄉,2017-03-07,雲林縣斗六市雲林路二段517號,(05)5523300
216078,雲林縣流浪動物收容所,雲林縣流浪動物收容所,混種犬,1,M,BIG,黑色,ADULT,T,https://www.pet.gov.tw/upload/pic/05de38d2-b420-4937-99da-75fa73582e03.jpg,莿桐鄉甘西村,2021-07-30,雲林縣斗六市雲林路二段517號,(05)5523300
206738,雲林縣流浪動物收容所,雲林縣流浪動物收容所,混種犬,1,F,BIG,黑色,ADULT,T,https://www.pet.gov.tw/upload/pic/1774494882241.png,莿桐鄉甘西村,2021-05-14,雲林縣斗六市雲林路二段517號,(05)5523300
91860,雲林縣流浪動物收容所,雲林縣流浪動物收容所,混種犬,1,F,BIG,白色,,T,https://www.pet.gov.tw/upload/pic/1774494602068.png,口湖鄉梧南村,2019-04-03,雲林縣斗六市雲林路二段517號,(05)5523300
408749,雲林縣流浪動物收容所,雲林縣流浪動物收容所,混種犬,1,F,BIG,黑黃色,ADULT,T,https://www.pet.gov.tw/upload/pic/1749436769129.png,麥寮鄉後安村,2025-06-13,雲林縣斗六市雲林路二段517號,(05)5523300
446918,臺北市動物之家,臺北市動物之家,混種犬,1,F,MEDIUM,黃色,ADULT,T,https://www.pet.gov.tw/upload/pic/1774493050413.png,,2026-03-26,臺北市內湖區安美街191號,(02)87913254
43218,雲林縣流浪動物收容所,雲林縣流浪動物收容所,混種犬,1,F,BIG,黃色,,T,https://www.pet.gov.tw/upload/pic/a5e1222c-2824-4d17-a5f1-68f85a9062d2.jpg,斗南鎮新崙里,2018-04-03,雲林縣斗六市雲林路二段517號,(05)5523300
32682,雲林縣流浪動物收容所,雲林縣流浪動物收容所,混種犬,1,M,BIG,黃色,,T,https://www.pet.gov.tw/upload/pic/4e092132-9904-487b-80d8-5d2f1dc63e28.jpg,斗六市雲林路,2018-01-02,雲林縣斗六市雲林路二段517號,(05)5523300
277574,雲林縣流浪動物收容所,雲林縣流浪動物收容所,混種犬,1,M,MEDIUM,黑色,ADULT,F,https://www.pet.gov.tw/upload/pic/1774432068119.png,大埤鄉豐岡村,2022-10-07,雲林縣斗六市雲林路二段517號,(05)5523300
350041,雲林縣流浪動物收容所,雲林縣流浪動物收容所,混種犬,1,M,BIG,黃色,ADULT,T,https://www.pet.gov.tw/upload/pic/1710386866077.png,古坑鄉古坑村,2024-03-12,雲林縣斗六市雲林路二段517號,(05)5523300
430485,雲林縣流浪動物收容所,雲林縣流浪動物收容所,混種犬,1,F,BIG,虎斑色,ADULT,T,https://www.pet.gov.tw/upload/pic/1762855412417.png,西螺鎮頂湳里,2025-11-14,雲林縣斗六市雲林路二段517號,(05)5523300
438462,雲林縣流浪動物收容所,雲林縣流浪動物收容所,混種犬,1,M,BIG,黑棕色,ADULT,T,https://www.pet.gov.tw/upload/pic/1768264486462.png,西螺果菜市場,2026-01-16,雲林縣斗六市雲林路二段517號,(05)5523300
437579,雲林縣流浪動物收容所,雲林縣流浪動物收容所,混種犬,1,M,BIG,黃色,ADULT,T,https://www.pet.gov.tw/upload/pic/1767605654648.png,斗南鎮阿丹里,2026-01-09,雲林縣斗六市雲林路二段517號,(05)5523300
441342,雲林縣流浪動物收容所,雲林縣流浪動物收容所,混種犬,1,M,BIG,黃色,ADULT,T,https://www.pet.gov.tw/upload/pic/1770024074299.png,斗六市長安路,2026-02-06,雲林縣斗六市雲林路二段517號,(05)5523300
441344,雲林縣流浪動物收容所,雲林縣流浪動物收容所,混種犬,1,F,BIG,黑棕色,ADULT,T,https://www.pet.gov.tw/upload/pic/1770024129941.png,斗六市北環路,2026-02-06,雲林縣斗六市雲林路二段517號,(05)5523300
441347,雲林縣流浪動物收容所,雲林縣流浪動物收容所,混種犬,1,M,BIG,黑色,ADULT,T,https://www.pet.gov.tw/upload/pic/1770024191480.png,斗六市莊敬路,2026-02-06,雲林縣斗六市雲林路二段517號,(05)5523300
444111,新北市瑞芳區公立動物之家,新北市瑞芳區公立動物之家,貴賓犬,0,M,SMALL,黃色,ADULT,T,https://www.pet.gov.tw/upload/pic/1772602075130.png,瑞芳區,2026-03-24,新北市瑞芳區中坑路3號(瑞芳清潔隊廠區內),(02)24063481
36419,新北市三芝區公立動物之家,新北市三芝區公立動物之家,混種犬,1,M,SMALL,黃虎斑色,ADULT,T,https://www.pet.gov.tw/upload/pic/1730182045008.png,淡海路171號,2018-03-19,新北市三芝區青山路(龍巖人本旁),(02)26365436
444197,彰化縣流浪狗中途之家,彰化縣流浪狗中途之家,混種犬,1,F,MEDIUM,,ADULT,T,https://www.pet.gov.tw/upload/pic/1772674195081.png,太平路568巷5弄2號,2026-03-25,彰化縣員林市大峰里阿寶巷426號(大門入口請由彰化縣芬園鄉大彰路一段875巷進入走到底),(04)8590638
444195,彰化縣流浪狗中途之家,彰化縣流浪狗中途之家,混種犬,1,F,MEDIUM,黃白色,ADULT,T,https://www.pet.gov.tw/upload/pic/1772674072027.png,太平路568巷5弄2號,2026-03-25,彰化縣員林市大峰里阿寶巷426號(大門入口請由彰化縣芬園鄉大彰路一段875巷進入走到底),(04)8590638
444194,彰化縣流浪狗中途之家,彰化縣流浪狗中途之家,混種犬,1,F,MEDIUM,,ADULT,T,https://www.pet.gov.tw/upload/pic/1772674016151.png,太平路568巷5弄2號,2026-03-25,彰化縣員林市大峰里阿寶巷426號(大門入口請由彰化縣芬園鄉大彰路一段875巷進入走到底),(04)8590638
444193,彰化縣流浪狗中途之家,彰化縣流浪狗中途之家,混種犬,1,F,MEDIUM,,ADULT,T,https://www.pet.gov.tw/upload/pic/1772673961364.png,太平路568巷5弄2號,2026-03-25,彰化縣員林市大峰里阿寶巷426號(大門入口請由彰化縣芬園鄉大彰路一段875巷進入走到底),(04)8590638
350223,花蓮縣狗貓躍動園區,花蓮縣狗貓躍動園區,混種犬,1,F,MEDIUM,黑白色,ADULT,T,https://www.pet.gov.tw/upload/pic/1723799384403.png,重慶市場,2024-06-18,花蓮縣鳳林鎮林榮里永豐路255號,(03)8421452
339136,花蓮縣狗貓躍動園區,花蓮縣狗貓躍動園區,混種犬,1,F,MEDIUM,黃白色,ADULT,T,https://www.pet.gov.tw/upload/pic/1702706630960.png,,2023-12-16,花蓮縣鳳林鎮林榮里永豐路255號,(03)8421452
31610,臺北市動物之家,臺北市動物之家,混種犬,1,M,MEDIUM,虎斑色,ADULT,T,https://www.pet.gov.tw/upload/pic/4a7abfb8-b975-4467-aaef-79c5ad9dcbfe.jpg,菁山路101巷,2017-10-09,臺北市內湖區安美街191號,(02)87913254
445781,澎湖縣流浪動物收容中心,澎湖縣流浪動物收容中心,混種犬,1,M,BIG,黑色,ADULT,F,https://www.pet.gov.tw/upload/pic/1773997876475.png,,2026-03-31,澎湖縣馬公市烏崁里260、261號,(06)9213559
427556,新竹縣動物保護教育園區,新竹縣動物保護教育園區,比利時狼犬,0,M,BIG,,ADULT,T,https://www.pet.gov.tw/upload/pic/1761662489160.png,,2025-11-14,新竹縣竹北市縣政五街192號,(03)5519548
260342,雲林縣流浪動物收容所,雲林縣流浪動物收容所,混種犬,1,M,BIG,黑色,ADULT,T,https://www.pet.gov.tw/upload/pic/1774255984812.png,崙背鄉五魁村,2022-06-17,雲林縣斗六市雲林路二段517號,(05)5523300
346479,雲林縣流浪動物收容所,雲林縣流浪動物收容所,混種犬,1,M,MEDIUM,黃色,ADULT,T,https://www.pet.gov.tw/upload/pic/1774255626238.png,林內鄉新光路,2024-02-16,雲林縣斗六市雲林路二段517號,(05)5523300
346491,雲林縣流浪動物收容所,雲林縣流浪動物收容所,混種犬,1,M,BIG,黑色,ADULT,T,https://www.pet.gov.tw/upload/pic/1774255446836.png,林內鄉新光路,2024-02-16,雲林縣斗六市雲林路二段517號,(05)5523300
346493,雲林縣流浪動物收容所,雲林縣流浪動物收容所,混種犬,1,F,MEDIUM,黑黃色,ADULT,T,https://www.pet.gov.tw/upload/pic/1758166777275.png,林內鄉新光路,2024-02-16,雲林縣斗六市雲林路二段517號,(05)5523300
366085,雲林縣流浪動物收容所,雲林縣流浪動物收容所,混種犬,1,M,BIG,黑色,ADULT,T,https://www.pet.gov.tw/upload/pic/1721004909150.png,斗六市重光北路,2024-07-12,雲林縣斗六市雲林路二段517號,(05)5523300
216079,雲林縣流浪動物收容所,雲林縣流浪動物收容所,混種犬,1,M,BIG,黑色,ADULT,T,https://www.pet.gov.tw/upload/pic/1774252248064.png,莿桐鄉甘西村,2021-07-30,雲林縣斗六市雲林路二段517號,(05)5523300
443875,苗栗縣動物保護教育園區,苗栗縣動物保護教育園區,混種犬,1,M,BIG,黃色,ADULT,T,https://www.pet.gov.tw/upload/pic/1772500936496.png,銅鑼鄉中平村,2026-03-03,苗栗縣銅鑼鄉朝陽村6鄰朝北55-1號(地圖：https:／／goo.gl/maps/Bd4sckpEPsrof7Qb8),(037)558228
193317,臺北市動物之家,臺北市動物之家,混種犬,1,M,MEDIUM,黃色,ADULT,T,https://www.pet.gov.tw/upload/pic/c3a1a30d-674a-4ed8-98a3-092dfd33d48c.jpg,學園路,2021-04-10,臺北市內湖區安美街191號,(02)87913254
445852,宜蘭縣流浪動物中途之家,宜蘭縣流浪動物中途之家,混種犬,1,F,BIG,黑色,ADULT,N,https://www.pet.gov.tw/upload/pic/1773996175560.png,復興路,2026-03-17,宜蘭縣五結鄉成興村利寶路60號,(03)9602350620
446287,新北市八里區公立動物之家,新北市八里區公立動物之家,柴犬,0,F,MEDIUM,黃色,ADULT,T,https://www.pet.gov.tw/upload/pic/1773990795836.png,八里區中華路二段,,新北市八里區長坑里6鄰長坑道路36號,(02)26194428
446262,高雄市燕巢動物保護關愛園區,高雄市燕巢動物保護關愛園區,混種犬,1,M,BIG,黑色,ADULT,T,https://www.pet.gov.tw/upload/pic/1773989757326.png,吉山,2026-03-20,高雄市燕巢區師大路98號,(07)6051002
443516,花蓮縣狗貓躍動園區,花蓮縣狗貓躍動園區,混種犬,1,M,MEDIUM,黑色,ADULT,T,https://www.pet.gov.tw/upload/pic/1772075931670.png,,2026-03-21,花蓮縣鳳林鎮林榮里永豐路255號,(03)8421452
443517,花蓮縣狗貓躍動園區,花蓮縣狗貓躍動園區,混種犬,1,M,MEDIUM,黑色,ADULT,T,https://www.pet.gov.tw/upload/pic/1772075825222.png,,2026-03-21,花蓮縣鳳林鎮林榮里永豐路255號,(03)8421452
76081,桃園市動物保護教育園區,桃園市動物保護教育園區,混種犬,1,F,MEDIUM,黑白色,ADULT,F,https://www.pet.gov.tw/upload/pic/5bd7e555-43a0-41e6-9170-d0ca97004e64.JPG,頭洲里高鐡南路６段,2018-12-10,桃園市新屋區永興里3鄰藻礁路1668號,(03)4861760
416458,桃園市動物保護教育園區,桃園市動物保護教育園區,柴犬,0,M,MEDIUM,黃色,ADULT,F,https://www.pet.gov.tw/upload/pic/1753932157235.png,龍興里龍岡路三段６９２巷,2025-09-16,桃園市新屋區永興里3鄰藻礁路1668號,(03)4861760
441548,高雄市燕巢動物保護關愛園區,高雄市燕巢動物保護關愛園區,混種犬,1,M,SMALL,黃色,CHILD,F,https://www.pet.gov.tw/upload/pic/1770108743160.png,,2026-02-03,高雄市燕巢區師大路98號,(07)6051002
446135,桃園市動物保護教育園區,桃園市動物保護教育園區,混種犬,1,F,MEDIUM,黃色,ADULT,T,https://www.pet.gov.tw/upload/pic/1773902390219.png,高榮里幼獅路一段,,桃園市新屋區永興里3鄰藻礁路1668號,(03)4861760
331252,新北市新店區公立動物之家,新北市新店區公立動物之家,比特犬,0,F,MEDIUM,黃色,ADULT,T,https://www.pet.gov.tw/upload/pic/1734495200834.png,新潭路1段140巷11號,2024-03-14,新北市新店區安泰路235號,(02)22159462
316107,臺北市動物之家,臺北市動物之家,混種犬,1,M,MEDIUM,黃色,ADULT,T,https://www.pet.gov.tw/upload/pic/1688953937887.png,菸廠路與光復南路交叉口,2023-07-15,臺北市內湖區安美街191號,(02)87913254
444883,臺中市動物之家后里園區,臺中市動物之家后里園區,威爾斯柯基犬,0,F,MEDIUM,黃白色,ADULT,T,https://www.pet.gov.tw/upload/pic/1773121441609.png,進化路,2026-03-10,臺中市后里區堤防路370號,(04)25588024
196858,桃園市動物保護教育園區,桃園市動物保護教育園區,混種犬,1,F,MEDIUM,黃色,ADULT,F,https://www.pet.gov.tw/upload/pic/0ce81d2d-28e4-49a6-a29e-b9cf99fa5caf.jpg,鹽務路５４巷,2025-12-23,桃園市新屋區永興里3鄰藻礁路1668號,(03)4861760
446113,桃園市動物保護教育園區,桃園市動物保護教育園區,混種犬,1,F,MEDIUM,黑色,ADULT,T,https://www.pet.gov.tw/upload/pic/1773893186055.png,,2026-03-19,桃園市新屋區永興里3鄰藻礁路1668號,(03)4861760
442679,新北市新店區公立動物之家,新北市新店區公立動物之家,混種犬,1,M,MEDIUM,白色,ADULT,T,https://www.pet.gov.tw/upload/pic/1770879068403.png,新店區中生路,2026-02-24,新北市新店區安泰路235號,(02)22159462
436942,南投縣公立動物收容所,南投縣公立動物收容所,混種犬,1,F,MEDIUM,黑色,ADULT,T,https://www.pet.gov.tw/upload/pic/1767149148769.png,中山路一段,2026-03-18,南投縣南投市嶺興路36-1號,(049)2225440
421772,花蓮縣狗貓躍動園區,花蓮縣狗貓躍動園區,混種犬,1,M,MEDIUM,棕色,ADULT,T,https://www.pet.gov.tw/upload/pic/1757490396325.png,,2026-03-02,花蓮縣鳳林鎮林榮里永豐路255號,(03)8421452
397271,花蓮縣狗貓躍動園區,花蓮縣狗貓躍動園區,混種犬,1,F,MEDIUM,黃虎斑色,ADULT,T,https://www.pet.gov.tw/upload/pic/1741676576589.png,玉里鎮陸輝瀝青廠,2025-03-29,花蓮縣鳳林鎮林榮里永豐路255號,(03)8421452
443638,新北市中和區公立動物之家,新北市中和區公立動物之家,混種犬,1,F,MEDIUM,黃色,ADULT,T,https://www.pet.gov.tw/upload/pic/1772262797035.png,中和區員山路,2026-02-28,新北市中和區興南路三段100號,(02)86685547
435713,嘉義市動物保護教育園區,嘉義市動物保護教育園區,混種犬,1,M,SMALL,黃白色,ADULT,T,https://www.pet.gov.tw/upload/pic/1766131717589.png,世賢路三段八掌派出所,2026-03-17,嘉義市彌陀路31號,(05)2168661
445883,臺南市動物之家善化站,臺南市動物之家善化站,法國鬥牛犬,0,F,SMALL,黃色,ADULT,F,https://www.pet.gov.tw/upload/pic/1773736536966.png,,,臺南市善化區昌隆里東勢寮1-19號,(06)5832399
445825,苗栗縣動物保護教育園區,苗栗縣動物保護教育園區,混種犬,1,F,BIG,黃色,ADULT,T,https://www.pet.gov.tw/upload/pic/1773728361150.png,銅鑼鄉興隆村,2026-03-17,苗栗縣銅鑼鄉朝陽村6鄰朝北55-1號(地圖：https:／／goo.gl/maps/Bd4sckpEPsrof7Qb8),(037)558228
363095,臺南市動物之家灣裡站,臺南市動物之家灣裡站,混種犬,1,F,MEDIUM,黑色,ADULT,T,https://www.pet.gov.tw/upload/pic/1719044972805.png,中華南路二段233巷236號,2026-03-17,臺南市南區省躬里14鄰萬年路580巷92號,(06)2964439
47238,新北市三芝區公立動物之家,新北市三芝區公立動物之家,混種犬,1,F,MEDIUM,咖啡色,ADULT,F,https://www.pet.gov.tw/upload/pic/1756342919637.png,認養退回,2018-02-27,新北市三芝區青山路(龍巖人本旁),(02)26365436
379191,新北市三芝區公立動物之家,新北市三芝區公立動物之家,混種犬,1,M,MEDIUM,黑色,CHILD,F,https://www.pet.gov.tw/upload/pic/1738801588831.png,,2025-02-21,新北市三芝區青山路(龍巖人本旁),(02)26365436
445732,新北市八里區公立動物之家,新北市八里區公立動物之家,柴犬,0,M,MEDIUM,黃色,ADULT,F,https://www.pet.gov.tw/upload/pic/1773652577048.png,新莊區中華路一段,2026-03-28,新北市八里區長坑里6鄰長坑道路36號,(02)26194428
440295,花蓮縣狗貓躍動園區,花蓮縣狗貓躍動園區,混種犬,1,F,MEDIUM,白色,ADULT,T,https://www.pet.gov.tw/upload/pic/1769406324081.png,,2026-02-27,花蓮縣鳳林鎮林榮里永豐路255號,(03)8421452
416758,臺北市動物之家,臺北市動物之家,混種犬,1,F,MEDIUM,黑色,ADULT,T,https://www.pet.gov.tw/upload/pic/1754196370857.png,,2025-08-03,臺北市內湖區安美街191號,(02)87913254
445625,臺南市動物之家善化站,臺南市動物之家善化站,混種犬,1,F,MEDIUM,黑色,ADULT,N,https://www.pet.gov.tw/upload/pic/1773628026914.png,,2026-03-23,臺南市善化區昌隆里東勢寮1-19號,(06)5832399
443391,臺中市動物之家后里園區,臺中市動物之家后里園區,混種犬,1,F,MEDIUM,棕色,ADULT,T,https://www.pet.gov.tw/upload/pic/1773624260162.png,甲后路四段527號,2026-03-16,臺中市后里區堤防路370號,(04)25588024
277743,澎湖縣流浪動物收容中心,澎湖縣流浪動物收容中心,混種犬,1,M,BIG,黑色,ADULT,T,https://www.pet.gov.tw/upload/pic/1727265048857.png,蒔裡里89號附近,2022-10-18,澎湖縣馬公市烏崁里260、261號,(06)9213559
112127,臺北市動物之家,臺北市動物之家,混種犬,1,M,SMALL,黑虎斑色,CHILD,T,https://www.pet.gov.tw/upload/pic/1671599552982.png,永公路245巷43弄,2021-04-11,臺北市內湖區安美街191號,(02)87913254
445545,高雄市燕巢動物保護關愛園區,高雄市燕巢動物保護關愛園區,混種犬,1,M,BIG,黑色,CHILD,F,https://www.pet.gov.tw/upload/pic/1773476399645.png,安招路,,高雄市燕巢區師大路98號,(07)6051002
445012,雲林縣流浪動物收容所,雲林縣流浪動物收容所,混種犬,1,F,BIG,黑色,ADULT,T,https://www.pet.gov.tw/upload/pic/1773391134284.png,麥寮鄉海豐村,2026-03-13,雲林縣斗六市雲林路二段517號,(05)5523300
350126,澎湖縣流浪動物收容中心,澎湖縣流浪動物收容中心,混種犬,1,M,BIG,虎斑色,ADULT,T,https://www.pet.gov.tw/upload/pic/1710462175812.png,石泉國小前,2024-03-27,澎湖縣馬公市烏崁里260、261號,(06)9213559
444895,臺北市動物之家,臺北市動物之家,混種犬,1,M,MEDIUM,黑色,ADULT,T,https://www.pet.gov.tw/upload/pic/1773123726595.png,復興三路152巷,2026-03-17,臺北市內湖區安美街191號,(02)87913254
445444,新北市八里區公立動物之家,新北市八里區公立動物之家,混種犬,1,F,MEDIUM,黑白色,ADULT,T,https://www.pet.gov.tw/upload/pic/1773385579762.png,八里區長道坑5鄰,2026-03-13,新北市八里區長坑里6鄰長坑道路36號,(02)26194428
190635,新北市中和區公立動物之家,新北市中和區公立動物之家,混種犬,1,F,MEDIUM,虎斑色,ADULT,T,https://www.pet.gov.tw/upload/pic/1758979731927.png,外縣市,2020-12-30,新北市中和區興南路三段100號,(02)86685547
445405,臺南市動物之家善化站,臺南市動物之家善化站,混種犬,1,M,MEDIUM,白色,ADULT,N,https://www.pet.gov.tw/upload/pic/1773372309705.png,,2026-03-20,臺南市善化區昌隆里東勢寮1-19號,(06)5832399
437630,新北市五股區公立動物之家,新北市五股區公立動物之家,混種犬,1,M,MEDIUM,黑色,ADULT,T,https://www.pet.gov.tw/upload/pic/1767672991406.png,五股區五股五權路55號,2026-01-06,新北市五股區外寮路9-9號,(02)82925265
403694,嘉義市動物保護教育園區,嘉義市動物保護教育園區,混種犬,1,M,MEDIUM,黑色,ADULT,T,https://www.pet.gov.tw/upload/pic/1746002665843.png,民生南路466巷9號,2025-06-18,嘉義市彌陀路31號,(05)2168661
442738,臺中市動物之家后里園區,臺中市動物之家后里園區,貴賓犬,0,M,MEDIUM,棕色,ADULT,T,https://www.pet.gov.tw/upload/pic/1773363553362.png,雅潭路二段399巷,2026-03-13,臺中市后里區堤防路370號,(04)25588024
445348,臺南市動物之家善化站,臺南市動物之家善化站,混種犬,1,M,SMALL,黑白色,CHILD,N,https://www.pet.gov.tw/upload/pic/1773307125640.png,,2026-03-19,臺南市善化區昌隆里東勢寮1~19號,(06)5832399
445347,臺南市動物之家善化站,臺南市動物之家善化站,混種犬,1,F,SMALL,黑白色,CHILD,N,https://www.pet.gov.tw/upload/pic/1773307037805.png,,2026-03-19,臺南市善化區昌隆里東勢寮1~19號,(06)5832399
445213,臺南市動物之家善化站,臺南市動物之家善化站,哈士奇(西伯利亞雪橇犬),0,M,MEDIUM,灰白色,ADULT,N,https://www.pet.gov.tw/upload/pic/1773286878435.png,,2026-03-12,臺南市善化區昌隆里東勢寮1~19號,(06)5832399
445235,臺南市動物之家善化站,臺南市動物之家善化站,哈士奇(西伯利亞雪橇犬),0,F,MEDIUM,棕色,ADULT,N,https://www.pet.gov.tw/upload/pic/1773290055549.png,,2026-03-12,臺南市善化區昌隆里東勢寮1~19號,(06)5832399
287024,臺北市動物之家,臺北市動物之家,混種犬,1,M,MEDIUM,黑色,ADULT,T,https://www.pet.gov.tw/upload/pic/1670568478546.png,興雅里 基隆路一段,2023-05-15,臺北市內湖區安美街191號,(02)87913254
445070,臺南市動物之家善化站,臺南市動物之家善化站,混種犬,1,M,MEDIUM,虎斑色,ADULT,N,https://www.pet.gov.tw/upload/pic/1773208283474.png,,2026-03-18,臺南市善化區昌隆里東勢寮1~19號,(06)5832399
444926,宜蘭縣流浪動物中途之家,宜蘭縣流浪動物中途之家,混種犬,1,F,BIG,白色,ADULT,N,https://www.pet.gov.tw/upload/pic/1773200036388.png,中山路,2026-03-10,宜蘭縣五結鄉成興村利寶路60號,(03)9602350620
289413,臺南市動物之家灣裡站,臺南市動物之家灣裡站,混種犬,1,M,MEDIUM,花白色,ADULT,F,https://www.pet.gov.tw/upload/pic/1672131528103.png,三民街38號,2026-03-11,臺南市南區省躬里14鄰萬年路580巷92號,(06)2964439
429267,臺南市動物之家灣裡站,臺南市動物之家灣裡站,混種犬,1,F,MEDIUM,黃色,ADULT,T,https://www.pet.gov.tw/upload/pic/1762162925022.png,復興路1巷3弄21號,2026-03-11,臺南市南區省躬里14鄰萬年路580巷92號,(06)2964439
444991,臺南市動物之家善化站,臺南市動物之家善化站,混種犬,1,M,MEDIUM,黑色,ADULT,N,https://www.pet.gov.tw/upload/pic/1773134649814.png,,2026-03-17,臺南市善化區昌隆里東勢寮1~19號,(06)5832399
444987,臺南市動物之家善化站,臺南市動物之家善化站,混種犬,1,M,MEDIUM,黃色,ADULT,N,https://www.pet.gov.tw/upload/pic/1773134421500.png,,2026-03-17,臺南市善化區昌隆里東勢寮1~19號,(06)5832399
444983,臺南市動物之家善化站,臺南市動物之家善化站,混種犬,1,M,MEDIUM,黑白色,ADULT,N,https://www.pet.gov.tw/upload/pic/1773134010720.png,,2026-03-17,臺南市善化區昌隆里東勢寮1~19號,(06)5832399
444880,臺東縣動物收容中心,臺東縣動物收容中心,混種犬,1,F,SMALL,黃色,CHILD,N,https://www.pet.gov.tw/upload/pic/1773119708101.png,柏霖養護中心,2026-03-10,臺東縣臺東市中華路4段999巷600號,(089)362011
438078,臺北市動物之家,臺北市動物之家,混種犬,1,F,MEDIUM,黃色,ADULT,T,https://www.pet.gov.tw/upload/pic/1767855517068.png,大業路５２７巷,2026-02-24,臺北市內湖區安美街191號,(02)87913254
61294,臺北市動物之家,臺北市動物之家,混種犬,1,M,SMALL,黑色,CHILD,T,https://www.pet.gov.tw/upload/pic/694fa7a2-9195-43f9-a9d0-4d5079f1b8c8.jpg,東昇路,2021-04-11,臺北市內湖區安美街191號,(02)87913254
444851,新北市瑞芳區公立動物之家,新北市瑞芳區公立動物之家,混種犬,1,M,BIG,黑色,ADULT,T,https://www.pet.gov.tw/upload/pic/1773107433997.png,大寮路,2026-03-10,新北市瑞芳區中坑路3號(瑞芳清潔隊廠區內),(02)24063481
280159,臺南市動物之家灣裡站,臺南市動物之家灣裡站,混種犬,1,M,MEDIUM,虎斑色,ADULT,N,https://www.pet.gov.tw/upload/pic/a9f57c89-36bb-44fd-9a78-e9da380f2644.JPG,鯤鯓里252號,2026-03-10,臺南市南區省躬里14鄰萬年路580巷92號,(06)2964439
432407,臺南市動物之家灣裡站,臺南市動物之家灣裡站,混種犬,1,F,MEDIUM,虎斑色,ADULT,T,https://www.pet.gov.tw/upload/pic/1764147159167.png,過嶺路10號,2026-03-10,臺南市南區省躬里14鄰萬年路580巷92號,(06)2964439
244955,臺南市動物之家灣裡站,臺南市動物之家灣裡站,混種犬,1,M,MEDIUM,虎斑色,ADULT,F,https://www.pet.gov.tw/upload/pic/10946dbd-e07c-4e48-8e2c-a86374cd1450.JPG,苓和,2026-03-10,臺南市南區省躬里14鄰萬年路580巷92號,(06)2964439
444820,臺南市動物之家善化站,臺南市動物之家善化站,混種犬,1,M,MEDIUM,黃色,ADULT,N,https://www.pet.gov.tw/upload/pic/1773102847081.png,,2026-03-16,臺南市善化區昌隆里東勢寮1~19號,(06)5832399
444557,宜蘭縣流浪動物中途之家,宜蘭縣流浪動物中途之家,混種犬,1,F,BIG,黑色,ADULT,N,https://www.pet.gov.tw/upload/pic/1773026315638.png,林美路,2026-03-09,宜蘭縣五結鄉成興村利寶路60號,(03)9602350620
443884,雲林縣流浪動物收容所,雲林縣流浪動物收容所,混種犬,1,M,BIG,黑色,ADULT,T,https://www.pet.gov.tw/upload/pic/1773017931080.png,斗六夜市,2026-03-06,雲林縣斗六市雲林路二段517號,(05)5523300
443885,雲林縣流浪動物收容所,雲林縣流浪動物收容所,混種犬,1,M,BIG,黑色,ADULT,T,https://www.pet.gov.tw/upload/pic/1773017810189.png,斗六市嘉祿路,2026-03-06,雲林縣斗六市雲林路二段517號,(05)5523300
443894,雲林縣流浪動物收容所,雲林縣流浪動物收容所,混種犬,1,F,MEDIUM,黑黃色,ADULT,T,https://www.pet.gov.tw/upload/pic/1773019332410.png,水林鄉尖山村,2026-03-06,雲林縣斗六市雲林路二段517號,(05)5523300
444483,臺南市動物之家善化站,臺南市動物之家善化站,混種犬,1,F,BIG,黑色,ADULT,N,https://www.pet.gov.tw/upload/pic/1772873765338.png,,2026-03-07,臺南市善化區昌隆里東勢寮1~19號,(06)5832399
444482,臺南市動物之家善化站,臺南市動物之家善化站,混種犬,1,M,BIG,黑色,ADULT,N,https://www.pet.gov.tw/upload/pic/1772873688367.png,,2026-03-07,臺南市善化區昌隆里東勢寮1~19號,(06)5832399
343551,新北市五股區公立動物之家,新北市五股區公立動物之家,混種犬,1,F,MEDIUM,虎斑色,CHILD,T,https://www.pet.gov.tw/upload/pic/1718784552426.png,興林一街86巷空地,2024-01-18,新北市五股區外寮路9-9號,(02)82925265
322807,新北市五股區公立動物之家,新北市五股區公立動物之家,混種犬,1,F,MEDIUM,黑色,ADULT,T,https://www.pet.gov.tw/upload/pic/1718429984673.png,河堤,2023-08-28,新北市五股區外寮路9-9號,(02)82925265
36094,新北市五股區公立動物之家,新北市五股區公立動物之家,混種犬,1,F,MEDIUM,黑白色,ADULT,F,https://www.pet.gov.tw/upload/pic/1718784616542.png,下福里,2021-10-05,新北市五股區外寮路9-9號,(02)82925265
444441,南投縣公立動物收容所,南投縣公立動物收容所,混種犬,1,M,MEDIUM,黃色,ADULT,T,https://www.pet.gov.tw/upload/pic/1772844871034.png,文化路,2026-03-06,南投縣南投市嶺興路36-1號,(049)2225440
444421,臺南市動物之家善化站,臺南市動物之家善化站,混種犬,1,M,MEDIUM,黃虎斑色,ADULT,N,https://www.pet.gov.tw/upload/pic/1772785604631.png,,2026-03-13,臺南市善化區昌隆里東勢寮1~19號,(06)5832399
444419,臺南市動物之家善化站,臺南市動物之家善化站,混種犬,1,F,MEDIUM,黃色,ADULT,N,https://www.pet.gov.tw/upload/pic/1772785577921.png,,2026-03-13,臺南市善化區昌隆里東勢寮1~19號,(06)5832399
444414,臺南市動物之家善化站,臺南市動物之家善化站,混種犬,1,F,MEDIUM,黃色,ADULT,N,https://www.pet.gov.tw/upload/pic/1772785546130.png,,2026-03-13,臺南市善化區昌隆里東勢寮1~19號,(06)5832399
385364,南投縣公立動物收容所,南投縣公立動物收容所,混種犬,1,F,MEDIUM,黑黃色,ADULT,T,https://www.pet.gov.tw/upload/pic/1733367136265.png,隆生路,2024-12-04,南投縣南投市嶺興路36-1號,(049)2225440
402399,南投縣公立動物收容所,南投縣公立動物收容所,比特犬,0,M,MEDIUM,黃色,ADULT,T,https://www.pet.gov.tw/upload/pic/1745290339594.png,虎門巷,,南投縣南投市嶺興路36-1號,(049)2225440
444360,新北市新店區公立動物之家,新北市新店區公立動物之家,迷你雪納瑞,0,F,SMALL,黑白色,ADULT,F,https://www.pet.gov.tw/upload/pic/1772759823379.png,深坑區北深路二段43號,,新北市新店區安泰路235號,(02)22159462
179281,臺北市動物之家,臺北市動物之家,混種犬,1,M,MEDIUM,虎斑色,ADULT,T,https://www.pet.gov.tw/upload/pic/1674176337510.png,延平北路5段,2021-04-11,臺北市內湖區安美街191號,(02)87913254
397722,南投縣公立動物收容所,南投縣公立動物收容所,混種犬,1,M,MEDIUM,黑白色,ADULT,T,https://www.pet.gov.tw/upload/pic/1741917302576.png,北埔街,2025-03-13,南投縣南投市嶺興路36-1號,(049)2225440
439399,花蓮縣狗貓躍動園區,花蓮縣狗貓躍動園區,混種犬,1,F,MEDIUM,黑色,ADULT,T,https://www.pet.gov.tw/upload/pic/1768809466820.png,民有街,2026-03-06,花蓮縣鳳林鎮林榮里永豐路255號,(03)8421452
444223,宜蘭縣流浪動物中途之家,宜蘭縣流浪動物中途之家,混種犬,1,F,BIG,黑色,ADULT,N,https://www.pet.gov.tw/upload/pic/1772683191082.png,興東路,2026-03-05,宜蘭縣五結鄉成興村利寶路60號,(03)9602350620
442907,新北市五股區公立動物之家,新北市五股區公立動物之家,貴賓犬,0,F,SMALL,黑色,ADULT,F,https://www.pet.gov.tw/upload/pic/1771230717254.png,蘆洲區永樂街38巷19弄,2026-03-03,新北市五股區外寮路9-9號,(02)82925265
444221,宜蘭縣流浪動物中途之家,宜蘭縣流浪動物中途之家,混種犬,1,F,BIG,棕黑色,ADULT,N,https://www.pet.gov.tw/upload/pic/1772683118994.png,大隱一路,2026-03-05,宜蘭縣五結鄉成興村利寶路60號,(03)9602350620
443995,宜蘭縣流浪動物中途之家,宜蘭縣流浪動物中途之家,混種犬,1,M,BIG,黑色,ADULT,N,https://www.pet.gov.tw/upload/pic/1772683070906.png,北宜路一段,2026-03-03,宜蘭縣五結鄉成興村利寶路60號,(03)9602350620
200437,新北市淡水區公立動物之家,新北市淡水區公立動物之家,混種犬,1,M,MEDIUM,虎斑色,ADULT,T,https://www.pet.gov.tw/upload/pic/1720694732236.png,淡水區興仁里興仁路108號,2021-03-29,新北市淡水區下圭柔山91之3號,(02)26267558
377954,新北市淡水區公立動物之家,新北市淡水區公立動物之家,混種犬,1,M,MEDIUM,黑色,ADULT,F,https://www.pet.gov.tw/upload/pic/1728979222525.png,新民街,2024-10-15,新北市淡水區下圭柔山91之3號,(02)26267558
412021,新北市淡水區公立動物之家,新北市淡水區公立動物之家,混種犬,1,M,MEDIUM,黑色,ADULT,T,https://www.pet.gov.tw/upload/pic/1750830668211.png,忠寮里長通報,2025-07-02,新北市淡水區下圭柔山91之3號,(02)26267558
377053,新北市淡水區公立動物之家,新北市淡水區公立動物之家,混種犬,1,F,MEDIUM,棕灰色,ADULT,F,https://www.pet.gov.tw/upload/pic/1728459012251.png,,2024-10-09,新北市淡水區下圭柔山91之3號,(02)26267558
419133,新北市淡水區公立動物之家,新北市淡水區公立動物之家,混種犬,1,F,MEDIUM,黑色,ADULT,T,https://www.pet.gov.tw/upload/pic/1755760082248.png,,2026-02-24,新北市淡水區下圭柔山91之3號,(02)26267558
425249,新北市淡水區公立動物之家,新北市淡水區公立動物之家,混種犬,1,M,MEDIUM,黑色,ADULT,N,https://www.pet.gov.tw/upload/pic/1759895554524.png,,2026-03-03,新北市淡水區下圭柔山91之3號,(02)26267558
277293,新北市淡水區公立動物之家,新北市淡水區公立動物之家,混種犬,1,M,MEDIUM,黑色,ADULT,T,https://www.pet.gov.tw/upload/pic/1720695219708.png,淡水區中正路159號,2022-10-06,新北市淡水區下圭柔山91之3號,(02)26267558
436950,南投縣公立動物收容所,南投縣公立動物收容所,高山犬,0,F,BIG,黃色,ADULT,T,https://www.pet.gov.tw/upload/pic/1767150844946.png,中山路一段,2025-12-30,南投縣南投市嶺興路36-1號,(049)2225440
377056,新北市淡水區公立動物之家,新北市淡水區公立動物之家,混種犬,1,M,MEDIUM,黑色,ADULT,N,https://www.pet.gov.tw/upload/pic/1748500062934.png,,2024-10-09,新北市淡水區下圭柔山91之3號,(02)26267558
58806,新北市淡水區公立動物之家,新北市淡水區公立動物之家,混種犬,1,M,MEDIUM,黑色,ADULT,T,https://www.pet.gov.tw/upload/pic/1720692372277.png,淡水里坪頂里華國高爾夫球場,2018-07-31,新北市淡水區下圭柔山91之3號,(02)26267558
87765,新北市淡水區公立動物之家,新北市淡水區公立動物之家,混種犬,1,F,MEDIUM,黑色,ADULT,T,https://www.pet.gov.tw/upload/pic/1720693029782.png,淡水區屯山里屯山國小,2019-03-09,新北市淡水區下圭柔山91之3號,(02)26267558
87883,新北市淡水區公立動物之家,新北市淡水區公立動物之家,混種犬,1,M,MEDIUM,黑色,ADULT,T,https://www.pet.gov.tw/upload/pic/1720693354845.png,淡水區崁頂里,2019-03-11,新北市淡水區下圭柔山91之3號,(02)26267558
88442,新北市淡水區公立動物之家,新北市淡水區公立動物之家,混種犬,1,F,MEDIUM,黑黃色,ADULT,T,https://www.pet.gov.tw/upload/pic/1720693662643.png,幸福里淡水捷運站,2019-03-14,新北市淡水區下圭柔山91之3號,(02)26267558
191272,新北市淡水區公立動物之家,新北市淡水區公立動物之家,混種犬,1,M,MEDIUM,黃色,ADULT,T,https://www.pet.gov.tw/upload/pic/1720694672008.png,淡水區屯山國小,2021-01-07,新北市淡水區下圭柔山91之3號,(02)26267558
334993,新北市淡水區公立動物之家,新北市淡水區公立動物之家,混種犬,1,M,MEDIUM,黑色,ADULT,T,https://www.pet.gov.tw/upload/pic/1720695951258.png,崁頂72之3號,2023-11-17,新北市淡水區下圭柔山91之3號,(02)26267558
46559,新北市淡水區公立動物之家,新北市淡水區公立動物之家,混種犬,1,F,MEDIUM,黑色,ADULT,T,https://www.pet.gov.tw/upload/pic/1720692142161.png,小坪頂狗場,2019-02-13,新北市淡水區下圭柔山91之3號,(02)26267558
59744,新北市淡水區公立動物之家,新北市淡水區公立動物之家,混種犬,1,F,MEDIUM,黑色,ADULT,T,https://www.pet.gov.tw/upload/pic/1728277682622.png,淡水區蕃薯里小坑子頭1號,2018-08-08,新北市淡水區下圭柔山91之3號,(02)26267558
213562,新北市淡水區公立動物之家,新北市淡水區公立動物之家,混種犬,1,M,MEDIUM,黑色,ADULT,T,https://www.pet.gov.tw/upload/pic/1720694904267.png,新北市糞箕湖95號,2021-07-12,新北市淡水區下圭柔山91之3號,(02)26267558
268506,新北市淡水區公立動物之家,新北市淡水區公立動物之家,混種犬,1,M,MEDIUM,黑黃色,ADULT,T,https://www.pet.gov.tw/upload/pic/1703575087118.png,聖約翰,2022-08-05,新北市淡水區下圭柔山91之3號,(02)26267558
288046,新北市淡水區公立動物之家,新北市淡水區公立動物之家,混種犬,1,M,MEDIUM,棕色,ADULT,T,https://www.pet.gov.tw/upload/pic/1720695425457.png,正德國中賢孝校區,2022-12-15,新北市淡水區下圭柔山91之3號,(02)26267558
294115,新北市淡水區公立動物之家,新北市淡水區公立動物之家,混種犬,1,M,MEDIUM,虎斑色,ADULT,T,https://www.pet.gov.tw/upload/pic/1720695503347.png,台北市忠孝東路,2023-02-07,新北市淡水區下圭柔山91之3號,(02)26267558
279054,新北市淡水區公立動物之家,新北市淡水區公立動物之家,混種犬,1,F,MEDIUM,黃色,ADULT,T,https://www.pet.gov.tw/upload/pic/1720695285373.png,淡水區水源里,2022-10-20,新北市淡水區下圭柔山91之3號,(02)26267558
82224,新北市淡水區公立動物之家,新北市淡水區公立動物之家,混種犬,1,F,MEDIUM,黑色,ADULT,T,https://www.pet.gov.tw/upload/pic/1720693230335.png,坪頂里國華高爾夫球場,2019-01-23,新北市淡水區下圭柔山91之3號,(02)26267558
422617,新北市淡水區公立動物之家,新北市淡水區公立動物之家,混種犬,1,F,MEDIUM,黑色,ADULT,T,https://www.pet.gov.tw/upload/pic/1758005287296.png,,2025-09-19,新北市淡水區下圭柔山91之3號,(02)26267558
173997,新北市淡水區公立動物之家,新北市淡水區公立動物之家,混種犬,1,M,MEDIUM,黑色,ADULT,T,https://www.pet.gov.tw/upload/pic/1720694608329.png,新北市淡水區埤島里65號,2020-08-24,新北市淡水區下圭柔山91之3號,(02)26267558
435561,苗栗縣動物保護教育園區,苗栗縣動物保護教育園區,混種犬,1,M,BIG,黑色,ADULT,T,https://www.pet.gov.tw/upload/pic/1766039294718.png,銅鑼鄉朝楊村,2025-12-18,苗栗縣銅鑼鄉朝陽村6鄰朝北55-1號(地圖：https:／／goo.gl/maps/Bd4sckpEPsrof7Qb8),(037)558228
47770,新北市淡水區公立動物之家,新北市淡水區公立動物之家,混種犬,1,F,MEDIUM,黑色,ADULT,T,https://www.pet.gov.tw/upload/pic/1728276125369.png,番社前7-1號,2018-05-07,新北市淡水區下圭柔山91之3號,(02)26267558
434608,臺北市動物之家,臺北市動物之家,柴犬,0,M,MEDIUM,黃色,ADULT,T,https://www.pet.gov.tw/upload/pic/1765444754076.png,雙連里錦西街(原拾獲地：雙連街),2026-03-04,臺北市內湖區安美街191號,(02)87913254
52403,新北市淡水區公立動物之家,新北市淡水區公立動物之家,混種犬,1,M,MEDIUM,黑色,ADULT,T,https://www.pet.gov.tw/upload/pic/1720692708277.png,淡水區埤島里,2019-02-13,新北市淡水區下圭柔山91之3號,(02)26267558
55483,新北市淡水區公立動物之家,新北市淡水區公立動物之家,混種犬,1,F,MEDIUM,黑黃色,ADULT,T,https://www.pet.gov.tw/upload/pic/1728277472972.png,淡水區水碓路48-1號,2018-06-29,新北市淡水區下圭柔山91之3號,(02)26267558
89051,新北市淡水區公立動物之家,新北市淡水區公立動物之家,混種犬,1,M,MEDIUM,黃色,ADULT,T,https://www.pet.gov.tw/upload/pic/1728277807607.png,淡水區賢孝里八里堆5之9號,2019-03-19,新北市淡水區下圭柔山91之3號,(02)26267558
408540,新北市淡水區公立動物之家,新北市淡水區公立動物之家,混種犬,1,F,MEDIUM,黑色,ADULT,N,https://www.pet.gov.tw/upload/pic/1749186839590.png,,2025-06-01,新北市淡水區下圭柔山91之3號,(02)26267558
251064,新北市淡水區公立動物之家,新北市淡水區公立動物之家,混種犬,1,M,MEDIUM,黑色,ADULT,T,https://www.pet.gov.tw/upload/pic/1720695091830.png,淡水區沙崙路133號,2022-04-25,新北市淡水區下圭柔山91之3號,(02)26267558
145527,新北市淡水區公立動物之家,新北市淡水區公立動物之家,混種犬,1,F,MEDIUM,黑色,ADULT,T,https://www.pet.gov.tw/upload/pic/1720693771891.png,清潔隊垃圾轉運站,2020-02-20,新北市淡水區下圭柔山91之3號,(02)26267558
153924,新北市淡水區公立動物之家,新北市淡水區公立動物之家,混種犬,1,F,MEDIUM,黑色,ADULT,T,https://www.pet.gov.tw/upload/pic/1720694104152.png,淡水區水源街二段304巷11號,2020-04-16,新北市淡水區下圭柔山91之3號,(02)26267558
35877,新北市淡水區公立動物之家,新北市淡水區公立動物之家,混種犬,1,F,MEDIUM,黑色,ADULT,T,https://www.pet.gov.tw/upload/pic/1703573289651.png,竹圍碼頭(自行車道),2018-02-27,新北市淡水區下圭柔山91之3號,(02)26267558
87890,新北市淡水區公立動物之家,新北市淡水區公立動物之家,混種犬,1,M,MEDIUM,黑色,ADULT,F,https://www.pet.gov.tw/upload/pic/1720693446078.png,泰山區泰林路,2019-03-11,新北市淡水區下圭柔山91之3號,(02)26267558
47771,新北市淡水區公立動物之家,新北市淡水區公立動物之家,混種犬,1,F,MEDIUM,黑色,ADULT,T,https://www.pet.gov.tw/upload/pic/1720692760111.png,番社前7-1號,2018-05-07,新北市淡水區下圭柔山91之3號,(02)26267558
47509,新北市淡水區公立動物之家,新北市淡水區公立動物之家,混種犬,1,F,MEDIUM,黑色,ADULT,T,https://www.pet.gov.tw/upload/pic/1748504317125.png,埤島里,2019-02-13,新北市淡水區下圭柔山91之3號,(02)26267558
146416,新北市淡水區公立動物之家,新北市淡水區公立動物之家,混種犬,1,F,MEDIUM,黑色,ADULT,T,https://www.pet.gov.tw/upload/pic/1748504050798.png,新市五路165巷,2020-02-26,新北市淡水區下圭柔山91之3號,(02)26267558
162896,新北市淡水區公立動物之家,新北市淡水區公立動物之家,混種犬,1,F,MEDIUM,黑色,ADULT,T,https://www.pet.gov.tw/upload/pic/1720694438975.png,新北市淡水區賢孝里公埔子25之28號,2020-06-04,新北市淡水區下圭柔山91之3號,(02)26267558
145646,新北市淡水區公立動物之家,新北市淡水區公立動物之家,混種犬,1,M,MEDIUM,黃白色,ADULT,T,https://www.pet.gov.tw/upload/pic/1720693846957.png,淡水區濱海路,2020-02-20,新北市淡水區下圭柔山91之3號,(02)26267558
441515,苗栗縣動物保護教育園區,苗栗縣動物保護教育園區,混種犬,1,F,BIG,咖啡白色,ADULT,T,https://www.pet.gov.tw/upload/pic/1770101255743.png,銅鑼鄉樟樹村,2026-02-10,苗栗縣銅鑼鄉朝陽村6鄰朝北55-1號(地圖：https:／／goo.gl/maps/Bd4sckpEPsrof7Qb8),(037)558228
443055,苗栗縣動物保護教育園區,苗栗縣動物保護教育園區,混種犬,1,M,BIG,黃色,ADULT,N,https://www.pet.gov.tw/upload/pic/1771823210811.png,造橋鄉造橋村,2026-03-04,苗栗縣銅鑼鄉朝陽村6鄰朝北55-1號(地圖：https:／／goo.gl/maps/Bd4sckpEPsrof7Qb8),(037)558228
443996,高雄市壽山動物保護教育園區,高雄市壽山動物保護教育園區,混種犬,1,M,BIG,黑色,ADULT,T,https://www.pet.gov.tw/upload/pic/1772528657756.png,軍校路,2026-03-03,高雄市鼓山區萬壽路350號,(07)5519059
443994,宜蘭縣流浪動物中途之家,宜蘭縣流浪動物中途之家,混種犬,1,M,BIG,黑色,ADULT,N,https://www.pet.gov.tw/upload/pic/1772528545500.png,中華路,2026-03-03,宜蘭縣五結鄉成興村利寶路60號,(03)9602350620
438042,苗栗縣動物保護教育園區,苗栗縣動物保護教育園區,混種犬,1,M,MEDIUM,黑色,ADULT,T,https://www.pet.gov.tw/upload/pic/1767849976366.png,大湖鄉新開村,2026-01-08,苗栗縣銅鑼鄉朝陽村6鄰朝北55-1號(地圖：https:／／goo.gl/maps/Bd4sckpEPsrof7Qb8),(037)558228
442946,新北市五股區公立動物之家,新北市五股區公立動物之家,混種犬,1,M,MEDIUM,,ADULT,T,https://www.pet.gov.tw/upload/pic/1771566549433.png,三重區三重區忠孝路二段1號,2026-03-03,新北市五股區外寮路9-9號,(02)82925265
443116,新北市八里區公立動物之家,新北市八里區公立動物之家,貴賓犬,0,F,SMALL,棕色,ADULT,F,https://www.pet.gov.tw/upload/pic/1771830607820.png,新莊區富國路上,2026-03-03,新北市八里區長坑里6鄰長坑道路36號,(02)26194428
414992,臺南市動物之家灣裡站,臺南市動物之家灣裡站,混種犬,1,M,BIG,黑色,ADULT,T,https://www.pet.gov.tw/upload/pic/1753088789651.png,11鄰447號,2025-09-12,臺南市南區省躬里14鄰萬年路580巷92號,(06)2964439
260624,臺南市動物之家灣裡站,臺南市動物之家灣裡站,混種犬,1,M,BIG,棕色,ADULT,T,https://www.pet.gov.tw/upload/pic/1723788021433.png,安平區安北路700號,2022-07-30,臺南市南區省躬里14鄰萬年路580巷92號,(06)2964439
131804,臺南市動物之家灣裡站,臺南市動物之家灣裡站,混種犬,1,F,MEDIUM,黑黃色,ADULT,T,https://www.pet.gov.tw/upload/pic/1745569392698.png,中興里虎頭埤,2020-05-21,臺南市南區省躬里14鄰萬年路580巷92號,(06)2964439
443829,宜蘭縣流浪動物中途之家,宜蘭縣流浪動物中途之家,混種犬,1,M,BIG,黃色,ADULT,F,https://www.pet.gov.tw/upload/pic/1772443664447.png,陽明北路,2026-03-02,宜蘭縣五結鄉成興村利寶路60號,(03)9602350620
443643,新北市三芝區公立動物之家,新北市三芝區公立動物之家,混種犬,1,M,MEDIUM,黑色,ADULT,F,https://www.pet.gov.tw/upload/pic/1772436693521.png,金山區重和里,2026-02-28,新北市三芝區青山路(龍巖人本旁),(02)26365436
273562,桃園市動物保護教育園區,桃園市動物保護教育園區,混種犬,1,F,MEDIUM,虎斑色,ADULT,F,https://www.pet.gov.tw/upload/pic/0d1d8c1d-a8bc-471d-92b8-b56a9ba72767.jpg,新興里快速路八段,2026-03-01,桃園市新屋區永興里3鄰藻礁路1668號,(03)4861760
122854,桃園市動物保護教育園區,桃園市動物保護教育園區,混種犬,1,M,MEDIUM,黑色,ADULT,F,https://www.pet.gov.tw/upload/pic/e2e04f2a-fc22-42ee-837b-389bbf4552c3.JPG,公西里忠義路3段215巷口,2026-03-01,桃園市新屋區永興里3鄰藻礁路1668號,(03)4861760
431879,宜蘭縣流浪動物中途之家,宜蘭縣流浪動物中途之家,柴犬,0,M,BIG,白色,ADULT,F,https://www.pet.gov.tw/upload/pic/1764039029693.png,武罕五路,2026-03-05,宜蘭縣五結鄉成興村利寶路60號,(03)9602350620
433481,宜蘭縣流浪動物中途之家,宜蘭縣流浪動物中途之家,柴犬,0,F,BIG,黃色,ADULT,N,https://www.pet.gov.tw/upload/pic/1764815740817.png,古結路,2026-03-05,宜蘭縣五結鄉成興村利寶路60號,(03)9602350620
443533,臺南市動物之家善化站,臺南市動物之家善化站,混種犬,1,M,MEDIUM,黑色,ADULT,N,https://www.pet.gov.tw/upload/pic/1772084343774.png,,2026-03-05,臺南市善化區昌隆里東勢寮1~19號,(06)5832399
247251,臺北市動物之家,臺北市動物之家,混種犬,1,F,MEDIUM,黑白色,ADULT,T,https://www.pet.gov.tw/upload/pic/88399e4b-ff8d-4dc9-9b85-22eeeb9e056e.jpg,洲美里	河雙,2022-03-26,臺北市內湖區安美街191號,(02)87913254
443269,嘉義市動物保護教育園區,嘉義市動物保護教育園區,混種犬,1,M,MEDIUM,黑色,ADULT,F,https://www.pet.gov.tw/upload/pic/1771917043682.png,鹿寮里學府路207附2號,,嘉義市彌陀路31號,(05)2168661
443478,宜蘭縣流浪動物中途之家,宜蘭縣流浪動物中途之家,混種犬,1,F,MEDIUM,黑色,CHILD,N,https://www.pet.gov.tw/upload/pic/1772008977969.png,匏杓崙路,2026-02-25,宜蘭縣五結鄉成興村利寶路60號,(03)9602350620
443456,高雄市燕巢動物保護關愛園區,高雄市燕巢動物保護關愛園區,混種犬,1,M,BIG,黑色,ADULT,N,https://www.pet.gov.tw/upload/pic/1772004889873.png,瓊林路,2026-02-25,高雄市燕巢區師大路98號,(07)6051002
443455,高雄市燕巢動物保護關愛園區,高雄市燕巢動物保護關愛園區,混種犬,1,M,BIG,黑色,ADULT,N,https://www.pet.gov.tw/upload/pic/1772004825412.png,大寮路,2026-02-25,高雄市燕巢區師大路98號,(07)6051002
443454,高雄市燕巢動物保護關愛園區,高雄市燕巢動物保護關愛園區,混種犬,1,M,BIG,黑色,ADULT,N,https://www.pet.gov.tw/upload/pic/1772004766701.png,中學路,2026-02-25,高雄市燕巢區師大路98號,(07)6051002
443453,高雄市燕巢動物保護關愛園區,高雄市燕巢動物保護關愛園區,混種犬,1,M,BIG,黑色,ADULT,N,https://www.pet.gov.tw/upload/pic/1772004695998.png,富山巷,2026-02-25,高雄市燕巢區師大路98號,(07)6051002
443452,高雄市燕巢動物保護關愛園區,高雄市燕巢動物保護關愛園區,混種犬,1,M,BIG,虎斑色,ADULT,N,https://www.pet.gov.tw/upload/pic/1772004594542.png,南勢巷,2026-02-25,高雄市燕巢區師大路98號,(07)6051002
443451,高雄市燕巢動物保護關愛園區,高雄市燕巢動物保護關愛園區,混種犬,1,M,BIG,黃色,ADULT,N,https://www.pet.gov.tw/upload/pic/1772004526237.png,永達路,2026-02-25,高雄市燕巢區師大路98號,(07)6051002
443450,高雄市燕巢動物保護關愛園區,高雄市燕巢動物保護關愛園區,混種犬,1,M,BIG,黃色,ADULT,N,https://www.pet.gov.tw/upload/pic/1772004449941.png,一甲路,2026-02-25,高雄市燕巢區師大路98號,(07)6051002
443449,高雄市燕巢動物保護關愛園區,高雄市燕巢動物保護關愛園區,混種犬,1,M,BIG,黃色,ADULT,N,https://www.pet.gov.tw/upload/pic/1772004265122.png,和平路,2026-02-25,高雄市燕巢區師大路98號,(07)6051002
443448,高雄市燕巢動物保護關愛園區,高雄市燕巢動物保護關愛園區,混種犬,1,M,BIG,黃色,ADULT,N,https://www.pet.gov.tw/upload/pic/1772004207136.png,復興路二巷,2026-02-25,高雄市燕巢區師大路98號,(07)6051002
443445,高雄市燕巢動物保護關愛園區,高雄市燕巢動物保護關愛園區,混種犬,1,M,BIG,花色,ADULT,N,https://www.pet.gov.tw/upload/pic/1772004148917.png,紅山巷,2026-02-25,高雄市燕巢區師大路98號,(07)6051002
443444,高雄市燕巢動物保護關愛園區,高雄市燕巢動物保護關愛園區,混種犬,1,M,BIG,黑色,ADULT,N,https://www.pet.gov.tw/upload/pic/1772004064576.png,旗甲一路,2026-02-25,高雄市燕巢區師大路98號,(07)6051002
443443,高雄市燕巢動物保護關愛園區,高雄市燕巢動物保護關愛園區,混種犬,1,M,BIG,黑色,ADULT,N,https://www.pet.gov.tw/upload/pic/1772003990873.png,菩提二路,2026-02-25,高雄市燕巢區師大路98號,(07)6051002
443442,高雄市燕巢動物保護關愛園區,高雄市燕巢動物保護關愛園區,混種犬,1,M,BIG,黑色,ADULT,N,https://www.pet.gov.tw/upload/pic/1772003931948.png,復興路二段,2026-02-25,高雄市燕巢區師大路98號,(07)6051002
443441,高雄市燕巢動物保護關愛園區,高雄市燕巢動物保護關愛園區,混種犬,1,M,BIG,黑色,ADULT,N,https://www.pet.gov.tw/upload/pic/1772003866368.png,大新路,2026-02-25,高雄市燕巢區師大路98號,(07)6051002
443439,高雄市燕巢動物保護關愛園區,高雄市燕巢動物保護關愛園區,混種犬,1,M,BIG,黑色,ADULT,N,https://www.pet.gov.tw/upload/pic/1772003440587.png,瓊林路,2026-02-25,高雄市燕巢區師大路98號,(07)6051002
443438,高雄市燕巢動物保護關愛園區,高雄市燕巢動物保護關愛園區,混種犬,1,M,BIG,黑色,ADULT,N,https://www.pet.gov.tw/upload/pic/1772003338990.png,菩提二路,2026-02-25,高雄市燕巢區師大路98號,(07)6051002
443320,嘉義縣動物保護教育園區,嘉義縣動物保護教育園區,混種犬,1,F,MEDIUM,黃色,ADULT,T,https://www.pet.gov.tw/upload/pic/1771982407439.png,,2026-02-25,嘉義縣民雄鄉松山村後山仔37之2號,(05)2721119
443437,高雄市燕巢動物保護關愛園區,高雄市燕巢動物保護關愛園區,混種犬,1,M,BIG,黃色,ADULT,N,https://www.pet.gov.tw/upload/pic/1772003247516.png,南寮路,2026-02-25,高雄市燕巢區師大路98號,(07)6051002
443319,嘉義縣動物保護教育園區,嘉義縣動物保護教育園區,混種犬,1,F,MEDIUM,黑黃色,ADULT,T,https://www.pet.gov.tw/upload/pic/1771982359930.png,,2026-02-25,嘉義縣民雄鄉松山村後山仔37之2號,(05)2721119
443435,高雄市燕巢動物保護關愛園區,高雄市燕巢動物保護關愛園區,混種犬,1,M,BIG,黑色,ADULT,N,https://www.pet.gov.tw/upload/pic/1772003172333.png,信中街,2026-02-25,高雄市燕巢區師大路98號,(07)6051002
443434,高雄市燕巢動物保護關愛園區,高雄市燕巢動物保護關愛園區,混種犬,1,M,BIG,黃色,ADULT,N,https://www.pet.gov.tw/upload/pic/1772002839709.png,民生路,2026-02-25,高雄市燕巢區師大路98號,(07)6051002
328697,桃園市動物保護教育園區,桃園市動物保護教育園區,混種犬,1,F,MEDIUM,黃色,ADULT,F,https://www.pet.gov.tw/upload/pic/1696576812022.png,永興里五龍街,2026-02-25,桃園市新屋區永興里3鄰藻礁路1668號,(03)4861760
443363,宜蘭縣流浪動物中途之家,宜蘭縣流浪動物中途之家,混種犬,1,F,MEDIUM,黑色,CHILD,N,https://www.pet.gov.tw/upload/pic/1771987895229.png,匏杓崙路,2026-02-25,宜蘭縣五結鄉成興村利寶路60號,(03)9602350620
443360,宜蘭縣流浪動物中途之家,宜蘭縣流浪動物中途之家,混種犬,1,F,MEDIUM,黑色,CHILD,N,https://www.pet.gov.tw/upload/pic/1771987669156.png,匏杓崙路,2026-02-25,宜蘭縣五結鄉成興村利寶路60號,(03)9602350620
443358,宜蘭縣流浪動物中途之家,宜蘭縣流浪動物中途之家,混種犬,1,F,MEDIUM,黑色,CHILD,N,https://www.pet.gov.tw/upload/pic/1771987611622.png,匏杓崙路,2026-02-25,宜蘭縣五結鄉成興村利寶路60號,(03)9602350620
443357,宜蘭縣流浪動物中途之家,宜蘭縣流浪動物中途之家,混種犬,1,F,MEDIUM,黑色,CHILD,N,https://www.pet.gov.tw/upload/pic/1771987546057.png,匏杓崙路,2026-02-25,宜蘭縣五結鄉成興村利寶路60號,(03)9602350620
443328,嘉義縣動物保護教育園區,嘉義縣動物保護教育園區,混種犬,1,F,BIG,黑色,ADULT,T,https://www.pet.gov.tw/upload/pic/1771982749833.png,,2026-02-25,嘉義縣民雄鄉松山村後山仔37之2號,(05)2721119
443153,屏東縣公立犬貓中途之家,屏東縣公立犬貓中途之家,混種犬,1,F,MEDIUM,黑色,CHILD,T,https://www.pet.gov.tw/upload/pic/1771856306087.png,內埔學府路1號,2026-02-23,屏東縣內埔鄉學府路1號(屏東科技大學內),(72)
279305,雲林縣流浪動物收容所,雲林縣流浪動物收容所,混種犬,1,F,BIG,黑白色,ADULT,T,https://www.pet.gov.tw/upload/pic/1758166395527.png,大埤鄉豐岡村,2022-10-21,雲林縣斗六市雲林路二段517號,(05)5523300
442887,高雄市壽山動物保護教育園區,高雄市壽山動物保護教育園區,混種犬,1,F,MEDIUM,黃色,ADULT,T,https://www.pet.gov.tw/upload/pic/1771143371349.png,文川路,,高雄市鼓山區萬壽路350號,(07)5519059
443228,宜蘭縣流浪動物中途之家,宜蘭縣流浪動物中途之家,混種犬,1,M,MEDIUM,黃色,ADULT,N,https://www.pet.gov.tw/upload/pic/1771904191434.png,永樂路,2026-02-24,宜蘭縣五結鄉成興村利寶路60號,(03)9602350620
443226,宜蘭縣流浪動物中途之家,宜蘭縣流浪動物中途之家,混種犬,1,M,BIG,白色,ADULT,N,https://www.pet.gov.tw/upload/pic/1771904134200.png,永樂路,2026-02-24,宜蘭縣五結鄉成興村利寶路60號,(03)9602350620
443216,宜蘭縣流浪動物中途之家,宜蘭縣流浪動物中途之家,混種犬,1,N,SMALL,黑色,CHILD,N,https://www.pet.gov.tw/upload/pic/1771903702471.png,泰雅橋下,2026-02-24,宜蘭縣五結鄉成興村利寶路60號,(03)9602350620
443219,宜蘭縣流浪動物中途之家,宜蘭縣流浪動物中途之家,混種犬,1,M,BIG,虎斑色,ADULT,N,https://www.pet.gov.tw/upload/pic/1771903805739.png,四結路,2026-02-24,宜蘭縣五結鄉成興村利寶路60號,(03)9602350620
443218,宜蘭縣流浪動物中途之家,宜蘭縣流浪動物中途之家,混種犬,1,M,SMALL,黑白色,CHILD,N,https://www.pet.gov.tw/upload/pic/1771903745073.png,農權路二段,2026-02-24,宜蘭縣五結鄉成興村利寶路60號,(03)9602350620
443214,宜蘭縣流浪動物中途之家,宜蘭縣流浪動物中途之家,混種犬,1,N,SMALL,黑色,CHILD,N,https://www.pet.gov.tw/upload/pic/1771903655857.png,泰雅橋下,2026-02-24,宜蘭縣五結鄉成興村利寶路60號,(03)9602350620
443213,宜蘭縣流浪動物中途之家,宜蘭縣流浪動物中途之家,混種犬,1,N,SMALL,黑色,CHILD,N,https://www.pet.gov.tw/upload/pic/1771903610793.png,泰雅橋下,2026-02-24,宜蘭縣五結鄉成興村利寶路60號,(03)9602350620
443211,宜蘭縣流浪動物中途之家,宜蘭縣流浪動物中途之家,混種犬,1,N,SMALL,黑色,CHILD,N,https://www.pet.gov.tw/upload/pic/1771903507049.png,泰雅橋下,2026-02-24,宜蘭縣五結鄉成興村利寶路60號,(03)9602350620
443209,宜蘭縣流浪動物中途之家,宜蘭縣流浪動物中途之家,混種犬,1,N,SMALL,黑色,CHILD,N,https://www.pet.gov.tw/upload/pic/1771903461521.png,泰雅橋下,2026-02-24,宜蘭縣五結鄉成興村利寶路60號,(03)9602350620
443208,宜蘭縣流浪動物中途之家,宜蘭縣流浪動物中途之家,混種犬,1,N,SMALL,黑色,CHILD,N,https://www.pet.gov.tw/upload/pic/1771903389464.png,泰雅橋下,2026-02-24,宜蘭縣五結鄉成興村利寶路60號,(03)9602350620
443163,新北市新店區公立動物之家,新北市新店區公立動物之家,混種犬,1,F,MEDIUM,黑色,CHILD,T,https://www.pet.gov.tw/upload/pic/1771895384718.png,烏來區拉卡路9巷,2026-02-24,新北市新店區安泰路235號,(02)22159462
443160,臺北市動物之家,臺北市動物之家,混種犬,1,M,MEDIUM,黑色,ADULT,T,https://www.pet.gov.tw/upload/pic/1771894318695.png,平等里平菁街93巷,2026-02-27,臺北市內湖區安美街191號,(02)87913254
443149,臺南市動物之家善化站,臺南市動物之家善化站,混種犬,1,M,MEDIUM,黃色,ADULT,F,https://www.pet.gov.tw/upload/pic/1771836698942.png,,,臺南市善化區昌隆里東勢寮1~19號,(06)5832399
443142,臺東縣動物收容中心,臺東縣動物收容中心,混種犬,1,F,SMALL,虎斑色,CHILD,N,https://www.pet.gov.tw/upload/pic/1771835472667.png,鎮樂路80號,2026-02-23,臺東縣臺東市中華路4段999巷600號,(089)362011
443138,臺東縣動物收容中心,臺東縣動物收容中心,混種犬,1,F,SMALL,黑色,CHILD,N,https://www.pet.gov.tw/upload/pic/1771835107384.png,鎮樂路80號,2026-02-23,臺東縣臺東市中華路4段999巷600號,(089)362011
443140,臺東縣動物收容中心,臺東縣動物收容中心,混種犬,1,F,SMALL,黑棕色,CHILD,N,https://www.pet.gov.tw/upload/pic/1771835218558.png,鎮樂路80號,2026-02-23,臺東縣臺東市中華路4段999巷600號,(089)362011
443135,臺東縣動物收容中心,臺東縣動物收容中心,混種犬,1,F,SMALL,黑灰色,CHILD,N,https://www.pet.gov.tw/upload/pic/1771834780410.png,頂岩灣30鄰62-2號,2026-02-23,臺東縣臺東市中華路4段999巷600號,(089)362011
443101,新北市八里區公立動物之家,新北市八里區公立動物之家,法國鬥牛犬,0,F,SMALL,白色,ADULT,T,https://www.pet.gov.tw/upload/pic/1771829283953.png,新莊區自強路,,新北市八里區長坑里6鄰長坑道路36號,(02)26194428
443060,高雄市燕巢動物保護關愛園區,高雄市燕巢動物保護關愛園區,柴犬,0,M,BIG,黃色,ADULT,F,https://www.pet.gov.tw/upload/pic/1771825495205.png,介壽東路,,高雄市燕巢區師大路98號,(07)6051002
443056,新北市新店區公立動物之家,新北市新店區公立動物之家,標準貴賓犬,0,F,SMALL,棕色,ADULT,T,https://www.pet.gov.tw/upload/pic/1771824660602.png,新店區中興路三段,,新北市新店區安泰路235號,(02)22159462
443036,臺南市動物之家善化站,臺南市動物之家善化站,柴犬,0,F,MEDIUM,黃色,ADULT,N,https://www.pet.gov.tw/upload/pic/1771819221080.png,,2026-03-02,臺南市善化區昌隆里東勢寮1~19號,(06)5832399
31462,臺北市動物之家,臺北市動物之家,混種犬,1,M,MEDIUM,虎斑色,ADULT,T,https://www.pet.gov.tw/upload/pic/22460_105120711_7.jpg,碧山路44巷,2017-05-27,臺北市內湖區安美街191號,(02)87913254
443005,臺北市動物之家,臺北市動物之家,混種犬,1,F,MEDIUM,黑黃色,ADULT,T,https://www.pet.gov.tw/upload/pic/1771809998893.png,立賢里承德路七段,2026-02-26,臺北市內湖區安美街191號,(02)87913254
423033,澎湖縣流浪動物收容中心,澎湖縣流浪動物收容中心,混種犬,1,M,SMALL,虎斑色,ADULT,T,https://www.pet.gov.tw/upload/pic/1758242721822.png,,2025-10-03,澎湖縣馬公市烏崁里260、261號,(06)9213559
442955,新北市中和區公立動物之家,新北市中和區公立動物之家,混種犬,1,M,MEDIUM,黑色,CHILD,T,https://www.pet.gov.tw/upload/pic/1771653431520.png,土城區南天母路170號,2026-02-21,新北市中和區興南路三段100號,(02)86685547
319516,新北市新店區公立動物之家,新北市新店區公立動物之家,混種犬,1,M,BIG,虎斑色,ADULT,T,https://www.pet.gov.tw/upload/pic/1734493704134.png,西羅岸路6號,2023-08-04,新北市新店區安泰路235號,(02)22159462
35327,新北市新店區公立動物之家,新北市新店區公立動物之家,混種犬,1,F,BIG,黑色,ADULT,T,https://www.pet.gov.tw/upload/pic/1757052212296.png,長青路213巷,2018-02-01,新北市新店區安泰路235號,(02)22159462
399157,新北市新店區公立動物之家,新北市新店區公立動物之家,混種犬,1,M,MEDIUM,黃色,ADULT,T,https://www.pet.gov.tw/upload/pic/1757052680102.png,車子路15號(安坑耕莘醫院門口),2025-03-25,新北市新店區安泰路235號,(02)22159462
35263,新北市新店區公立動物之家,新北市新店區公立動物之家,混種犬,1,F,MEDIUM,虎斑色,ADULT,T,https://www.pet.gov.tw/upload/pic/d1cf6bd2-e494-45ec-bcf8-63b92b06bc0c.jpg,頂田寮路,2018-01-24,新北市新店區安泰路235號,(02)22159462
399314,新北市新店區公立動物之家,新北市新店區公立動物之家,混種犬,1,M,BIG,虎斑色,ADULT,T,https://www.pet.gov.tw/upload/pic/1756961729400.png,中心崙10號之1,2025-03-26,新北市新店區安泰路235號,(02)22159462
272698,新北市新店區公立動物之家,新北市新店區公立動物之家,比特犬,0,M,MEDIUM,虎斑色,ADULT,T,https://www.pet.gov.tw/upload/pic/1757048236511.png,安康路三段738號,2022-09-03,新北市新店區安泰路235號,(02)22159462
238112,新北市新店區公立動物之家,新北市新店區公立動物之家,混種犬,1,M,MEDIUM,黑白色,ADULT,T,https://www.pet.gov.tw/upload/pic/1757048380888.png,安康路二段308號,2022-01-05,新北市新店區安泰路235號,(02)22159462
246915,新北市新店區公立動物之家,新北市新店區公立動物之家,混種犬,1,M,MEDIUM,黑黃色,ADULT,T,https://www.pet.gov.tw/upload/pic/1756969033836.png,汐止中華路,2022-03-17,新北市新店區安泰路235號,(02)22159462
237128,新北市新店區公立動物之家,新北市新店區公立動物之家,混種犬,1,M,MEDIUM,黑灰色,CHILD,T,https://www.pet.gov.tw/upload/pic/1756968723260.png,安祥路108巷1號,2022-12-01,新北市新店區安泰路235號,(02)22159462
427293,臺北市動物之家,臺北市動物之家,混種犬,1,M,MEDIUM,黑色,ADULT,T,https://www.pet.gov.tw/upload/pic/1761546971239.png,松隆里松山路,2025-11-09,臺北市內湖區安美街191號,(02)87913254
407812,新北市新店區公立動物之家,新北市新店區公立動物之家,混種犬,1,M,MEDIUM,黑色,ADULT,N,https://www.pet.gov.tw/upload/pic/1757049128566.png,銀河路86號,2025-09-11,新北市新店區安泰路235號,(02)22159462
48268,新北市新店區公立動物之家,新北市新店區公立動物之家,混種犬,1,M,BIG,黑色,ADULT,T,https://www.pet.gov.tw/upload/pic/1734492048193.png,淡水區,2017-06-21,新北市新店區安泰路235號,(02)22159462
414885,臺北市動物之家,臺北市動物之家,混種犬,1,M,MEDIUM,黃色,ADULT,F,https://www.pet.gov.tw/upload/pic/1752900199733.png,和平東路三段,2025-12-03,臺北市內湖區安美街191號,(02)87913254
265753,臺北市動物之家,臺北市動物之家,混種犬,1,F,MEDIUM,白色,ADULT,F,https://www.pet.gov.tw/upload/pic/f238978c-edfb-4106-a9b5-a51c2f5e310c.jpg,莊敬里	撫遠街３９４巷,2022-07-26,臺北市內湖區安美街191號,(02)87913254
65352,新北市新店區公立動物之家,新北市新店區公立動物之家,混種犬,1,M,MEDIUM,黑色,ADULT,T,https://www.pet.gov.tw/upload/pic/1756964593014.png,安興路,2018-09-27,新北市新店區安泰路235號,(02)22159462
186467,新北市新店區公立動物之家,新北市新店區公立動物之家,混種犬,1,F,MEDIUM,黑色,ADULT,T,https://www.pet.gov.tw/upload/pic/1762836424261.png,永安街61巷27號,2020-11-27,新北市新店區安泰路235號,(02)22159462
255136,新北市新店區公立動物之家,新北市新店區公立動物之家,混種犬,1,M,SMALL,黑色,ADULT,T,https://www.pet.gov.tw/upload/pic/1756963978048.png,林口粉寮路,2022-05-16,新北市新店區安泰路235號,(02)22159462
139595,新北市新店區公立動物之家,新北市新店區公立動物之家,混種犬,1,M,MEDIUM,黑色,ADULT,T,https://www.pet.gov.tw/upload/pic/1734490134054.png,長春路21巷32號,2020-01-14,新北市新店區安泰路235號,(02)22159462
340957,新北市新店區公立動物之家,新北市新店區公立動物之家,混種犬,1,F,MEDIUM,黃色,ADULT,T,https://www.pet.gov.tw/upload/pic/1734492638703.png,粗窟里幼瀨1之2號,2023-12-29,新北市新店區安泰路235號,(02)22159462
401011,新北市新店區公立動物之家,新北市新店區公立動物之家,混種犬,1,F,MEDIUM,黑色,ADULT,T,https://www.pet.gov.tw/upload/pic/1744257511820.png,華城路77巷2號,2025-04-10,新北市新店區安泰路235號,(02)22159462
243563,新北市新店區公立動物之家,新北市新店區公立動物之家,混種犬,1,M,MEDIUM,黑色,ADULT,T,https://www.pet.gov.tw/upload/pic/1734490734217.png,竹林路,2022-02-22,新北市新店區安泰路235號,(02)22159462
35313,新北市新店區公立動物之家,新北市新店區公立動物之家,混種犬,1,F,MEDIUM,黑色,ADULT,T,https://www.pet.gov.tw/upload/pic/494cf1c9-09ee-42c6-95b9-27f41561d6e7.jpg,大同路3段338號,2018-01-19,新北市新店區安泰路235號,(02)22159462
402478,新北市新店區公立動物之家,新北市新店區公立動物之家,混種犬,1,M,MEDIUM,黑色,ADULT,T,https://www.pet.gov.tw/upload/pic/1757394817731.png,銀河路81-1號,2025-04-22,新北市新店區安泰路235號,(02)22159462
338349,臺北市動物之家,臺北市動物之家,混種犬,1,M,MEDIUM,黑棕色,ADULT,T,https://www.pet.gov.tw/upload/pic/1702289607733.png,福安里延平北路八段２巷１５３弄,2024-01-06,臺北市內湖區安美街191號,(02)87913254
288347,臺北市動物之家,臺北市動物之家,混種犬,1,M,MEDIUM,黃色,ADULT,T,https://www.pet.gov.tw/upload/pic/1671436525214.png,永倫里社中街,2023-02-11,臺北市內湖區安美街191號,(02)87913254
442906,新北市五股區公立動物之家,新北市五股區公立動物之家,吉娃娃犬,0,F,SMALL,黑色,ADULT,T,https://www.pet.gov.tw/upload/pic/1771229772368.png,三重區三重重新路3段,,新北市五股區外寮路9-9號,(02)82925265
269046,新北市新店區公立動物之家,新北市新店區公立動物之家,混種犬,1,F,MEDIUM,黑色,ADULT,T,https://www.pet.gov.tw/upload/pic/1762321118580.png,湖子內路100號,2022-08-11,新北市新店區安泰路235號,(02)22159462
271643,新北市新店區公立動物之家,新北市新店區公立動物之家,混種犬,1,M,SMALL,黑色,CHILD,T,https://www.pet.gov.tw/upload/pic/1762320727892.png,湖子內路100號,2022-08-27,新北市新店區安泰路235號,(02)22159462
48247,新北市新店區公立動物之家,新北市新店區公立動物之家,混種犬,1,F,MEDIUM,黑黃色,ADULT,T,https://www.pet.gov.tw/upload/pic/1757390686916.png,頂田寮路697號,2018-02-27,新北市新店區安泰路235號,(02)22159462
255135,新北市新店區公立動物之家,新北市新店區公立動物之家,混種犬,1,M,MEDIUM,虎斑色,ADULT,T,https://www.pet.gov.tw/upload/pic/1734492532075.png,南勢五街,2022-05-16,新北市新店區安泰路235號,(02)22159462
48248,新北市新店區公立動物之家,新北市新店區公立動物之家,混種犬,1,F,MEDIUM,黑色,ADULT,T,https://www.pet.gov.tw/upload/pic/1734493127927.png,沙崙抽水站,2018-02-27,新北市新店區安泰路235號,(02)22159462
35325,新北市新店區公立動物之家,新北市新店區公立動物之家,混種犬,1,F,MEDIUM,黑色,ADULT,T,https://www.pet.gov.tw/upload/pic/1762498102148.png,秀峰路,2018-01-30,新北市新店區安泰路235號,(02)22159462
48254,新北市新店區公立動物之家,新北市新店區公立動物之家,混種犬,1,F,MEDIUM,黃色,ADULT,T,https://www.pet.gov.tw/upload/pic/1756964741039.png,竿蓁一街,2018-02-27,新北市新店區安泰路235號,(02)22159462
48250,新北市新店區公立動物之家,新北市新店區公立動物之家,混種犬,1,F,MEDIUM,黑黃色,ADULT,T,https://www.pet.gov.tw/upload/pic/ac5fdc09-9a0f-45f7-9cad-c7943ac982a1.jpg,山溪里10-4號,2018-02-27,新北市新店區安泰路235號,(02)22159462
141377,新北市新店區公立動物之家,新北市新店區公立動物之家,混種犬,1,F,MEDIUM,黑色,ADULT,T,https://www.pet.gov.tw/upload/pic/1762837134861.png,新店區安康路三段,2020-01-22,新北市新店區安泰路235號,(02)22159462
434217,新北市新店區公立動物之家,新北市新店區公立動物之家,混種犬,1,M,BIG,,ADULT,T,https://www.pet.gov.tw/upload/pic/1767672559344.png,石碇區西勢坑,2025-12-09,新北市新店區安泰路235號,(02)22159462
35293,新北市新店區公立動物之家,新北市新店區公立動物之家,混種犬,1,F,MEDIUM,黑色,ADULT,T,https://www.pet.gov.tw/upload/pic/1734491620112.png,國華高爾夫球場,2018-01-24,新北市新店區安泰路235號,(02)22159462
399324,新北市新店區公立動物之家,新北市新店區公立動物之家,混種犬,1,M,BIG,黑色,ADULT,T,https://www.pet.gov.tw/upload/pic/1757053493411.png,玫瑰路8號,2025-03-26,新北市新店區安泰路235號,(02)22159462
46433,新北市新店區公立動物之家,新北市新店區公立動物之家,混種犬,1,M,MEDIUM,黑色,ADULT,F,https://www.pet.gov.tw/upload/pic/1756969163211.png,小坪頂狗場,2018-04-25,新北市新店區安泰路235號,(02)22159462
35319,新北市新店區公立動物之家,新北市新店區公立動物之家,混種犬,1,M,MEDIUM,黑色,ADULT,T,https://www.pet.gov.tw/upload/pic/1734496004907.png,二叭子植物園,2018-01-24,新北市新店區安泰路235號,(02)22159462
438956,彰化縣流浪狗中途之家,彰化縣流浪狗中途之家,混種犬,1,F,MEDIUM,黑色,ADULT,T,https://www.pet.gov.tw/upload/pic/1768462110701.png,,2026-02-23,彰化縣員林市大峰里阿寶巷426號(大門入口請由彰化縣芬園鄉大彰路一段875巷進入走到底),(04)8590638
442834,宜蘭縣流浪動物中途之家,宜蘭縣流浪動物中途之家,混種犬,1,M,SMALL,黑色,CHILD,N,https://www.pet.gov.tw/upload/pic/1770971574843.png,新社自行車道,2026-02-13,宜蘭縣五結鄉成興村利寶路60號,(03)9602350620
442809,宜蘭縣流浪動物中途之家,宜蘭縣流浪動物中途之家,混種犬,1,F,BIG,黑色,ADULT,T,https://www.pet.gov.tw/upload/pic/1770964314340.png,農權路三段,2026-02-13,宜蘭縣五結鄉成興村利寶路60號,(03)9602350620
442808,宜蘭縣流浪動物中途之家,宜蘭縣流浪動物中途之家,混種犬,1,F,BIG,黑色,ADULT,T,https://www.pet.gov.tw/upload/pic/1770964232494.png,農權路三段,2026-02-13,宜蘭縣五結鄉成興村利寶路60號,(03)9602350620
442703,宜蘭縣流浪動物中途之家,宜蘭縣流浪動物中途之家,混種犬,1,F,BIG,虎斑色,ADULT,N,https://www.pet.gov.tw/upload/pic/1770963726792.png,員山路二段,2026-02-12,宜蘭縣五結鄉成興村利寶路60號,(03)9602350620
440075,臺南市動物之家善化站,臺南市動物之家善化站,波音達指示犬(英系),0,F,MEDIUM,花色,ADULT,N,https://www.pet.gov.tw/upload/pic/1769160669895.png,柳營農會,2026-01-29,臺南市善化區昌隆里東勢寮1~19號,(06)5832399
442600,雲林縣流浪動物收容所,雲林縣流浪動物收容所,混種犬,1,M,BIG,黑色,ADULT,T,https://www.pet.gov.tw/upload/pic/1770803732649.png,虎尾鎮下溪里,2026-02-13,雲林縣斗六市雲林路二段517號,(05)5523300
387049,臺北市動物之家,臺北市動物之家,混種犬,1,F,MEDIUM,黑白色,ADULT,T,https://www.pet.gov.tw/upload/pic/1734490838965.png,塔悠路,2025-01-05,臺北市內湖區安美街191號,(02)87913254
290876,花蓮縣狗貓躍動園區,花蓮縣狗貓躍動園區,混種犬,1,M,MEDIUM,黃色,ADULT,T,https://www.pet.gov.tw/upload/pic/1715397610824.png,,2023-09-19,花蓮縣鳳林鎮林榮里永豐路255號,(03)8421452
290872,花蓮縣狗貓躍動園區,花蓮縣狗貓躍動園區,混種犬,1,M,MEDIUM,黑色,ADULT,T,https://www.pet.gov.tw/upload/pic/1715406687835.png,,2023-09-19,花蓮縣鳳林鎮林榮里永豐路255號,(03)8421452
343382,花蓮縣狗貓躍動園區,花蓮縣狗貓躍動園區,混種犬,1,M,MEDIUM,黃色,ADULT,T,https://www.pet.gov.tw/upload/pic/1715237374683.png,,2024-01-31,花蓮縣鳳林鎮林榮里永豐路255號,(03)8421452
320485,花蓮縣狗貓躍動園區,花蓮縣狗貓躍動園區,混種犬,1,M,MEDIUM,虎斑色,ADULT,T,https://www.pet.gov.tw/upload/pic/1715396855712.png,水源58-1,2023-08-29,花蓮縣鳳林鎮林榮里永豐路255號,(03)8421452
183387,花蓮縣狗貓躍動園區,花蓮縣狗貓躍動園區,混種犬,1,M,MEDIUM,黑色,ADULT,T,https://www.pet.gov.tw/upload/pic/1742022152782.png,吉安鄉光華村光華五街8號,2020-11-07,花蓮縣鳳林鎮林榮里永豐路255號,(03)8421452
339137,花蓮縣狗貓躍動園區,花蓮縣狗貓躍動園區,混種犬,1,F,MEDIUM,白色,ADULT,T,https://www.pet.gov.tw/upload/pic/1702706848231.png,,2023-12-16,花蓮縣鳳林鎮林榮里永豐路255號,(03)8421452
339135,花蓮縣狗貓躍動園區,花蓮縣狗貓躍動園區,混種犬,1,F,MEDIUM,黃白色,ADULT,T,https://www.pet.gov.tw/upload/pic/1702706380245.png,,2023-12-16,花蓮縣鳳林鎮林榮里永豐路255號,(03)8421452
275323,花蓮縣狗貓躍動園區,花蓮縣狗貓躍動園區,混種犬,1,M,MEDIUM,黑白色,CHILD,T,https://www.pet.gov.tw/upload/pic/1715411893582.png,秀林村橋下,2022-10-24,花蓮縣鳳林鎮林榮里永豐路255號,(03)8421452
388329,花蓮縣狗貓躍動園區,花蓮縣狗貓躍動園區,混種犬,1,M,MEDIUM,虎斑色,ADULT,T,https://www.pet.gov.tw/upload/pic/1735539907037.png,信義成功街口,,花蓮縣鳳林鎮林榮里永豐路255號,(03)8421452
389742,花蓮縣狗貓躍動園區,花蓮縣狗貓躍動園區,混種犬,1,M,MEDIUM,黃色,ADULT,F,https://www.pet.gov.tw/upload/pic/1736405757418.png,崙山86號,,花蓮縣鳳林鎮林榮里永豐路255號,(03)8421452
386853,花蓮縣狗貓躍動園區,花蓮縣狗貓躍動園區,混種犬,1,F,MEDIUM,虎斑色,ADULT,N,https://www.pet.gov.tw/upload/pic/1734406277237.png,光復國小,2025-01-08,花蓮縣鳳林鎮林榮里永豐路255號,(03)8421452
361877,花蓮縣狗貓躍動園區,花蓮縣狗貓躍動園區,混種犬,1,M,MEDIUM,虎斑色,ADULT,T,https://www.pet.gov.tw/upload/pic/1724390838985.png,花蓮縣壽豐鄉豐坪村豐坪路三段6巷21號,2024-06-26,花蓮縣鳳林鎮林榮里永豐路255號,(03)8421452
430151,花蓮縣狗貓躍動園區,花蓮縣狗貓躍動園區,比特犬,0,M,MEDIUM,黃白色,ADULT,F,https://www.pet.gov.tw/upload/pic/1762762483407.png,國風街,,花蓮縣鳳林鎮林榮里永豐路255號,(03)8421452
442531,臺南市動物之家善化站,臺南市動物之家善化站,混種犬,1,F,MEDIUM,黑色,ADULT,N,https://www.pet.gov.tw/upload/pic/1770788511739.png,,2026-02-18,臺南市善化區昌隆里東勢寮1~19號,(06)5832399
311178,花蓮縣狗貓躍動園區,花蓮縣狗貓躍動園區,混種犬,1,M,MEDIUM,黑色,ADULT,T,https://www.pet.gov.tw/upload/pic/1715397199736.png,吉安路六段699號,2023-06-20,花蓮縣鳳林鎮林榮里永豐路255號,(03)8421452
442471,新北市瑞芳區公立動物之家,新北市瑞芳區公立動物之家,混種犬,1,F,MEDIUM,黑色,ADULT,T,https://www.pet.gov.tw/upload/pic/1770710570001.png,深澳路,2026-02-10,新北市瑞芳區中坑路3號(瑞芳清潔隊廠區內),(02)24063481
436828,臺北市動物之家,臺北市動物之家,混種犬,1,M,MEDIUM,黑色,ADULT,T,https://www.pet.gov.tw/upload/pic/1767153433866.png,金龍路47巷,2026-01-19,臺北市內湖區安美街191號,(02)87913254
441498,新北市新店區公立動物之家,新北市新店區公立動物之家,貴賓犬,0,M,MEDIUM,咖啡色,ADULT,N,https://www.pet.gov.tw/upload/pic/1770100297283.png,汐止區大同路二段457號附近,2026-02-10,新北市新店區安泰路235號,(02)22159462
442384,宜蘭縣流浪動物中途之家,宜蘭縣流浪動物中途之家,混種犬,1,F,BIG,黑棕色,ADULT,T,https://www.pet.gov.tw/upload/pic/1770693467535.png,聖賢路,2026-02-10,宜蘭縣五結鄉成興村利寶路60號,(03)9602350620
441986,宜蘭縣流浪動物中途之家,宜蘭縣流浪動物中途之家,混種犬,1,F,BIG,黑色,ADULT,F,https://www.pet.gov.tw/upload/pic/1770691192673.png,東港路二段,2026-02-06,宜蘭縣五結鄉成興村利寶路60號,(03)9602350620
441836,宜蘭縣流浪動物中途之家,宜蘭縣流浪動物中途之家,混種犬,1,F,BIG,黑黃色,ADULT,T,https://www.pet.gov.tw/upload/pic/1770626898290.png,濱海路六段,2026-02-05,宜蘭縣五結鄉成興村利寶路60號,(03)9602350620
442178,臺東縣動物收容中心,臺東縣動物收容中心,混種犬,1,F,SMALL,黑色,CHILD,N,https://www.pet.gov.tw/upload/pic/1770623690549.png,,2026-02-09,臺東縣臺東市中華路4段999巷600號,(089)362011
442130,苗栗縣動物保護教育園區,苗栗縣動物保護教育園區,混種犬,1,F,BIG,黑色,ADULT,T,https://www.pet.gov.tw/upload/pic/1770605866400.png,獅潭鄉新店村,2026-02-09,苗栗縣銅鑼鄉朝陽村6鄰朝北55-1號(地圖：https:／／goo.gl/maps/Bd4sckpEPsrof7Qb8),(037)558228
256333,臺北市動物之家,臺北市動物之家,混種犬,1,M,MEDIUM,黑白色,ADULT,T,https://www.pet.gov.tw/upload/pic/d97f67c4-73f5-41f6-ac43-ada9ce9a3921.jpg,萬興里新光路二段,2022-06-13,臺北市內湖區安美街191號,(02)87913254
31447,臺北市動物之家,臺北市動物之家,混種犬,1,M,MEDIUM,黑色,ADULT,T,https://www.pet.gov.tw/upload/pic/66e2f83e-aa78-4c68-8e92-ab337e8a311e.jpg,光明路,2017-06-01,臺北市內湖區安美街191號,(02)87913254
441957,新北市新店區公立動物之家,新北市新店區公立動物之家,混種犬,1,F,MEDIUM,黃色,ADULT,T,https://www.pet.gov.tw/upload/pic/1770452942442.png,鄉長路二段22號附近,,新北市新店區安泰路235號,(02)22159462
407207,花蓮縣狗貓躍動園區,花蓮縣狗貓躍動園區,混種犬,1,F,MEDIUM,黑色,ADULT,T,https://www.pet.gov.tw/upload/pic/1748328511148.png,城南一街5號,2025-11-22,花蓮縣鳳林鎮林榮里永豐路255號,(03)8421452
299380,花蓮縣狗貓躍動園區,花蓮縣狗貓躍動園區,混種犬,1,M,MEDIUM,黑色,ADULT,T,https://www.pet.gov.tw/upload/pic/1715312945601.png,不擬續養,2023-03-16,花蓮縣鳳林鎮林榮里永豐路255號,(03)8421452
263432,花蓮縣狗貓躍動園區,花蓮縣狗貓躍動園區,混種犬,1,M,MEDIUM,咖啡色,ADULT,T,https://www.pet.gov.tw/upload/pic/1e28feb7-ec0d-4bdb-bdc4-66f229951fdf.jpg,壽豐(樹湖),2024-02-02,花蓮縣鳳林鎮林榮里永豐路255號,(03)8421452
401565,花蓮縣狗貓躍動園區,花蓮縣狗貓躍動園區,混種犬,1,F,MEDIUM,黑色,ADULT,T,https://www.pet.gov.tw/upload/pic/1744688140299.png,文蘭2之3號,2025-06-19,花蓮縣鳳林鎮林榮里永豐路255號,(03)8421452
401564,花蓮縣狗貓躍動園區,花蓮縣狗貓躍動園區,混種犬,1,F,MEDIUM,黑色,ADULT,T,https://www.pet.gov.tw/upload/pic/1744689086455.png,文蘭2之3號,2025-06-19,花蓮縣鳳林鎮林榮里永豐路255號,(03)8421452
401567,花蓮縣狗貓躍動園區,花蓮縣狗貓躍動園區,混種犬,1,M,MEDIUM,黑色,ADULT,T,https://www.pet.gov.tw/upload/pic/1744688275916.png,文蘭2之3號,2025-06-12,花蓮縣鳳林鎮林榮里永豐路255號,(03)8421452
252204,花蓮縣狗貓躍動園區,花蓮縣狗貓躍動園區,混種犬,1,F,MEDIUM,黑色,ADULT,T,https://www.pet.gov.tw/upload/pic/aaf55df2-bb25-4b21-a2b1-d429144e6a45.jpg,所內生產,2022-07-08,花蓮縣鳳林鎮林榮里永豐路255號,(03)8421452
421084,花蓮縣狗貓躍動園區,花蓮縣狗貓躍動園區,混種犬,1,M,MEDIUM,棕色,ADULT,T,https://www.pet.gov.tw/upload/pic/1757052922016.png,,2026-01-30,花蓮縣鳳林鎮林榮里永豐路255號,(03)8421452
424211,花蓮縣狗貓躍動園區,花蓮縣狗貓躍動園區,混種犬,1,F,MEDIUM,黑色,ADULT,T,https://www.pet.gov.tw/upload/pic/1759200623664.png,,2025-10-16,花蓮縣鳳林鎮林榮里永豐路255號,(03)8421452
441695,宜蘭縣流浪動物中途之家,宜蘭縣流浪動物中途之家,米格魯犬,0,M,BIG,黑棕色,ADULT,T,https://www.pet.gov.tw/upload/pic/1770261420804.png,武罕五路,2026-02-04,宜蘭縣五結鄉成興村利寶路60號,(03)9602350620
201803,雲林縣流浪動物收容所,雲林縣流浪動物收容所,混種犬,1,M,BIG,黑黃色,ADULT,T,https://www.pet.gov.tw/upload/pic/1769575074112.png,虎尾鎮穎川里,2021-04-09,雲林縣斗六市雲林路二段517號,(05)5523300
441639,臺東縣動物收容中心,臺東縣動物收容中心,混種犬,1,F,SMALL,棕色,CHILD,N,https://www.pet.gov.tw/upload/pic/1770183532133.png,華源活動中心,2026-02-04,臺東縣臺東市中華路4段999巷600號,(089)362011
441640,臺東縣動物收容中心,臺東縣動物收容中心,混種犬,1,F,SMALL,黑色,CHILD,N,https://www.pet.gov.tw/upload/pic/1770183205335.png,華源活動中心,2026-02-04,臺東縣臺東市中華路4段999巷600號,(089)362011
441591,宜蘭縣流浪動物中途之家,宜蘭縣流浪動物中途之家,混種犬,1,F,BIG,黃色,ADULT,N,https://www.pet.gov.tw/upload/pic/1770174353335.png,部後路,2026-02-04,宜蘭縣五結鄉成興村利寶路60號,(03)9602350620
441333,宜蘭縣流浪動物中途之家,宜蘭縣流浪動物中途之家,混種犬,1,F,BIG,黑白色,ADULT,N,https://www.pet.gov.tw/upload/pic/1770173552015.png,匏杓崙路,2026-02-02,宜蘭縣五結鄉成興村利寶路60號,(03)9602350620
366174,新北市瑞芳區公立動物之家,新北市瑞芳區公立動物之家,混種犬,1,M,BIG,黃色,ADULT,T,https://www.pet.gov.tw/upload/pic/1735612323804.png,濱二路,2024-07-15,新北市瑞芳區靜安路四段(106縣道74.5K清潔隊場區內),(02)24063481
366320,新北市瑞芳區公立動物之家,新北市瑞芳區公立動物之家,混種犬,1,F,BIG,虎斑色,ADULT,T,https://www.pet.gov.tw/upload/pic/1735634235303.png,員山子路,2024-07-16,新北市瑞芳區靜安路四段(106縣道74.5K清潔隊場區內),(02)24063481
366374,新北市瑞芳區公立動物之家,新北市瑞芳區公立動物之家,混種犬,1,F,BIG,虎斑色,ADULT,T,https://www.pet.gov.tw/upload/pic/1735540763130.png,雙溪區,2024-07-16,新北市瑞芳區靜安路四段(106縣道74.5K清潔隊場區內),(02)24063481
370617,新北市瑞芳區公立動物之家,新北市瑞芳區公立動物之家,比特犬,0,M,BIG,黑色,ADULT,T,https://www.pet.gov.tw/upload/pic/1735619822678.png,內寮路,2024-08-20,新北市瑞芳區靜安路四段(106縣道74.5K清潔隊場區內),(02)24063481
384556,新北市瑞芳區公立動物之家,新北市瑞芳區公立動物之家,混種犬,1,F,BIG,黃色,ADULT,T,https://www.pet.gov.tw/upload/pic/1735788504319.png,貢寮區,2024-11-29,新北市瑞芳區靜安路四段(106縣道74.5K清潔隊場區內),(02)24063481
404901,新北市瑞芳區公立動物之家,新北市瑞芳區公立動物之家,混種犬,1,F,MEDIUM,黑色,ADULT,T,https://www.pet.gov.tw/upload/pic/1751437722619.png,貢寮區德心街,2021-09-10,新北市瑞芳區靜安路四段(106縣道74.5K清潔隊場區內),(02)24063481
433389,新北市瑞芳區公立動物之家,新北市瑞芳區公立動物之家,混種犬,1,F,BIG,黑黃色,ADULT,T,https://www.pet.gov.tw/upload/pic/1765518846491.png,瑞芳區,2025-12-03,新北市瑞芳區靜安路四段(106縣道74.5K清潔隊場區內),(02)24063481
433390,新北市瑞芳區公立動物之家,新北市瑞芳區公立動物之家,混種犬,1,M,BIG,黑黃色,CHILD,T,https://www.pet.gov.tw/upload/pic/1765517019443.png,太平里,2025-12-03,新北市瑞芳區靜安路四段(106縣道74.5K清潔隊場區內),(02)24063481
434738,新北市瑞芳區公立動物之家,新北市瑞芳區公立動物之家,混種犬,1,F,MEDIUM,黑色,ADULT,T,https://www.pet.gov.tw/upload/pic/1765527127653.png,瑞芳區,2025-12-12,新北市瑞芳區靜安路四段(106縣道74.5K清潔隊場區內),(02)24063481
438101,新北市瑞芳區公立動物之家,新北市瑞芳區公立動物之家,混種犬,1,M,BIG,黃色,ADULT,T,https://www.pet.gov.tw/upload/pic/1767859154269.png,新寮,2026-01-08,新北市瑞芳區靜安路四段(106縣道74.5K清潔隊場區內),(02)24063481
441527,臺南市動物之家善化站,臺南市動物之家善化站,混種犬,1,M,MEDIUM,黃色,ADULT,N,https://www.pet.gov.tw/upload/pic/1770105452977.png,,2026-02-10,臺南市善化區昌隆里東勢寮1~19號,(06)5832399
434271,花蓮縣狗貓躍動園區,花蓮縣狗貓躍動園區,混種犬,1,M,MEDIUM,黃白色,ADULT,T,https://www.pet.gov.tw/upload/pic/1765266930068.png,,2026-01-17,花蓮縣鳳林鎮林榮里永豐路255號,(03)8421452
441432,金門縣動物收容中心,金門縣動物收容中心,混種犬,1,F,MEDIUM,黑色,CHILD,F,https://www.pet.gov.tw/upload/pic/1770090464904.png,金寧鄉古寧村頂林路,2026-01-30,金門縣金湖鎮裕民農莊20號,(082)336625
441406,金門縣動物收容中心,金門縣動物收容中心,混種犬,1,F,MEDIUM,黑色,ADULT,T,https://www.pet.gov.tw/upload/pic/1770087364671.png,金沙鎮汶沙里英坑,2026-01-29,金門縣金湖鎮裕民農莊20號,(082)336625
31285,臺北市動物之家,臺北市動物之家,混種犬,1,M,MEDIUM,黑色,ADULT,T,https://www.pet.gov.tw/upload/pic/eb3b2458-4d0b-45b7-b16e-e1ce1bdde088.jpg,和平西路1段,2016-04-30,臺北市內湖區安美街191號,(02)87913254
441279,桃園市動物保護教育園區,桃園市動物保護教育園區,貴賓犬,0,M,SMALL,咖啡色,ADULT,T,https://www.pet.gov.tw/upload/pic/1770014848230.png,南上路,,桃園市新屋區永興里3鄰藻礁路1668號,(03)4861760
425596,嘉義市動物保護教育園區,嘉義市動物保護教育園區,雪納瑞,0,F,MEDIUM,黑色,ADULT,F,https://www.pet.gov.tw/upload/pic/1760081383418.png,大統路與博愛路路口,,嘉義市彌陀路31號,(05)2168661
441103,高雄市壽山動物保護教育園區,高雄市壽山動物保護教育園區,混種犬,1,F,MEDIUM,黃色,ADULT,T,https://www.pet.gov.tw/upload/pic/1769823393144.png,中華一路,2026-01-15,高雄市鼓山區萬壽路350號,(07)5519059
434009,臺北市動物之家,臺北市動物之家,混種犬,1,F,MEDIUM,黑棕色,ADULT,T,https://www.pet.gov.tw/upload/pic/1765174348888.png,芳和里嘉興街,2026-01-30,臺北市內湖區安美街191號,(02)87913254
425610,臺北市動物之家,臺北市動物之家,混種犬,1,F,MEDIUM,黑色,CHILD,T,https://www.pet.gov.tw/upload/pic/1760153181794.png,知行路(原拾獲地址:知行公園),2025-10-11,臺北市內湖區安美街191號,(02)87913254
440623,雲林縣流浪動物收容所,雲林縣流浪動物收容所,混種犬,1,F,MEDIUM,黑色,ADULT,T,https://www.pet.gov.tw/upload/pic/1769563219325.png,斗六市成功路,2026-01-30,雲林縣斗六市雲林路二段517號,(05)5523300
441062,高雄市燕巢動物保護關愛園區,高雄市燕巢動物保護關愛園區,混種犬,1,F,MEDIUM,黑色,CHILD,N,https://www.pet.gov.tw/upload/pic/1769759538145.png,,2026-01-30,高雄市燕巢區師大路98號,(07)6051002
441060,高雄市燕巢動物保護關愛園區,高雄市燕巢動物保護關愛園區,混種犬,1,F,SMALL,黑色,CHILD,N,https://www.pet.gov.tw/upload/pic/1769759452258.png,,2026-01-30,高雄市燕巢區師大路98號,(07)6051002
441058,高雄市燕巢動物保護關愛園區,高雄市燕巢動物保護關愛園區,混種犬,1,F,MEDIUM,黑色,CHILD,N,https://www.pet.gov.tw/upload/pic/1769759311610.png,,2026-01-30,高雄市燕巢區師大路98號,(07)6051002
441057,高雄市燕巢動物保護關愛園區,高雄市燕巢動物保護關愛園區,混種犬,1,F,SMALL,黑色,CHILD,N,https://www.pet.gov.tw/upload/pic/1769759242097.png,,2026-01-30,高雄市燕巢區師大路98號,(07)6051002
441054,高雄市燕巢動物保護關愛園區,高雄市燕巢動物保護關愛園區,混種犬,1,F,SMALL,黑色,CHILD,N,https://www.pet.gov.tw/upload/pic/1769759101217.png,,2026-01-30,高雄市燕巢區師大路98號,(07)6051002
441051,高雄市燕巢動物保護關愛園區,高雄市燕巢動物保護關愛園區,混種犬,1,M,SMALL,黃色,CHILD,N,https://www.pet.gov.tw/upload/pic/1769758440407.png,,2026-01-30,高雄市燕巢區師大路98號,(07)6051002
441050,高雄市燕巢動物保護關愛園區,高雄市燕巢動物保護關愛園區,混種犬,1,M,SMALL,黑色,CHILD,N,https://www.pet.gov.tw/upload/pic/1769758379198.png,,2026-01-30,高雄市燕巢區師大路98號,(07)6051002
441046,高雄市燕巢動物保護關愛園區,高雄市燕巢動物保護關愛園區,混種犬,1,M,SMALL,黑色,CHILD,N,https://www.pet.gov.tw/upload/pic/1769757360737.png,,2026-01-30,高雄市燕巢區師大路98號,(07)6051002
441045,高雄市燕巢動物保護關愛園區,高雄市燕巢動物保護關愛園區,混種犬,1,M,SMALL,黑色,CHILD,N,https://www.pet.gov.tw/upload/pic/1769757213536.png,,2026-01-30,高雄市燕巢區師大路98號,(07)6051002
441039,高雄市燕巢動物保護關愛園區,高雄市燕巢動物保護關愛園區,混種犬,1,M,MEDIUM,白色,CHILD,N,https://www.pet.gov.tw/upload/pic/1769755776963.png,,2026-01-30,高雄市燕巢區師大路98號,(07)6051002
441035,高雄市燕巢動物保護關愛園區,高雄市燕巢動物保護關愛園區,混種犬,1,F,SMALL,花色,CHILD,N,https://www.pet.gov.tw/upload/pic/1769755486251.png,,2026-01-30,高雄市燕巢區師大路98號,(07)6051002
441033,高雄市燕巢動物保護關愛園區,高雄市燕巢動物保護關愛園區,混種犬,1,F,MEDIUM,黃色,CHILD,N,https://www.pet.gov.tw/upload/pic/1769755342978.png,,2026-01-30,高雄市燕巢區師大路98號,(07)6051002
31621,臺北市動物之家,臺北市動物之家,混種犬,1,F,MEDIUM,虎斑色,ADULT,T,https://www.pet.gov.tw/upload/pic/0d8eb9e4-e870-4ec1-a0b6-b027bbff1474.jpg,向陽路,2021-03-25,臺北市內湖區安美街191號,(02)87913254
441032,高雄市燕巢動物保護關愛園區,高雄市燕巢動物保護關愛園區,混種犬,1,F,MEDIUM,白色,CHILD,N,https://www.pet.gov.tw/upload/pic/1769755268051.png,,2026-01-30,高雄市燕巢區師大路98號,(07)6051002
441031,高雄市燕巢動物保護關愛園區,高雄市燕巢動物保護關愛園區,混種犬,1,F,MEDIUM,黑色,CHILD,N,https://www.pet.gov.tw/upload/pic/1769755183409.png,,2026-01-30,高雄市燕巢區師大路98號,(07)6051002
441024,高雄市燕巢動物保護關愛園區,高雄市燕巢動物保護關愛園區,混種犬,1,F,MEDIUM,黑色,CHILD,N,https://www.pet.gov.tw/upload/pic/1769754645426.png,,2026-01-30,高雄市燕巢區師大路98號,(07)6051002
440995,基隆市寵物銀行,基隆市寵物銀行,混種犬,1,M,MEDIUM,黃白色,ADULT,T,https://www.pet.gov.tw/upload/pic/1769741462187.png,,,基隆市七堵區大華三路45-12號(欣欣安樂園旁),(02)24560148
418284,金門縣動物收容中心,金門縣動物收容中心,混種犬,1,M,MEDIUM,黑色,ADULT,F,https://www.pet.gov.tw/upload/pic/1769674332157.png,官澳,2025-09-12,金門縣金湖鎮裕民農莊20號,(082)336625
440881,高雄市燕巢動物保護關愛園區,高雄市燕巢動物保護關愛園區,混種犬,1,M,SMALL,虎斑色,CHILD,N,https://www.pet.gov.tw/upload/pic/1769672236904.png,新興路,2026-01-29,高雄市燕巢區師大路98號,(07)6051002
47009,臺北市動物之家,臺北市動物之家,混種犬,1,M,MEDIUM,虎斑色,ADULT,T,https://www.pet.gov.tw/upload/pic/618426bb-4ccf-44f9-ab88-f0b39baaa425.jpg,市民大道,2021-04-10,臺北市內湖區安美街191號,(02)87913254
422168,臺北市動物之家,臺北市動物之家,混種犬,1,F,MEDIUM,黑色,ADULT,T,https://www.pet.gov.tw/upload/pic/1757656408177.png,酒泉街與重慶北路三段交叉口周遭,2025-09-20,臺北市內湖區安美街191號,(02)87913254
421184,臺北市動物之家,臺北市動物之家,混種犬,1,F,MEDIUM,黑色,ADULT,T,https://www.pet.gov.tw/upload/pic/1757131501311.png,湖山路6巷(原拾獲地：陽明山國家公園職員宿舍),2025-09-14,臺北市內湖區安美街191號,(02)87913254
291899,臺北市動物之家,臺北市動物之家,混種犬,1,F,MEDIUM,黑色,ADULT,T,https://www.pet.gov.tw/upload/pic/1673592094569.png,糖廍里大理街160巷22弄,2023-01-27,臺北市內湖區安美街191號,(02)87913254
285513,臺北市動物之家,臺北市動物之家,混種犬,1,F,MEDIUM,黃色,ADULT,T,https://www.pet.gov.tw/upload/pic/1669801455468.png,西康里	內湖路一段,2022-12-08,臺北市內湖區安美街191號,(02)87913254
214399,臺北市動物之家,臺北市動物之家,混種犬,1,M,MEDIUM,黑色,ADULT,F,https://www.pet.gov.tw/upload/pic/af95f59f-c611-4cd3-b12f-13a52d3164f5.jpg,松隆里 松山路,2021-08-02,臺北市內湖區安美街191號,(02)87913254
237704,臺北市動物之家,臺北市動物之家,混種犬,1,F,MEDIUM,黑色,ADULT,T,https://www.pet.gov.tw/upload/pic/ab8cc2fa-554b-4352-ac8b-be966115cc18.jpg,國慶里	延平北路三段,2022-01-10,臺北市內湖區安美街191號,(02)87913254
400356,臺北市動物之家,臺北市動物之家,混種犬,1,F,MEDIUM,黑色,CHILD,T,https://www.pet.gov.tw/upload/pic/1743907860930.png,新光路二段,2025-04-15,臺北市內湖區安美街191號,(02)87913254
440735,臺南市動物之家善化站,臺南市動物之家善化站,混種犬,1,M,MEDIUM,黃色,ADULT,N,https://www.pet.gov.tw/upload/pic/1769589041589.png,,2026-02-04,臺南市善化區昌隆里東勢寮1~19號,(06)5832399
290605,花蓮縣狗貓躍動園區,花蓮縣狗貓躍動園區,混種犬,1,M,MEDIUM,黑色,ADULT,T,https://www.pet.gov.tw/upload/pic/1715397533748.png,民治3-12號,2023-02-20,花蓮縣鳳林鎮林榮里永豐路255號,(03)8421452
440561,宜蘭縣流浪動物中途之家,宜蘭縣流浪動物中途之家,混種犬,1,F,BIG,黑色,ADULT,N,https://www.pet.gov.tw/upload/pic/1769571777804.png,長埤湖,2026-01-27,宜蘭縣五結鄉成興村利寶路60號,(03)9602350620
307929,花蓮縣狗貓躍動園區,花蓮縣狗貓躍動園區,混種犬,1,M,MEDIUM,黑白色,ADULT,T,https://www.pet.gov.tw/upload/pic/1715397339065.png,鳳林鎮永豐路135號,2023-05-27,花蓮縣鳳林鎮林榮里永豐路255號,(03)8421452
433558,花蓮縣狗貓躍動園區,花蓮縣狗貓躍動園區,混種犬,1,F,MEDIUM,白色,ADULT,T,https://www.pet.gov.tw/upload/pic/1764827204071.png,,2026-01-22,花蓮縣鳳林鎮林榮里永豐路255號,(03)8421452
440670,苗栗縣動物保護教育園區,苗栗縣動物保護教育園區,混種犬,1,F,BIG,棕色,ADULT,T,https://www.pet.gov.tw/upload/pic/1769569722948.png,南庄鄉南江村,2026-01-28,苗栗縣銅鑼鄉朝陽村6鄰朝北55-1號(地圖：https:／／goo.gl/maps/Bd4sckpEPsrof7Qb8),(037)558228
248203,臺北市動物之家,臺北市動物之家,混種犬,1,F,MEDIUM,黃色,ADULT,F,https://www.pet.gov.tw/upload/pic/1691813993349.png,動物之家,2022-04-11,臺北市內湖區安美街191號,(02)87913254
440493,彰化縣流浪狗中途之家,彰化縣流浪狗中途之家,混種犬,1,F,MEDIUM,,ADULT,T,https://www.pet.gov.tw/upload/pic/1769491385263.png,彰化體育場,2026-02-03,彰化縣員林市大峰里阿寶巷426號(大門入口請由彰化縣芬園鄉大彰路一段875巷進入走到底),(04)8590638
440495,彰化縣流浪狗中途之家,彰化縣流浪狗中途之家,混種犬,1,F,MEDIUM,黃色,ADULT,T,https://www.pet.gov.tw/upload/pic/1769491570967.png,彰化體育場,2026-02-03,彰化縣員林市大峰里阿寶巷426號(大門入口請由彰化縣芬園鄉大彰路一段875巷進入走到底),(04)8590638
440494,彰化縣流浪狗中途之家,彰化縣流浪狗中途之家,混種犬,1,F,MEDIUM,黃色,ADULT,T,https://www.pet.gov.tw/upload/pic/1769491492696.png,彰化體育場,2026-02-03,彰化縣員林市大峰里阿寶巷426號(大門入口請由彰化縣芬園鄉大彰路一段875巷進入走到底),(04)8590638
27963,雲林縣流浪動物收容所,雲林縣流浪動物收容所,混種犬,1,M,BIG,黑色,,T,https://www.pet.gov.tw/upload/pic/1769481819540.png,二崙鄉,2017-08-22,雲林縣斗六市雲林路二段517號,(05)5523300
176331,雲林縣流浪動物收容所,雲林縣流浪動物收容所,混種犬,1,F,BIG,黑黃色,ADULT,T,https://www.pet.gov.tw/upload/pic/d3e546ea-3895-487c-81e6-bdefe4186916.jpg,林內鄉烏塗村,2020-09-11,雲林縣斗六市雲林路二段517號,(05)5523300
260347,雲林縣流浪動物收容所,雲林縣流浪動物收容所,混種犬,1,M,BIG,黑色,ADULT,T,https://www.pet.gov.tw/upload/pic/1769487583513.png,虎尾鎮光復路,2022-06-17,雲林縣斗六市雲林路二段517號,(05)5523300
329732,雲林縣流浪動物收容所,雲林縣流浪動物收容所,混種犬,1,M,BIG,黑色,ADULT,T,https://www.pet.gov.tw/upload/pic/1769414667407.png,斗六市文化路,2023-10-16,雲林縣斗六市雲林路二段517號,(05)5523300
415037,澎湖縣流浪動物收容中心,澎湖縣流浪動物收容中心,混種犬,1,F,MEDIUM,黃色,ADULT,T,https://www.pet.gov.tw/upload/pic/1753343681982.png,1-28號附近,2025-08-15,澎湖縣馬公市烏崁里260、261號,(06)9213559
415711,澎湖縣流浪動物收容中心,澎湖縣流浪動物收容中心,混種犬,1,F,BIG,黃色,ADULT,T,https://www.pet.gov.tw/upload/pic/1761123105512.png,,2025-12-01,澎湖縣馬公市烏崁里260、261號,(06)9213559
430953,澎湖縣流浪動物收容中心,澎湖縣流浪動物收容中心,混種犬,1,F,SMALL,黑色,CHILD,T,https://www.pet.gov.tw/upload/pic/1764050759761.png,,2025-11-28,澎湖縣馬公市烏崁里260、261號,(06)9213559
440398,宜蘭縣流浪動物中途之家,宜蘭縣流浪動物中途之家,混種犬,1,M,MEDIUM,黑色,CHILD,N,https://www.pet.gov.tw/upload/pic/1769419328269.png,英士村台7線,2026-01-26,宜蘭縣五結鄉成興村利寶路60號,(03)9602350620
293579,澎湖縣流浪動物收容中心,澎湖縣流浪動物收容中心,混種犬,1,F,MEDIUM,黃色,ADULT,T,https://www.pet.gov.tw/upload/pic/1734852870885.png,前寮,2023-02-09,澎湖縣馬公市烏崁里260、261號,(06)9213559
247119,澎湖縣流浪動物收容中心,澎湖縣流浪動物收容中心,混種犬,1,M,BIG,黑黃色,ADULT,T,https://asms.coa.gov.tw/amlapp/upload/pic/beab2f6f-b7b7-47a1-93b2-a552342f1023_org.jpeg,東衛里,2022-03-25,澎湖縣馬公市烏崁里260、261號,(06)9213559
27958,雲林縣流浪動物收容所,雲林縣流浪動物收容所,混種犬,1,F,BIG,黑色,,T,https://www.pet.gov.tw/upload/pic/8e9fb426-7966-4487-bcb3-bb63e518e450.jpg,二崙鄉,2017-08-22,雲林縣斗六市雲林路二段517號,(05)5523300
440382,宜蘭縣流浪動物中途之家,宜蘭縣流浪動物中途之家,混種犬,1,M,BIG,黃色,ADULT,N,https://www.pet.gov.tw/upload/pic/1769417287563.png,尚惠路,2026-01-26,宜蘭縣五結鄉成興村利寶路60號,(03)9602350620
440379,臺南市動物之家善化站,臺南市動物之家善化站,混種犬,1,F,MEDIUM,黑色,ADULT,N,https://www.pet.gov.tw/upload/pic/1769415582467.png,,2026-01-26,臺南市善化區昌隆里東勢寮1~19號,(06)5832399
440159,新北市五股區公立動物之家,新北市五股區公立動物之家,混種犬,1,F,MEDIUM,黃色,CHILD,T,https://www.pet.gov.tw/upload/pic/1769305843110.png,五股區五股西雲路185巷,2026-01-25,新北市五股區外寮路9-9號,(02)82925265
339963,雲林縣流浪動物收容所,雲林縣流浪動物收容所,混種犬,1,M,BIG,黑色,ADULT,T,https://www.pet.gov.tw/upload/pic/1703205483097.png,虎尾鎮虎尾糖廠,2023-12-14,雲林縣斗六市雲林路二段517號,(05)5523300
329734,雲林縣流浪動物收容所,雲林縣流浪動物收容所,混種犬,1,M,BIG,黑色,ADULT,T,https://www.pet.gov.tw/upload/pic/1697503500568.png,斗六市文化路,2023-10-16,雲林縣斗六市雲林路二段517號,(05)5523300
291976,雲林縣流浪動物收容所,雲林縣流浪動物收容所,混種犬,1,M,BIG,黑色,ADULT,T,https://www.pet.gov.tw/upload/pic/1673613596897.png,斗六市榮橋堤防,2023-01-13,雲林縣斗六市雲林路二段517號,(05)5523300
274440,雲林縣流浪動物收容所,雲林縣流浪動物收容所,混種犬,1,F,BIG,黑色,ADULT,T,https://www.pet.gov.tw/upload/pic/1fba4f37-1e7a-4258-9fbb-909cb4e1518f.jpg,西螺鎮新社里,2022-09-16,雲林縣斗六市雲林路二段517號,(05)5523300
384991,臺北市動物之家,臺北市動物之家,混種犬,1,M,MEDIUM,黑色,ADULT,T,https://www.pet.gov.tw/upload/pic/1733213570322.png,內湖路一段47巷,2024-12-15,臺北市內湖區安美街191號,(02)87913254
420785,臺北市動物之家,臺北市動物之家,其他,0,M,MEDIUM,黑色,ADULT,T,https://www.pet.gov.tw/upload/pic/1756880832787.png,康寧路一段,2025-12-21,臺北市內湖區安美街191號,(02)87913254
238366,臺北市動物之家,臺北市動物之家,混種犬,1,M,MEDIUM,黑色,ADULT,T,https://www.pet.gov.tw/upload/pic/1671598924116.png,西村里	信義路五段(101對面),2022-01-24,臺北市內湖區安美街191號,(02)87913254
194647,新北市新店區公立動物之家,新北市新店區公立動物之家,混種犬,1,F,MEDIUM,三花色,ADULT,T,https://www.pet.gov.tw/upload/pic/1726488068242.png,新店屈永安街109巷3號10F,2021-02-06,新北市新店區安泰路235號,(02)22159462
440247,新北市新店區公立動物之家,新北市新店區公立動物之家,混種犬,1,M,MEDIUM,黑黃色,ADULT,T,https://www.pet.gov.tw/upload/pic/1769399916035.png,石碇區摸乳巷11號之8,2026-01-26,新北市新店區安泰路235號,(02)22159462
415065,雲林縣流浪動物收容所,雲林縣流浪動物收容所,混種犬,1,M,BIG,黑色,ADULT,T,https://www.pet.gov.tw/upload/pic/1769066844534.png,斗六市湖山路,2025-07-25,雲林縣斗六市雲林路二段517號,(05)5523300
440214,新北市新店區公立動物之家,新北市新店區公立動物之家,混種犬,1,M,BIG,黑色,ADULT,T,https://www.pet.gov.tw/upload/pic/1769399338029.png,坪林區北宜路8段138號/7-11,2026-01-26,新北市新店區安泰路235號,(02)22159462
95750,雲林縣流浪動物收容所,雲林縣流浪動物收容所,混種犬,1,M,BIG,虎斑色,ADULT,T,https://www.pet.gov.tw/upload/pic/7feb066b-798a-4007-8035-be3d4cbc39a4.jpg,台西鄉五港村,2019-04-26,雲林縣斗六市雲林路二段517號,(05)5523300
26875,雲林縣流浪動物收容所,雲林縣流浪動物收容所,混種犬,1,F,BIG,黑色,,T,https://www.pet.gov.tw/upload/pic/7403b002-a302-4211-b153-de85f25e4eb9.JPG,莿桐鄉,2017-02-22,雲林縣斗六市雲林路二段517號,(05)5523300
96755,雲林縣流浪動物收容所,雲林縣流浪動物收容所,混種犬,1,F,BIG,黑色,,T,https://www.pet.gov.tw/upload/pic/87a6b982-b848-42dc-8f88-3f918bcc5a95.jpg,二崙鄉安平路,2019-05-03,雲林縣斗六市雲林路二段517號,(05)5523300
96752,雲林縣流浪動物收容所,雲林縣流浪動物收容所,混種犬,1,F,BIG,棕色,,T,https://www.pet.gov.tw/upload/pic/9e441f85-c026-4fcb-b930-d2fcd5aa6a2a.jpg,斗六市鎮北路,2019-05-03,雲林縣斗六市雲林路二段517號,(05)5523300
260345,雲林縣流浪動物收容所,雲林縣流浪動物收容所,混種犬,1,M,BIG,黑色,ADULT,T,https://www.pet.gov.tw/upload/pic/5b91588c-9313-4492-b89d-fa7ca24d12b8.jpg,虎尾鎮光復路,2022-06-17,雲林縣斗六市雲林路二段517號,(05)5523300
329863,雲林縣流浪動物收容所,雲林縣流浪動物收容所,混種犬,1,F,BIG,黑色,ADULT,T,https://www.pet.gov.tw/upload/pic/1697534411578.png,斗六市文化路,2023-10-16,雲林縣斗六市雲林路二段517號,(05)5523300
172895,新北市八里區公立動物之家,新北市八里區公立動物之家,混種犬,1,F,MEDIUM,棕色,ADULT,F,https://www.pet.gov.tw/upload/pic/1724922165728.png,明志路一段,2020-08-21,新北市八里區長坑里6鄰長坑道路36號,(02)26194428
362617,臺北市動物之家,臺北市動物之家,混種犬,1,M,MEDIUM,黑色,ADULT,T,https://www.pet.gov.tw/upload/pic/1718796691090.png,網溪里水源路與牯嶺街交叉口,2024-07-22,臺北市內湖區安美街191號,(02)87913254
282065,臺北市動物之家,臺北市動物之家,柴犬,0,M,MEDIUM,黃白色,ADULT,T,https://www.pet.gov.tw/upload/pic/1691976891106.png,柳鄉里 桂林路２４２巷１０７弄,2023-04-12,臺北市內湖區安美街191號,(02)87913254
439763,宜蘭縣流浪動物中途之家,宜蘭縣流浪動物中途之家,混種犬,1,M,BIG,黑色,ADULT,N,https://www.pet.gov.tw/upload/pic/1768986491537.png,長埤湖,2026-01-21,宜蘭縣五結鄉成興村利寶路60號,(03)9602350620
440076,臺南市動物之家善化站,臺南市動物之家善化站,混種犬,1,F,MEDIUM,黃色,ADULT,T,https://www.pet.gov.tw/upload/pic/1769160878846.png,151-50號,2026-01-23,臺南市善化區昌隆里東勢寮1~19號,(06)5832399
435467,雲林縣流浪動物收容所,雲林縣流浪動物收容所,混種犬,1,F,MEDIUM,黃色,CHILD,T,https://www.pet.gov.tw/upload/pic/1766019071567.png,西螺鎮中興里,2025-12-19,雲林縣斗六市雲林路二段517號,(05)5523300
435466,雲林縣流浪動物收容所,雲林縣流浪動物收容所,混種犬,1,F,BIG,黃色,ADULT,T,https://www.pet.gov.tw/upload/pic/1766019010024.png,西螺鎮中興里,2025-12-19,雲林縣斗六市雲林路二段517號,(05)5523300
432149,雲林縣流浪動物收容所,雲林縣流浪動物收容所,混種犬,1,M,BIG,黑色,ADULT,T,https://www.pet.gov.tw/upload/pic/1763976857111.png,崙背鄉羅厝村,2025-11-28,雲林縣斗六市雲林路二段517號,(05)5523300
291986,雲林縣流浪動物收容所,雲林縣流浪動物收容所,混種犬,1,M,BIG,黃色,ADULT,T,https://www.pet.gov.tw/upload/pic/1673614381969.png,斗六市榮橋堤防,2023-01-13,雲林縣斗六市雲林路二段517號,(05)5523300
392211,雲林縣流浪動物收容所,雲林縣流浪動物收容所,混種犬,1,F,BIG,黑黃色,ADULT,T,https://www.pet.gov.tw/upload/pic/1738715166883.png,古坑鄉朝陽村,2025-02-03,雲林縣斗六市雲林路二段517號,(05)5523300
425729,雲林縣流浪動物收容所,雲林縣流浪動物收容所,混種犬,1,M,BIG,黑色,ADULT,T,https://www.pet.gov.tw/upload/pic/1760345221061.png,大埤國小,2025-10-17,雲林縣斗六市雲林路二段517號,(05)5523300
253054,雲林縣流浪動物收容所,雲林縣流浪動物收容所,混種犬,1,M,BIG,黃色,ADULT,T,https://www.pet.gov.tw/upload/pic/49f53ebe-469c-4b2c-8ca6-1a2e4d4eb8e7.jpg,台西鄉蚊港村,2022-04-29,雲林縣斗六市雲林路二段517號,(05)5523300
340938,雲林縣流浪動物收容所,雲林縣流浪動物收容所,混種犬,1,F,BIG,黑色,ADULT,T,https://www.pet.gov.tw/upload/pic/1703820131423.png,西螺鎮振興里,2023-12-28,雲林縣斗六市雲林路二段517號,(05)5523300
267467,雲林縣流浪動物收容所,雲林縣流浪動物收容所,混種犬,1,F,BIG,米色,ADULT,T,https://www.pet.gov.tw/upload/pic/bb49a989-9d03-4d31-95b6-d3eb8f20f673.jpg,斗六市萬年路,2022-07-29,雲林縣斗六市雲林路二段517號,(05)5523300
291988,雲林縣流浪動物收容所,雲林縣流浪動物收容所,混種犬,1,M,MEDIUM,黑黃色,ADULT,T,https://www.pet.gov.tw/upload/pic/1673614501556.png,斗六市榮橋堤防,2023-01-13,雲林縣斗六市雲林路二段517號,(05)5523300
250971,雲林縣流浪動物收容所,雲林縣流浪動物收容所,混種犬,1,F,BIG,黃色,ADULT,T,https://www.pet.gov.tw/upload/pic/74cea25d-acbf-4799-9b1f-16bc05f3d81f.jpg,崙背鄉民主路,2022-04-15,雲林縣斗六市雲林路二段517號,(05)5523300
266564,雲林縣流浪動物收容所,雲林縣流浪動物收容所,混種犬,1,M,BIG,黑色,ADULT,T,https://www.pet.gov.tw/upload/pic/a9c17b17-e338-49d6-a5fb-9e7efd42dfb9.jpg,西螺鎮新社里,2022-07-22,雲林縣斗六市雲林路二段517號,(05)5523300
340943,雲林縣流浪動物收容所,雲林縣流浪動物收容所,混種犬,1,M,BIG,黑色,ADULT,T,https://www.pet.gov.tw/upload/pic/1703820595181.png,西螺鎮振興里,2023-12-28,雲林縣斗六市雲林路二段517號,(05)5523300
354007,雲林縣流浪動物收容所,雲林縣流浪動物收容所,混種犬,1,F,BIG,黑色,ADULT,T,https://www.pet.gov.tw/upload/pic/1713165158290.png,林內鄉新光路,2024-04-12,雲林縣斗六市雲林路二段517號,(05)5523300
340937,雲林縣流浪動物收容所,雲林縣流浪動物收容所,混種犬,1,F,BIG,黃色,ADULT,T,https://www.pet.gov.tw/upload/pic/1703819960069.png,西螺鎮振興里,2023-12-28,雲林縣斗六市雲林路二段517號,(05)5523300
377141,新北市八里區公立動物之家,新北市八里區公立動物之家,混種犬,1,F,MEDIUM,黃色,ADULT,F,https://www.pet.gov.tw/upload/pic/1752127339584.png,福樂街,2024-10-10,新北市八里區長坑里6鄰長坑道路36號,(02)26194428
51654,新北市八里區公立動物之家,新北市八里區公立動物之家,混種犬,1,M,MEDIUM,黑黃色,ADULT,F,https://www.pet.gov.tw/upload/pic/1724987970607.png,環河,2018-11-20,新北市八里區長坑里6鄰長坑道路36號,(02)26194428
100902,新北市八里區公立動物之家,新北市八里區公立動物之家,混種犬,1,M,SMALL,黑色,ADULT,F,https://www.pet.gov.tw/upload/pic/1724988290443.png,文程路,2019-06-25,新北市八里區長坑里6鄰長坑道路36號,(02)26194428
427492,彰化縣流浪狗中途之家,彰化縣流浪狗中途之家,混種犬,1,F,MEDIUM,,ADULT,T,https://www.pet.gov.tw/upload/pic/1761633250637.png,鹿港體育場,2025-11-05,彰化縣員林市大峰里阿寶巷426號(大門入口請由彰化縣芬園鄉大彰路一段875巷進入走到底),(04)8590638
429056,彰化縣流浪狗中途之家,彰化縣流浪狗中途之家,混種犬,1,F,MEDIUM,黑色,ADULT,T,https://www.pet.gov.tw/upload/pic/1761976206706.png,擺塘橫巷9號,2025-11-10,彰化縣員林市大峰里阿寶巷426號(大門入口請由彰化縣芬園鄉大彰路一段875巷進入走到底),(04)8590638
430652,彰化縣流浪狗中途之家,彰化縣流浪狗中途之家,混種犬,1,F,MEDIUM,棕色,ADULT,T,https://www.pet.gov.tw/upload/pic/1763018888983.png,源泉路二段48號旁巷子內果園,2025-11-24,彰化縣員林市大峰里阿寶巷426號(大門入口請由彰化縣芬園鄉大彰路一段875巷進入走到底),(04)8590638
435280,彰化縣流浪狗中途之家,彰化縣流浪狗中途之家,混種犬,1,F,MEDIUM,灰黑色,ADULT,T,https://www.pet.gov.tw/upload/pic/1765934281043.png,新復路二段,2025-12-25,彰化縣員林市大峰里阿寶巷426號(大門入口請由彰化縣芬園鄉大彰路一段875巷進入走到底),(04)8590638
383115,彰化縣流浪狗中途之家,彰化縣流浪狗中途之家,混種犬,1,F,SMALL,黑色,CHILD,T,https://www.pet.gov.tw/upload/pic/1752565159439.png,陸軍路4號,2024-12-23,彰化縣員林市大峰里阿寶巷426號(大門入口請由彰化縣芬園鄉大彰路一段875巷進入走到底),(04)8590638
427145,彰化縣流浪狗中途之家,彰化縣流浪狗中途之家,混種犬,1,F,MEDIUM,黑色,ADULT,T,https://www.pet.gov.tw/upload/pic/1761264194724.png,中正東街27巷2號,2025-11-01,彰化縣員林市大峰里阿寶巷426號(大門入口請由彰化縣芬園鄉大彰路一段875巷進入走到底),(04)8590638
429765,彰化縣流浪狗中途之家,彰化縣流浪狗中途之家,混種犬,1,F,MEDIUM,黑色,ADULT,T,https://www.pet.gov.tw/upload/pic/1762413058852.png,源泉路二段48號旁巷子內果園,2025-11-17,彰化縣員林市大峰里阿寶巷426號(大門入口請由彰化縣芬園鄉大彰路一段875巷進入走到底),(04)8590638
381866,彰化縣流浪狗中途之家,彰化縣流浪狗中途之家,混種犬,1,M,MEDIUM,棕灰色,ADULT,T,https://www.pet.gov.tw/upload/pic/1735604540267.png,山腳路,2024-11-25,彰化縣員林市大峰里阿寶巷426號(大門入口請由彰化縣芬園鄉大彰路一段875巷進入走到底),(04)8590638
438609,新北市八里區公立動物之家,新北市八里區公立動物之家,日本狆,0,M,SMALL,黑白色,ADULT,F,https://www.pet.gov.tw/upload/pic/1768287101056.png,泰山區大科路,2026-01-23,新北市八里區長坑里6鄰長坑道路36號,(02)26194428
364157,雲林縣流浪動物收容所,雲林縣流浪動物收容所,比特犬,0,F,MEDIUM,黑黃色,ADULT,T,https://www.pet.gov.tw/upload/pic/1769066947495.png,虎尾鎮虎興西七街,2024-06-25,雲林縣斗六市雲林路二段517號,(05)5523300
389938,雲林縣流浪動物收容所,雲林縣流浪動物收容所,混種犬,1,F,BIG,白色,ADULT,T,https://www.pet.gov.tw/upload/pic/1736504250318.png,四湖鄉林厝村,2025-01-10,雲林縣斗六市雲林路二段517號,(05)5523300
399037,雲林縣流浪動物收容所,雲林縣流浪動物收容所,混種犬,1,F,BIG,黃色,ADULT,T,https://www.pet.gov.tw/upload/pic/1742806372556.png,水林鄉順興村,2025-03-19,雲林縣斗六市雲林路二段517號,(05)5523300
425726,雲林縣流浪動物收容所,雲林縣流浪動物收容所,混種犬,1,M,BIG,黑色,ADULT,T,https://www.pet.gov.tw/upload/pic/1760345013772.png,古坑鄉高林村,2025-10-17,雲林縣斗六市雲林路二段517號,(05)5523300
350033,雲林縣流浪動物收容所,雲林縣流浪動物收容所,混種犬,1,M,BIG,黑色,ADULT,T,https://www.pet.gov.tw/upload/pic/1710386436783.png,古坑鄉古坑村,2024-03-12,雲林縣斗六市雲林路二段517號,(05)5523300
347875,雲林縣流浪動物收容所,雲林縣流浪動物收容所,混種犬,1,F,BIG,黑色,ADULT,T,https://www.pet.gov.tw/upload/pic/1709028667181.png,林內鄉新光路,2024-03-08,雲林縣斗六市雲林路二段517號,(05)5523300
350038,雲林縣流浪動物收容所,雲林縣流浪動物收容所,混種犬,1,F,BIG,黃色,ADULT,T,https://www.pet.gov.tw/upload/pic/1710386593179.png,古坑鄉古坑村,2024-03-12,雲林縣斗六市雲林路二段517號,(05)5523300
350045,雲林縣流浪動物收容所,雲林縣流浪動物收容所,混種犬,1,M,BIG,黑白色,ADULT,T,https://www.pet.gov.tw/upload/pic/1710394988393.png,劍湖山世界,2024-03-05,雲林縣斗六市雲林路二段517號,(05)5523300
399976,雲林縣流浪動物收容所,雲林縣流浪動物收容所,比特犬,0,F,BIG,黑白色,ADULT,T,https://www.pet.gov.tw/upload/pic/1743412495905.png,崙背鄉大有村,2025-03-25,雲林縣斗六市雲林路二段517號,(05)5523300
262393,雲林縣流浪動物收容所,雲林縣流浪動物收容所,混種犬,1,M,BIG,黑白色,ADULT,F,https://www.pet.gov.tw/upload/pic/1d485319-42c6-448c-a3d3-45aa3f1367df.jpg,土庫鎮奮起里,2022-06-24,雲林縣斗六市雲林路二段517號,(05)5523300
275437,雲林縣流浪動物收容所,雲林縣流浪動物收容所,混種犬,1,F,BIG,黑棕色,ADULT,T,https://www.pet.gov.tw/upload/pic/9d429d82-f48e-4184-b472-7bc5d9d24e38.jpg,大埤鄉頂埤頭,2022-09-23,雲林縣斗六市雲林路二段517號,(05)5523300
433496,彰化縣流浪狗中途之家,彰化縣流浪狗中途之家,混種犬,1,F,MEDIUM,,ADULT,T,https://www.pet.gov.tw/upload/pic/1764812961769.png,,2025-12-13,彰化縣員林市大峰里阿寶巷426號(大門入口請由彰化縣芬園鄉大彰路一段875巷進入走到底),(04)8590638
433820,彰化縣流浪狗中途之家,彰化縣流浪狗中途之家,混種犬,1,F,MEDIUM,黑色,ADULT,T,https://www.pet.gov.tw/upload/pic/1764986677629.png,光復路四段192號附近,2025-12-22,彰化縣員林市大峰里阿寶巷426號(大門入口請由彰化縣芬園鄉大彰路一段875巷進入走到底),(04)8590638
417111,彰化縣流浪狗中途之家,彰化縣流浪狗中途之家,混種犬,1,F,MEDIUM,黑色,ADULT,T,https://www.pet.gov.tw/upload/pic/1754446753577.png,東州路,2025-08-06,彰化縣員林市大峰里阿寶巷426號(大門入口請由彰化縣芬園鄉大彰路一段875巷進入走到底),(04)8590638
434146,彰化縣流浪狗中途之家,彰化縣流浪狗中途之家,混種犬,1,F,MEDIUM,黃色,ADULT,T,https://www.pet.gov.tw/upload/pic/1765240598576.png,新興路一段新輿宮附近,2025-12-22,彰化縣員林市大峰里阿寶巷426號(大門入口請由彰化縣芬園鄉大彰路一段875巷進入走到底),(04)8590638
418183,彰化縣流浪狗中途之家,彰化縣流浪狗中途之家,混種犬,1,F,MEDIUM,黑色,ADULT,T,https://www.pet.gov.tw/upload/pic/1755067171981.png,南潭路1巷,2025-09-08,彰化縣員林市大峰里阿寶巷426號(大門入口請由彰化縣芬園鄉大彰路一段875巷進入走到底),(04)8590638
424935,彰化縣流浪狗中途之家,彰化縣流浪狗中途之家,混種犬,1,F,MEDIUM,黃白色,ADULT,T,https://www.pet.gov.tw/upload/pic/1759475979834.png,,2025-10-11,彰化縣員林市大峰里阿寶巷426號(大門入口請由彰化縣芬園鄉大彰路一段875巷進入走到底),(04)8590638
421165,彰化縣流浪狗中途之家,彰化縣流浪狗中途之家,混種犬,1,F,MEDIUM,,ADULT,T,https://www.pet.gov.tw/upload/pic/1757407372410.png,下柑路,2025-09-22,彰化縣員林市大峰里阿寶巷426號(大門入口請由彰化縣芬園鄉大彰路一段875巷進入走到底),(04)8590638
425536,彰化縣流浪狗中途之家,彰化縣流浪狗中途之家,混種犬,1,F,MEDIUM,黑色,ADULT,T,https://www.pet.gov.tw/upload/pic/1759992952825.png,鹿港體育場,2025-10-18,彰化縣員林市大峰里阿寶巷426號(大門入口請由彰化縣芬園鄉大彰路一段875巷進入走到底),(04)8590638
433806,彰化縣流浪狗中途之家,彰化縣流浪狗中途之家,混種犬,1,M,BIG,黑色,ADULT,T,https://www.pet.gov.tw/upload/pic/1764982692499.png,南陵路百姓公廟,2025-12-22,彰化縣員林市大峰里阿寶巷426號(大門入口請由彰化縣芬園鄉大彰路一段875巷進入走到底),(04)8590638
427029,彰化縣流浪狗中途之家,彰化縣流浪狗中途之家,混種犬,1,M,MEDIUM,黃色,ADULT,T,https://www.pet.gov.tw/upload/pic/1761199870895.png,溪心街71巷,2025-11-03,彰化縣員林市大峰里阿寶巷426號(大門入口請由彰化縣芬園鄉大彰路一段875巷進入走到底),(04)8590638
434321,彰化縣流浪狗中途之家,彰化縣流浪狗中途之家,混種犬,1,M,MEDIUM,黑虎斑色,ADULT,T,https://www.pet.gov.tw/upload/pic/1765328978657.png,洪堀巷32號附近,2025-12-22,彰化縣員林市大峰里阿寶巷426號(大門入口請由彰化縣芬園鄉大彰路一段875巷進入走到底),(04)8590638
201863,雲林縣流浪動物收容所,雲林縣流浪動物收容所,混種犬,1,F,BIG,黑色,ADULT,T,https://www.pet.gov.tw/upload/pic/4f4cc4cf-156a-42ee-869e-0f14b28e6f35.jpg,虎尾鎮穎川里,2021-04-09,雲林縣斗六市雲林路二段517號,(05)5523300
434323,彰化縣流浪狗中途之家,彰化縣流浪狗中途之家,混種犬,1,M,MEDIUM,黑色,ADULT,T,https://www.pet.gov.tw/upload/pic/1765329124382.png,員鹿路1段581巷附近,2025-12-22,彰化縣員林市大峰里阿寶巷426號(大門入口請由彰化縣芬園鄉大彰路一段875巷進入走到底),(04)8590638
350035,雲林縣流浪動物收容所,雲林縣流浪動物收容所,混種犬,1,M,BIG,黑色,ADULT,T,https://www.pet.gov.tw/upload/pic/1710386529333.png,古坑鄉古坑村,2024-03-12,雲林縣斗六市雲林路二段517號,(05)5523300
347885,雲林縣流浪動物收容所,雲林縣流浪動物收容所,混種犬,1,F,MEDIUM,白色,ADULT,T,https://www.pet.gov.tw/upload/pic/1709029441073.png,林內鄉新光路,2024-02-26,雲林縣斗六市雲林路二段517號,(05)5523300
347842,雲林縣流浪動物收容所,雲林縣流浪動物收容所,混種犬,1,F,BIG,黃色,ADULT,T,https://www.pet.gov.tw/upload/pic/1709026804990.png,林內鄉新光路,2024-02-26,雲林縣斗六市雲林路二段517號,(05)5523300
438715,彰化縣流浪狗中途之家,彰化縣流浪狗中途之家,混種犬,1,M,BIG,黑色,ADULT,T,https://www.pet.gov.tw/upload/pic/1768370595069.png,大厝巷17之3號,2026-01-22,彰化縣員林市大峰里阿寶巷426號(大門入口請由彰化縣芬園鄉大彰路一段875巷進入走到底),(04)8590638
427013,彰化縣流浪狗中途之家,彰化縣流浪狗中途之家,混種犬,1,M,MEDIUM,灰黑色,ADULT,T,https://www.pet.gov.tw/upload/pic/1761183427128.png,鹿港體育場,2025-11-01,彰化縣員林市大峰里阿寶巷426號(大門入口請由彰化縣芬園鄉大彰路一段875巷進入走到底),(04)8590638
420336,彰化縣流浪狗中途之家,彰化縣流浪狗中途之家,混種犬,1,M,MEDIUM,黑色,ADULT,T,https://www.pet.gov.tw/upload/pic/1756694262984.png,南潭路1巷54號,2025-09-15,彰化縣員林市大峰里阿寶巷426號(大門入口請由彰化縣芬園鄉大彰路一段875巷進入走到底),(04)8590638
425534,彰化縣流浪狗中途之家,彰化縣流浪狗中途之家,混種犬,1,M,MEDIUM,米色,ADULT,T,https://www.pet.gov.tw/upload/pic/1759992701503.png,鹿港體育場,2025-10-17,彰化縣員林市大峰里阿寶巷426號(大門入口請由彰化縣芬園鄉大彰路一段875巷進入走到底),(04)8590638
433308,彰化縣流浪狗中途之家,彰化縣流浪狗中途之家,混種犬,1,M,MEDIUM,黑色,ADULT,T,https://www.pet.gov.tw/upload/pic/1764725763302.png,大崙路21-1號,2025-12-11,彰化縣員林市大峰里阿寶巷426號(大門入口請由彰化縣芬園鄉大彰路一段875巷進入走到底),(04)8590638
435277,彰化縣流浪狗中途之家,彰化縣流浪狗中途之家,混種犬,1,M,MEDIUM,黑色,ADULT,T,https://www.pet.gov.tw/upload/pic/1765934148369.png,漢興路57號,2025-12-25,彰化縣員林市大峰里阿寶巷426號(大門入口請由彰化縣芬園鄉大彰路一段875巷進入走到底),(04)8590638
425538,彰化縣流浪狗中途之家,彰化縣流浪狗中途之家,混種犬,1,M,MEDIUM,黑黃色,ADULT,T,https://www.pet.gov.tw/upload/pic/1759993013951.png,鹿港體育場,2025-10-17,彰化縣員林市大峰里阿寶巷426號(大門入口請由彰化縣芬園鄉大彰路一段875巷進入走到底),(04)8590638
425535,彰化縣流浪狗中途之家,彰化縣流浪狗中途之家,混種犬,1,M,MEDIUM,棕色,ADULT,T,https://www.pet.gov.tw/upload/pic/1759992855755.png,鹿港體育場,2025-10-17,彰化縣員林市大峰里阿寶巷426號(大門入口請由彰化縣芬園鄉大彰路一段875巷進入走到底),(04)8590638
419794,彰化縣流浪狗中途之家,彰化縣流浪狗中途之家,混種犬,1,M,MEDIUM,黃色,ADULT,T,https://www.pet.gov.tw/upload/pic/1756260986644.png,漢寶垃圾場,2025-09-04,彰化縣員林市大峰里阿寶巷426號(大門入口請由彰化縣芬園鄉大彰路一段875巷進入走到底),(04)8590638
432185,彰化縣流浪狗中途之家,彰化縣流浪狗中途之家,混種犬,1,M,MEDIUM,棕色,ADULT,T,https://www.pet.gov.tw/upload/pic/1764033893117.png,鹿港體育場,2025-12-03,彰化縣員林市大峰里阿寶巷426號(大門入口請由彰化縣芬園鄉大彰路一段875巷進入走到底),(04)8590638
429764,彰化縣流浪狗中途之家,彰化縣流浪狗中途之家,混種犬,1,M,MEDIUM,黑色,ADULT,T,https://www.pet.gov.tw/upload/pic/1762412992230.png,源泉路二段48號旁巷子內果園,2025-11-24,彰化縣員林市大峰里阿寶巷426號(大門入口請由彰化縣芬園鄉大彰路一段875巷進入走到底),(04)8590638
201870,雲林縣流浪動物收容所,雲林縣流浪動物收容所,混種犬,1,F,BIG,棕灰色,ADULT,T,https://www.pet.gov.tw/upload/pic/ad99dfee-8a95-42ed-a6c9-241ff23dfa20.jpg,虎尾鎮穎川里,2021-04-09,雲林縣斗六市雲林路二段517號,(05)5523300
28004,雲林縣流浪動物收容所,雲林縣流浪動物收容所,混種犬,1,F,BIG,黃色,,T,https://www.pet.gov.tw/upload/pic/95776808-f735-42ec-9bea-06fb304f8ba0.JPG,麥寮鄉,2017-08-30,雲林縣斗六市雲林路二段517號,(05)5523300
201872,雲林縣流浪動物收容所,雲林縣流浪動物收容所,混種犬,1,F,BIG,黑色,ADULT,T,https://www.pet.gov.tw/upload/pic/1bd65fa8-3044-41f4-a860-31e5ee7d14e2.jpg,虎尾鎮穎川里,2021-04-09,雲林縣斗六市雲林路二段517號,(05)5523300
291974,雲林縣流浪動物收容所,雲林縣流浪動物收容所,混種犬,1,M,BIG,黑色,ADULT,T,https://www.pet.gov.tw/upload/pic/1673613454623.png,斗六市榮橋堤防,2023-01-13,雲林縣斗六市雲林路二段517號,(05)5523300
439762,宜蘭縣流浪動物中途之家,宜蘭縣流浪動物中途之家,混種犬,1,F,BIG,黑色,ADULT,N,https://www.pet.gov.tw/upload/pic/1768986449170.png,長埤湖,2026-01-21,宜蘭縣五結鄉成興村利寶路60號,(03)9602350620
439761,宜蘭縣流浪動物中途之家,宜蘭縣流浪動物中途之家,混種犬,1,F,BIG,黑色,ADULT,N,https://www.pet.gov.tw/upload/pic/1768986409843.png,壯濱路一段,2026-01-21,宜蘭縣五結鄉成興村利寶路60號,(03)9602350620
31254,臺北市動物之家,臺北市動物之家,混種犬,1,F,SMALL,黑色,CHILD,T,https://www.pet.gov.tw/upload/pic/83fc6b2b-57d1-470e-af9b-ae8e080d6b56.jpg,忠孝東路6段159巷,2021-04-11,臺北市內湖區安美街191號,(02)87913254
117849,臺東縣動物收容中心,臺東縣動物收容中心,混種犬,1,M,BIG,黑色,ADULT,F,https://www.pet.gov.tw/upload/pic/e74e3c77-8be5-4dcf-82c7-62e5d386fa7d.JPG,台東市中興路三段,2019-09-08,臺東縣臺東市中華路4段999巷600號,(089)362011
439704,臺南市動物之家善化站,臺南市動物之家善化站,混種犬,1,M,MEDIUM,黃色,ADULT,N,https://www.pet.gov.tw/upload/pic/1768976335188.png,,2026-01-21,臺南市善化區昌隆里東勢寮1~19號,(06)5832399
439701,臺南市動物之家善化站,臺南市動物之家善化站,混種犬,1,M,MEDIUM,黑色,ADULT,N,https://www.pet.gov.tw/upload/pic/1768976001212.png,,2026-01-21,臺南市善化區昌隆里東勢寮1~19號,(06)5832399
430680,新北市五股區公立動物之家,新北市五股區公立動物之家,混種犬,1,M,MEDIUM,黑色,ADULT,F,https://www.pet.gov.tw/upload/pic/1763023406959.png,三重區三重仁和街10號,2025-11-20,新北市五股區外寮路9-9號,(02)82925265
201867,雲林縣流浪動物收容所,雲林縣流浪動物收容所,混種犬,1,M,BIG,黑黃色,ADULT,T,https://www.pet.gov.tw/upload/pic/81d80120-da55-4c84-a6f4-071cd88cdae0.jpg,虎尾鎮穎川里,2021-04-09,雲林縣斗六市雲林路二段517號,(05)5523300
439503,臺南市動物之家灣裡站,臺南市動物之家灣裡站,混種犬,1,M,MEDIUM,咖啡色,ADULT,T,https://www.pet.gov.tw/upload/pic/1768901858286.png,中興路665巷6號,2026-01-21,臺南市南區省躬里14鄰萬年路580巷92號,(06)2964439
201864,雲林縣流浪動物收容所,雲林縣流浪動物收容所,混種犬,1,F,BIG,黑色,ADULT,T,https://www.pet.gov.tw/upload/pic/4f8dd7c2-eae1-4280-a65f-61c7fde925a8.jpg,虎尾鎮穎川里,2021-04-09,雲林縣斗六市雲林路二段517號,(05)5523300
201873,雲林縣流浪動物收容所,雲林縣流浪動物收容所,混種犬,1,F,BIG,黑色,ADULT,F,https://www.pet.gov.tw/upload/pic/c47f31c7-5426-40e7-8457-0b9d4330607a.jpg,虎尾鎮穎川里,2021-04-09,雲林縣斗六市雲林路二段517號,(05)5523300
106356,雲林縣流浪動物收容所,雲林縣流浪動物收容所,混種犬,1,M,BIG,黑色,,T,https://www.pet.gov.tw/upload/pic/dc6c0a3e-f10d-4cf1-a17e-4e62bb51e608.jpg,水林鄉外環路,2019-06-28,雲林縣斗六市雲林路二段517號,(05)5523300
188231,臺北市動物之家,臺北市動物之家,混種犬,1,M,MEDIUM,棕白色,ADULT,T,https://www.pet.gov.tw/upload/pic/70dae39c-57cc-41be-b12c-ff5928da8c6a.jpg,民眾不擬續養,2021-04-11,臺北市內湖區安美街191號,(02)87913254
433411,花蓮縣狗貓躍動園區,花蓮縣狗貓躍動園區,混種犬,1,F,MEDIUM,黑色,ADULT,T,https://www.pet.gov.tw/upload/pic/1764746567413.png,,,花蓮縣鳳林鎮林榮里永豐路255號,(03)8421452
433412,花蓮縣狗貓躍動園區,花蓮縣狗貓躍動園區,混種犬,1,F,MEDIUM,黑色,ADULT,T,https://www.pet.gov.tw/upload/pic/1764746723971.png,,,花蓮縣鳳林鎮林榮里永豐路255號,(03)8421452
439565,臺南市動物之家善化站,臺南市動物之家善化站,混種犬,1,M,MEDIUM,黑色,ADULT,T,https://www.pet.gov.tw/upload/pic/1768889573916.png,,,臺南市善化區昌隆里東勢寮1~19號,(06)5832399
306878,雲林縣流浪動物收容所,雲林縣流浪動物收容所,混種犬,1,M,BIG,棕黑色,ADULT,T,https://www.pet.gov.tw/upload/pic/1768808541955.png,斗六市林頭里,2023-05-05,雲林縣斗六市雲林路二段517號,(05)5523300
412100,臺南市動物之家灣裡站,臺南市動物之家灣裡站,混種犬,1,F,MEDIUM,黑色,ADULT,N,https://www.pet.gov.tw/upload/pic/1750896606086.png,中正路445號,2026-01-01,臺南市南區省躬里14鄰萬年路580巷92號,(06)2964439
186305,桃園市動物保護教育園區,桃園市動物保護教育園區,混種犬,1,F,MEDIUM,黑色,ADULT,F,https://www.pet.gov.tw/upload/pic/6dfbef52-97c5-4010-b815-413f81d2c9a9.JPG,高平里民治路,2020-11-28,桃園市新屋區永興里3鄰藻礁路1668號,(03)4861760
432987,臺北市動物之家,臺北市動物之家,混種犬,1,F,MEDIUM,黑色,ADULT,T,https://www.pet.gov.tw/upload/pic/1764572682915.png,新營里愛國東路１１６巷,2026-01-14,臺北市內湖區安美街191號,(02)87913254
439313,臺南市動物之家善化站,臺南市動物之家善化站,混種犬,1,M,MEDIUM,黃色,ADULT,N,https://www.pet.gov.tw/upload/pic/1768792731696.png,,2026-01-19,臺南市善化區昌隆里東勢寮1~19號,(06)5832399
414491,臺南市動物之家灣裡站,臺南市動物之家灣裡站,混種犬,1,F,MEDIUM,白色,ADULT,T,https://www.pet.gov.tw/upload/pic/1768788770805.png,146-10號附近,2026-01-01,臺南市南區省躬里14鄰萬年路580巷92號,(06)2964439
100760,臺南市動物之家灣裡站,臺南市動物之家灣裡站,混種犬,1,F,MEDIUM,棕色,ADULT,T,https://www.pet.gov.tw/upload/pic/572d38d1-d2df-409b-8931-69d3c295c1eb.jpg,漁光里,2019-12-26,臺南市南區省躬里14鄰萬年路580巷92號,(06)2964439
395704,臺北市動物之家,臺北市動物之家,混種犬,1,F,MEDIUM,虎斑色,ADULT,T,https://www.pet.gov.tw/upload/pic/1740638777576.png,老泉街26巷,2025-11-02,臺北市內湖區安美街191號,(02)87913254
275320,花蓮縣狗貓躍動園區,花蓮縣狗貓躍動園區,混種犬,1,M,MEDIUM,花色,ADULT,T,https://www.pet.gov.tw/upload/pic/1715234638668.png,豐坪路三段2-5號,2022-10-21,花蓮縣鳳林鎮林榮里永豐路255號,(03)8421452
435835,臺中市動物之家后里園區,臺中市動物之家后里園區,混種犬,1,M,BIG,黑黃色,ADULT,T,https://www.pet.gov.tw/upload/pic/1768614489230.png,大豐路五段350號,2026-01-17,臺中市后里區堤防路370號,(04)25588024
437981,南投縣公立動物收容所,南投縣公立動物收容所,混種犬,1,M,MEDIUM,咖啡色,ADULT,T,https://www.pet.gov.tw/upload/pic/1767834936010.png,雙吉路,2026-01-07,南投縣南投市嶺興路36-1號,(049)2225440
439029,宜蘭縣流浪動物中途之家,宜蘭縣流浪動物中途之家,混種犬,1,F,BIG,黃色,ADULT,N,https://www.pet.gov.tw/upload/pic/1768545116689.png,海軍營區,2026-01-15,宜蘭縣五結鄉成興村利寶路60號,(03)9602350620
439028,宜蘭縣流浪動物中途之家,宜蘭縣流浪動物中途之家,混種犬,1,F,BIG,黑色,ADULT,N,https://www.pet.gov.tw/upload/pic/1768545093829.png,朝陽路,2026-01-15,宜蘭縣五結鄉成興村利寶路60號,(03)9602350620
431846,花蓮縣狗貓躍動園區,花蓮縣狗貓躍動園區,混種犬,1,M,MEDIUM,黑棕色,ADULT,T,https://www.pet.gov.tw/upload/pic/1763706418620.png,,2026-01-17,花蓮縣鳳林鎮林榮里永豐路255號,(03)8421452
387083,花蓮縣狗貓躍動園區,花蓮縣狗貓躍動園區,混種犬,1,F,MEDIUM,棕白色,ADULT,T,https://www.pet.gov.tw/upload/pic/1734493682215.png,五權街5之1號,2025-02-05,花蓮縣鳳林鎮林榮里永豐路255號,(03)8421452
394103,花蓮縣狗貓躍動園區,花蓮縣狗貓躍動園區,混種犬,1,M,MEDIUM,棕灰色,CHILD,T,https://www.pet.gov.tw/upload/pic/1739860837134.png,豐濱公所,2025-02-28,花蓮縣鳳林鎮林榮里永豐路255號,(03)8421452
401773,花蓮縣狗貓躍動園區,花蓮縣狗貓躍動園區,混種犬,1,F,MEDIUM,黑色,ADULT,T,https://www.pet.gov.tw/upload/pic/1744784844967.png,復興路30號,2025-06-20,花蓮縣鳳林鎮林榮里永豐路255號,(03)8421452
353925,花蓮縣狗貓躍動園區,花蓮縣狗貓躍動園區,混種犬,1,M,MEDIUM,虎斑白色,ADULT,T,https://www.pet.gov.tw/upload/pic/1718438171790.png,東華大學後門,2024-05-01,花蓮縣鳳林鎮林榮里永豐路255號,(03)8421452
286370,花蓮縣狗貓躍動園區,花蓮縣狗貓躍動園區,混種犬,1,F,MEDIUM,棕白色,ADULT,T,https://www.pet.gov.tw/upload/pic/1726029632229.png,不擬續養,2022-12-06,花蓮縣鳳林鎮林榮里永豐路255號,(03)8421452
393364,花蓮縣狗貓躍動園區,花蓮縣狗貓躍動園區,混種犬,1,M,MEDIUM,黑白色,ADULT,T,https://www.pet.gov.tw/upload/pic/1739417404099.png,中正路205-2號,2025-09-18,花蓮縣鳳林鎮林榮里永豐路255號,(03)8421452
393209,花蓮縣狗貓躍動園區,花蓮縣狗貓躍動園區,混種犬,1,F,MEDIUM,黑色,ADULT,T,https://www.pet.gov.tw/upload/pic/1739340986431.png,富源國小,2025-03-05,花蓮縣鳳林鎮林榮里永豐路255號,(03)8421452
95758,雲林縣流浪動物收容所,雲林縣流浪動物收容所,混種犬,1,M,BIG,黃色,,T,https://www.pet.gov.tw/upload/pic/08fa01c0-060a-484a-a94b-3dd689e12696.jpg,台西鄉台西地政,2019-04-26,雲林縣斗六市雲林路二段517號,(05)5523300
414167,花蓮縣狗貓躍動園區,花蓮縣狗貓躍動園區,混種犬,1,M,MEDIUM,虎斑色,CHILD,T,https://www.pet.gov.tw/upload/pic/1752464307010.png,光復鄉台九線上,2025-07-31,花蓮縣鳳林鎮林榮里永豐路255號,(03)8421452
414707,花蓮縣狗貓躍動園區,花蓮縣狗貓躍動園區,混種犬,1,M,MEDIUM,黃色,ADULT,T,https://www.pet.gov.tw/upload/pic/1752738140431.png,,2025-07-31,花蓮縣鳳林鎮林榮里永豐路255號,(03)8421452
293142,花蓮縣狗貓躍動園區,花蓮縣狗貓躍動園區,混種犬,1,F,MEDIUM,黃色,ADULT,T,https://www.pet.gov.tw/upload/pic/1715235006626.png,秀林民享路(本所救援),2023-03-22,花蓮縣鳳林鎮林榮里永豐路255號,(03)8421452
425118,花蓮縣狗貓躍動園區,花蓮縣狗貓躍動園區,混種犬,1,F,MEDIUM,黃色,ADULT,T,https://www.pet.gov.tw/upload/pic/1759817203127.png,,2025-10-15,花蓮縣鳳林鎮林榮里永豐路255號,(03)8421452
370625,花蓮縣狗貓躍動園區,花蓮縣狗貓躍動園區,混種犬,1,F,MEDIUM,黑棕色,CHILD,T,https://www.pet.gov.tw/upload/pic/1724123944321.png,吉安國小,2024-09-27,花蓮縣鳳林鎮林榮里永豐路255號,(03)8421452
93864,雲林縣流浪動物收容所,雲林縣流浪動物收容所,混種犬,1,F,BIG,黑色,,T,https://www.pet.gov.tw/upload/pic/6bb3368b-2879-43e1-8b4c-ecdef0f6749e.jpg,斗六市雲林路二段,2019-04-19,雲林縣斗六市雲林路二段517號,(05)5523300
438743,臺南市動物之家善化站,臺南市動物之家善化站,混種犬,1,M,MEDIUM,虎斑色,ADULT,N,https://www.pet.gov.tw/upload/pic/1768370580208.png,,2026-01-21,臺南市善化區昌隆里東勢寮1~19號,(06)5832399
438677,連江縣動物之家,連江縣動物之家,混種犬,1,F,BIG,黃色,ADULT,N,https://www.pet.gov.tw/upload/pic/1768353713913.png,,2026-01-14,連江縣南竿鄉復興村223號,(0836)25003
436989,臺中市動物之家后里園區,臺中市動物之家后里園區,混種犬,1,F,BIG,黑棕色,ADULT,T,https://www.pet.gov.tw/upload/pic/1768352694314.png,豐勢路181之2號,2026-01-14,臺中市后里區堤防路370號,(04)25588024
438615,臺南市動物之家善化站,臺南市動物之家善化站,混種犬,1,M,MEDIUM,黑色,ADULT,T,https://www.pet.gov.tw/upload/pic/1768290694687.png,,2026-01-13,臺南市善化區昌隆里東勢寮1~19號,(06)5832399
434534,花蓮縣狗貓躍動園區,花蓮縣狗貓躍動園區,混種犬,1,M,MEDIUM,黑色,ADULT,T,https://www.pet.gov.tw/upload/pic/1765436125646.png,,,花蓮縣鳳林鎮林榮里永豐路255號,(03)8421452
438611,新北市八里區公立動物之家,新北市八里區公立動物之家,博美犬,0,M,SMALL,棕色,ADULT,F,https://www.pet.gov.tw/upload/pic/1768287562384.png,新莊區裕民消防隊,,新北市八里區長坑里6鄰長坑道路36號,(02)26194428
418574,臺北市動物之家,臺北市動物之家,混種犬,1,F,MEDIUM,黑色,ADULT,N,https://www.pet.gov.tw/upload/pic/1755442672900.png,週美里新明路,2025-10-22,臺北市內湖區安美街191號,(02)87913254
173452,澎湖縣流浪動物收容中心,澎湖縣流浪動物收容中心,混種犬,1,M,BIG,黑色,ADULT,T,https://www.pet.gov.tw/upload/pic/1676968969132.png,西溪村6鄰16_3號，鄭智，0929400597,2020-09-01,澎湖縣馬公市烏崁里260、261號,(06)9213559
213426,澎湖縣流浪動物收容中心,澎湖縣流浪動物收容中心,混種犬,1,M,BIG,虎斑色,ADULT,T,https://www.pet.gov.tw/upload/pic/1676968915096.png,蒔裡里,2021-07-19,澎湖縣馬公市烏崁里260、261號,(06)9213559
438283,新北市中和區公立動物之家,新北市中和區公立動物之家,混種犬,1,F,MEDIUM,黑色,ADULT,T,https://www.pet.gov.tw/upload/pic/1768030947836.png,土城區承天路62巷,2026-01-10,新北市中和區興南路三段100號,(02)86685547
438267,新北市中和區公立動物之家,新北市中和區公立動物之家,混種犬,1,M,MEDIUM,黑色,CHILD,T,https://www.pet.gov.tw/upload/pic/1768011648237.png,中和區圓通路369巷,2026-01-10,新北市中和區興南路三段100號,(02)86685547
438130,新北市新店區公立動物之家,新北市新店區公立動物之家,迷你貴賓犬,0,F,SMALL,咖啡色,ADULT,F,https://www.pet.gov.tw/upload/pic/1767863203662.png,新店區安泰路235號,2026-01-20,新北市新店區安泰路235號,(02)22159462
431171,臺北市動物之家,臺北市動物之家,混種犬,1,F,MEDIUM,黑白色,ADULT,F,https://www.pet.gov.tw/upload/pic/1763368187847.png,蘆洲里安康路324巷,2026-01-07,臺北市內湖區安美街191號,(02)87913254
438037,屏東縣公立犬貓中途之家,屏東縣公立犬貓中途之家,混種犬,1,M,MEDIUM,黑色,CHILD,T,https://www.pet.gov.tw/upload/pic/1767845117804.png,內埔學府路一號水產養殖系,2026-01-08,屏東縣內埔鄉學府路1號(屏東科技大學內),(72)
437743,宜蘭縣流浪動物中途之家,宜蘭縣流浪動物中途之家,混種犬,1,M,BIG,黑棕色,ADULT,N,https://www.pet.gov.tw/upload/pic/1767838136794.png,大坑六路,2026-01-06,宜蘭縣五結鄉成興村利寶路60號,(03)9602350620
406630,宜蘭縣流浪動物中途之家,宜蘭縣流浪動物中途之家,貴賓犬,0,M,MEDIUM,棕色,ADULT,T,https://www.pet.gov.tw/upload/pic/1747877167160.png,新榮路,2025-06-03,宜蘭縣五結鄉成興村利寶路60號,(03)9602350620
296077,宜蘭縣流浪動物中途之家,宜蘭縣流浪動物中途之家,混種犬,1,M,BIG,虎斑色,ADULT,F,https://www.pet.gov.tw/upload/pic/1677037956976.png,員山路二段,2023-02-21,宜蘭縣五結鄉成興村利寶路60號,(03)9602350620
296076,宜蘭縣流浪動物中途之家,宜蘭縣流浪動物中途之家,混種犬,1,M,BIG,虎斑色,ADULT,F,https://www.pet.gov.tw/upload/pic/1677037934682.png,員山路二段,2023-02-21,宜蘭縣五結鄉成興村利寶路60號,(03)9602350620
427476,宜蘭縣流浪動物中途之家,宜蘭縣流浪動物中途之家,混種犬,1,M,BIG,虎斑色,ADULT,N,https://www.pet.gov.tw/upload/pic/1761631698497.png,瑪僯路,2025-10-28,宜蘭縣五結鄉成興村利寶路60號,(03)9602350620
415992,宜蘭縣流浪動物中途之家,宜蘭縣流浪動物中途之家,柴犬,0,M,BIG,棕色,ADULT,N,https://www.pet.gov.tw/upload/pic/1753693656971.png,三星鄉集安路,2025-10-16,宜蘭縣五結鄉成興村利寶路60號,(03)9602350620
407486,宜蘭縣流浪動物中途之家,宜蘭縣流浪動物中途之家,混種犬,1,M,BIG,虎斑色,ADULT,T,https://www.pet.gov.tw/upload/pic/1748422778496.png,西安街,2025-05-28,宜蘭縣五結鄉成興村利寶路60號,(03)9602350620
405821,宜蘭縣流浪動物中途之家,宜蘭縣流浪動物中途之家,混種犬,1,M,BIG,黑棕色,ADULT,T,https://www.pet.gov.tw/upload/pic/1747297408586.png,中興路,2025-05-15,宜蘭縣五結鄉成興村利寶路60號,(03)9602350620
403171,宜蘭縣流浪動物中途之家,宜蘭縣流浪動物中途之家,混種犬,1,F,BIG,虎斑色,ADULT,F,https://www.pet.gov.tw/upload/pic/1745809907798.png,鹿埔路,2025-04-28,宜蘭縣五結鄉成興村利寶路60號,(03)9602350620
392194,宜蘭縣流浪動物中途之家,宜蘭縣流浪動物中途之家,混種犬,1,F,BIG,虎斑色,ADULT,N,https://www.pet.gov.tw/upload/pic/1738720130001.png,泰雅路三段,2025-02-04,宜蘭縣五結鄉成興村利寶路60號,(03)9602350620
390429,宜蘭縣流浪動物中途之家,宜蘭縣流浪動物中途之家,混種犬,1,M,BIG,白色,ADULT,T,https://www.pet.gov.tw/upload/pic/1736994268033.png,富農路,2025-01-16,宜蘭縣五結鄉成興村利寶路60號,(03)9602350620
385065,宜蘭縣流浪動物中途之家,宜蘭縣流浪動物中途之家,混種犬,1,M,BIG,黃色,ADULT,N,https://www.pet.gov.tw/upload/pic/1733215219206.png,鎮平一路,2024-12-03,宜蘭縣五結鄉成興村利寶路60號,(03)9602350620
383950,宜蘭縣流浪動物中途之家,宜蘭縣流浪動物中途之家,混種犬,1,M,BIG,虎斑色,ADULT,N,https://www.pet.gov.tw/upload/pic/1732588721935.png,土場巷,2024-11-26,宜蘭縣五結鄉成興村利寶路60號,(03)9602350620
367299,宜蘭縣流浪動物中途之家,宜蘭縣流浪動物中途之家,混種犬,1,M,MEDIUM,黑色,CHILD,F,https://www.pet.gov.tw/upload/pic/1721722413718.png,內城路,2024-07-23,宜蘭縣五結鄉成興村利寶路60號,(03)9602350620
365784,宜蘭縣流浪動物中途之家,宜蘭縣流浪動物中途之家,混種犬,1,F,MEDIUM,黃色,ADULT,F,https://www.pet.gov.tw/upload/pic/1720750345386.png,華興巷,2024-07-11,宜蘭縣五結鄉成興村利寶路60號,(03)9602350620
365782,宜蘭縣流浪動物中途之家,宜蘭縣流浪動物中途之家,混種犬,1,F,MEDIUM,黃色,ADULT,F,https://www.pet.gov.tw/upload/pic/1720750222391.png,華興巷,2024-07-11,宜蘭縣五結鄉成興村利寶路60號,(03)9602350620
274369,宜蘭縣流浪動物中途之家,宜蘭縣流浪動物中途之家,混種犬,1,M,BIG,黑色,ADULT,F,https://www.pet.gov.tw/upload/pic/1693989635428.png,隘界路,2023-09-06,宜蘭縣五結鄉成興村利寶路60號,(03)9602350620
244895,宜蘭縣流浪動物中途之家,宜蘭縣流浪動物中途之家,混種犬,1,M,BIG,黃白色,,T,https://www.pet.gov.tw/upload/pic/ae149fee-869c-44bd-af8a-9f102b00ff9b.jpg,員山路二段,2022-03-04,宜蘭縣五結鄉成興村利寶路60號,(03)9602350620
234287,宜蘭縣流浪動物中途之家,宜蘭縣流浪動物中途之家,混種犬,1,M,MEDIUM,黑色,,F,https://www.pet.gov.tw/upload/pic/3e13cff0-9f2e-4b1b-b548-c682749af539.jpg,黎明街,2021-12-07,宜蘭縣五結鄉成興村利寶路60號,(03)9602350620
435215,花蓮縣狗貓躍動園區,花蓮縣狗貓躍動園區,貴賓犬,0,M,SMALL,棕色,ADULT,F,https://www.pet.gov.tw/upload/pic/1765871249587.png,,,花蓮縣鳳林鎮林榮里永豐路255號,(03)8421452
436813,宜蘭縣流浪動物中途之家,宜蘭縣流浪動物中途之家,混種犬,1,F,BIG,黑白色,ADULT,N,https://www.pet.gov.tw/upload/pic/1767584591595.png,清水一巷,2025-12-30,宜蘭縣五結鄉成興村利寶路60號,(03)9602350620
430419,新北市五股區公立動物之家,新北市五股區公立動物之家,混種犬,1,M,MEDIUM,黑白色,ADULT,T,https://www.pet.gov.tw/upload/pic/1762843799086.png,林口區林口區台61線北上23.5 k,2025-11-19,新北市五股區外寮路9-9號,(02)82925265
437231,臺南市動物之家善化站,臺南市動物之家善化站,混種犬,1,F,SMALL,黃白色,CHILD,N,https://www.pet.gov.tw/upload/pic/1767340015404.png,,2026-01-09,臺南市善化區昌隆里東勢寮1~19號,(06)5832399
437230,臺南市動物之家善化站,臺南市動物之家善化站,混種犬,1,F,SMALL,白色,CHILD,N,https://www.pet.gov.tw/upload/pic/1767339924779.png,,2026-01-09,臺南市善化區昌隆里東勢寮1~19號,(06)5832399
426518,澎湖縣流浪動物收容中心,澎湖縣流浪動物收容中心,混種犬,1,M,SMALL,黃色,CHILD,T,https://www.pet.gov.tw/upload/pic/1760865245106.png,,2025-10-31,澎湖縣馬公市烏崁里260、261號,(06)9213559
417455,澎湖縣流浪動物收容中心,澎湖縣流浪動物收容中心,混種犬,1,F,MEDIUM,黑白色,CHILD,T,https://www.pet.gov.tw/upload/pic/1754555324968.png,,2025-08-22,澎湖縣馬公市烏崁里260、261號,(06)9213559
418918,澎湖縣流浪動物收容中心,澎湖縣流浪動物收容中心,混種犬,1,F,SMALL,黑色,CHILD,T,https://www.pet.gov.tw/upload/pic/1755669504336.png,五德營區,2025-09-05,澎湖縣馬公市烏崁里260、261號,(06)9213559
427068,臺北市動物之家,臺北市動物之家,混種犬,1,M,SMALL,黑色,CHILD,T,https://www.pet.gov.tw/upload/pic/1761200331145.png,新民街,2025-10-23,臺北市內湖區安美街191號,(02)87913254
437117,新北市中和區公立動物之家,新北市中和區公立動物之家,混種犬,1,M,MEDIUM,白色,ADULT,T,https://www.pet.gov.tw/upload/pic/1767331411190.png,中山路,2026-01-02,新北市中和區興南路三段100號,(02)86685547
436863,金門縣動物收容中心,金門縣動物收容中心,混種犬,1,F,MEDIUM,黑色,ADULT,T,https://www.pet.gov.tw/upload/pic/1767325584489.png,烈嶼鄉林湖村湖下,2025-12-24,金門縣金湖鎮裕民農莊20號,(082)336625
436862,金門縣動物收容中心,金門縣動物收容中心,混種犬,1,F,MEDIUM,黑色,ADULT,T,https://www.pet.gov.tw/upload/pic/1767325545640.png,烈嶼鄉林湖村湖下,2025-12-24,金門縣金湖鎮裕民農莊20號,(082)336625
409542,新北市新店區公立動物之家,新北市新店區公立動物之家,混種犬,1,M,BIG,黑黃色,ADULT,T,https://www.pet.gov.tw/upload/pic/1750138157717.png,中生街17號,2025-06-13,新北市新店區安泰路235號,(02)22159462
431465,澎湖縣流浪動物收容中心,澎湖縣流浪動物收容中心,混種犬,1,M,BIG,黑黃色,ADULT,T,https://www.pet.gov.tw/upload/pic/1767321314849.png,,2025-12-05,澎湖縣馬公市烏崁里260、261號,(06)9213559
200861,澎湖縣流浪動物收容中心,澎湖縣流浪動物收容中心,混種犬,1,M,BIG,黃色,ADULT,T,https://www.pet.gov.tw/upload/pic/1724742880260.png,講美國小後方,2021-04-08,澎湖縣馬公市烏崁里260、261號,(06)9213559
354374,臺北市動物之家,臺北市動物之家,混種犬,1,M,MEDIUM,棕色,ADULT,T,https://www.pet.gov.tw/upload/pic/1713339610668.png,,2024-04-17,臺北市內湖區安美街191號,(02)87913254
407228,澎湖縣流浪動物收容中心,澎湖縣流浪動物收容中心,混種犬,1,M,MEDIUM,黃色,CHILD,T,https://www.pet.gov.tw/upload/pic/1750317973650.png,興仁50號,2025-06-11,澎湖縣馬公市烏崁里260、261號,(06)9213559
390374,澎湖縣流浪動物收容中心,澎湖縣流浪動物收容中心,混種犬,1,M,BIG,白色,ADULT,T,https://www.pet.gov.tw/upload/pic/1736994723623.png,喜來登附近,2025-01-29,澎湖縣馬公市烏崁里260、261號,(06)9213559
248200,澎湖縣流浪動物收容中心,澎湖縣流浪動物收容中心,混種犬,1,F,MEDIUM,虎斑色,ADULT,T,https://www.pet.gov.tw/upload/pic/1724742606294.png,烏崁里第二海淡廠,2022-04-01,澎湖縣馬公市烏崁里260、261號,(06)9213559
418917,澎湖縣流浪動物收容中心,澎湖縣流浪動物收容中心,混種犬,1,M,SMALL,黑色,CHILD,T,https://www.pet.gov.tw/upload/pic/1755669488850.png,五德營區,2025-09-05,澎湖縣馬公市烏崁里260、261號,(06)9213559
426520,澎湖縣流浪動物收容中心,澎湖縣流浪動物收容中心,混種犬,1,F,SMALL,黃色,CHILD,T,https://www.pet.gov.tw/upload/pic/1760865260619.png,,2025-10-31,澎湖縣馬公市烏崁里260、261號,(06)9213559
417451,澎湖縣流浪動物收容中心,澎湖縣流浪動物收容中心,混種犬,1,F,SMALL,,CHILD,T,https://www.pet.gov.tw/upload/pic/1754555310183.png,,2025-08-22,澎湖縣馬公市烏崁里260、261號,(06)9213559
417449,澎湖縣流浪動物收容中心,澎湖縣流浪動物收容中心,混種犬,1,F,SMALL,黃白色,CHILD,T,https://www.pet.gov.tw/upload/pic/1754555295311.png,,2025-08-22,澎湖縣馬公市烏崁里260、261號,(06)9213559
437074,宜蘭縣流浪動物中途之家,宜蘭縣流浪動物中途之家,混種犬,1,M,BIG,黑色,ADULT,N,https://www.pet.gov.tw/upload/pic/1767170879361.png,中山路四段,2025-12-31,宜蘭縣五結鄉成興村利寶路60號,(03)9602350620
437054,臺南市動物之家善化站,臺南市動物之家善化站,混種犬,1,M,MEDIUM,黃色,ADULT,N,https://www.pet.gov.tw/upload/pic/1767167051195.png,,2026-01-07,臺南市善化區昌隆里東勢寮1~19號,(06)5832399
31537,臺北市動物之家,臺北市動物之家,混種犬,1,F,MEDIUM,黑色,ADULT,T,https://www.pet.gov.tw/upload/pic/23425_106032913_1.jpg,民眾不擬續養,2021-04-10,臺北市內湖區安美街191號,(02)87913254
436751,宜蘭縣流浪動物中途之家,宜蘭縣流浪動物中途之家,混種犬,1,M,BIG,黑色,ADULT,N,https://www.pet.gov.tw/upload/pic/1767086374232.png,大德新路,2025-12-29,宜蘭縣五結鄉成興村利寶路60號,(03)9602350620
436781,宜蘭縣流浪動物中途之家,宜蘭縣流浪動物中途之家,混種犬,1,M,BIG,虎斑色,ADULT,N,https://www.pet.gov.tw/upload/pic/1767086306656.png,凱旋路,2025-12-30,宜蘭縣五結鄉成興村利寶路60號,(03)9602350620
343697,臺北市動物之家,臺北市動物之家,混種犬,1,M,MEDIUM,虎斑色,ADULT,T,https://www.pet.gov.tw/upload/pic/1705633788832.png,臺北市動物之家,2024-01-29,臺北市內湖區安美街191號,(02)87913254
429385,臺北市動物之家,臺北市動物之家,混種犬,1,M,MEDIUM,黑色,ADULT,T,https://www.pet.gov.tw/upload/pic/1762228014892.png,八仙里大業路與大業路65巷交叉口,2025-11-11,臺北市內湖區安美街191號,(02)87913254
292095,臺北市動物之家,臺北市動物之家,柴犬,0,M,MEDIUM,黑白色,ADULT,T,https://www.pet.gov.tw/upload/pic/1673839834952.png,蘆洲里潭美街,2023-02-16,臺北市內湖區安美街191號,(02)87913254
384581,臺北市動物之家,臺北市動物之家,混種犬,1,F,MEDIUM,黑棕色,ADULT,T,https://www.pet.gov.tw/upload/pic/1732865123051.png,,2024-11-29,臺北市內湖區安美街191號,(02)87913254
152062,臺北市動物之家,臺北市動物之家,台灣犬,0,M,MEDIUM,黃色,ADULT,T,https://www.pet.gov.tw/upload/pic/57620_109040204_0.jpg,嘉興街,2021-04-10,臺北市內湖區安美街191號,(02)87913254
436687,臺南市動物之家善化站,臺南市動物之家善化站,混種犬,1,M,MEDIUM,黃色,ADULT,N,https://www.pet.gov.tw/upload/pic/1766987085123.png,,2026-01-05,臺南市善化區昌隆里東勢寮1~19號,(06)5832399
436620,新北市中和區公立動物之家,新北市中和區公立動物之家,混種犬,1,F,MEDIUM,黑白色,CHILD,T,https://www.pet.gov.tw/upload/pic/1766804783860.png,中和區秀峰街,2025-12-27,新北市中和區興南路三段100號,(02)86685547
436569,宜蘭縣流浪動物中途之家,宜蘭縣流浪動物中途之家,混種犬,1,M,MEDIUM,黑色,CHILD,N,https://www.pet.gov.tw/upload/pic/1766732855655.png,礁溪路三段,2025-12-26,宜蘭縣五結鄉成興村利寶路60號,(03)9602350620
31416,臺北市動物之家,臺北市動物之家,混種犬,1,F,MEDIUM,黑色,ADULT,T,https://www.pet.gov.tw/upload/pic/3f4ff87d-ff19-4853-9a34-4b26458b18b7.jpg,金龍禪寺旁步道,2016-09-28,臺北市內湖區安美街191號,(02)87913254
318297,臺北市動物之家,臺北市動物之家,混種犬,1,M,MEDIUM,虎斑色,ADULT,T,https://www.pet.gov.tw/upload/pic/1690352284642.png,關渡里大度路三段中央北路四段交接口,2023-08-03,臺北市內湖區安美街191號,(02)87913254
43779,臺北市動物之家,臺北市動物之家,混種犬,1,F,MEDIUM,黑色,ADULT,T,https://www.pet.gov.tw/upload/pic/00d0f0b5-b52d-4a4e-9f6c-49cf3a7c1d6c.jpg,泉源路,2018-04-12,臺北市內湖區安美街191號,(02)87913254
427363,臺北市動物之家,臺北市動物之家,混種犬,1,M,MEDIUM,黑色,ADULT,T,https://www.pet.gov.tw/upload/pic/1761553991473.png,三重里經貿一路,2025-12-25,臺北市內湖區安美街191號,(02)87913254
405564,臺北市動物之家,臺北市動物之家,混種犬,1,M,MEDIUM,黑色,ADULT,T,https://www.pet.gov.tw/upload/pic/1747205192048.png,環河南路三段,2025-12-25,臺北市內湖區安美街191號,(02)87913254
279071,金門縣動物收容中心,金門縣動物收容中心,混種犬,1,M,BIG,白色,ADULT,F,https://www.pet.gov.tw/upload/pic/87e60063-bb5a-4945-82bd-dbdde04ae0bc.jpg,民權路,2022-10-18,金門縣金湖鎮裕民農莊20號,(082)336625
403878,金門縣動物收容中心,金門縣動物收容中心,混種犬,1,F,MEDIUM,黑色,ADULT,T,https://www.pet.gov.tw/upload/pic/1746083261399.png,西海路三段,,金門縣金湖鎮裕民農莊20號,(082)336625
384997,苗栗縣動物保護教育園區,苗栗縣動物保護教育園區,混種犬,1,M,BIG,黑棕色,ADULT,N,https://www.pet.gov.tw/upload/pic/1733210188792.png,造橋鄉豐湖村,2024-12-21,苗栗縣銅鑼鄉朝陽村6鄰朝北55-1號(地圖：https:／／goo.gl/maps/Bd4sckpEPsrof7Qb8),(037)558228
420725,苗栗縣動物保護教育園區,苗栗縣動物保護教育園區,混種犬,1,M,BIG,黑色,ADULT,T,https://www.pet.gov.tw/upload/pic/1756866816791.png,頭份市仁愛里,2025-09-03,苗栗縣銅鑼鄉朝陽村6鄰朝北55-1號(地圖：https:／／goo.gl/maps/Bd4sckpEPsrof7Qb8),(037)558228
408405,金門縣動物收容中心,金門縣動物收容中心,混種犬,1,F,MEDIUM,黃色,ADULT,T,https://www.pet.gov.tw/upload/pic/1749101637786.png,前厝,2025-06-05,金門縣金湖鎮裕民農莊20號,(082)336625
409635,臺北市動物之家,臺北市動物之家,混種犬,1,F,MEDIUM,虎斑色,ADULT,T,https://www.pet.gov.tw/upload/pic/1749874391118.png,辛亥路六段,2025-06-22,臺北市內湖區安美街191號,(02)87913254
435489,南投縣公立動物收容所,南投縣公立動物收容所,混種犬,1,M,MEDIUM,黑色,ADULT,T,https://www.pet.gov.tw/upload/pic/1766023353293.png,長壽巷,2025-12-22,南投縣南投市嶺興路36-1號,(049)2225440
422231,臺北市動物之家,臺北市動物之家,混種犬,1,M,MEDIUM,黑色,ADULT,T,https://www.pet.gov.tw/upload/pic/1757731776156.png,承德路六段331巷,2025-09-29,臺北市內湖區安美街191號,(02)87913254
435700,臺北市動物之家,臺北市動物之家,混種犬,1,F,MEDIUM,黑色,ADULT,T,https://www.pet.gov.tw/upload/pic/1766129816841.png,內湖路一段91巷92弄,2025-12-26,臺北市內湖區安美街191號,(02)87913254
421953,臺南市動物之家善化站,臺南市動物之家善化站,混種犬,1,F,MEDIUM,黑色,ADULT,F,https://www.pet.gov.tw/upload/pic/1757581494623.png,,2025-12-19,臺南市善化區昌隆里東勢寮1~19號,(06)5832399
435567,臺北市動物之家,臺北市動物之家,混種犬,1,F,MEDIUM,黑色,ADULT,T,https://www.pet.gov.tw/upload/pic/1766041292534.png,北士科,2025-12-25,臺北市內湖區安美街191號,(02)87913254
435565,臺北市動物之家,臺北市動物之家,混種犬,1,F,MEDIUM,黑色,ADULT,T,https://www.pet.gov.tw/upload/pic/1766040687626.png,北士科,2025-12-25,臺北市內湖區安美街191號,(02)87913254
435451,宜蘭縣流浪動物中途之家,宜蘭縣流浪動物中途之家,混種犬,1,F,BIG,黑色,ADULT,N,https://www.pet.gov.tw/upload/pic/1766108738954.png,二結路,2025-12-17,宜蘭縣五結鄉成興村利寶路60號,(03)9602350620
435572,臺北市動物之家,臺北市動物之家,混種犬,1,F,MEDIUM,黃色,ADULT,T,https://www.pet.gov.tw/upload/pic/1766041593251.png,北士科,2025-12-25,臺北市內湖區安美街191號,(02)87913254
435568,臺北市動物之家,臺北市動物之家,混種犬,1,F,MEDIUM,黃色,ADULT,T,https://www.pet.gov.tw/upload/pic/1766041447202.png,北士科,2025-12-25,臺北市內湖區安美街191號,(02)87913254
242891,臺北市動物之家,臺北市動物之家,混種犬,1,M,MEDIUM,黑色,ADULT,T,https://www.pet.gov.tw/upload/pic/a558c0a7-c140-4732-b458-1bd23962a82e.jpg,菁山里	菁山路１０１巷１５弄,2022-02-24,臺北市內湖區安美街191號,(02)87913254
31556,臺北市動物之家,臺北市動物之家,混種犬,1,M,SMALL,黑色,CHILD,F,https://www.pet.gov.tw/upload/pic/a3b1671c-3aa1-4d9c-ab00-7cef1d46cb68.jpg,大渡路1段,2021-04-05,臺北市內湖區安美街191號,(02)87913254
31519,臺北市動物之家,臺北市動物之家,混種犬,1,M,MEDIUM,黑白色,ADULT,T,https://www.pet.gov.tw/upload/pic/781b465a-ef17-486d-bb60-60ccdb94380c.jpg,羅斯福路2段,2017-09-28,臺北市內湖區安美街191號,(02)87913254
435487,南投縣公立動物收容所,南投縣公立動物收容所,混種犬,1,F,MEDIUM,黑色,ADULT,T,https://www.pet.gov.tw/upload/pic/1766023138325.png,大老巷,2025-12-17,南投縣南投市嶺興路36-1號,(049)2225440
435488,南投縣公立動物收容所,南投縣公立動物收容所,混種犬,1,F,MEDIUM,黃色,ADULT,T,https://www.pet.gov.tw/upload/pic/1766023244487.png,永樂巷,2025-12-17,南投縣南投市嶺興路36-1號,(049)2225440
434784,新北市八里區公立動物之家,新北市八里區公立動物之家,鬥牛犬(英國),0,F,SMALL,黑色,ADULT,F,https://www.pet.gov.tw/upload/pic/1765605038729.png,八里區挖子尾,2025-12-17,新北市八里區長坑里6鄰長坑道路36號,(02)26194428
435305,宜蘭縣流浪動物中途之家,宜蘭縣流浪動物中途之家,混種犬,1,F,MEDIUM,黑色,ADULT,N,https://www.pet.gov.tw/upload/pic/1765936946066.png,大眾一路,2025-12-17,宜蘭縣五結鄉成興村利寶路60號,(03)9602350620
435240,新北市五股區公立動物之家,新北市五股區公立動物之家,混種犬,1,F,MEDIUM,黑色,ADULT,T,https://www.pet.gov.tw/upload/pic/1765875556529.png,三重區三重區新北大道一段,2025-12-16,新北市五股區外寮路9-9號,(02)82925265
435187,新北市中和區公立動物之家,新北市中和區公立動物之家,混種犬,1,F,MEDIUM,黃色,CHILD,T,https://www.pet.gov.tw/upload/pic/1765868380827.png,中和區,2025-12-16,新北市中和區興南路三段100號,(02)86685547
435127,宜蘭縣流浪動物中途之家,宜蘭縣流浪動物中途之家,混種犬,1,F,BIG,黑色,ADULT,N,https://www.pet.gov.tw/upload/pic/1765865036118.png,中山路二段,2025-12-16,宜蘭縣五結鄉成興村利寶路60號,(03)9602350620
420705,苗栗縣動物保護教育園區,苗栗縣動物保護教育園區,混種犬,1,M,BIG,黑色,ADULT,T,https://www.pet.gov.tw/upload/pic/1756862041597.png,頭屋鄉象山村,2025-09-03,苗栗縣銅鑼鄉朝陽村6鄰朝北55-1號(地圖：https:／／goo.gl/maps/Bd4sckpEPsrof7Qb8),(037)558228
434067,新北市五股區公立動物之家,新北市五股區公立動物之家,混種犬,1,F,MEDIUM,黃色,ADULT,T,https://www.pet.gov.tw/upload/pic/1765183773282.png,林口區林口區中山路27號,2025-12-16,新北市五股區外寮路9-9號,(02)82925265
433839,新北市五股區公立動物之家,新北市五股區公立動物之家,混種犬,1,M,MEDIUM,黑色,ADULT,T,https://www.pet.gov.tw/upload/pic/1765004003750.png,五股區五股成泰路三段55號,2025-12-12,新北市五股區外寮路9-9號,(02)82925265
433035,臺南市動物之家灣裡站,臺南市動物之家灣裡站,混種犬,1,M,MEDIUM,黑黃色,ADULT,T,https://www.pet.gov.tw/upload/pic/1764577790523.png,中山北路264巷165弄38號,2025-12-09,臺南市南區省躬里14鄰萬年路580巷92號,(06)2964439
416969,桃園市動物保護教育園區,桃園市動物保護教育園區,混種犬,1,M,MEDIUM,黑色,ADULT,T,https://www.pet.gov.tw/upload/pic/1754371387323.png,中興路,2025-08-05,桃園市新屋區永興里3鄰藻礁路1668號,(03)4861760
434810,新北市中和區公立動物之家,新北市中和區公立動物之家,混種犬,1,F,MEDIUM,黑色,CHILD,T,https://www.pet.gov.tw/upload/pic/1765621027839.png,中和區圓通路335巷,2025-12-13,新北市中和區興南路三段100號,(02)86685547
434809,臺北市動物之家,臺北市動物之家,貴賓犬,0,M,SMALL,棕色,ADULT,T,https://www.pet.gov.tw/upload/pic/1765616935087.png,,2025-12-13,臺北市內湖區安美街191號,(02)87913254
434633,金門縣動物收容中心,金門縣動物收容中心,混種犬,1,F,MEDIUM,黑色,ADULT,F,https://www.pet.gov.tw/upload/pic/1765521828158.png,金城鎮珠沙里泗湖,2025-12-10,金門縣金湖鎮裕民農莊20號,(082)336625
434064,雲林縣流浪動物收容所,雲林縣流浪動物收容所,混種犬,1,M,BIG,黑棕色,ADULT,T,https://www.pet.gov.tw/upload/pic/1765183672650.png,西螺鎮公館里,2025-12-12,雲林縣斗六市雲林路二段517號,(05)5523300
434063,雲林縣流浪動物收容所,雲林縣流浪動物收容所,混種犬,1,M,BIG,黑色,ADULT,T,https://www.pet.gov.tw/upload/pic/1765183598993.png,古坑鄉水碓村,2025-12-12,雲林縣斗六市雲林路二段517號,(05)5523300
433838,新北市中和區公立動物之家,新北市中和區公立動物之家,混種犬,1,M,BIG,黃色,ADULT,T,https://www.pet.gov.tw/upload/pic/1765002586710.png,土城區,2025-12-06,新北市中和區興南路三段100號,(02)86685547
426071,新北市瑞芳區公立動物之家,新北市瑞芳區公立動物之家,混種犬,1,M,MEDIUM,虎斑色,ADULT,T,https://www.pet.gov.tw/upload/pic/1765525432814.png,民權街,2025-10-15,新北市瑞芳區靜安路四段(106縣道74.5K清潔隊場區內),(02)24063481
48230,新北市瑞芳區公立動物之家,新北市瑞芳區公立動物之家,混種犬,1,M,MEDIUM,黑色,,F,https://www.pet.gov.tw/upload/pic/1765525149579.png,學府路198巷3號5樓,2018-05-01,新北市瑞芳區靜安路四段(106縣道74.5K清潔隊場區內),(02)24063481
35975,新北市瑞芳區公立動物之家,新北市瑞芳區公立動物之家,混種犬,1,M,MEDIUM,黑色,ADULT,T,https://www.pet.gov.tw/upload/pic/1765524908751.png,明燈路,2017-05-15,新北市瑞芳區靜安路四段(106縣道74.5K清潔隊場區內),(02)24063481
48215,新北市瑞芳區公立動物之家,新北市瑞芳區公立動物之家,混種犬,1,F,MEDIUM,黑色,ADULT,T,https://www.pet.gov.tw/upload/pic/1765524550641.png,水源里山子邊,2021-04-29,新北市瑞芳區靜安路四段(106縣道74.5K清潔隊場區內),(02)24063481
35966,新北市瑞芳區公立動物之家,新北市瑞芳區公立動物之家,混種犬,1,M,MEDIUM,黑色,,T,https://www.pet.gov.tw/upload/pic/1765524208547.png,龍潭橋,,新北市瑞芳區靜安路四段(106縣道74.5K清潔隊場區內),(02)24063481
434634,金門縣動物收容中心,金門縣動物收容中心,混種犬,1,M,MEDIUM,,ADULT,F,https://www.pet.gov.tw/upload/pic/1765522503211.png,金城鎮賢庵里古區,2025-12-10,金門縣金湖鎮裕民農莊20號,(082)336625
434639,新北市新店區公立動物之家,新北市新店區公立動物之家,貴賓犬,0,F,SMALL,咖啡色,ADULT,F,https://www.pet.gov.tw/upload/pic/1765509098857.png,汐止區新台五路一段93號,,新北市新店區安泰路235號,(02)22159462
110614,新北市瑞芳區公立動物之家,新北市瑞芳區公立動物之家,混種犬,1,F,BIG,黑色,ADULT,T,https://www.pet.gov.tw/upload/pic/1765519228382.png,嵩陽路,2019-07-24,新北市瑞芳區靜安路四段(106縣道74.5K清潔隊場區內),(02)24063481
220793,新北市瑞芳區公立動物之家,新北市瑞芳區公立動物之家,混種犬,1,M,BIG,黃色,ADULT,T,https://www.pet.gov.tw/upload/pic/1735787689668.png,瑞芳區,2021-09-03,新北市瑞芳區靜安路四段(106縣道74.5K清潔隊場區內),(02)24063481
329743,新北市瑞芳區公立動物之家,新北市瑞芳區公立動物之家,混種犬,1,M,MEDIUM,黑色,ADULT,T,https://www.pet.gov.tw/upload/pic/1765518236146.png,瑞芳區,2023-10-17,新北市瑞芳區靜安路四段(106縣道74.5K清潔隊場區內),(02)24063481
405085,臺北市動物之家,臺北市動物之家,混種犬,1,M,MEDIUM,黑色,ADULT,T,https://www.pet.gov.tw/upload/pic/1746940041819.png,中央北路四段１８巷４６弄,2025-12-03,臺北市內湖區安美街191號,(02)87913254
413432,臺北市動物之家,臺北市動物之家,混種犬,1,M,MEDIUM,黑色,ADULT,N,https://www.pet.gov.tw/upload/pic/1751941282747.png,立賢里立賢路,2025-10-22,臺北市內湖區安美街191號,(02)87913254
27566,臺南市動物之家灣裡站,臺南市動物之家灣裡站,混種犬,1,M,MEDIUM,黑黃色,ADULT,F,https://www.pet.gov.tw/upload/pic/1745568234654.png,海佃路2段,2018-07-18,臺南市南區省躬里14鄰萬年路580巷92號,(06)2964439
397858,臺南市動物之家灣裡站,臺南市動物之家灣裡站,混種犬,1,M,MEDIUM,黃白色,ADULT,T,https://www.pet.gov.tw/upload/pic/1744163695465.png,大智里文東街112號,2025-04-01,臺南市南區省躬里14鄰萬年路580巷92號,(06)2964439
434214,臺南市動物之家灣裡站,臺南市動物之家灣裡站,柴犬,0,M,MEDIUM,白色,ADULT,T,https://www.pet.gov.tw/upload/pic/1765273802789.png,永二街412號,2025-12-10,臺南市南區省躬里14鄰萬年路580巷92號,(06)2964439
381959,臺南市動物之家灣裡站,臺南市動物之家灣裡站,混種犬,1,M,MEDIUM,黑白色,ADULT,T,https://www.pet.gov.tw/upload/pic/1745467158251.png,樹林里樹林5-8號,2025-01-02,臺南市南區省躬里14鄰萬年路580巷92號,(06)2964439
434482,臺南市動物之家善化站,臺南市動物之家善化站,混種犬,1,F,MEDIUM,黑色,ADULT,N,https://www.pet.gov.tw/upload/pic/1765420744306.png,,2025-12-18,臺南市善化區昌隆里東勢寮1~19號,(06)5832399
378465,臺北市動物之家,臺北市動物之家,混種犬,1,M,MEDIUM,米色,ADULT,T,https://www.pet.gov.tw/upload/pic/1729310749665.png,不擬續養,2024-10-19,臺北市內湖區安美街191號,(02)87913254
36255,新北市五股區公立動物之家,新北市五股區公立動物之家,混種犬,1,M,MEDIUM,黃色,ADULT,F,https://www.pet.gov.tw/upload/pic/1718784316591.png,安樂街55號,2021-10-05,新北市五股區外寮路9-9號,(02)82925265
426280,新北市五股區公立動物之家,新北市五股區公立動物之家,混種犬,1,M,MEDIUM,黑色,ADULT,T,https://www.pet.gov.tw/upload/pic/1760605338351.png,林口區林口嘉寶里11鄰67號,2025-11-07,新北市五股區外寮路9-9號,(02)82925265
87261,臺北市動物之家,臺北市動物之家,混種犬,1,M,MEDIUM,黑色,ADULT,T,https://www.pet.gov.tw/upload/pic/40556_108030601_0.JPG,廣州街,2021-04-10,臺北市內湖區安美街191號,(02)87913254
31113,臺北市動物之家,臺北市動物之家,混種犬,1,M,MEDIUM,黑色,ADULT,T,https://www.pet.gov.tw/upload/pic/9cf56026-c368-4d9c-be5e-7deb027ada64.JPG,重慶南路8巷,2021-04-11,臺北市內湖區安美街191號,(02)87913254
31328,臺北市動物之家,臺北市動物之家,混種犬,1,M,SMALL,黑色,CHILD,T,https://www.pet.gov.tw/upload/pic/f89d7191-18ea-4735-b416-36679635a1c6.JPG,泉源路,2021-04-11,臺北市內湖區安美街191號,(02)87913254
68852,臺北市動物之家,臺北市動物之家,混種犬,1,M,SMALL,黑色,CHILD,T,https://www.pet.gov.tw/upload/pic/37450_107102005_0.jpg,泉源路(光明派出所),2021-04-11,臺北市內湖區安美街191號,(02)87913254
328866,臺北市動物之家,臺北市動物之家,混種犬,1,M,MEDIUM,黑色,ADULT,T,https://www.pet.gov.tw/upload/pic/1696927650717.png,公館里永公路２４５巷,2023-11-04,臺北市內湖區安美街191號,(02)87913254
41550,臺北市動物之家,臺北市動物之家,混種犬,1,M,MEDIUM,黑色,ADULT,T,https://www.pet.gov.tw/upload/pic/VAAAG1070325003_0.JPG,菁山路101巷,2021-04-10,臺北市內湖區安美街191號,(02)87913254
110884,臺北市動物之家,臺北市動物之家,混種犬,1,F,SMALL,黑白色,CHILD,T,https://www.pet.gov.tw/upload/pic/48862_108072515_0.JPG,台北市北投區承德路7段401巷,2021-04-11,臺北市內湖區安美街191號,(02)87913254
434183,南投縣公立動物收容所,南投縣公立動物收容所,混種犬,1,M,MEDIUM,黃色,ADULT,T,https://www.pet.gov.tw/upload/pic/1765244998657.png,中正路中正巷,2025-12-08,南投縣南投市嶺興路36-1號,(049)2225440
344331,臺北市動物之家,臺北市動物之家,混種犬,1,F,MEDIUM,黃色,ADULT,T,https://www.pet.gov.tw/upload/pic/1706164526274.png,湖田里竹子湖路,2024-02-29,臺北市內湖區安美街191號,(02)87913254
420322,臺北市動物之家,臺北市動物之家,混種犬,1,M,MEDIUM,黑色,ADULT,T,https://www.pet.gov.tw/upload/pic/1756689339586.png,南芳里 迪化街一段３１２巷,2025-09-14,臺北市內湖區安美街191號,(02)87913254
410280,臺北市動物之家,臺北市動物之家,混種犬,1,M,MEDIUM,黃色,ADULT,T,https://www.pet.gov.tw/upload/pic/1750313717892.png,北士科周遭,2025-06-27,臺北市內湖區安美街191號,(02)87913254
423031,澎湖縣流浪動物收容中心,澎湖縣流浪動物收容中心,混種犬,1,M,BIG,黑色,ADULT,T,https://www.pet.gov.tw/upload/pic/1758242707903.png,,2025-10-03,澎湖縣馬公市烏崁里260、261號,(06)9213559
423957,澎湖縣流浪動物收容中心,澎湖縣流浪動物收容中心,混種犬,1,M,BIG,黃色,ADULT,T,https://www.pet.gov.tw/upload/pic/1759365282354.png,83-86號,2025-12-01,澎湖縣馬公市烏崁里260、261號,(06)9213559
198725,新北市五股區公立動物之家,新北市五股區公立動物之家,混種犬,1,F,MEDIUM,黃色,ADULT,F,https://www.pet.gov.tw/upload/pic/2dd47de7-a6e5-407b-97ef-f9e4510bfc47.jpg,三重區三和路4段215巷211號5樓之3,2021-03-17,新北市五股區外寮路9-9號,(02)82925265
433966,宜蘭縣流浪動物中途之家,宜蘭縣流浪動物中途之家,混種犬,1,F,MEDIUM,棕黑色,ADULT,N,https://www.pet.gov.tw/upload/pic/1765165679460.png,三星路七段,2025-12-08,宜蘭縣五結鄉成興村利寶路60號,(03)9602350620
433961,宜蘭縣流浪動物中途之家,宜蘭縣流浪動物中途之家,混種犬,1,M,BIG,虎斑色,ADULT,F,https://www.pet.gov.tw/upload/pic/1765165501036.png,順安路,2025-12-08,宜蘭縣五結鄉成興村利寶路60號,(03)9602350620
384798,新北市五股區公立動物之家,新北市五股區公立動物之家,混種犬,1,M,MEDIUM,虎斑色,ADULT,N,https://www.pet.gov.tw/upload/pic/1733126503351.png,林口區太平里4鄰21號,2024-12-10,新北市五股區外寮路9-9號,(02)82925265
320113,新北市五股區公立動物之家,新北市五股區公立動物之家,混種犬,1,M,MEDIUM,黃色,ADULT,F,https://www.pet.gov.tw/upload/pic/1691551339115.png,外寮路9-5號,2023-08-17,新北市五股區外寮路9-9號,(02)82925265
52595,新北市五股區公立動物之家,新北市五股區公立動物之家,混種犬,1,F,MEDIUM,黑白色,ADULT,F,https://www.pet.gov.tw/upload/pic/1765164331103.png,嘉寶里,2018-06-21,新北市五股區外寮路9-9號,(02)82925265
426684,桃園市動物保護教育園區,桃園市動物保護教育園區,吉娃娃犬,0,M,SMALL,棕白色,ADULT,N,https://www.pet.gov.tw/upload/pic/1761017104728.png,吉林路,2025-12-13,桃園市新屋區永興里3鄰藻礁路1668號,(03)4861760
412320,新北市五股區公立動物之家,新北市五股區公立動物之家,混種犬,1,M,MEDIUM,黑白色,ADULT,N,https://www.pet.gov.tw/upload/pic/1751186390598.png,三重區忠孝路3段15巷,,新北市五股區外寮路9-9號,(02)82925265
413647,臺中市動物之家后里園區,臺中市動物之家后里園區,柴犬,0,M,BIG,黃白色,ADULT,T,https://www.pet.gov.tw/upload/pic/1764980735714.png,樂業南路166號十樓之3,2025-12-06,臺中市后里區堤防路370號,(04)25588024
422114,澎湖縣流浪動物收容中心,澎湖縣流浪動物收容中心,混種犬,1,M,BIG,黑白色,ADULT,T,https://www.pet.gov.tw/upload/pic/1757819913781.png,,2025-09-26,澎湖縣馬公市烏崁里260、261號,(06)9213559
299946,臺北市動物之家,臺北市動物之家,混種犬,1,F,SMALL,黑色,CHILD,T,https://www.pet.gov.tw/upload/pic/1679288672096.png,湖田里竹子湖路,2023-03-20,臺北市內湖區安美街191號,(02)87913254
433183,新北市新店區公立動物之家,新北市新店區公立動物之家,混種犬,1,F,SMALL,,CHILD,T,https://www.pet.gov.tw/upload/pic/1764650759326.png,新店區新烏路一段26巷,2025-12-02,新北市新店區安泰路235號,(02)22159462
433654,新北市五股區公立動物之家,新北市五股區公立動物之家,柴犬,0,M,MEDIUM,黃色,ADULT,T,https://www.pet.gov.tw/upload/pic/1764839027836.png,寵物公園,,新北市五股區外寮路9-9號,(02)82925265
56066,臺北市動物之家,臺北市動物之家,混種犬,1,M,MEDIUM,黑色,ADULT,T,https://www.pet.gov.tw/upload/pic/b50237d4-e6f2-48f3-8eea-0f30e79bad9c.jpg,中正路,2021-04-10,臺北市內湖區安美街191號,(02)87913254
433438,新北市新店區公立動物之家,新北市新店區公立動物之家,拉不拉多犬,0,M,BIG,黃色,ADULT,T,https://www.pet.gov.tw/upload/pic/1764753410912.png,汐止區南興路,,新北市新店區安泰路235號,(02)22159462
83212,臺北市動物之家,臺北市動物之家,混種犬,1,F,MEDIUM,黃色,ADULT,F,https://www.pet.gov.tw/upload/pic/948bf6f0-b9ac-4ff7-acea-4afcea46747f.jpg,羅斯福路4段,2021-04-11,臺北市內湖區安美街191號,(02)87913254
191941,臺北市動物之家,臺北市動物之家,混種犬,1,M,MEDIUM,虎斑色,ADULT,T,https://www.pet.gov.tw/upload/pic/f937bdc9-cd79-4bfe-a92a-efe5910b80ca.jpg,中央北路40巷,2021-03-26,臺北市內湖區安美街191號,(02)87913254
205146,新北市瑞芳區公立動物之家,新北市瑞芳區公立動物之家,,0,M,BIG,黑色,,T,https://www.pet.gov.tw/upload/pic/1764819863668.png,瑞芳區,2021-05-04,新北市瑞芳區靜安路四段(106縣道74.5K清潔隊場區內),(02)24063481
427366,臺北市動物之家,臺北市動物之家,混種犬,1,M,MEDIUM,黑棕色,ADULT,N,https://www.pet.gov.tw/upload/pic/1761554113665.png,泉源里東昇路,2025-12-03,臺北市內湖區安美街191號,(02)87913254
414887,臺北市動物之家,臺北市動物之家,混種犬,1,F,MEDIUM,黑色,ADULT,F,https://www.pet.gov.tw/upload/pic/1752900843493.png,和平東路三段,2025-12-03,臺北市內湖區安美街191號,(02)87913254
433406,新北市新店區公立動物之家,新北市新店區公立動物之家,混種犬,1,M,SMALL,灰黑色,CHILD,F,https://www.pet.gov.tw/upload/pic/1764746683954.png,新店區新烏路一段26巷,2025-12-03,新北市新店區安泰路235號,(02)22159462
433213,金門縣動物收容中心,金門縣動物收容中心,混種犬,1,F,MEDIUM,黃色,ADULT,F,https://www.pet.gov.tw/upload/pic/1764657419728.png,金寧鄉后盤村嚨口,2025-12-08,金門縣金湖鎮裕民農莊20號,(082)336625
31367,臺北市動物之家,臺北市動物之家,混種犬,1,M,MEDIUM,黑色,ADULT,T,https://www.pet.gov.tw/upload/pic/20079_105042402_1.jpg,復興三路,2021-04-10,臺北市內湖區安美街191號,(02)87913254
31453,臺北市動物之家,臺北市動物之家,混種犬,1,F,MEDIUM,黑棕色,ADULT,T,https://www.pet.gov.tw/upload/pic/22332_105112108_3.jpg,至善路3段150巷,2018-03-21,臺北市內湖區安美街191號,(02)87913254
335431,臺北市動物之家,臺北市動物之家,混種犬,1,M,MEDIUM,黑色,ADULT,T,https://www.pet.gov.tw/upload/pic/1700550377816.png,潭美街,2023-11-21,臺北市內湖區安美街191號,(02)87913254
72836,臺北市動物之家,臺北市動物之家,混種犬,1,F,MEDIUM,虎斑色,ADULT,T,https://www.pet.gov.tw/upload/pic/37018_107082402_0.JPG,臺北小巨蛋,2021-04-11,臺北市內湖區安美街191號,(02)87913254
431068,新北市新店區公立動物之家,新北市新店區公立動物之家,迷你貴賓犬,0,F,SMALL,咖啡棕色,ADULT,T,https://www.pet.gov.tw/upload/pic/1764742581196.png,新店區安德街和安成街交岔口,2025-11-29,新北市新店區安泰路235號,(02)22159462
433169,新北市淡水區公立動物之家,新北市淡水區公立動物之家,混種犬,1,F,MEDIUM,棕白色,ADULT,F,https://www.pet.gov.tw/upload/pic/1764647981574.png,,,新北市淡水區下圭柔山91之3號,(02)26267558
432301,臺東縣動物收容中心,臺東縣動物收容中心,混種犬,1,M,SMALL,咖啡黑色,CHILD,N,https://www.pet.gov.tw/upload/pic/1764116447985.png,,2025-11-26,臺東縣臺東市中華路4段999巷600號,(089)362011
433209,新北市新店區公立動物之家,新北市新店區公立動物之家,混種犬,1,F,SMALL,,CHILD,F,https://www.pet.gov.tw/upload/pic/1764655391371.png,汐止區明峰街90號,2025-12-09,新北市新店區安泰路235號,(02)22159462
433232,新北市新店區公立動物之家,新北市新店區公立動物之家,貴賓犬,0,M,SMALL,咖啡色,ADULT,F,https://www.pet.gov.tw/upload/pic/1764657842535.png,汐止區保新街,,新北市新店區安泰路235號,(02)22159462
82779,臺北市動物之家,臺北市動物之家,混種犬,1,F,MEDIUM,棕黑色,ADULT,T,https://www.pet.gov.tw/upload/pic/29d22278-3463-4dd5-a2e7-9100724a2d1e.jpg,延平北路7段,2021-04-10,臺北市內湖區安美街191號,(02)87913254
429791,新北市五股區公立動物之家,新北市五股區公立動物之家,混種犬,1,M,MEDIUM,黃色,ADULT,T,https://www.pet.gov.tw/upload/pic/1762419891633.png,林口區林口瑞平里73_1號,2025-11-14,新北市五股區外寮路9-9號,(02)82925265
431619,新北市五股區公立動物之家,新北市五股區公立動物之家,臘腸犬,0,M,SMALL,咖啡棕色,ADULT,T,https://www.pet.gov.tw/upload/pic/1763611545143.png,蘆洲區微風運河,2025-12-02,新北市五股區外寮路9-9號,(02)82925265
418404,基隆市寵物銀行,基隆市寵物銀行,混種犬,1,F,MEDIUM,黑色,ADULT,T,https://www.pet.gov.tw/upload/pic/1755228778550.png,碇內街,2025-11-28,基隆市七堵區大華三路45-12號(欣欣安樂園旁),(02)24560148
432648,金門縣動物收容中心,金門縣動物收容中心,混種犬,1,M,MEDIUM,黑色,CHILD,T,https://www.pet.gov.tw/upload/pic/1764235502381.png,金湖鎮瓊林里瓊林,2025-11-26,金門縣金湖鎮裕民農莊20號,(082)336625
415833,臺北市動物之家,臺北市動物之家,混種犬,1,M,MEDIUM,黑白色,ADULT,T,https://www.pet.gov.tw/upload/pic/1753586812348.png,,2025-07-27,臺北市內湖區安美街191號,(02)87913254
402003,新竹市動物保護教育園區,新竹市動物保護教育園區,台灣犬,0,M,MEDIUM,虎斑色,ADULT,T,https://www.pet.gov.tw/upload/pic/1744944603982.png,金城湖,2025-06-02,新竹市南寮里海濱路250號,(03)5368329
42395,新北市五股區公立動物之家,新北市五股區公立動物之家,混種犬,1,F,MEDIUM,黑色,ADULT,T,https://www.pet.gov.tw/upload/pic/1718787196317.png,外寮路9-9號,2018-03-30,新北市五股區外寮路9-9號,(02)82925265
413500,臺北市動物之家,臺北市動物之家,混種犬,1,M,MEDIUM,黑色,ADULT,T,https://www.pet.gov.tw/upload/pic/1751954358112.png,莊敬里撫遠街,2025-11-02,臺北市內湖區安美街191號,(02)87913254
432385,臺南市動物之家善化站,臺南市動物之家善化站,混種犬,1,M,MEDIUM,黃色,ADULT,N,https://www.pet.gov.tw/upload/pic/1764135273090.png,,2025-12-03,臺南市善化區昌隆里東勢寮1~19號,(06)5832399
431359,新北市八里區公立動物之家,新北市八里區公立動物之家,混種犬,1,M,SMALL,米色,ADULT,F,https://www.pet.gov.tw/upload/pic/1763456465059.png,八里區頂寮二街,2025-11-26,新北市八里區長坑里6鄰長坑道路36號,(02)26194428
395746,桃園市動物保護教育園區,桃園市動物保護教育園區,混種犬,1,M,MEDIUM,棕黑色,ADULT,F,https://www.pet.gov.tw/upload/pic/1740640630967.png,草新里九如三街,2025-11-26,桃園市新屋區永興里3鄰藻礁路1668號,(03)4861760
405584,桃園市動物保護教育園區,桃園市動物保護教育園區,混種犬,1,M,MEDIUM,白色,ADULT,T,https://www.pet.gov.tw/upload/pic/1747210535306.png,羅浮里２鄰,2025-11-25,桃園市新屋區永興里3鄰藻礁路1668號,(03)4861760
422546,臺北市動物之家,臺北市動物之家,混種犬,1,M,MEDIUM,黑色,ADULT,T,https://www.pet.gov.tw/upload/pic/1757992667736.png,,2025-09-29,臺北市內湖區安美街191號,(02)87913254
236697,臺北市動物之家,臺北市動物之家,混種犬,1,F,MEDIUM,黑色,ADULT,T,https://www.pet.gov.tw/upload/pic/25bac04f-19e9-4767-a422-d8217cb55932.jpg,文山區 樟樹里	興隆路四段,2022-06-20,臺北市內湖區安美街191號,(02)87913254
430360,新北市五股區公立動物之家,新北市五股區公立動物之家,混種犬,1,M,MEDIUM,虎斑色,ADULT,T,https://www.pet.gov.tw/upload/pic/1762832854692.png,五股區五股區五工六路,2025-11-19,新北市五股區外寮路9-9號,(02)82925265
427527,臺北市動物之家,臺北市動物之家,貴賓犬,0,M,SMALL,棕色,ADULT,T,https://www.pet.gov.tw/upload/pic/1761637683101.png,永春街１３１巷,2025-11-13,臺北市內湖區安美街191號,(02)87913254
415964,花蓮縣狗貓躍動園區,花蓮縣狗貓躍動園區,混種犬,1,F,MEDIUM,棕黑色,ADULT,F,https://www.pet.gov.tw/upload/pic/1753689299721.png,榮正街,2025-11-22,花蓮縣鳳林鎮林榮里永豐路255號,(03)8421452
410581,臺南市動物之家灣裡站,臺南市動物之家灣裡站,貴賓犬,0,M,MEDIUM,白色,ADULT,T,https://www.pet.gov.tw/upload/pic/1750487881723.png,開山里大同路一段16號,2025-07-11,臺南市南區省躬里14鄰萬年路580巷92號,(06)2964439
431956,新北市中和區公立動物之家,新北市中和區公立動物之家,混種犬,1,M,MEDIUM,白色,ADULT,T,https://www.pet.gov.tw/upload/pic/1763793268905.png,土城區廣福街77巷,2025-11-22,新北市中和區興南路三段100號,(02)86685547
426261,新北市五股區公立動物之家,新北市五股區公立動物之家,迷你貴賓犬,0,M,SMALL,棕色,ADULT,T,https://www.pet.gov.tw/upload/pic/1760604034010.png,林口區林口區瑞坪里瑞平國小旁高架橋下,,新北市五股區外寮路9-9號,(02)82925265
431943,新北市中和區公立動物之家,新北市中和區公立動物之家,混種犬,1,F,MEDIUM,黑色,CHILD,T,https://www.pet.gov.tw/upload/pic/1763779093767.png,中和區中山路2段64巷,2025-11-22,新北市中和區興南路三段100號,(02)86685547
237163,桃園市動物保護教育園區,桃園市動物保護教育園區,混種犬,1,M,SMALL,黑色,CHILD,F,https://www.pet.gov.tw/upload/pic/73969d70-9957-48cc-a11d-1e35db652a07.JPG,外社里後面坑路,2021-12-28,桃園市新屋區永興里3鄰藻礁路1668號,(03)4861760
71366,桃園市動物保護教育園區,桃園市動物保護教育園區,混種犬,1,F,MEDIUM,虎斑色,ADULT,F,https://www.pet.gov.tw/upload/pic/c4674f7c-26ac-4b81-99e0-bbb4240b067d.JPG,中華路,2018-11-11,桃園市新屋區永興里3鄰藻礁路1668號,(03)4861760
431839,宜蘭縣流浪動物中途之家,宜蘭縣流浪動物中途之家,混種犬,1,M,BIG,黑色,ADULT,N,https://www.pet.gov.tw/upload/pic/1763705199242.png,五峰路,2025-11-21,宜蘭縣五結鄉成興村利寶路60號,(03)9602350620
431737,新北市五股區公立動物之家,新北市五股區公立動物之家,柴犬,0,M,MEDIUM,黃白色,ADULT,F,https://www.pet.gov.tw/upload/pic/1763628764980.png,三重區三重區龍濱路219巷8號,1900-01-01,新北市五股區外寮路9-9號,(02)82925265
108983,臺北市動物之家,臺北市動物之家,混種犬,1,F,MEDIUM,黑色,ADULT,T,https://www.pet.gov.tw/upload/pic/ae0be870-fb00-4948-b3f0-acd0d4ab01b9.jpg,民眾不擬續養,2021-04-11,臺北市內湖區安美街191號,(02)87913254
422003,高雄市燕巢動物保護關愛園區,高雄市燕巢動物保護關愛園區,混種犬,1,F,BIG,白色,ADULT,N,https://www.pet.gov.tw/upload/pic/1757640949565.png,和平路,2025-09-12,高雄市燕巢區師大路98號,(07)6051002
431507,高雄市壽山動物保護教育園區,高雄市壽山動物保護教育園區,混種犬,1,M,BIG,黑色,ADULT,N,https://www.pet.gov.tw/upload/pic/1763539274299.png,橫山二巷,2025-11-01,高雄市鼓山區萬壽路350號,(07)5519059
431493,高雄市壽山動物保護教育園區,高雄市壽山動物保護教育園區,混種犬,1,F,BIG,黃色,ADULT,T,https://www.pet.gov.tw/upload/pic/1763537436662.png,後昌路,2025-11-01,高雄市鼓山區萬壽路350號,(07)5519059
431490,高雄市燕巢動物保護關愛園區,高雄市燕巢動物保護關愛園區,混種犬,1,F,SMALL,黑色,CHILD,N,https://www.pet.gov.tw/upload/pic/1763537142262.png,保安路,2025-11-19,高雄市燕巢區師大路98號,(07)6051002
431489,高雄市燕巢動物保護關愛園區,高雄市燕巢動物保護關愛園區,混種犬,1,M,SMALL,黑色,CHILD,N,https://www.pet.gov.tw/upload/pic/1763537019772.png,保安路,2025-11-19,高雄市燕巢區師大路98號,(07)6051002
431487,高雄市燕巢動物保護關愛園區,高雄市燕巢動物保護關愛園區,混種犬,1,F,SMALL,黑色,CHILD,N,https://www.pet.gov.tw/upload/pic/1763536922583.png,產業路,2025-11-19,高雄市燕巢區師大路98號,(07)6051002
431484,高雄市燕巢動物保護關愛園區,高雄市燕巢動物保護關愛園區,混種犬,1,F,SMALL,黑色,CHILD,N,https://www.pet.gov.tw/upload/pic/1763536750800.png,產業路,2025-11-19,高雄市燕巢區師大路98號,(07)6051002
431483,高雄市燕巢動物保護關愛園區,高雄市燕巢動物保護關愛園區,混種犬,1,F,SMALL,黑色,CHILD,N,https://www.pet.gov.tw/upload/pic/1763536653503.png,產業路,2025-11-19,高雄市燕巢區師大路98號,(07)6051002
431482,高雄市燕巢動物保護關愛園區,高雄市燕巢動物保護關愛園區,混種犬,1,M,SMALL,黑色,CHILD,N,https://www.pet.gov.tw/upload/pic/1763536582628.png,產業路,2025-11-19,高雄市燕巢區師大路98號,(07)6051002
431480,高雄市燕巢動物保護關愛園區,高雄市燕巢動物保護關愛園區,混種犬,1,M,SMALL,黑色,CHILD,N,https://www.pet.gov.tw/upload/pic/1763536496184.png,產業路,2025-11-19,高雄市燕巢區師大路98號,(07)6051002
431479,高雄市燕巢動物保護關愛園區,高雄市燕巢動物保護關愛園區,混種犬,1,F,SMALL,黑色,CHILD,N,https://www.pet.gov.tw/upload/pic/1763536355265.png,衙內口,2025-11-19,高雄市燕巢區師大路98號,(07)6051002
431477,高雄市燕巢動物保護關愛園區,高雄市燕巢動物保護關愛園區,混種犬,1,F,MEDIUM,黑色,CHILD,N,https://www.pet.gov.tw/upload/pic/1763536149024.png,和平路,2025-11-19,高雄市燕巢區師大路98號,(07)6051002
431476,高雄市燕巢動物保護關愛園區,高雄市燕巢動物保護關愛園區,混種犬,1,F,SMALL,黃色,CHILD,N,https://www.pet.gov.tw/upload/pic/1763536051133.png,民族街205巷,2025-11-19,高雄市燕巢區師大路98號,(07)6051002
431475,高雄市燕巢動物保護關愛園區,高雄市燕巢動物保護關愛園區,混種犬,1,F,SMALL,黑色,CHILD,N,https://www.pet.gov.tw/upload/pic/1763535949933.png,南勢湖,2025-11-19,高雄市燕巢區師大路98號,(07)6051002
431473,高雄市燕巢動物保護關愛園區,高雄市燕巢動物保護關愛園區,混種犬,1,F,SMALL,黑色,CHILD,N,https://www.pet.gov.tw/upload/pic/1763535837500.png,下竹圍,2025-11-19,高雄市燕巢區師大路98號,(07)6051002
431472,高雄市燕巢動物保護關愛園區,高雄市燕巢動物保護關愛園區,混種犬,1,M,SMALL,黑色,CHILD,N,https://www.pet.gov.tw/upload/pic/1763535736429.png,海尾路,2025-11-19,高雄市燕巢區師大路98號,(07)6051002
431470,高雄市燕巢動物保護關愛園區,高雄市燕巢動物保護關愛園區,混種犬,1,M,SMALL,黃色,CHILD,N,https://www.pet.gov.tw/upload/pic/1763535450752.png,富山巷,2025-11-19,高雄市燕巢區師大路98號,(07)6051002
431466,高雄市燕巢動物保護關愛園區,高雄市燕巢動物保護關愛園區,混種犬,1,F,SMALL,黑色,CHILD,N,https://www.pet.gov.tw/upload/pic/1763534790452.png,關東巷,2025-11-19,高雄市燕巢區師大路98號,(07)6051002
402464,新北市新店區公立動物之家,新北市新店區公立動物之家,混種犬,1,F,MEDIUM,三花色,ADULT,T,https://www.pet.gov.tw/upload/pic/1757394490118.png,銀河路81-1號,2025-04-22,新北市新店區安泰路235號,(02)22159462
431165,臺南市動物之家善化站,臺南市動物之家善化站,混種犬,1,F,MEDIUM,黑色,ADULT,T,https://www.pet.gov.tw/upload/pic/1763365803699.png,,,臺南市善化區昌隆里東勢寮1~19號,(06)5832399
406262,新北市板橋區公立動物之家,新北市板橋區公立動物之家,比特犬,0,M,MEDIUM,黑色,ADULT,T,https://www.pet.gov.tw/upload/pic/1747634182694.png,三層坪路35號,2025-05-19,新北市板橋區板城路28-1號,(02)89662158
431122,新北市新店區公立動物之家,新北市新店區公立動物之家,混種犬,1,F,MEDIUM,黑色,CHILD,T,https://www.pet.gov.tw/upload/pic/1763354748747.png,新店區寶高路,2025-11-17,新北市新店區安泰路235號,(02)22159462
416388,臺北市動物之家,臺北市動物之家,混種犬,1,M,MEDIUM,黃色,ADULT,T,https://www.pet.gov.tw/upload/pic/1761792652059.png,北士科,2025-11-16,臺北市內湖區安美街191號,(02)87913254
425634,新北市中和區公立動物之家,新北市中和區公立動物之家,混種犬,1,F,MEDIUM,黑色,ADULT,T,https://www.pet.gov.tw/upload/pic/1760182063924.png,土城區裕生路,2025-10-11,新北市中和區興南路三段100號,(02)86685547
422263,新北市中和區公立動物之家,新北市中和區公立動物之家,混種犬,1,F,MEDIUM,黑色,ADULT,T,https://www.pet.gov.tw/upload/pic/1757759269071.png,永和區中正路,2025-09-13,新北市中和區興南路三段100號,(02)86685547
405082,新北市中和區公立動物之家,新北市中和區公立動物之家,混種犬,1,M,MEDIUM,黑色,ADULT,T,https://www.pet.gov.tw/upload/pic/1755843421205.png,新生街,2025-05-11,新北市中和區興南路三段100號,(02)86685547
399621,新北市中和區公立動物之家,新北市中和區公立動物之家,混種犬,1,M,BIG,黃色,ADULT,N,https://www.pet.gov.tw/upload/pic/1755843228733.png,德峰街,2025-04-05,新北市中和區興南路三段100號,(02)86685547
396277,桃園市動物保護教育園區,桃園市動物保護教育園區,混種犬,1,F,BIG,黃色,ADULT,F,https://www.pet.gov.tw/upload/pic/1741134789355.png,大同里文青二路,,桃園市新屋區永興里3鄰藻礁路1668號,(03)4861760
430841,臺南市動物之家善化站,臺南市動物之家善化站,混種犬,1,F,MEDIUM,虎斑色,ADULT,N,https://www.pet.gov.tw/upload/pic/1763169841401.png,,2025-11-15,臺南市善化區昌隆里東勢寮1~19號,(06)5832399
430760,宜蘭縣流浪動物中途之家,宜蘭縣流浪動物中途之家,混種犬,1,M,BIG,黑色,ADULT,N,https://www.pet.gov.tw/upload/pic/1763100168899.png,濱海路六段,2025-11-14,宜蘭縣五結鄉成興村利寶路60號,(03)9602350620
351234,澎湖縣流浪動物收容中心,澎湖縣流浪動物收容中心,混種犬,1,M,MEDIUM,,ADULT,T,https://www.pet.gov.tw/upload/pic/1727231247399.png,納骨塔旁,2024-04-03,澎湖縣馬公市烏崁里260、261號,(06)9213559
414356,澎湖縣流浪動物收容中心,澎湖縣流浪動物收容中心,混種犬,1,M,MEDIUM,黃色,CHILD,T,https://www.pet.gov.tw/upload/pic/1752646488532.png,,2025-08-08,澎湖縣馬公市烏崁里260、261號,(06)9213559
416390,澎湖縣流浪動物收容中心,澎湖縣流浪動物收容中心,混種犬,1,M,MEDIUM,黃白色,CHILD,T,https://www.pet.gov.tw/upload/pic/1753933256576.png,馬公分局交通隊對面,2025-08-15,澎湖縣馬公市烏崁里260、261號,(06)9213559
426515,澎湖縣流浪動物收容中心,澎湖縣流浪動物收容中心,混種犬,1,F,BIG,黑黃色,ADULT,T,https://www.pet.gov.tw/upload/pic/1760865226972.png,,2025-10-31,澎湖縣馬公市烏崁里260、261號,(06)9213559
311162,澎湖縣流浪動物收容中心,澎湖縣流浪動物收容中心,混種犬,1,F,BIG,黑色,ADULT,T,https://www.pet.gov.tw/upload/pic/1685693397160.png,造船廠,2023-06-08,澎湖縣馬公市烏崁里260、261號,(06)9213559
35262,新北市新店區公立動物之家,新北市新店區公立動物之家,混種犬,1,F,MEDIUM,黑黃色,ADULT,T,https://www.pet.gov.tw/upload/pic/49d37976-9921-4002-abb4-349531c7fada.jpg,頂田寮路,2018-01-24,新北市新店區安泰路235號,(02)22159462
189918,臺北市動物之家,臺北市動物之家,混種犬,1,F,MEDIUM,棕色,ADULT,F,https://www.pet.gov.tw/upload/pic/d3fd42ea-7bbd-4138-94c1-71b145afed28.jpg,竹子湖路,2020-12-24,臺北市內湖區安美街191號,(02)87913254
62675,臺北市動物之家,臺北市動物之家,混種犬,1,M,MEDIUM,白色,ADULT,T,https://www.pet.gov.tw/upload/pic/b450f1f0-3fdd-4afd-9f3f-d87605b1a1fa.jpg,公館路,2021-04-11,臺北市內湖區安美街191號,(02)87913254
324038,金門縣動物收容中心,金門縣動物收容中心,混種犬,1,M,MEDIUM,棕色,ADULT,T,https://www.pet.gov.tw/upload/pic/1693989050257.png,金湖鎮正義里經武路,2023-09-07,金門縣金湖鎮裕民農莊20號,(082)336625
429341,南投縣公立動物收容所,南投縣公立動物收容所,混種犬,1,F,MEDIUM,虎斑色,ADULT,T,https://www.pet.gov.tw/upload/pic/1762223488893.png,草溪路,2025-11-03,南投縣南投市嶺興路36-1號,(049)2225440
429343,南投縣公立動物收容所,南投縣公立動物收容所,混種犬,1,F,MEDIUM,虎斑色,ADULT,T,https://www.pet.gov.tw/upload/pic/1762223865990.png,草溪路,2025-11-03,南投縣南投市嶺興路36-1號,(049)2225440
286305,新北市新店區公立動物之家,新北市新店區公立動物之家,混種犬,1,M,MEDIUM,黑色,ADULT,T,https://www.pet.gov.tw/upload/pic/1726310962770.png,禾豐三路1號,2022-12-05,新北市新店區安泰路235號,(02)22159462
285947,新北市新店區公立動物之家,新北市新店區公立動物之家,混種犬,1,M,MEDIUM,黑色,ADULT,T,https://www.pet.gov.tw/upload/pic/1726311571825.png,民生路1號,2022-12-02,新北市新店區安泰路235號,(02)22159462
35288,新北市新店區公立動物之家,新北市新店區公立動物之家,混種犬,1,M,MEDIUM,黑色,ADULT,T,https://www.pet.gov.tw/upload/pic/708c7fbf-4cd3-42c5-9f53-75c039abfa76.jpg,永平街77巷8號,2017-10-25,新北市新店區安泰路235號,(02)22159462
358565,新北市中和區公立動物之家,新北市中和區公立動物之家,混種犬,1,F,MEDIUM,虎斑色,ADULT,T,https://www.pet.gov.tw/upload/pic/1736575249608.png,擺接堡路,2024-05-19,新北市中和區興南路三段100號,(02)86685547
356998,新北市中和區公立動物之家,新北市中和區公立動物之家,混種犬,1,M,MEDIUM,虎斑色,ADULT,T,https://www.pet.gov.tw/upload/pic/1736575079514.png,南天母路111巷24弄,2024-09-13,新北市中和區興南路三段100號,(02)86685547
356478,新北市中和區公立動物之家,新北市中和區公立動物之家,混種犬,1,M,MEDIUM,黑黃色,ADULT,T,https://www.pet.gov.tw/upload/pic/1741305276577.png,延吉街,2024-05-04,新北市中和區興南路三段100號,(02)86685547
48272,新北市新店區公立動物之家,新北市新店區公立動物之家,混種犬,1,M,MEDIUM,黑色,ADULT,T,https://www.pet.gov.tw/upload/pic/abc4dc5e-87e7-44e4-8bab-0ef79bce5b1a.jpg,灣潭路,2017-11-14,新北市新店區安泰路235號,(02)22159462
48274,新北市新店區公立動物之家,新北市新店區公立動物之家,混種犬,1,M,MEDIUM,黑色,ADULT,T,https://asms.coa.gov.tw/amlapp/upload/pic/a1708383-84ca-4614-aa4a-590a86a374e1_org.jpeg,頂田寮路697號,2017-05-17,新北市新店區安泰路235號,(02)22159462
84180,新北市新店區公立動物之家,新北市新店區公立動物之家,混種犬,1,M,SMALL,黑色,ADULT,T,https://www.pet.gov.tw/upload/pic/6a3d93c2-7dc4-47ec-8b6a-1be4e63bc139.jpg,薏仁坑路,2019-02-15,新北市新店區安泰路235號,(02)22159462
323177,新北市新店區公立動物之家,新北市新店區公立動物之家,混種犬,1,M,MEDIUM,虎斑色,ADULT,T,https://www.pet.gov.tw/upload/pic/1734496605618.png,北深路一段300號,2023-08-30,新北市新店區安泰路235號,(02)22159462
146043,新北市新店區公立動物之家,新北市新店區公立動物之家,混種犬,1,F,MEDIUM,黑色,ADULT,T,https://www.pet.gov.tw/upload/pic/1734507469784.png,新烏路一段85巷10-1號,2020-03-03,新北市新店區安泰路235號,(02)22159462
318833,新北市新店區公立動物之家,新北市新店區公立動物之家,混種犬,1,M,MEDIUM,黑色,ADULT,T,https://www.pet.gov.tw/upload/pic/1726493581769.png,文山路一段33號,2023-07-31,新北市新店區安泰路235號,(02)22159462
343583,新北市中和區公立動物之家,新北市中和區公立動物之家,混種犬,1,F,MEDIUM,黑色,ADULT,T,https://www.pet.gov.tw/upload/pic/1736317887236.png,中央路三段184巷,2024-01-18,新北市中和區興南路三段100號,(02)86685547
339377,新北市中和區公立動物之家,新北市中和區公立動物之家,混種犬,1,M,MEDIUM,黑色,ADULT,T,https://www.pet.gov.tw/upload/pic/1755844218569.png,景新街437巷,2024-09-06,新北市中和區興南路三段100號,(02)86685547
420949,臺北市動物之家,臺北市動物之家,混種犬,1,M,MEDIUM,黑白色,ADULT,T,https://www.pet.gov.tw/upload/pic/1756969198767.png,忠誠路二段１３０巷,2025-11-11,臺北市內湖區安美街191號,(02)87913254
137719,臺北市動物之家,臺北市動物之家,混種犬,1,M,MEDIUM,黑色,ADULT,T,https://www.pet.gov.tw/upload/pic/ec2c568e-ba25-4ddc-9b85-bc90cbb479f3.jpg,新光路2段,2021-04-11,臺北市內湖區安美街191號,(02)87913254
430106,臺東縣動物收容中心,臺東縣動物收容中心,混種犬,1,F,MEDIUM,黑色,ADULT,N,https://www.pet.gov.tw/upload/pic/1762736008642.png,,2025-11-10,臺東縣臺東市中華路4段999巷600號,(089)362011
318431,新北市中和區公立動物之家,新北市中和區公立動物之家,混種犬,1,M,MEDIUM,虎斑色,ADULT,T,https://www.pet.gov.tw/upload/pic/1735616867374.png,廣明街,2023-07-25,新北市中和區興南路三段100號,(02)86685547
317062,新北市中和區公立動物之家,新北市中和區公立動物之家,混種犬,1,F,MEDIUM,虎斑色,ADULT,T,https://www.pet.gov.tw/upload/pic/1736574655497.png,圓通路433巷,2024-09-07,新北市中和區興南路三段100號,(02)86685547
309589,新北市中和區公立動物之家,新北市中和區公立動物之家,混種犬,1,F,MEDIUM,黑色,ADULT,T,https://www.pet.gov.tw/upload/pic/1684897896049.png,中和區,2023-05-24,新北市中和區興南路三段100號,(02)86685547
284090,臺北市動物之家,臺北市動物之家,混種犬,1,M,MEDIUM,黑棕色,ADULT,T,https://www.pet.gov.tw/upload/pic/fc06aac9-ec0c-48e6-8316-08be336eb955.jpg,中庄里	新生北路二段,2023-02-11,臺北市內湖區安美街191號,(02)87913254
116241,臺北市動物之家,臺北市動物之家,混種犬,1,F,MEDIUM,黑色,ADULT,T,https://www.pet.gov.tw/upload/pic/98b274b4-9fe2-4060-b3ee-2cb821d9586a.jpg,復興三路152巷,2021-04-10,臺北市內湖區安美街191號,(02)87913254
429988,新北市中和區公立動物之家,新北市中和區公立動物之家,混種犬,1,M,MEDIUM,黑黃色,ADULT,F,https://www.pet.gov.tw/upload/pic/1762568636180.png,中和區中和區,2025-11-08,新北市中和區興南路三段100號,(02)86685547
31379,臺北市動物之家,臺北市動物之家,混種犬,1,M,MEDIUM,棕色,ADULT,T,https://www.pet.gov.tw/upload/pic/d055bbc6-827c-40bc-86f7-a9cfc4f93878.jpg,南港二段,2016-11-11,臺北市內湖區安美街191號,(02)87913254
418188,新北市五股區公立動物之家,新北市五股區公立動物之家,混種犬,1,F,MEDIUM,黃白色,ADULT,F,https://www.pet.gov.tw/upload/pic/1762511556740.png,林口區太平里30-6號,2025-08-13,新北市五股區外寮路9-9號,(02)82925265
35314,新北市新店區公立動物之家,新北市新店區公立動物之家,混種犬,1,F,MEDIUM,黑色,ADULT,T,https://www.pet.gov.tw/upload/pic/190ede1a-2fb0-4ff4-a531-a621bef0bcc4.jpg,永平街53巷,2018-01-23,新北市新店區安泰路235號,(02)22159462
323187,新北市新店區公立動物之家,新北市新店區公立動物之家,混種犬,1,F,MEDIUM,黑色,ADULT,T,https://www.pet.gov.tw/upload/pic/1693379227097.png,石崁40-6號,2023-08-30,新北市新店區安泰路235號,(02)22159462
399313,新北市新店區公立動物之家,新北市新店區公立動物之家,混種犬,1,F,SMALL,虎斑色,ADULT,T,https://www.pet.gov.tw/upload/pic/1745577967210.png,上坑子口1號,2025-03-26,新北市新店區安泰路235號,(02)22159462
92898,新北市新店區公立動物之家,新北市新店區公立動物之家,混種犬,1,F,SMALL,虎斑色,ADULT,T,https://www.pet.gov.tw/upload/pic/948da3db-f046-4c29-abd6-cafa3cca664e.jpg,忠治紅河谷,2019-04-12,新北市新店區安泰路235號,(02)22159462
292413,新北市新店區公立動物之家,新北市新店區公立動物之家,混種犬,1,M,MEDIUM,棕色,CHILD,T,https://www.pet.gov.tw/upload/pic/1703223823269.png,北宜路九段6號,2023-01-18,新北市新店區安泰路235號,(02)22159462
341555,新北市新店區公立動物之家,新北市新店區公立動物之家,混種犬,1,M,MEDIUM,黃色,ADULT,T,https://www.pet.gov.tw/upload/pic/1704343789414.png,僑愛二路,2024-01-04,新北市新店區安泰路235號,(02)22159462
308346,新北市新店區公立動物之家,新北市新店區公立動物之家,混種犬,1,F,MEDIUM,黃色,ADULT,T,https://www.pet.gov.tw/upload/pic/1684214103590.png,學府路一路229巷,2023-05-16,新北市新店區安泰路235號,(02)22159462
402433,新北市新店區公立動物之家,新北市新店區公立動物之家,混種犬,1,F,BIG,黑色,ADULT,T,https://www.pet.gov.tw/upload/pic/1745300207555.png,銀河路81-1號,2025-04-22,新北市新店區安泰路235號,(02)22159462
287142,新北市新店區公立動物之家,新北市新店區公立動物之家,混種犬,1,F,MEDIUM,黑色,ADULT,T,https://www.pet.gov.tw/upload/pic/1726310263332.png,民生路126號,2022-12-10,新北市新店區安泰路235號,(02)22159462
220004,新北市板橋區公立動物之家,新北市板橋區公立動物之家,混種犬,1,M,MEDIUM,黃色,ADULT,T,https://www.pet.gov.tw/upload/pic/94f96af5-dd2a-4f21-878d-cf5bb568366e.jpg,新店區,2021-08-28,新北市板橋區板城路28-1號,(02)89662158
347621,臺北市動物之家,臺北市動物之家,混種犬,1,F,SMALL,黑色,CHILD,T,https://www.pet.gov.tw/upload/pic/1708931968591.png,港華里環山路二段50巷14弄,2024-03-05,臺北市內湖區安美街191號,(02)87913254
429484,嘉義縣動物保護教育園區,嘉義縣動物保護教育園區,混種犬,1,M,BIG,黑色,ADULT,T,https://www.pet.gov.tw/upload/pic/1762308542965.png,,2025-11-05,嘉義縣民雄鄉松山村後山仔37之2號,(05)2721119
259260,臺北市動物之家,臺北市動物之家,混種犬,1,F,MEDIUM,黃色,ADULT,T,https://www.pet.gov.tw/upload/pic/cea7b3a7-db61-4098-afa3-8566d6200001.jpg,觀山河濱公園,2022-06-19,臺北市內湖區安美街191號,(02)87913254
237653,新北市板橋區公立動物之家,新北市板橋區公立動物之家,混種犬,1,F,MEDIUM,黑色,ADULT,F,https://www.pet.gov.tw/upload/pic/1701927567208.png,介壽街61號,2022-01-07,新北市板橋區板城路28-1號,(02)89662158
330710,新北市板橋區公立動物之家,新北市板橋區公立動物之家,混種犬,1,F,MEDIUM,黑色,ADULT,F,https://www.pet.gov.tw/upload/pic/1697950074892.png,大安路2號,2023-10-22,新北市板橋區板城路28-1號,(02)89662158
165532,臺東縣動物收容中心,臺東縣動物收容中心,混種犬,1,M,BIG,黑棕色,ADULT,T,https://www.pet.gov.tw/upload/pic/1707206566011.png,台東市,2020-06-22,臺東縣臺東市中華路4段999巷600號,(089)362011
43294,臺東縣動物收容中心,臺東縣動物收容中心,混種犬,1,M,BIG,黑灰色,ADULT,T,https://www.pet.gov.tw/upload/pic/1707200460101.png,台東動物防疫所前面,2018-04-09,臺東縣臺東市中華路4段999巷600號,(089)362011
276006,臺東縣動物收容中心,臺東縣動物收容中心,混種犬,1,F,MEDIUM,黑黃色,ADULT,T,https://www.pet.gov.tw/upload/pic/1712124982552.png,知本路二段,2024-02-06,臺東縣臺東市中華路4段999巷600號,(089)362011
110611,臺東縣動物收容中心,臺東縣動物收容中心,混種犬,1,F,MEDIUM,黑色,ADULT,T,https://www.pet.gov.tw/upload/pic/ff68f863-44dd-4477-8f2d-12ee3b70667d.JPG,池上鄉,2019-07-24,臺東縣臺東市中華路4段999巷600號,(089)362011
236768,臺東縣動物收容中心,臺東縣動物收容中心,混種犬,1,M,MEDIUM,黑色,ADULT,T,https://www.pet.gov.tw/upload/pic/1707199977005.png,卑南衛生局附近,2024-02-06,臺東縣臺東市中華路4段999巷600號,(089)362011
219429,臺東縣動物收容中心,臺東縣動物收容中心,混種犬,1,F,BIG,黑色,ADULT,T,https://www.pet.gov.tw/upload/pic/1707200104269.png,新源路,2021-08-25,臺東縣臺東市中華路4段999巷600號,(089)362011
259805,臺東縣動物收容中心,臺東縣動物收容中心,混種犬,1,F,MEDIUM,黑色,ADULT,T,https://www.pet.gov.tw/upload/pic/1707199647574.png,台東市建和，陳龍李妹,2024-02-06,臺東縣臺東市中華路4段999巷600號,(089)362011
39896,臺東縣動物收容中心,臺東縣動物收容中心,混種犬,1,F,MEDIUM,黑色,ADULT,T,https://www.pet.gov.tw/upload/pic/1712124878644.png,卑南鄉溫泉村,2018-03-21,臺東縣臺東市中華路4段999巷600號,(089)362011
105431,臺東縣動物收容中心,臺東縣動物收容中心,混種犬,1,M,MEDIUM,黑棕色,ADULT,T,https://www.pet.gov.tw/upload/pic/1712124448283.png,台東市豐谷里,2019-06-23,臺東縣臺東市中華路4段999巷600號,(089)362011
424486,新北市三芝區公立動物之家,新北市三芝區公立動物之家,威爾斯柯基犬,0,F,MEDIUM,黑白色,ADULT,N,https://www.pet.gov.tw/upload/pic/1759292417393.png,,2025-10-13,新北市三芝區青山路(龍巖人本旁),(02)26365436
428981,臺南市動物之家善化站,臺南市動物之家善化站,混種犬,1,F,MEDIUM,黑色,ADULT,N,https://www.pet.gov.tw/upload/pic/1761898872531.png,,2025-11-07,臺南市善化區昌隆里東勢寮1~19號,(06)5832399
428946,桃園市動物保護教育園區,桃園市動物保護教育園區,阿根廷杜告犬,0,F,BIG,白色,ADULT,N,https://www.pet.gov.tw/upload/pic/1761889789842.png,兔坑里大同路,2025-11-07,桃園市新屋區永興里3鄰藻礁路1668號,(03)4861760
428879,宜蘭縣流浪動物中途之家,宜蘭縣流浪動物中途之家,混種犬,1,M,BIG,黃色,ADULT,T,https://www.pet.gov.tw/upload/pic/1761816484927.png,金山西路,2025-10-30,宜蘭縣五結鄉成興村利寶路60號,(03)9602350620
31607,臺北市動物之家,臺北市動物之家,混種犬,1,F,SMALL,白色,CHILD,T,https://www.pet.gov.tw/upload/pic/25376_VAAAG1060702001_2.jpg,汀洲路2段,2017-07-26,臺北市內湖區安美街191號,(02)87913254
84638,桃園市動物保護教育園區,桃園市動物保護教育園區,混種犬,1,M,SMALL,黑色,ADULT,T,https://www.pet.gov.tw/upload/pic/1e29da32-15d8-4daa-b4ad-61e8baf9082e.JPG,坑口里山菓路２１７巷,2019-02-19,桃園市新屋區永興里3鄰藻礁路1668號,(03)4861760
168754,臺北市動物之家,臺北市動物之家,混種犬,1,M,MEDIUM,黑色,CHILD,T,https://www.pet.gov.tw/upload/pic/61479_109072101_0.jpg,民眾不擬續養,2021-04-11,臺北市內湖區安美街191號,(02)87913254
421339,新竹市動物保護教育園區,新竹市動物保護教育園區,混種犬,1,M,MEDIUM,黑色,ADULT,T,https://www.pet.gov.tw/upload/pic/1757302255130.png,公道五路四段,2025-09-15,新竹市南寮里海濱路250號,(03)5368329
387020,臺南市動物之家善化站,臺南市動物之家善化站,混種犬,1,F,MEDIUM,虎斑色,ADULT,N,https://www.pet.gov.tw/upload/pic/1734483334216.png,,2025-05-01,臺南市善化區昌隆里東勢寮1~19號,(06)5832399
427473,新北市三芝區公立動物之家,新北市三芝區公立動物之家,混種犬,1,F,MEDIUM,黑色,ADULT,N,https://www.pet.gov.tw/upload/pic/1761631224507.png,,2025-10-28,新北市三芝區青山路(龍巖人本旁),(02)26365436
413594,臺北市動物之家,臺北市動物之家,混種犬,1,M,MEDIUM,黑色,ADULT,T,https://www.pet.gov.tw/upload/pic/1751966670825.png,,2025-07-08,臺北市內湖區安美街191號,(02)87913254
413128,臺南市動物之家善化站,臺南市動物之家善化站,混種犬,1,M,MEDIUM,米色,ADULT,N,https://www.pet.gov.tw/upload/pic/1751531641755.png,,2025-10-01,臺南市善化區昌隆里東勢寮1~19號,(06)5832399
315025,臺南市動物之家善化站,臺南市動物之家善化站,混種犬,1,M,MEDIUM,黃色,ADULT,F,https://www.pet.gov.tw/upload/pic/1688092153809.png,,2024-07-01,臺南市善化區昌隆里東勢寮1~19號,(06)5832399
404632,新北市新店區公立動物之家,新北市新店區公立動物之家,混種犬,1,F,BIG,黃色,ADULT,T,https://www.pet.gov.tw/upload/pic/1746591056091.png,環河街189巷5-1號,2025-05-07,新北市新店區安泰路235號,(02)22159462
368894,桃園市動物保護教育園區,桃園市動物保護教育園區,混種犬,1,F,MEDIUM,黑色,ADULT,T,https://www.pet.gov.tw/upload/pic/1722990418465.png,上華里中正路上華段１１２巷３６弄,2025-10-27,桃園市新屋區永興里3鄰藻礁路1668號,(03)4861760
317880,臺北市動物之家,臺北市動物之家,混種犬,1,M,MEDIUM,黑色,ADULT,T,https://www.pet.gov.tw/upload/pic/1690184011568.png,誠安里市民大道三段(原救援地：萬華區和德里西園路二段),2023-12-01,臺北市內湖區安美街191號,(02)87913254
405271,臺南市動物之家善化站,臺南市動物之家善化站,混種犬,1,M,BIG,黑色,ADULT,N,https://www.pet.gov.tw/upload/pic/1747037993816.png,,2025-05-19,臺南市善化區昌隆里東勢寮1~19號,(06)5832399
387823,臺南市動物之家善化站,臺南市動物之家善化站,混種犬,1,F,MEDIUM,黑色,ADULT,N,https://www.pet.gov.tw/upload/pic/1735026525029.png,,2025-02-14,臺南市善化區昌隆里東勢寮1~19號,(06)5832399
426534,新北市政府動物保護防疫處,新北市政府動物保護防疫處,混種犬,1,F,SMALL,黑色,ADULT,F,https://www.pet.gov.tw/upload/pic/1760928415464.png,中正路78號,,新北市板橋區四川路一段157巷2號,(02)29596353
42570,臺北市動物之家,臺北市動物之家,混種犬,1,M,MEDIUM,黑色,ADULT,T,https://www.pet.gov.tw/upload/pic/32435_107030906_1.jpg,民眾不擬續養,2018-03-09,臺北市內湖區安美街191號,(02)87913254
427033,新北市五股區公立動物之家,新北市五股區公立動物之家,混種犬,1,M,MEDIUM,黑色,CHILD,T,https://www.pet.gov.tw/upload/pic/1761189286478.png,三重區同安街,2025-10-23,新北市五股區外寮路9-9號,(02)82925265
285743,臺南市動物之家善化站,臺南市動物之家善化站,混種犬,1,M,MEDIUM,咖啡色,ADULT,F,https://www.pet.gov.tw/upload/pic/1669976610616.png,學甲區,2022-12-07,臺南市善化區昌隆里東勢寮1~19號,(06)5832399
405581,臺南市動物之家善化站,臺南市動物之家善化站,混種犬,1,M,MEDIUM,黑色,ADULT,N,https://www.pet.gov.tw/upload/pic/1747215131152.png,,2025-05-14,臺南市善化區昌隆里東勢寮1~19號,(06)5832399
394056,臺南市動物之家善化站,臺南市動物之家善化站,混種犬,1,M,MEDIUM,花白色,ADULT,N,https://www.pet.gov.tw/upload/pic/1739849821638.png,南勢里,2025-02-25,臺南市善化區昌隆里東勢寮1~19號,(06)5832399
409169,臺南市動物之家善化站,臺南市動物之家善化站,混種犬,1,F,MEDIUM,黑色,ADULT,N,https://www.pet.gov.tw/upload/pic/1749610849486.png,,2025-06-18,臺南市善化區昌隆里東勢寮1~19號,(06)5832399
341647,臺南市動物之家善化站,臺南市動物之家善化站,混種犬,1,F,MEDIUM,虎斑色,ADULT,F,https://www.pet.gov.tw/upload/pic/1709174188437.png,,2025-02-18,臺南市善化區昌隆里東勢寮1~19號,(06)5832399
412977,嘉義市動物保護教育園區,嘉義市動物保護教育園區,混種犬,1,F,MEDIUM,黑色,ADULT,T,https://www.pet.gov.tw/upload/pic/1751448509926.png,保安一路412巷55號,2025-10-22,嘉義市彌陀路31號,(05)2168661
381186,臺南市動物之家善化站,臺南市動物之家善化站,混種犬,1,F,MEDIUM,黑色,ADULT,N,https://www.pet.gov.tw/upload/pic/1731391674144.png,北門區蚵寮里新圍附近漁塭,2025-02-14,臺南市善化區昌隆里東勢寮1~19號,(06)5832399
264140,臺南市動物之家善化站,臺南市動物之家善化站,混種犬,1,F,MEDIUM,黑色,ADULT,F,https://www.pet.gov.tw/upload/pic/9d629263-842f-4040-be7c-b41830a8e7d5.jpg,善化區嘉北里,2025-02-13,臺南市善化區昌隆里東勢寮1~19號,(06)5832399
379444,臺南市動物之家善化站,臺南市動物之家善化站,混種犬,1,M,MEDIUM,黑色,ADULT,F,https://www.pet.gov.tw/upload/pic/1729911890320.png,頂洲社區,2025-02-14,臺南市善化區昌隆里東勢寮1~19號,(06)5832399
398732,臺南市動物之家善化站,臺南市動物之家善化站,混種犬,1,M,MEDIUM,白色,ADULT,N,https://www.pet.gov.tw/upload/pic/1742547116010.png,,2025-03-28,臺南市善化區昌隆里東勢寮1~19號,(06)5832399
398677,臺南市動物之家善化站,臺南市動物之家善化站,混種犬,1,M,BIG,黑色,ADULT,N,https://www.pet.gov.tw/upload/pic/1742529014729.png,,2025-03-28,臺南市善化區昌隆里東勢寮1~19號,(06)5832399
293593,臺南市動物之家善化站,臺南市動物之家善化站,混種犬,1,M,MEDIUM,黑色,ADULT,F,https://www.pet.gov.tw/upload/pic/1675417991879.png,,2025-03-20,臺南市善化區昌隆里東勢寮1~19號,(06)5832399
403485,新北市五股區公立動物之家,新北市五股區公立動物之家,比特犬,0,M,MEDIUM,黃白色,ADULT,T,https://www.pet.gov.tw/upload/pic/1745909744487.png,林口區頂福里10鄰92號,2025-04-29,新北市五股區外寮路9-9號,(02)82925265
418728,南投縣公立動物收容所,南投縣公立動物收容所,混種犬,1,M,MEDIUM,黑色,ADULT,T,https://www.pet.gov.tw/upload/pic/1755569391799.png,彰南路一段,2025-08-18,南投縣南投市嶺興路36-1號,(049)2225440
344562,新北市五股區公立動物之家,新北市五股區公立動物之家,混種犬,1,M,MEDIUM,黑色,ADULT,T,https://www.pet.gov.tw/upload/pic/1706353280817.png,登林路,2024-01-27,新北市五股區外寮路9-9號,(02)82925265
423101,臺南市動物之家善化站,臺南市動物之家善化站,混種犬,1,M,MEDIUM,黃色,ADULT,N,https://www.pet.gov.tw/upload/pic/1758251929594.png,,2025-09-26,臺南市善化區昌隆里東勢寮1~19號,(06)5832399
402928,臺南市動物之家善化站,臺南市動物之家善化站,混種犬,1,F,MEDIUM,虎斑色,ADULT,N,https://www.pet.gov.tw/upload/pic/1745560860133.png,,2025-05-02,臺南市善化區昌隆里東勢寮1~19號,(06)5832399
416397,澎湖縣流浪動物收容中心,澎湖縣流浪動物收容中心,混種犬,1,F,BIG,黑虎斑色,ADULT,T,https://www.pet.gov.tw/upload/pic/1753933225563.png,,2025-08-15,澎湖縣馬公市烏崁里260、261號,(06)9213559
398593,臺南市動物之家灣裡站,臺南市動物之家灣裡站,混種犬,1,F,MEDIUM,黑黃色,ADULT,T,https://www.pet.gov.tw/upload/pic/1742463034060.png,十份里36-23號,2025-04-02,臺南市南區省躬里14鄰萬年路580巷92號,(06)2964439
426741,桃園市動物保護教育園區,桃園市動物保護教育園區,混種犬,1,F,BIG,白色,ADULT,N,https://www.pet.gov.tw/upload/pic/1761029310111.png,,2025-10-21,桃園市新屋區永興里3鄰藻礁路1668號,(03)4861760
242685,桃園市動物保護教育園區,桃園市動物保護教育園區,混種犬,1,F,MEDIUM,黃色,ADULT,F,https://www.pet.gov.tw/upload/pic/916cf3b0-4643-40de-b2db-11c144a9e47e.jpg,楊梅區,2022-02-22,桃園市新屋區永興里3鄰藻礁路1668號,(03)4861760
215206,桃園市動物保護教育園區,桃園市動物保護教育園區,混種犬,1,M,SMALL,黃色,CHILD,F,https://www.pet.gov.tw/upload/pic/ad5cc303-b1c8-41ed-a17d-b69cb6832ad4.jpg,文化里安東路,2021-07-30,桃園市新屋區永興里3鄰藻礁路1668號,(03)4861760
44086,桃園市動物保護教育園區,桃園市動物保護教育園區,混種犬,1,M,MEDIUM,黃色,ADULT,F,https://www.pet.gov.tw/upload/pic/0f60c4e5-adb6-43ad-ae7c-b58ef57ccfc7.JPG,中壢區中豐路二段４６０巷,2018-04-15,桃園市新屋區永興里3鄰藻礁路1668號,(03)4861760
247789,臺北市動物之家,臺北市動物之家,混種犬,1,M,MEDIUM,黑色,ADULT,T,https://www.pet.gov.tw/upload/pic/ce8e7447-351a-4882-8011-fa978c44a4a0.jpg,博嘉里	木柵路5段,2022-04-09,臺北市內湖區安美街191號,(02)87913254
426496,新北市政府動物保護防疫處,新北市政府動物保護防疫處,混種犬,1,F,MEDIUM,黑色,ADULT,F,https://www.pet.gov.tw/upload/pic/1760855084224.png,中正路78號,,新北市板橋區四川路一段157巷2號,(02)29596353
346173,桃園市動物保護教育園區,桃園市動物保護教育園區,柴犬,0,F,SMALL,白色,ADULT,F,https://www.pet.gov.tw/upload/pic/1708043704867.png,大崗里新興街,2024-02-23,桃園市新屋區永興里3鄰藻礁路1668號,(03)4861760
177887,臺北市動物之家,臺北市動物之家,混種犬,1,M,MEDIUM,黃白色,ADULT,T,https://www.pet.gov.tw/upload/pic/62911_109092204_0.jpg,西寧北路,2021-04-10,臺北市內湖區安美街191號,(02)87913254
426481,新北市中和區公立動物之家,新北市中和區公立動物之家,混種犬,1,F,MEDIUM,白色,CHILD,T,https://www.pet.gov.tw/upload/pic/1760772086952.png,土城區廣福街81號,2025-10-18,新北市中和區興南路三段100號,(02)86685547
426355,新北市八里區公立動物之家,新北市八里區公立動物之家,貴賓犬,0,M,SMALL,棕色,ADULT,F,https://www.pet.gov.tw/upload/pic/1760673618759.png,新莊區四維路,2025-10-23,新北市八里區長坑里6鄰長坑道路36號,(02)26194428
367477,臺北市動物之家,臺北市動物之家,混種犬,1,F,MEDIUM,黑色,ADULT,T,https://www.pet.gov.tw/upload/pic/1721979496411.png,湖田里竹子湖路,2024-08-03,臺北市內湖區安美街191號,(02)87913254
367113,臺北市動物之家,臺北市動物之家,混種犬,1,F,MEDIUM,黑白色,ADULT,T,https://www.pet.gov.tw/upload/pic/1721617896804.png,舊莊里	舊莊街一段290巷,2024-07-30,臺北市內湖區安美街191號,(02)87913254
410710,桃園市動物保護教育園區,桃園市動物保護教育園區,混種犬,1,M,BIG,黑色,ADULT,N,https://www.pet.gov.tw/upload/pic/1750663596400.png,大堀里大湖路二段,2025-06-23,桃園市新屋區永興里3鄰藻礁路1668號,(03)4861760
35635,新北市中和區公立動物之家,新北市中和區公立動物之家,混種犬,1,M,MEDIUM,黑黃色,ADULT,T,https://www.pet.gov.tw/upload/pic/1758623516740.png,承天路73號,2021-09-11,新北市中和區興南路三段100號,(02)86685547
426369,金門縣動物收容中心,金門縣動物收容中心,混種犬,1,F,MEDIUM,黑棕色,ADULT,F,https://www.pet.gov.tw/upload/pic/1760680702099.png,庵前,2025-10-24,金門縣金湖鎮裕民農莊20號,(082)336625
187638,新北市中和區公立動物之家,新北市中和區公立動物之家,混種犬,1,M,MEDIUM,黑色,ADULT,T,https://www.pet.gov.tw/upload/pic/1736317507297.png,承天路153之2號,2020-12-15,新北市中和區興南路三段100號,(02)86685547
416817,臺中市動物之家南屯園區,臺中市動物之家南屯園區,貴賓犬,0,M,MEDIUM,黃色,ADULT,T,https://www.pet.gov.tw/upload/pic/1754287163658.png,祥順路一段,2025-10-16,臺中市南屯區中台路601號,(04)23850976
426138,新北市三芝區公立動物之家,新北市三芝區公立動物之家,混種犬,1,M,MEDIUM,黃色,ADULT,N,https://www.pet.gov.tw/upload/pic/1760575957565.png,,2025-10-16,新北市三芝區青山路(龍巖人本旁),(02)26365436
426117,宜蘭縣流浪動物中途之家,宜蘭縣流浪動物中途之家,混種犬,1,F,MEDIUM,黑色,CHILD,N,https://www.pet.gov.tw/upload/pic/1760519913359.png,林尾路,2025-10-15,宜蘭縣五結鄉成興村利寶路60號,(03)9602350620
426115,宜蘭縣流浪動物中途之家,宜蘭縣流浪動物中途之家,混種犬,1,F,BIG,白色,ADULT,N,https://www.pet.gov.tw/upload/pic/1760519863890.png,7甲縣道,2025-10-15,宜蘭縣五結鄉成興村利寶路60號,(03)9602350620
127034,桃園市動物保護教育園區,桃園市動物保護教育園區,混種犬,1,F,MEDIUM,黃色,ADULT,F,https://www.pet.gov.tw/upload/pic/06fc25a4-c75a-4b0a-9943-40c42abad8df.JPG,永興里,2025-10-15,桃園市新屋區永興里3鄰藻礁路1668號,(03)4861760
317664,桃園市動物保護教育園區,桃園市動物保護教育園區,混種犬,1,M,MEDIUM,黃色,ADULT,F,https://www.pet.gov.tw/upload/pic/1689919746128.png,高榮里快速路五段８２５巷,2025-10-15,桃園市新屋區永興里3鄰藻礁路1668號,(03)4861760
408757,雲林縣流浪動物收容所,雲林縣流浪動物收容所,比特犬,0,M,BIG,棕色,ADULT,T,https://www.pet.gov.tw/upload/pic/1749437476423.png,北港鎮府番里,2025-06-13,雲林縣斗六市雲林路二段517號,(05)5523300
425814,桃園市動物保護教育園區,桃園市動物保護教育園區,混種犬,1,F,BIG,虎斑色,ADULT,N,https://www.pet.gov.tw/upload/pic/1760412339015.png,頭洲里福州三街,2025-10-14,桃園市新屋區永興里3鄰藻礁路1668號,(03)4861760
425740,宜蘭縣流浪動物中途之家,宜蘭縣流浪動物中途之家,混種犬,1,M,BIG,虎斑色,ADULT,N,https://www.pet.gov.tw/upload/pic/1760347277474.png,大里路,2025-10-13,宜蘭縣五結鄉成興村利寶路60號,(03)9602350620
425692,金門縣動物收容中心,金門縣動物收容中心,混種犬,1,M,MEDIUM,黑色,ADULT,F,https://www.pet.gov.tw/upload/pic/1760336809154.png,復國墩,2025-10-31,金門縣金湖鎮裕民農莊20號,(082)336625
425663,新竹市動物保護教育園區,新竹市動物保護教育園區,混種犬,1,M,MEDIUM,灰色,ADULT,T,https://www.pet.gov.tw/upload/pic/1760319153135.png,延平路二段,2025-10-20,新竹市南寮里海濱路250號,(03)5368329
31680,臺北市動物之家,臺北市動物之家,混種犬,1,M,SMALL,黑白色,CHILD,T,https://www.pet.gov.tw/upload/pic/26011_106091106_5.jpg,忠孝東路7段,2018-03-18,臺北市內湖區安美街191號,(02)87913254
31614,臺北市動物之家,臺北市動物之家,混種犬,1,F,MEDIUM,黑色,ADULT,T,https://www.pet.gov.tw/upload/pic/a07fa86f-7498-499c-b7cd-98230f352945.jpg,新光路2段,2021-04-11,臺北市內湖區安美街191號,(02)87913254
31570,臺北市動物之家,臺北市動物之家,混種犬,1,M,BIG,虎斑色,ADULT,T,https://www.pet.gov.tw/upload/pic/12ceb39c-f6aa-4456-82ab-62c410b62681.jpg,民生東路5段,2021-04-11,臺北市內湖區安美街191號,(02)87913254
59971,臺北市動物之家,臺北市動物之家,其他,0,F,MEDIUM,棕色,ADULT,T,https://www.pet.gov.tw/upload/pic/e64c8102-7d7a-4348-a58c-bfb56484d6d5.jpg,動物之家,2021-03-25,臺北市內湖區安美街191號,(02)87913254
31765,臺北市動物之家,臺北市動物之家,混種犬,1,F,MEDIUM,虎斑色,CHILD,T,https://www.pet.gov.tw/upload/pic/9d942f16-9d25-49d6-b62d-78e8b4f0995f.jpg,民眾不擬續養,2021-04-10,臺北市內湖區安美街191號,(02)87913254
31342,臺北市動物之家,臺北市動物之家,混種犬,1,M,SMALL,黑色,CHILD,T,https://www.pet.gov.tw/upload/pic/19693_105031902_1.jpg,重慶北路4段,2021-04-10,臺北市內湖區安美街191號,(02)87913254
216012,臺北市動物之家,臺北市動物之家,混種犬,1,F,MEDIUM,黑棕色,ADULT,T,https://www.pet.gov.tw/upload/pic/1671599836161.png,建明里   市民大道一段,2021-08-07,臺北市內湖區安美街191號,(02)87913254
420212,新北市中和區公立動物之家,新北市中和區公立動物之家,混種犬,1,M,MEDIUM,白色,CHILD,T,https://www.pet.gov.tw/upload/pic/1756446044223.png,淡水區,2025-10-11,新北市中和區興南路三段100號,(02)86685547
425562,臺南市動物之家善化站,臺南市動物之家善化站,混種犬,1,M,MEDIUM,黑白色,ADULT,F,https://www.pet.gov.tw/upload/pic/1759999337098.png,,,臺南市善化區昌隆里東勢寮1~19號,(06)5832399
415055,新北市五股區公立動物之家,新北市五股區公立動物之家,混種犬,1,M,MEDIUM,黃白色,ADULT,F,https://www.pet.gov.tw/upload/pic/1753091028855.png,五股區五股永安大橋,,新北市五股區外寮路9-9號,(02)82925265
361132,宜蘭縣流浪動物中途之家,宜蘭縣流浪動物中途之家,混種犬,1,F,BIG,黑色,ADULT,T,https://www.pet.gov.tw/upload/pic/1717663957105.png,武暖路,2024-06-06,宜蘭縣五結鄉成興村利寶路60號,(03)9602350620
370051,宜蘭縣流浪動物中途之家,宜蘭縣流浪動物中途之家,混種犬,1,F,MEDIUM,黑白色,CHILD,F,https://www.pet.gov.tw/upload/pic/1723624259320.png,順安國小,2024-08-14,宜蘭縣五結鄉成興村利寶路60號,(03)9602350620
362761,宜蘭縣流浪動物中途之家,宜蘭縣流浪動物中途之家,混種犬,1,M,MEDIUM,黑色,ADULT,F,https://www.pet.gov.tw/upload/pic/1718787500749.png,建蘭北路,2024-06-19,宜蘭縣五結鄉成興村利寶路60號,(03)9602350620
377989,宜蘭縣流浪動物中途之家,宜蘭縣流浪動物中途之家,混種犬,1,M,BIG,黃色,ADULT,F,https://www.pet.gov.tw/upload/pic/1728984541584.png,協天路,2024-10-15,宜蘭縣五結鄉成興村利寶路60號,(03)9602350620
366268,宜蘭縣流浪動物中途之家,宜蘭縣流浪動物中途之家,混種犬,1,F,BIG,黃色,ADULT,T,https://www.pet.gov.tw/upload/pic/1721100012138.png,三吉中路,2024-07-16,宜蘭縣五結鄉成興村利寶路60號,(03)9602350620
405918,宜蘭縣流浪動物中途之家,宜蘭縣流浪動物中途之家,混種犬,1,M,MEDIUM,虎斑色,ADULT,N,https://www.pet.gov.tw/upload/pic/1747374690446.png,西安街,2025-05-16,宜蘭縣五結鄉成興村利寶路60號,(03)9602350620
405916,宜蘭縣流浪動物中途之家,宜蘭縣流浪動物中途之家,混種犬,1,F,BIG,虎斑色,ADULT,N,https://www.pet.gov.tw/upload/pic/1747374635743.png,西安街,2025-05-16,宜蘭縣五結鄉成興村利寶路60號,(03)9602350620
422112,澎湖縣流浪動物收容中心,澎湖縣流浪動物收容中心,混種犬,1,M,BIG,黑色,ADULT,T,https://www.pet.gov.tw/upload/pic/1757819881464.png,,2025-09-26,澎湖縣馬公市烏崁里260、261號,(06)9213559
425081,新北市新店區公立動物之家,新北市新店區公立動物之家,混種犬,1,F,MEDIUM,棕色,ADULT,N,https://www.pet.gov.tw/upload/pic/1759812027828.png,新店區民族路,,新北市新店區安泰路235號,(02)22159462
204885,臺北市動物之家,臺北市動物之家,混種犬,1,M,MEDIUM,黑色,ADULT,T,https://www.pet.gov.tw/upload/pic/1674175912262.png,道南橋下,2021-06-14,臺北市內湖區安美街191號,(02)87913254
425075,臺北市動物之家,臺北市動物之家,混種犬,1,M,MEDIUM,白色,CHILD,T,https://www.pet.gov.tw/upload/pic/1759807618698.png,,2025-10-07,臺北市內湖區安美街191號,(02)87913254
323450,新北市瑞芳區公立動物之家,新北市瑞芳區公立動物之家,混種犬,1,F,BIG,虎斑色,ADULT,T,https://www.pet.gov.tw/upload/pic/1735543544422.png,嵩陽路,2022-08-11,新北市瑞芳區靜安路四段(106縣道74.5K清潔隊場區內),(02)24063481
323451,新北市瑞芳區公立動物之家,新北市瑞芳區公立動物之家,混種犬,1,F,MEDIUM,虎斑色,ADULT,T,https://www.pet.gov.tw/upload/pic/1735543401392.png,嵩陽路,2022-09-02,新北市瑞芳區靜安路四段(106縣道74.5K清潔隊場區內),(02)24063481
424767,新北市新店區公立動物之家,新北市新店區公立動物之家,臘腸犬,0,F,SMALL,黑黃色,ADULT,T,https://www.pet.gov.tw/upload/pic/1759388237639.png,汐止區汐萬路三段,,新北市新店區安泰路235號,(02)22159462
35406,新北市板橋區公立動物之家,新北市板橋區公立動物之家,混種犬,1,M,MEDIUM,黑色,ADULT,T,https://www.pet.gov.tw/upload/pic/1731394305567.png,建國路一段,2018-01-29,新北市板橋區板城路28-1號,(02)89662158
251093,澎湖縣流浪動物收容中心,澎湖縣流浪動物收容中心,混種犬,1,M,BIG,黑黃色,ADULT,T,https://www.pet.gov.tw/upload/pic/96e7b602-99b8-4eb7-a6f2-4cf348c72433.jpg,成功村菜園旁,2022-04-25,澎湖縣馬公市烏崁里260、261號,(06)9213559
341059,澎湖縣流浪動物收容中心,澎湖縣流浪動物收容中心,混種犬,1,M,BIG,黑色,ADULT,T,https://www.pet.gov.tw/upload/pic/1727265405875.png,,2024-01-08,澎湖縣馬公市烏崁里260、261號,(06)9213559
396161,新竹市動物保護教育園區,新竹市動物保護教育園區,比特犬,0,F,MEDIUM,黑白色,ADULT,T,https://www.pet.gov.tw/upload/pic/1741056498630.png,埔前路,2025-07-21,新竹市南寮里海濱路250號,(03)5368329
424885,臺南市動物之家善化站,臺南市動物之家善化站,混種犬,1,F,MEDIUM,,ADULT,F,https://www.pet.gov.tw/upload/pic/1759462450578.png,,,臺南市善化區昌隆里東勢寮1~19號,(06)5832399
417746,澎湖縣流浪動物收容中心,澎湖縣流浪動物收容中心,混種犬,1,M,BIG,黑色,ADULT,T,https://www.pet.gov.tw/upload/pic/1754812291794.png,回收場,2025-08-22,澎湖縣馬公市烏崁里260、261號,(06)9213559
423567,高雄市燕巢動物保護關愛園區,高雄市燕巢動物保護關愛園區,混種犬,1,F,BIG,白色,ADULT,N,https://www.pet.gov.tw/upload/pic/1758610802888.png,內寮,2025-09-23,高雄市燕巢區師大路98號,(07)6051002
424834,高雄市燕巢動物保護關愛園區,高雄市燕巢動物保護關愛園區,混種犬,1,F,MEDIUM,黑色,CHILD,N,https://www.pet.gov.tw/upload/pic/1759450927319.png,朝天宮,2025-10-03,高雄市燕巢區師大路98號,(07)6051002
424830,高雄市燕巢動物保護關愛園區,高雄市燕巢動物保護關愛園區,混種犬,1,M,BIG,虎斑色,ADULT,N,https://www.pet.gov.tw/upload/pic/1759450575245.png,崑山路,2025-10-03,高雄市燕巢區師大路98號,(07)6051002
421825,高雄市燕巢動物保護關愛園區,高雄市燕巢動物保護關愛園區,混種犬,1,M,BIG,虎斑色,ADULT,F,https://www.pet.gov.tw/upload/pic/1757557225535.png,崑山路,2025-09-11,高雄市燕巢區師大路98號,(07)6051002
268424,新北市五股區公立動物之家,新北市五股區公立動物之家,混種犬,1,M,MEDIUM,黃色,ADULT,T,https://www.pet.gov.tw/upload/pic/1718430753504.png,北投區尊賢街,2022-08-05,新北市五股區外寮路9-9號,(02)82925265
422323,新北市五股區公立動物之家,新北市五股區公立動物之家,混種犬,1,M,MEDIUM,黑色,CHILD,T,https://www.pet.gov.tw/upload/pic/1757904446784.png,五股區民義路,2025-09-25,新北市五股區外寮路9-9號,(02)82925265
415183,彰化縣流浪狗中途之家,彰化縣流浪狗中途之家,混種犬,1,F,MEDIUM,黑色,ADULT,T,https://www.pet.gov.tw/upload/pic/1753169163652.png,源泉路二段48號旁巷子內果園,2025-08-04,彰化縣員林市大峰里阿寶巷426號(大門入口請由彰化縣芬園鄉大彰路一段875巷進入走到底),(04)8590638
404017,彰化縣流浪狗中途之家,彰化縣流浪狗中途之家,混種犬,1,F,MEDIUM,黑黃色,ADULT,T,https://www.pet.gov.tw/upload/pic/1746168022527.png,源泉路二段48號旁巷子內果園,2025-05-12,彰化縣員林市大峰里阿寶巷426號(大門入口請由彰化縣芬園鄉大彰路一段875巷進入走到底),(04)8590638
385565,彰化縣流浪狗中途之家,彰化縣流浪狗中途之家,混種犬,1,F,MEDIUM,咖啡色,ADULT,T,https://www.pet.gov.tw/upload/pic/1733467661089.png,源泉路2段48號旁巷子內果園,2024-12-23,彰化縣員林市大峰里阿寶巷426號(大門入口請由彰化縣芬園鄉大彰路一段875巷進入走到底),(04)8590638
403730,彰化縣流浪狗中途之家,彰化縣流浪狗中途之家,混種犬,1,F,MEDIUM,黑白色,ADULT,T,https://www.pet.gov.tw/upload/pic/1746063109891.png,漢崙路77巷8號,2025-05-12,彰化縣員林市大峰里阿寶巷426號(大門入口請由彰化縣芬園鄉大彰路一段875巷進入走到底),(04)8590638
417098,彰化縣流浪狗中途之家,彰化縣流浪狗中途之家,混種犬,1,F,MEDIUM,黃色,ADULT,T,https://www.pet.gov.tw/upload/pic/1754442616185.png,南潭路1巷54號,2025-09-08,彰化縣員林市大峰里阿寶巷426號(大門入口請由彰化縣芬園鄉大彰路一段875巷進入走到底),(04)8590638
412293,彰化縣流浪狗中途之家,彰化縣流浪狗中途之家,混種犬,1,F,SMALL,黑色,CHILD,T,https://www.pet.gov.tw/upload/pic/1751005404304.png,瓦瑤厝巷,2025-09-08,彰化縣員林市大峰里阿寶巷426號(大門入口請由彰化縣芬園鄉大彰路一段875巷進入走到底),(04)8590638
411874,彰化縣流浪狗中途之家,彰化縣流浪狗中途之家,混種犬,1,F,MEDIUM,黑色,ADULT,T,https://www.pet.gov.tw/upload/pic/1750746257001.png,源泉路2段48號巷子內果園,2025-07-02,彰化縣員林市大峰里阿寶巷426號(大門入口請由彰化縣芬園鄉大彰路一段875巷進入走到底),(04)8590638
404020,彰化縣流浪狗中途之家,彰化縣流浪狗中途之家,混種犬,1,M,MEDIUM,黑色,ADULT,T,https://www.pet.gov.tw/upload/pic/1746168100379.png,源泉路二段48號旁巷子內果園,2025-05-12,彰化縣員林市大峰里阿寶巷426號(大門入口請由彰化縣芬園鄉大彰路一段875巷進入走到底),(04)8590638
409548,彰化縣流浪狗中途之家,彰化縣流浪狗中途之家,混種犬,1,M,MEDIUM,黑白色,ADULT,T,https://www.pet.gov.tw/upload/pic/1749796624494.png,源泉路2段48號旁巷子內果園,2025-06-23,彰化縣員林市大峰里阿寶巷426號(大門入口請由彰化縣芬園鄉大彰路一段875巷進入走到底),(04)8590638
409990,彰化縣流浪狗中途之家,彰化縣流浪狗中途之家,混種犬,1,M,MEDIUM,黑色,ADULT,T,https://www.pet.gov.tw/upload/pic/1750206343073.png,源泉路二段48號旁巷子內果園,2025-06-26,彰化縣員林市大峰里阿寶巷426號(大門入口請由彰化縣芬園鄉大彰路一段875巷進入走到底),(04)8590638
414438,彰化縣流浪狗中途之家,彰化縣流浪狗中途之家,混種犬,1,F,MEDIUM,黑色,ADULT,T,https://www.pet.gov.tw/upload/pic/1752643129929.png,東陽路二段,2025-08-04,彰化縣員林市大峰里阿寶巷426號(大門入口請由彰化縣芬園鄉大彰路一段875巷進入走到底),(04)8590638
421914,彰化縣流浪狗中途之家,彰化縣流浪狗中途之家,混種犬,1,F,MEDIUM,黑色,ADULT,F,https://www.pet.gov.tw/upload/pic/1757572842248.png,源泉路二段48號旁巷子內果園,2025-09-22,彰化縣員林市大峰里阿寶巷426號(大門入口請由彰化縣芬園鄉大彰路一段875巷進入走到底),(04)8590638
424744,高雄市燕巢動物保護關愛園區,高雄市燕巢動物保護關愛園區,混種犬,1,M,SMALL,棕色,CHILD,N,https://www.pet.gov.tw/upload/pic/1759386719951.png,洲港路,,高雄市燕巢區師大路98號,(07)6051002
386300,彰化縣流浪狗中途之家,彰化縣流浪狗中途之家,混種犬,1,M,MEDIUM,黃虎斑色,ADULT,T,https://www.pet.gov.tw/upload/pic/1733986890042.png,源泉路二段48號旁巷子內果園,2024-12-23,彰化縣員林市大峰里阿寶巷426號(大門入口請由彰化縣芬園鄉大彰路一段875巷進入走到底),(04)8590638
415463,彰化縣流浪狗中途之家,彰化縣流浪狗中途之家,混種犬,1,M,MEDIUM,虎斑色,ADULT,T,https://www.pet.gov.tw/upload/pic/1753320021695.png,源泉路二段48號旁巷子內果園,2025-08-18,彰化縣員林市大峰里阿寶巷426號(大門入口請由彰化縣芬園鄉大彰路一段875巷進入走到底),(04)8590638
416942,臺中市動物之家南屯園區,臺中市動物之家南屯園區,混種犬,1,M,MEDIUM,黑棕色,CHILD,N,https://www.pet.gov.tw/upload/pic/1754363540000.png,台西南路,2025-10-02,臺中市南屯區中台路601號,(04)23850976
420641,臺中市動物之家南屯園區,臺中市動物之家南屯園區,混種犬,1,F,MEDIUM,咖啡色,ADULT,N,https://www.pet.gov.tw/upload/pic/1756798100466.png,太平一街,2025-10-02,臺中市南屯區中台路601號,(04)23850976
419422,高雄市壽山動物保護教育園區,高雄市壽山動物保護教育園區,混種犬,1,M,BIG,黑色,ADULT,T,https://www.pet.gov.tw/upload/pic/1756107561357.png,八德一路,2025-08-25,高雄市鼓山區萬壽路350號,(07)5519059
424584,高雄市燕巢動物保護關愛園區,高雄市燕巢動物保護關愛園區,混種犬,1,M,BIG,黑色,ADULT,N,https://www.pet.gov.tw/upload/pic/1759302031938.png,花旗二路(馬頭山),2025-10-01,高雄市燕巢區師大路98號,(07)6051002
424581,高雄市燕巢動物保護關愛園區,高雄市燕巢動物保護關愛園區,混種犬,1,M,BIG,花色,ADULT,N,https://www.pet.gov.tw/upload/pic/1759301927582.png,復興路,2025-10-01,高雄市燕巢區師大路98號,(07)6051002
424594,高雄市燕巢動物保護關愛園區,高雄市燕巢動物保護關愛園區,混種犬,1,M,BIG,黑色,ADULT,N,https://www.pet.gov.tw/upload/pic/1759302749081.png,富山巷,2025-10-01,高雄市燕巢區師大路98號,(07)6051002
424044,高雄市燕巢動物保護關愛園區,高雄市燕巢動物保護關愛園區,混種犬,1,M,BIG,棕色,ADULT,F,https://www.pet.gov.tw/upload/pic/1758867837578.png,深中路,2025-09-26,高雄市燕巢區師大路98號,(07)6051002
424050,高雄市燕巢動物保護關愛園區,高雄市燕巢動物保護關愛園區,混種犬,1,M,BIG,黃色,ADULT,F,https://www.pet.gov.tw/upload/pic/1758868117862.png,富山巷,2025-09-26,高雄市燕巢區師大路98號,(07)6051002
424048,高雄市燕巢動物保護關愛園區,高雄市燕巢動物保護關愛園區,混種犬,1,M,BIG,黃色,ADULT,F,https://www.pet.gov.tw/upload/pic/1758868054018.png,岡山路,2025-09-26,高雄市燕巢區師大路98號,(07)6051002
424614,高雄市燕巢動物保護關愛園區,高雄市燕巢動物保護關愛園區,混種犬,1,M,BIG,黑色,ADULT,N,https://www.pet.gov.tw/upload/pic/1759304372490.png,大愛路,2025-10-01,高雄市燕巢區師大路98號,(07)6051002
145463,桃園市動物保護教育園區,桃園市動物保護教育園區,混種犬,1,F,MEDIUM,黑色,ADULT,F,https://www.pet.gov.tw/upload/pic/96671910-3a7f-4f59-8599-2b6bf1e93111.JPG,中埔里正光路,2025-10-01,桃園市新屋區永興里3鄰藻礁路1668號,(03)4861760
424589,新北市新店區公立動物之家,新北市新店區公立動物之家,混種犬,1,M,SMALL,黑色,CHILD,F,https://www.pet.gov.tw/upload/pic/1759302379351.png,深坑區深坑區萬福路,2025-10-01,新北市新店區安泰路235號,(02)22159462
138266,桃園市動物保護教育園區,桃園市動物保護教育園區,混種犬,1,F,MEDIUM,黃色,ADULT,T,https://www.pet.gov.tw/upload/pic/5c5c3df0-668d-48b6-a005-e2e8d14c17f0.JPG,三元里成功路３段,2020-01-08,桃園市新屋區永興里3鄰藻礁路1668號,(03)4861760
424564,高雄市燕巢動物保護關愛園區,高雄市燕巢動物保護關愛園區,混種犬,1,F,BIG,虎斑色,ADULT,N,https://www.pet.gov.tw/upload/pic/1759300234032.png,大勝巷,2025-10-01,高雄市燕巢區師大路98號,(07)6051002
420345,高雄市燕巢動物保護關愛園區,高雄市燕巢動物保護關愛園區,混種犬,1,F,BIG,黃色,ADULT,T,https://www.pet.gov.tw/upload/pic/1756695448959.png,大勝巷,2025-09-01,高雄市燕巢區師大路98號,(07)6051002
423486,高雄市燕巢動物保護關愛園區,高雄市燕巢動物保護關愛園區,混種犬,1,M,MEDIUM,黑色,CHILD,N,https://www.pet.gov.tw/upload/pic/1758594809457.png,新興路,2025-09-23,高雄市燕巢區師大路98號,(07)6051002
423479,高雄市燕巢動物保護關愛園區,高雄市燕巢動物保護關愛園區,混種犬,1,M,SMALL,黑色,CHILD,N,https://www.pet.gov.tw/upload/pic/1758594643630.png,成功街,2025-09-23,高雄市燕巢區師大路98號,(07)6051002
423477,高雄市燕巢動物保護關愛園區,高雄市燕巢動物保護關愛園區,混種犬,1,M,SMALL,黑色,CHILD,N,https://www.pet.gov.tw/upload/pic/1758594546485.png,長壽路&長春四街,2025-09-23,高雄市燕巢區師大路98號,(07)6051002
423474,高雄市燕巢動物保護關愛園區,高雄市燕巢動物保護關愛園區,混種犬,1,M,MEDIUM,黑色,CHILD,N,https://www.pet.gov.tw/upload/pic/1758594474428.png,永華路9巷,2025-09-23,高雄市燕巢區師大路98號,(07)6051002
423472,高雄市燕巢動物保護關愛園區,高雄市燕巢動物保護關愛園區,混種犬,1,F,SMALL,黑色,CHILD,N,https://www.pet.gov.tw/upload/pic/1758594358746.png,保安一巷,2025-09-23,高雄市燕巢區師大路98號,(07)6051002
423466,高雄市燕巢動物保護關愛園區,高雄市燕巢動物保護關愛園區,混種犬,1,M,SMALL,棕色,CHILD,N,https://www.pet.gov.tw/upload/pic/1758593786097.png,121縣道,2025-09-23,高雄市燕巢區師大路98號,(07)6051002
423462,高雄市燕巢動物保護關愛園區,高雄市燕巢動物保護關愛園區,混種犬,1,F,BIG,黑色,CHILD,N,https://www.pet.gov.tw/upload/pic/1758593453303.png,義德街,2025-09-23,高雄市燕巢區師大路98號,(07)6051002
424537,高雄市燕巢動物保護關愛園區,高雄市燕巢動物保護關愛園區,混種犬,1,F,MEDIUM,黃色,CHILD,N,https://www.pet.gov.tw/upload/pic/1759298295824.png,竹門,2025-10-01,高雄市燕巢區師大路98號,(07)6051002
424518,高雄市燕巢動物保護關愛園區,高雄市燕巢動物保護關愛園區,混種犬,1,F,SMALL,黑色,CHILD,N,https://www.pet.gov.tw/upload/pic/1759297288306.png,,2025-10-01,高雄市燕巢區師大路98號,(07)6051002
424517,高雄市燕巢動物保護關愛園區,高雄市燕巢動物保護關愛園區,混種犬,1,F,SMALL,黑色,CHILD,N,https://www.pet.gov.tw/upload/pic/1759297169271.png,新華路,2025-10-01,高雄市燕巢區師大路98號,(07)6051002
424514,高雄市燕巢動物保護關愛園區,高雄市燕巢動物保護關愛園區,混種犬,1,F,SMALL,黑色,CHILD,N,https://www.pet.gov.tw/upload/pic/1759297022702.png,永華路,2025-10-01,高雄市燕巢區師大路98號,(07)6051002
424457,高雄市燕巢動物保護關愛園區,高雄市燕巢動物保護關愛園區,混種犬,1,F,SMALL,黑色,CHILD,N,https://www.pet.gov.tw/upload/pic/1759290927259.png,花旗二路,2025-10-01,高雄市燕巢區師大路98號,(07)6051002
424451,高雄市燕巢動物保護關愛園區,高雄市燕巢動物保護關愛園區,混種犬,1,F,MEDIUM,黃色,CHILD,N,https://www.pet.gov.tw/upload/pic/1759290695541.png,師大路,2025-10-01,高雄市燕巢區師大路98號,(07)6051002
422081,高雄市燕巢動物保護關愛園區,高雄市燕巢動物保護關愛園區,混種犬,1,F,SMALL,黑色,CHILD,F,https://www.pet.gov.tw/upload/pic/1759290475635.png,中路街,2025-09-12,高雄市燕巢區師大路98號,(07)6051002
424443,高雄市燕巢動物保護關愛園區,高雄市燕巢動物保護關愛園區,混種犬,1,F,SMALL,黑色,CHILD,N,https://www.pet.gov.tw/upload/pic/1759289833693.png,永華路,,高雄市燕巢區師大路98號,(07)6051002
421858,高雄市燕巢動物保護關愛園區,高雄市燕巢動物保護關愛園區,混種犬,1,F,MEDIUM,黑色,ADULT,F,https://www.pet.gov.tw/upload/pic/1759290330177.png,海尾路,2025-09-11,高雄市燕巢區師大路98號,(07)6051002
421697,高雄市燕巢動物保護關愛園區,高雄市燕巢動物保護關愛園區,混種犬,1,F,SMALL,黑色,CHILD,F,https://www.pet.gov.tw/upload/pic/1759290167556.png,石斑路,2025-09-10,高雄市燕巢區師大路98號,(07)6051002
420297,高雄市燕巢動物保護關愛園區,高雄市燕巢動物保護關愛園區,混種犬,1,F,MEDIUM,黑色,CHILD,F,https://www.pet.gov.tw/upload/pic/1756622955442.png,石斑路,2025-08-31,高雄市燕巢區師大路98號,(07)6051002
424435,高雄市燕巢動物保護關愛園區,高雄市燕巢動物保護關愛園區,混種犬,1,M,SMALL,黑色,CHILD,N,https://www.pet.gov.tw/upload/pic/1759289713348.png,永華路,,高雄市燕巢區師大路98號,(07)6051002
422042,高雄市燕巢動物保護關愛園區,高雄市燕巢動物保護關愛園區,混種犬,1,F,SMALL,黃色,CHILD,F,https://www.pet.gov.tw/upload/pic/1759289620491.png,光明路,2025-09-12,高雄市燕巢區師大路98號,(07)6051002
423464,高雄市燕巢動物保護關愛園區,高雄市燕巢動物保護關愛園區,混種犬,1,F,MEDIUM,黃色,CHILD,N,https://www.pet.gov.tw/upload/pic/1758593601729.png,公園路,2025-09-23,高雄市燕巢區師大路98號,(07)6051002
424400,高雄市燕巢動物保護關愛園區,高雄市燕巢動物保護關愛園區,混種犬,1,M,BIG,黑色,ADULT,N,https://www.pet.gov.tw/upload/pic/1759284602903.png,師大路,2025-10-01,高雄市燕巢區師大路98號,(07)6051002
417398,高雄市壽山動物保護教育園區,高雄市壽山動物保護教育園區,混種犬,1,M,SMALL,棕色,CHILD,T,https://www.pet.gov.tw/upload/pic/1754547843879.png,後厝路,2025-08-07,高雄市鼓山區萬壽路350號,(07)5519059
424398,高雄市燕巢動物保護關愛園區,高雄市燕巢動物保護關愛園區,混種犬,1,F,BIG,黑色,ADULT,N,https://www.pet.gov.tw/upload/pic/1759284377127.png,花旗二路(馬頭山),2025-10-01,高雄市燕巢區師大路98號,(07)6051002
424397,高雄市燕巢動物保護關愛園區,高雄市燕巢動物保護關愛園區,混種犬,1,F,BIG,黃色,ADULT,N,https://www.pet.gov.tw/upload/pic/1759284295781.png,竹門,2025-10-01,高雄市燕巢區師大路98號,(07)6051002
424394,高雄市燕巢動物保護關愛園區,高雄市燕巢動物保護關愛園區,混種犬,1,F,BIG,黃色,ADULT,N,https://www.pet.gov.tw/upload/pic/1759284190861.png,永新路,2025-10-01,高雄市燕巢區師大路98號,(07)6051002
424391,高雄市燕巢動物保護關愛園區,高雄市燕巢動物保護關愛園區,混種犬,1,F,BIG,黃色,ADULT,N,https://www.pet.gov.tw/upload/pic/1759284008959.png,美興街,2025-10-01,高雄市燕巢區師大路98號,(07)6051002
424389,高雄市燕巢動物保護關愛園區,高雄市燕巢動物保護關愛園區,混種犬,1,M,BIG,黃色,ADULT,N,https://www.pet.gov.tw/upload/pic/1759283611205.png,師大路,2025-10-01,高雄市燕巢區師大路98號,(07)6051002
415328,高雄市燕巢動物保護關愛園區,高雄市燕巢動物保護關愛園區,混種犬,1,F,MEDIUM,黃色,CHILD,F,https://www.pet.gov.tw/upload/pic/1753251064180.png,燕巢區橫山里大占巷,2025-07-23,高雄市燕巢區師大路98號,(07)6051002
420430,高雄市燕巢動物保護關愛園區,高雄市燕巢動物保護關愛園區,混種犬,1,M,BIG,黃色,ADULT,N,https://www.pet.gov.tw/upload/pic/1756711624862.png,師大路,2025-09-01,高雄市燕巢區師大路98號,(07)6051002
422105,高雄市燕巢動物保護關愛園區,高雄市燕巢動物保護關愛園區,混種犬,1,F,BIG,黃色,ADULT,T,https://www.pet.gov.tw/upload/pic/1758097645630.png,旗甲路二段,2025-09-12,高雄市燕巢區師大路98號,(07)6051002
424174,高雄市燕巢動物保護關愛園區,高雄市燕巢動物保護關愛園區,混種犬,1,F,BIG,黃色,ADULT,F,https://www.pet.gov.tw/upload/pic/1759193064253.png,漁港路,2025-09-30,高雄市燕巢區師大路98號,(07)6051002
424176,高雄市燕巢動物保護關愛園區,高雄市燕巢動物保護關愛園區,混種犬,1,F,BIG,黑色,ADULT,N,https://www.pet.gov.tw/upload/pic/1759194202829.png,和平路&八德路,2025-09-30,高雄市燕巢區師大路98號,(07)6051002
424301,高雄市燕巢動物保護關愛園區,高雄市燕巢動物保護關愛園區,混種犬,1,M,BIG,黃色,ADULT,N,https://www.pet.gov.tw/upload/pic/1759214627744.png,保安路,2025-09-30,高雄市燕巢區師大路98號,(07)6051002
424300,高雄市燕巢動物保護關愛園區,高雄市燕巢動物保護關愛園區,混種犬,1,M,BIG,黃色,ADULT,N,https://www.pet.gov.tw/upload/pic/1759214188774.png,信義路,2025-09-30,高雄市燕巢區師大路98號,(07)6051002
424302,高雄市燕巢動物保護關愛園區,高雄市燕巢動物保護關愛園區,混種犬,1,F,BIG,黃色,ADULT,N,https://www.pet.gov.tw/upload/pic/1759214754773.png,臥牛巷,2025-09-30,高雄市燕巢區師大路98號,(07)6051002
424304,高雄市燕巢動物保護關愛園區,高雄市燕巢動物保護關愛園區,混種犬,1,F,BIG,黃色,ADULT,N,https://www.pet.gov.tw/upload/pic/1759214930299.png,復興巷,2025-09-30,高雄市燕巢區師大路98號,(07)6051002
424303,高雄市燕巢動物保護關愛園區,高雄市燕巢動物保護關愛園區,混種犬,1,M,BIG,黑色,ADULT,N,https://www.pet.gov.tw/upload/pic/1759214858543.png,安招路,2025-09-30,高雄市燕巢區師大路98號,(07)6051002
270190,高雄市燕巢動物保護關愛園區,高雄市燕巢動物保護關愛園區,混種犬,1,F,BIG,黑色,ADULT,F,https://www.pet.gov.tw/upload/pic/1758599206577.png,鹿埔路,2022-08-01,高雄市燕巢區師大路98號,(07)6051002
424298,高雄市燕巢動物保護關愛園區,高雄市燕巢動物保護關愛園區,混種犬,1,F,BIG,黑色,ADULT,N,https://www.pet.gov.tw/upload/pic/1759214090398.png,大光巷,2025-09-30,高雄市燕巢區師大路98號,(07)6051002
424297,高雄市燕巢動物保護關愛園區,高雄市燕巢動物保護關愛園區,混種犬,1,F,BIG,黑色,ADULT,N,https://www.pet.gov.tw/upload/pic/1759213949069.png,新庄路,2025-09-30,高雄市燕巢區師大路98號,(07)6051002
191922,桃園市動物保護教育園區,桃園市動物保護教育園區,比特犬,0,F,MEDIUM,虎斑色,ADULT,F,https://www.pet.gov.tw/upload/pic/21dabcae-e0ec-4cee-a3ef-c454a38b6266.jpg,中豐路高平段,2021-12-16,桃園市新屋區永興里3鄰藻礁路1668號,(03)4861760
424293,高雄市燕巢動物保護關愛園區,高雄市燕巢動物保護關愛園區,混種犬,1,M,BIG,白色,ADULT,N,https://www.pet.gov.tw/upload/pic/1759213713222.png,永華路9巷,2025-09-30,高雄市燕巢區師大路98號,(07)6051002
424285,高雄市燕巢動物保護關愛園區,高雄市燕巢動物保護關愛園區,混種犬,1,F,BIG,黑色,ADULT,N,https://www.pet.gov.tw/upload/pic/1759212691174.png,保寧路,2025-09-30,高雄市燕巢區師大路98號,(07)6051002
424224,高雄市燕巢動物保護關愛園區,高雄市燕巢動物保護關愛園區,混種犬,1,M,BIG,黑色,ADULT,N,https://www.pet.gov.tw/upload/pic/1759201724148.png,港後,2025-09-30,高雄市燕巢區師大路98號,(07)6051002
421702,臺中市動物之家后里園區,臺中市動物之家后里園區,混種犬,1,F,BIG,棕白色,ADULT,T,https://www.pet.gov.tw/upload/pic/1759199025039.png,五常路188巷2號,2025-09-30,臺中市后里區堤防路370號,(04)25588024
147687,新北市中和區公立動物之家,新北市中和區公立動物之家,混種犬,1,F,MEDIUM,虎斑色,ADULT,T,https://www.pet.gov.tw/upload/pic/9fb32ab1-0519-4222-abdb-90d6aeb26aa8.JPG,圓通路367巷,2020-03-15,新北市中和區興南路三段100號,(02)86685547
424170,高雄市燕巢動物保護關愛園區,高雄市燕巢動物保護關愛園區,混種犬,1,F,BIG,黃色,CHILD,N,https://www.pet.gov.tw/upload/pic/1759192706160.png,師大路,2025-09-30,高雄市燕巢區師大路98號,(07)6051002
423549,高雄市燕巢動物保護關愛園區,高雄市燕巢動物保護關愛園區,混種犬,1,F,BIG,白色,ADULT,F,https://www.pet.gov.tw/upload/pic/1758609628033.png,保安路,2025-09-23,高雄市燕巢區師大路98號,(07)6051002
423489,高雄市燕巢動物保護關愛園區,高雄市燕巢動物保護關愛園區,混種犬,1,M,SMALL,黑色,CHILD,N,https://www.pet.gov.tw/upload/pic/1758594881560.png,洲港路,2025-09-23,高雄市燕巢區師大路98號,(07)6051002
423468,高雄市燕巢動物保護關愛園區,高雄市燕巢動物保護關愛園區,混種犬,1,M,MEDIUM,黑色,CHILD,N,https://www.pet.gov.tw/upload/pic/1758594105508.png,花旗路(馬頭山),2025-09-23,高雄市燕巢區師大路98號,(07)6051002
423467,高雄市燕巢動物保護關愛園區,高雄市燕巢動物保護關愛園區,混種犬,1,F,MEDIUM,虎斑色,CHILD,N,https://www.pet.gov.tw/upload/pic/1758593871544.png,光明十巷,2025-09-23,高雄市燕巢區師大路98號,(07)6051002
422760,高雄市燕巢動物保護關愛園區,高雄市燕巢動物保護關愛園區,混種犬,1,F,BIG,黑色,ADULT,N,https://www.pet.gov.tw/upload/pic/1758078838257.png,新港橋,2025-09-17,高雄市燕巢區師大路98號,(07)6051002
421985,高雄市燕巢動物保護關愛園區,高雄市燕巢動物保護關愛園區,混種犬,1,M,BIG,黑色,ADULT,N,https://www.pet.gov.tw/upload/pic/1757639176325.png,興達路,2025-09-12,高雄市燕巢區師大路98號,(07)6051002
421340,高雄市燕巢動物保護關愛園區,高雄市燕巢動物保護關愛園區,混種犬,1,F,BIG,灰色,ADULT,N,https://www.pet.gov.tw/upload/pic/1757302152962.png,龍肚街,2025-08-01,高雄市燕巢區師大路98號,(07)6051002
421159,高雄市燕巢動物保護關愛園區,高雄市燕巢動物保護關愛園區,混種犬,1,F,BIG,黑色,ADULT,N,https://www.pet.gov.tw/upload/pic/1757064446400.png,文和巷,2025-09-05,高雄市燕巢區師大路98號,(07)6051002
421158,高雄市燕巢動物保護關愛園區,高雄市燕巢動物保護關愛園區,混種犬,1,F,BIG,黃色,ADULT,N,https://www.pet.gov.tw/upload/pic/1757063998011.png,中正路二段,2025-09-05,高雄市燕巢區師大路98號,(07)6051002
421157,高雄市燕巢動物保護關愛園區,高雄市燕巢動物保護關愛園區,混種犬,1,F,BIG,黃色,ADULT,N,https://www.pet.gov.tw/upload/pic/1757063784580.png,鹽埕大路,2025-09-05,高雄市燕巢區師大路98號,(07)6051002
409935,高雄市燕巢動物保護關愛園區,高雄市燕巢動物保護關愛園區,混種犬,1,F,MEDIUM,黃色,CHILD,N,https://www.pet.gov.tw/upload/pic/1750143173262.png,大公路,2025-06-17,高雄市燕巢區師大路98號,(07)6051002
398537,高雄市燕巢動物保護關愛園區,高雄市燕巢動物保護關愛園區,混種犬,1,F,BIG,黃色,ADULT,N,https://www.pet.gov.tw/upload/pic/1742454108919.png,中正路二段,2025-03-20,高雄市燕巢區師大路98號,(07)6051002
390541,高雄市燕巢動物保護關愛園區,高雄市燕巢動物保護關愛園區,混種犬,1,F,BIG,黃色,ADULT,F,https://www.pet.gov.tw/upload/pic/1756796752388.png,中正路二段,2025-01-16,高雄市燕巢區師大路98號,(07)6051002
159157,新北市中和區公立動物之家,新北市中和區公立動物之家,混種犬,1,F,MEDIUM,黑色,ADULT,T,https://www.pet.gov.tw/upload/pic/1736567987716.png,永豐路,2020-05-09,新北市中和區興南路三段100號,(02)86685547
120371,新北市中和區公立動物之家,新北市中和區公立動物之家,混種犬,1,F,MEDIUM,黑色,ADULT,T,https://www.pet.gov.tw/upload/pic/1736317014620.png,土城區南天母路135巷,2019-09-19,新北市中和區興南路三段100號,(02)86685547
91200,新北市中和區公立動物之家,新北市中和區公立動物之家,混種犬,1,M,MEDIUM,黑黃色,ADULT,T,https://www.pet.gov.tw/upload/pic/1735614885594.png,永和區仁愛路(仁愛公園),2019-04-06,新北市中和區興南路三段100號,(02)86685547
84333,新北市中和區公立動物之家,新北市中和區公立動物之家,混種犬,1,F,MEDIUM,黑色,ADULT,T,https://www.pet.gov.tw/upload/pic/1755759051852.png,中和區,2019-02-16,新北市中和區興南路三段100號,(02)86685547
54603,新北市中和區公立動物之家,新北市中和區公立動物之家,混種犬,1,F,MEDIUM,虎斑色,ADULT,T,https://www.pet.gov.tw/upload/pic/1755758538365.png,中和區,2018-06-30,新北市中和區興南路三段100號,(02)86685547
45870,新北市中和區公立動物之家,新北市中和區公立動物之家,混種犬,1,M,MEDIUM,黑黃色,ADULT,T,https://www.pet.gov.tw/upload/pic/96cf9cd9-0433-456d-81a8-f95292ec0512.jpg,莒光路口,2018-04-20,新北市中和區興南路三段100號,(02)86685547
44460,新北市中和區公立動物之家,新北市中和區公立動物之家,混種犬,1,F,MEDIUM,黃色,ADULT,T,https://www.pet.gov.tw/upload/pic/1736316881953.png,小坪頂,2018-04-18,新北市中和區興南路三段100號,(02)86685547
35744,新北市中和區公立動物之家,新北市中和區公立動物之家,混種犬,1,F,MEDIUM,虎斑色,ADULT,T,https://www.pet.gov.tw/upload/pic/1694573011941.png,龍泉路75-1號,2021-09-11,新北市中和區興南路三段100號,(02)86685547
35739,新北市中和區公立動物之家,新北市中和區公立動物之家,混種犬,1,F,MEDIUM,黑色,ADULT,T,https://www.pet.gov.tw/upload/pic/1736565333783.png,興南路三段52巷,2021-09-11,新北市中和區興南路三段100號,(02)86685547
35735,新北市中和區公立動物之家,新北市中和區公立動物之家,混種犬,1,M,MEDIUM,黑黃色,ADULT,T,https://www.pet.gov.tw/upload/pic/1694868986495.png,永和街80號,2021-09-11,新北市中和區興南路三段100號,(02)86685547
422316,新北市五股區公立動物之家,新北市五股區公立動物之家,混種犬,1,M,MEDIUM,黑色,CHILD,T,https://www.pet.gov.tw/upload/pic/1758958161791.png,五股區孝義路,2025-09-25,新北市五股區外寮路9-9號,(02)82925265
35736,新北市中和區公立動物之家,新北市中和區公立動物之家,混種犬,1,F,MEDIUM,黑虎斑色,ADULT,T,https://www.pet.gov.tw/upload/pic/1695189251653.png,永和街80號,2021-09-11,新北市中和區興南路三段100號,(02)86685547
350007,臺北市動物之家,臺北市動物之家,混種犬,1,M,MEDIUM,黑色,ADULT,T,https://www.pet.gov.tw/upload/pic/1710384601104.png,糖廍里 大理街１５９巷,2024-04-07,臺北市內湖區安美街191號,(02)87913254
212074,臺北市動物之家,臺北市動物之家,混種犬,1,F,MEDIUM,棕色,ADULT,T,https://www.pet.gov.tw/upload/pic/1671598227438.png,樂群二路,2021-08-02,臺北市內湖區安美街191號,(02)87913254
263901,臺北市動物之家,臺北市動物之家,混種犬,1,M,MEDIUM,黑色,ADULT,T,https://www.pet.gov.tw/upload/pic/fad908c8-4b0a-4874-b813-0c9505fbe5c4.jpg,文山隧道,2022-07-13,臺北市內湖區安美街191號,(02)87913254
31498,臺北市動物之家,臺北市動物之家,混種犬,1,M,MEDIUM,黑色,CHILD,T,https://www.pet.gov.tw/upload/pic/22966_106020502_1.jpg,北安路大直派出所,2017-04-17,臺北市內湖區安美街191號,(02)87913254
35710,新北市中和區公立動物之家,新北市中和區公立動物之家,混種犬,1,F,MEDIUM,虎斑色,ADULT,T,https://www.pet.gov.tw/upload/pic/1755756297794.png,興南路3段99之11號,2017-03-28,新北市中和區興南路三段100號,(02)86685547
226956,臺北市動物之家,臺北市動物之家,混種犬,1,M,SMALL,黑色,CHILD,T,https://www.pet.gov.tw/upload/pic/1671599607557.png,稻香路過國華高爾夫球場,2022-01-14,臺北市內湖區安美街191號,(02)87913254
35705,新北市中和區公立動物之家,新北市中和區公立動物之家,混種犬,1,M,MEDIUM,黃白色,ADULT,T,https://www.pet.gov.tw/upload/pic/1735614794675.png,嘉寶里,2017-03-23,新北市中和區興南路三段100號,(02)86685547
328516,臺北市動物之家,臺北市動物之家,混種犬,1,M,MEDIUM,棕色,ADULT,T,https://www.pet.gov.tw/upload/pic/1696406407756.png,,2023-11-12,臺北市內湖區安美街191號,(02)87913254
191165,臺北市動物之家,臺北市動物之家,混種犬,1,F,MEDIUM,黑色,ADULT,T,https://www.pet.gov.tw/upload/pic/1671600002362.png,延平北路7段46巷,2021-03-26,臺北市內湖區安美街191號,(02)87913254
388626,臺北市動物之家,臺北市動物之家,混種犬,1,F,MEDIUM,黃色,ADULT,T,https://www.pet.gov.tw/upload/pic/1735799321089.png,芝山岩 國家二級生態古蹟(芝山公園正門牌周遭),2025-01-10,臺北市內湖區安美街191號,(02)87913254
31312,臺北市動物之家,臺北市動物之家,混種犬,1,F,MEDIUM,黑色,CHILD,T,https://www.pet.gov.tw/upload/pic/51249d5f-76bb-49d1-9eed-bd949507d654.jpg,桂林路,2016-01-25,臺北市內湖區安美街191號,(02)87913254
35267,新北市新店區公立動物之家,新北市新店區公立動物之家,混種犬,1,M,MEDIUM,黑色,ADULT,T,https://www.pet.gov.tw/upload/pic/cebc4bca-240b-499c-9255-941ced4ecff7.jpg,坪頂里,2018-01-24,新北市新店區安泰路235號,(02)22159462
424133,新北市中和區公立動物之家,新北市中和區公立動物之家,混種犬,1,M,MEDIUM,黑色,CHILD,T,https://www.pet.gov.tw/upload/pic/1758941959230.png,新店區,2025-09-27,新北市中和區興南路三段100號,(02)86685547
183462,新北市八里區公立動物之家,新北市八里區公立動物之家,混種犬,1,M,MEDIUM,黑色,ADULT,T,https://www.pet.gov.tw/upload/pic/1752117790250.png,明志路二段,2020-11-16,新北市八里區長坑里6鄰長坑道路36號,(02)26194428
177246,新北市八里區公立動物之家,新北市八里區公立動物之家,混種犬,1,M,MEDIUM,虎斑色,ADULT,F,https://www.pet.gov.tw/upload/pic/1752126011448.png,壽山路105號,2020-09-18,新北市八里區長坑里6鄰長坑道路36號,(02)26194428
424110,臺南市動物之家善化站,臺南市動物之家善化站,混種犬,1,M,MEDIUM,黃色,ADULT,N,https://www.pet.gov.tw/upload/pic/1758876633372.png,,2025-09-26,臺南市善化區昌隆里東勢寮1~19號,(06)5832399
423606,雲林縣流浪動物收容所,雲林縣流浪動物收容所,混種犬,1,F,BIG,黃色,ADULT,T,https://www.pet.gov.tw/upload/pic/1758619911718.png,台西鄉仁愛路,2025-09-26,雲林縣斗六市雲林路二段517號,(05)5523300
423607,雲林縣流浪動物收容所,雲林縣流浪動物收容所,混種犬,1,F,BIG,黑色,ADULT,T,https://www.pet.gov.tw/upload/pic/1758619965158.png,台西鄉仁愛路,2025-09-26,雲林縣斗六市雲林路二段517號,(05)5523300
31669,臺北市動物之家,臺北市動物之家,其他,0,M,MEDIUM,黑白色,ADULT,T,https://www.pet.gov.tw/upload/pic/b14c54e7-f3bc-4526-9cac-5efa7724a2b1.jpg,民眾不擬續養,2017-09-01,臺北市內湖區安美街191號,(02)87913254
424101,高雄市燕巢動物保護關愛園區,高雄市燕巢動物保護關愛園區,混種犬,1,F,BIG,白色,ADULT,N,https://www.pet.gov.tw/upload/pic/1758874227845.png,富山巷,2025-09-26,高雄市燕巢區師大路98號,(07)6051002
424096,高雄市燕巢動物保護關愛園區,高雄市燕巢動物保護關愛園區,混種犬,1,F,BIG,虎斑色,ADULT,N,https://www.pet.gov.tw/upload/pic/1758873782282.png,仁愛路,,高雄市燕巢區師大路98號,(07)6051002
334844,臺北市動物之家,臺北市動物之家,混種犬,1,F,MEDIUM,黑色,ADULT,T,https://www.pet.gov.tw/upload/pic/1700120462373.png,,2023-11-16,臺北市內湖區安美街191號,(02)87913254
226215,臺北市動物之家,臺北市動物之家,混種犬,1,M,MEDIUM,黑白色,ADULT,T,https://www.pet.gov.tw/upload/pic/65d4c0a3-1c7c-473e-8003-eafff14555e8.jpg,臺北市動物之家,2021-10-18,臺北市內湖區安美街191號,(02)87913254
383167,臺北市動物之家,臺北市動物之家,混種犬,1,M,MEDIUM,黑色,ADULT,T,https://www.pet.gov.tw/upload/pic/1732087870235.png,重慶北交流道,2024-11-28,臺北市內湖區安美街191號,(02)87913254
338808,臺北市動物之家,臺北市動物之家,混種犬,1,F,MEDIUM,黑色,ADULT,T,https://www.pet.gov.tw/upload/pic/1758872956777.png,環河北路一段-忠孝橋下,2023-12-21,臺北市內湖區安美街191號,(02)87913254
423189,高雄市壽山動物保護教育園區,高雄市壽山動物保護教育園區,混種犬,1,F,MEDIUM,黃色,ADULT,T,https://www.pet.gov.tw/upload/pic/1758270991604.png,民族路,2025-09-19,高雄市鼓山區萬壽路350號,(07)5519059
163433,臺北市動物之家,臺北市動物之家,混種犬,1,M,MEDIUM,黑黃色,ADULT,T,https://www.pet.gov.tw/upload/pic/e76acbe0-f240-44f2-bcee-614752bafb86.jpg,研究院路1段,2021-04-10,臺北市內湖區安美街191號,(02)87913254
424091,高雄市燕巢動物保護關愛園區,高雄市燕巢動物保護關愛園區,混種犬,1,F,BIG,黑色,ADULT,N,https://www.pet.gov.tw/upload/pic/1758872585044.png,海尾路,2025-09-26,高雄市燕巢區師大路98號,(07)6051002
423183,高雄市壽山動物保護教育園區,高雄市壽山動物保護教育園區,混種犬,1,F,BIG,黑色,ADULT,T,https://www.pet.gov.tw/upload/pic/1758270523000.png,光明路,2025-09-19,高雄市鼓山區萬壽路350號,(07)5519059
31759,臺北市動物之家,臺北市動物之家,混種犬,1,M,MEDIUM,黑色,ADULT,T,https://www.pet.gov.tw/upload/pic/30569_106110910_1.jpg,景興路153巷,2021-04-10,臺北市內湖區安美街191號,(02)87913254
423175,高雄市壽山動物保護教育園區,高雄市壽山動物保護教育園區,混種犬,1,M,BIG,虎斑色,ADULT,T,https://www.pet.gov.tw/upload/pic/1758269257759.png,夢祥巷,2025-09-19,高雄市鼓山區萬壽路350號,(07)5519059
423178,高雄市壽山動物保護教育園區,高雄市壽山動物保護教育園區,混種犬,1,F,BIG,黃色,ADULT,T,https://www.pet.gov.tw/upload/pic/1758270122807.png,夢祥巷,2025-09-19,高雄市鼓山區萬壽路350號,(07)5519059
424085,高雄市燕巢動物保護關愛園區,高雄市燕巢動物保護關愛園區,混種犬,1,F,BIG,花色,ADULT,N,https://www.pet.gov.tw/upload/pic/1758871855134.png,南進巷,2025-09-26,高雄市燕巢區師大路98號,(07)6051002
424084,高雄市燕巢動物保護關愛園區,高雄市燕巢動物保護關愛園區,混種犬,1,F,BIG,虎斑色,ADULT,N,https://www.pet.gov.tw/upload/pic/1758871769243.png,公園路,2025-09-26,高雄市燕巢區師大路98號,(07)6051002
424083,高雄市燕巢動物保護關愛園區,高雄市燕巢動物保護關愛園區,混種犬,1,F,BIG,黑色,ADULT,N,https://www.pet.gov.tw/upload/pic/1758871680053.png,大仁南路,2025-09-26,高雄市燕巢區師大路98號,(07)6051002
424081,高雄市燕巢動物保護關愛園區,高雄市燕巢動物保護關愛園區,混種犬,1,F,BIG,黑色,ADULT,N,https://www.pet.gov.tw/upload/pic/1758871583537.png,漁港路,2025-09-26,高雄市燕巢區師大路98號,(07)6051002
424066,高雄市燕巢動物保護關愛園區,高雄市燕巢動物保護關愛園區,混種犬,1,M,BIG,黃色,ADULT,T,https://www.pet.gov.tw/upload/pic/1758869272016.png,南寮路,2025-09-26,高雄市燕巢區師大路98號,(07)6051002
422121,澎湖縣流浪動物收容中心,澎湖縣流浪動物收容中心,混種犬,1,M,BIG,黑色,ADULT,T,https://www.pet.gov.tw/upload/pic/1757819957205.png,,2025-09-26,澎湖縣馬公市烏崁里260、261號,(06)9213559
293927,澎湖縣流浪動物收容中心,澎湖縣流浪動物收容中心,混種犬,1,F,BIG,黑黃色,ADULT,T,https://www.pet.gov.tw/upload/pic/1678934006185.png,,2023-02-12,澎湖縣馬公市烏崁里260、261號,(06)9213559
204371,新北市瑞芳區公立動物之家,新北市瑞芳區公立動物之家,混種犬,1,F,MEDIUM,黑白色,CHILD,T,https://www.pet.gov.tw/upload/pic/1735633002935.png,海濱金石園,2021-04-28,新北市瑞芳區靜安路四段(106縣道74.5K清潔隊場區內),(02)24063481
328173,高雄市燕巢動物保護關愛園區,高雄市燕巢動物保護關愛園區,混種犬,1,M,BIG,花色,ADULT,T,https://www.pet.gov.tw/upload/pic/1696300720981.png,文進巷,2023-10-02,高雄市燕巢區師大路98號,(07)6051002
332768,高雄市燕巢動物保護關愛園區,高雄市燕巢動物保護關愛園區,混種犬,1,M,BIG,白色,ADULT,T,https://www.pet.gov.tw/upload/pic/1698980025724.png,港九街,2024-06-18,高雄市燕巢區師大路98號,(07)6051002
366650,高雄市燕巢動物保護關愛園區,高雄市燕巢動物保護關愛園區,混種犬,1,M,BIG,白色,ADULT,T,https://www.pet.gov.tw/upload/pic/1721262535309.png,路竹高中,2024-04-25,高雄市燕巢區師大路98號,(07)6051002
422311,新北市五股區公立動物之家,新北市五股區公立動物之家,混種犬,1,F,MEDIUM,黑色,CHILD,T,https://www.pet.gov.tw/upload/pic/1757902673750.png,五股區民義路,2025-09-15,新北市五股區外寮路9-9號,(02)82925265
422322,新北市五股區公立動物之家,新北市五股區公立動物之家,混種犬,1,M,MEDIUM,黑色,CHILD,T,https://www.pet.gov.tw/upload/pic/1757904430142.png,五股區民義路,2025-09-25,新北市五股區外寮路9-9號,(02)82925265
421405,高雄市壽山動物保護教育園區,高雄市壽山動物保護教育園區,混種犬,1,F,BIG,黃色,ADULT,T,https://www.pet.gov.tw/upload/pic/1757312314111.png,菜公路,2025-09-08,高雄市鼓山區萬壽路350號,(07)5519059
76609,新北市新店區公立動物之家,新北市新店區公立動物之家,混種犬,1,F,MEDIUM,黃白色,ADULT,F,https://www.pet.gov.tw/upload/pic/22db9e54-d8b3-4a3c-a7ae-d50c073b6e6b.jpg,新店區平廣路1段88巷7號,2018-12-18,新北市新店區安泰路235號,(02)22159462
72199,新北市新店區公立動物之家,新北市新店區公立動物之家,混種犬,1,M,BIG,黑色,ADULT,T,https://www.pet.gov.tw/upload/pic/1734490442128.png,新店後街,2018-11-16,新北市新店區安泰路235號,(02)22159462
39744,南投縣公立動物收容所,南投縣公立動物收容所,混種犬,1,M,SMALL,黑黃色,,T,https://www.pet.gov.tw/upload/pic/37a18d99-4474-4aaa-b603-8ce89f862a1c.JPG,南投縣名間鄉,2018-03-20,南投縣南投市嶺興路36-1號,(049)2225440
366418,臺北市動物之家,臺北市動物之家,混種犬,1,F,MEDIUM,黑色,ADULT,T,https://www.pet.gov.tw/upload/pic/1721115894955.png,湖田里竹子湖路,2024-08-22,臺北市內湖區安美街191號,(02)87913254
390752,臺北市動物之家,臺北市動物之家,混種犬,1,F,MEDIUM,虎斑色,ADULT,T,https://www.pet.gov.tw/upload/pic/1737094541099.png,莊敬里濱江街,2025-02-12,臺北市內湖區安美街191號,(02)87913254
358100,高雄市壽山動物保護教育園區,高雄市壽山動物保護教育園區,混種犬,1,M,MEDIUM,虎斑色,CHILD,T,https://www.pet.gov.tw/upload/pic/1715819550769.png,崇明街,2024-09-24,高雄市鼓山區萬壽路350號,(07)5519059
390080,高雄市壽山動物保護教育園區,高雄市壽山動物保護教育園區,混種犬,1,F,MEDIUM,虎斑色,CHILD,T,https://www.pet.gov.tw/upload/pic/1737511079520.png,港後,2024-06-27,高雄市鼓山區萬壽路350號,(07)5519059
403952,高雄市壽山動物保護教育園區,高雄市壽山動物保護教育園區,混種犬,1,M,MEDIUM,虎斑色,ADULT,T,https://www.pet.gov.tw/upload/pic/1746152876792.png,鳳林三路,2025-05-02,高雄市鼓山區萬壽路350號,(07)5519059
402336,高雄市壽山動物保護教育園區,高雄市壽山動物保護教育園區,混種犬,1,F,BIG,棕色,ADULT,T,https://www.pet.gov.tw/upload/pic/1745287645095.png,鳳東路,2025-04-22,高雄市鼓山區萬壽路350號,(07)5519059
420990,新北市五股區公立動物之家,新北市五股區公立動物之家,混種犬,1,F,MEDIUM,黃色,ADULT,T,https://www.pet.gov.tw/upload/pic/1757037290357.png,五股區五工二路,2025-09-05,新北市五股區外寮路9-9號,(02)82925265
423667,高雄市壽山動物保護教育園區,高雄市壽山動物保護教育園區,混種犬,1,F,SMALL,黑色,CHILD,T,https://www.pet.gov.tw/upload/pic/1758681938351.png,坔埔路,2025-09-24,高雄市鼓山區萬壽路350號,(07)5519059
423666,高雄市壽山動物保護教育園區,高雄市壽山動物保護教育園區,混種犬,1,F,SMALL,黑色,CHILD,T,https://www.pet.gov.tw/upload/pic/1758681763419.png,龔厝路,2025-09-24,高雄市鼓山區萬壽路350號,(07)5519059
420962,高雄市壽山動物保護教育園區,高雄市壽山動物保護教育園區,混種犬,1,M,SMALL,黑色,CHILD,F,https://www.pet.gov.tw/upload/pic/1756971739412.png,安泰街,2025-09-04,高雄市鼓山區萬壽路350號,(07)5519059
423629,高雄市燕巢動物保護關愛園區,高雄市燕巢動物保護關愛園區,混種犬,1,F,BIG,黑色,ADULT,N,https://www.pet.gov.tw/upload/pic/1758674047432.png,大公路,2025-09-24,高雄市燕巢區師大路98號,(07)6051002
35670,新北市中和區公立動物之家,新北市中和區公立動物之家,混種犬,1,M,MEDIUM,黑色,ADULT,T,https://www.pet.gov.tw/upload/pic/1728126365179.png,,2021-09-11,新北市中和區興南路三段100號,(02)86685547
35665,新北市中和區公立動物之家,新北市中和區公立動物之家,混種犬,1,M,MEDIUM,黑色,ADULT,T,https://www.pet.gov.tw/upload/pic/1693812559739.png,大安路,2021-09-11,新北市中和區興南路三段100號,(02)86685547
35605,新北市中和區公立動物之家,新北市中和區公立動物之家,混種犬,1,F,MEDIUM,米色,ADULT,T,https://www.pet.gov.tw/upload/pic/1758623359551.png,萬壽路1段21巷13之4號,2021-09-11,新北市中和區興南路三段100號,(02)86685547
35543,新北市中和區公立動物之家,新北市中和區公立動物之家,混種犬,1,F,MEDIUM,黑色,ADULT,T,https://www.pet.gov.tw/upload/pic/1693801074778.png,光環路37號,2021-09-11,新北市中和區興南路三段100號,(02)86685547
35585,新北市中和區公立動物之家,新北市中和區公立動物之家,混種犬,1,M,MEDIUM,虎斑色,ADULT,T,https://www.pet.gov.tw/upload/pic/1758622838483.png,永豐路山上,2021-09-11,新北市中和區興南路三段100號,(02)86685547
35657,新北市中和區公立動物之家,新北市中和區公立動物之家,混種犬,1,M,MEDIUM,黑黃色,ADULT,T,https://www.pet.gov.tw/upload/pic/1726476107016.png,中央路三段126巷,2021-09-11,新北市中和區興南路三段100號,(02)86685547
159419,高雄市壽山動物保護教育園區,高雄市壽山動物保護教育園區,混種犬,1,M,BIG,黃色,ADULT,T,https://www.pet.gov.tw/upload/pic/1ffb7187-d3f7-454e-831d-6ecf6d642227.JPG,鳳仁路,2020-05-11,高雄市鼓山區萬壽路350號,(07)5519059
35588,新北市中和區公立動物之家,新北市中和區公立動物之家,混種犬,1,M,MEDIUM,黑色,ADULT,T,https://www.pet.gov.tw/upload/pic/1758622328558.png,忠孝街26巷,2021-09-11,新北市中和區興南路三段100號,(02)86685547
35622,新北市中和區公立動物之家,新北市中和區公立動物之家,混種犬,1,F,MEDIUM,黃色,ADULT,T,https://www.pet.gov.tw/upload/pic/1693810454745.png,興南路三段114號,2021-09-11,新北市中和區興南路三段100號,(02)86685547
334111,高雄市壽山動物保護教育園區,高雄市壽山動物保護教育園區,混種犬,1,M,BIG,黑色,ADULT,T,https://www.pet.gov.tw/upload/pic/1699761058194.png,忠孝街,2023-11-26,高雄市鼓山區萬壽路350號,(07)5519059
400975,高雄市壽山動物保護教育園區,高雄市壽山動物保護教育園區,混種犬,1,F,SMALL,黑色,CHILD,F,https://www.pet.gov.tw/upload/pic/1744253235622.png,屏山巷,2025-04-10,高雄市鼓山區萬壽路350號,(07)5519059
400978,高雄市壽山動物保護教育園區,高雄市壽山動物保護教育園區,混種犬,1,F,SMALL,黑色,CHILD,F,https://www.pet.gov.tw/upload/pic/1744253314173.png,屏山巷,2025-04-10,高雄市鼓山區萬壽路350號,(07)5519059
423597,高雄市燕巢動物保護關愛園區,高雄市燕巢動物保護關愛園區,混種犬,1,F,MEDIUM,虎斑色,CHILD,N,https://www.pet.gov.tw/upload/pic/1758613930765.png,保安路,2025-09-23,高雄市燕巢區師大路98號,(07)6051002
423596,高雄市燕巢動物保護關愛園區,高雄市燕巢動物保護關愛園區,混種犬,1,F,BIG,黑色,ADULT,N,https://www.pet.gov.tw/upload/pic/1758613855022.png,魚塭旁,2025-09-23,高雄市燕巢區師大路98號,(07)6051002
423594,高雄市燕巢動物保護關愛園區,高雄市燕巢動物保護關愛園區,混種犬,1,F,BIG,花色,ADULT,N,https://www.pet.gov.tw/upload/pic/1758613371576.png,保安路,2025-09-23,高雄市燕巢區師大路98號,(07)6051002
423593,高雄市燕巢動物保護關愛園區,高雄市燕巢動物保護關愛園區,混種犬,1,F,BIG,黑色,ADULT,N,https://www.pet.gov.tw/upload/pic/1758613247782.png,石斑路,2025-09-23,高雄市燕巢區師大路98號,(07)6051002
423591,高雄市燕巢動物保護關愛園區,高雄市燕巢動物保護關愛園區,混種犬,1,F,BIG,黃色,ADULT,N,https://www.pet.gov.tw/upload/pic/1758613053489.png,新興路1巷,2025-09-23,高雄市燕巢區師大路98號,(07)6051002
423589,高雄市燕巢動物保護關愛園區,高雄市燕巢動物保護關愛園區,混種犬,1,F,BIG,黃色,ADULT,T,https://www.pet.gov.tw/upload/pic/1758612795735.png,新興路,2025-09-23,高雄市燕巢區師大路98號,(07)6051002
423587,高雄市燕巢動物保護關愛園區,高雄市燕巢動物保護關愛園區,混種犬,1,F,BIG,黃色,ADULT,N,https://www.pet.gov.tw/upload/pic/1758612684612.png,石斑路,2025-09-23,高雄市燕巢區師大路98號,(07)6051002
423586,高雄市燕巢動物保護關愛園區,高雄市燕巢動物保護關愛園區,混種犬,1,F,MEDIUM,黑色,CHILD,N,https://www.pet.gov.tw/upload/pic/1758612571096.png,石斑路,2025-09-23,高雄市燕巢區師大路98號,(07)6051002
423584,高雄市燕巢動物保護關愛園區,高雄市燕巢動物保護關愛園區,混種犬,1,F,BIG,黃色,ADULT,N,https://www.pet.gov.tw/upload/pic/1758612469191.png,石斑路,2025-09-23,高雄市燕巢區師大路98號,(07)6051002
423578,高雄市燕巢動物保護關愛園區,高雄市燕巢動物保護關愛園區,混種犬,1,M,BIG,黑色,ADULT,N,https://www.pet.gov.tw/upload/pic/1758611979699.png,石斑路,2025-09-23,高雄市燕巢區師大路98號,(07)6051002
423579,高雄市燕巢動物保護關愛園區,高雄市燕巢動物保護關愛園區,混種犬,1,F,BIG,黑色,ADULT,N,https://www.pet.gov.tw/upload/pic/1758612086133.png,石斑路,2025-09-23,高雄市燕巢區師大路98號,(07)6051002
423577,高雄市燕巢動物保護關愛園區,高雄市燕巢動物保護關愛園區,混種犬,1,M,BIG,黑色,ADULT,N,https://www.pet.gov.tw/upload/pic/1758611872514.png,石斑路,2025-09-23,高雄市燕巢區師大路98號,(07)6051002
412641,高雄市壽山動物保護教育園區,高雄市壽山動物保護教育園區,混種犬,1,F,SMALL,黃色,CHILD,F,https://www.pet.gov.tw/upload/pic/1751270624214.png,介壽路,2025-06-30,高雄市鼓山區萬壽路350號,(07)5519059
423576,高雄市燕巢動物保護關愛園區,高雄市燕巢動物保護關愛園區,混種犬,1,M,BIG,花色,ADULT,N,https://www.pet.gov.tw/upload/pic/1758611777605.png,石斑路,2025-09-23,高雄市燕巢區師大路98號,(07)6051002
423575,高雄市燕巢動物保護關愛園區,高雄市燕巢動物保護關愛園區,混種犬,1,M,BIG,花色,ADULT,N,https://www.pet.gov.tw/upload/pic/1758611666526.png,中華街,2025-09-23,高雄市燕巢區師大路98號,(07)6051002
423574,高雄市燕巢動物保護關愛園區,高雄市燕巢動物保護關愛園區,混種犬,1,M,BIG,黃色,ADULT,N,https://www.pet.gov.tw/upload/pic/1758611551005.png,復興路,2025-09-23,高雄市燕巢區師大路98號,(07)6051002
392835,高雄市燕巢動物保護關愛園區,高雄市燕巢動物保護關愛園區,混種犬,1,M,BIG,黑色,ADULT,N,https://www.pet.gov.tw/upload/pic/1739157433145.png,太和,2025-02-07,高雄市燕巢區師大路98號,(07)6051002
36332,新北市八里區公立動物之家,新北市八里區公立動物之家,混種犬,1,F,SMALL,黑色,ADULT,T,https://www.pet.gov.tw/upload/pic/1758610603859.png,泰山分駐所,2022-09-29,新北市八里區長坑里6鄰長坑道路36號,(02)26194428
423558,高雄市燕巢動物保護關愛園區,高雄市燕巢動物保護關愛園區,混種犬,1,F,BIG,黑色,ADULT,N,https://www.pet.gov.tw/upload/pic/1758610306595.png,復興路2巷,2025-09-23,高雄市燕巢區師大路98號,(07)6051002
36333,新北市八里區公立動物之家,新北市八里區公立動物之家,混種犬,1,F,MEDIUM,,ADULT,T,https://www.pet.gov.tw/upload/pic/1752133668282.png,麗園一街33巷,2022-09-29,新北市八里區長坑里6鄰長坑道路36號,(02)26194428
423550,高雄市燕巢動物保護關愛園區,高雄市燕巢動物保護關愛園區,混種犬,1,F,BIG,黑色,ADULT,N,https://www.pet.gov.tw/upload/pic/1758609707000.png,永華路(永安專案),2025-09-23,高雄市燕巢區師大路98號,(07)6051002
36342,新北市八里區公立動物之家,新北市八里區公立動物之家,混種犬,1,F,SMALL,黑色,,F,https://www.pet.gov.tw/upload/pic/1758609913844.png,中環路,2019-02-21,新北市八里區長坑里6鄰長坑道路36號,(02)26194428
36349,新北市八里區公立動物之家,新北市八里區公立動物之家,混種犬,1,M,MEDIUM,黑色,ADULT,F,https://www.pet.gov.tw/upload/pic/47ca318c-2c66-4b0f-94b5-f6b3a6d66e24.jpg,民安西路,2018-06-28,新北市八里區長坑里6鄰長坑道路36號,(02)26194428
423522,高雄市燕巢動物保護關愛園區,高雄市燕巢動物保護關愛園區,混種犬,1,M,SMALL,黃色,CHILD,N,https://www.pet.gov.tw/upload/pic/1758597389481.png,中山橫路,2025-09-23,高雄市燕巢區師大路98號,(07)6051002
423521,高雄市燕巢動物保護關愛園區,高雄市燕巢動物保護關愛園區,混種犬,1,F,MEDIUM,黑色,CHILD,N,https://www.pet.gov.tw/upload/pic/1758597308248.png,永華路,2025-09-23,高雄市燕巢區師大路98號,(07)6051002
423502,高雄市燕巢動物保護關愛園區,高雄市燕巢動物保護關愛園區,混種犬,1,F,BIG,黑色,ADULT,N,https://www.pet.gov.tw/upload/pic/1758595346558.png,新庄路,2025-09-23,高雄市燕巢區師大路98號,(07)6051002
423499,高雄市燕巢動物保護關愛園區,高雄市燕巢動物保護關愛園區,混種犬,1,F,MEDIUM,黑色,ADULT,N,https://www.pet.gov.tw/upload/pic/1758595264668.png,永華路,2025-09-23,高雄市燕巢區師大路98號,(07)6051002
423496,高雄市燕巢動物保護關愛園區,高雄市燕巢動物保護關愛園區,混種犬,1,F,MEDIUM,黑色,ADULT,N,https://www.pet.gov.tw/upload/pic/1758595092257.png,義德街,2025-09-23,高雄市燕巢區師大路98號,(07)6051002
423482,高雄市燕巢動物保護關愛園區,高雄市燕巢動物保護關愛園區,混種犬,1,M,SMALL,黑色,CHILD,N,https://www.pet.gov.tw/upload/pic/1758594721768.png,保安一巷,2025-09-23,高雄市燕巢區師大路98號,(07)6051002
423450,高雄市燕巢動物保護關愛園區,高雄市燕巢動物保護關愛園區,混種犬,1,F,SMALL,黃色,CHILD,N,https://www.pet.gov.tw/upload/pic/1758592431856.png,司馬路,2025-09-23,高雄市燕巢區師大路98號,(07)6051002
423447,高雄市燕巢動物保護關愛園區,高雄市燕巢動物保護關愛園區,混種犬,1,F,SMALL,花色,CHILD,N,https://www.pet.gov.tw/upload/pic/1758592124738.png,中華街,2025-09-23,高雄市燕巢區師大路98號,(07)6051002
423446,高雄市燕巢動物保護關愛園區,高雄市燕巢動物保護關愛園區,混種犬,1,F,SMALL,虎斑色,CHILD,N,https://www.pet.gov.tw/upload/pic/1758591969264.png,維新路,2025-09-23,高雄市燕巢區師大路98號,(07)6051002
423445,高雄市燕巢動物保護關愛園區,高雄市燕巢動物保護關愛園區,混種犬,1,F,MEDIUM,黑色,CHILD,N,https://www.pet.gov.tw/upload/pic/1758591885965.png,海尾路,2025-09-23,高雄市燕巢區師大路98號,(07)6051002
423444,高雄市燕巢動物保護關愛園區,高雄市燕巢動物保護關愛園區,混種犬,1,F,MEDIUM,黃色,CHILD,N,https://www.pet.gov.tw/upload/pic/1758591795370.png,新華路,2025-09-23,高雄市燕巢區師大路98號,(07)6051002
423443,高雄市燕巢動物保護關愛園區,高雄市燕巢動物保護關愛園區,混種犬,1,F,MEDIUM,黑色,CHILD,N,https://www.pet.gov.tw/upload/pic/1758591693963.png,花旗路,2025-09-23,高雄市燕巢區師大路98號,(07)6051002
423439,高雄市燕巢動物保護關愛園區,高雄市燕巢動物保護關愛園區,混種犬,1,F,SMALL,黑色,CHILD,N,https://www.pet.gov.tw/upload/pic/1758591379040.png,光和路,2025-09-23,高雄市燕巢區師大路98號,(07)6051002
423438,高雄市燕巢動物保護關愛園區,高雄市燕巢動物保護關愛園區,混種犬,1,F,MEDIUM,黑色,CHILD,N,https://www.pet.gov.tw/upload/pic/1758591115546.png,復興路,2025-09-23,高雄市燕巢區師大路98號,(07)6051002
423435,高雄市燕巢動物保護關愛園區,高雄市燕巢動物保護關愛園區,混種犬,1,F,SMALL,黑色,CHILD,N,https://www.pet.gov.tw/upload/pic/1758590779086.png,長壽路&長春四街,2025-09-23,高雄市燕巢區師大路98號,(07)6051002
423432,高雄市燕巢動物保護關愛園區,高雄市燕巢動物保護關愛園區,混種犬,1,F,MEDIUM,黃色,CHILD,N,https://www.pet.gov.tw/upload/pic/1758590601827.png,永華路,2025-09-23,高雄市燕巢區師大路98號,(07)6051002
423431,高雄市燕巢動物保護關愛園區,高雄市燕巢動物保護關愛園區,混種犬,1,F,MEDIUM,黃色,CHILD,N,https://www.pet.gov.tw/upload/pic/1758590517332.png,大公路,2025-09-23,高雄市燕巢區師大路98號,(07)6051002
423430,高雄市燕巢動物保護關愛園區,高雄市燕巢動物保護關愛園區,混種犬,1,F,MEDIUM,黑色,CHILD,N,https://www.pet.gov.tw/upload/pic/1758590409479.png,柳樹塘,2025-09-23,高雄市燕巢區師大路98號,(07)6051002
423429,高雄市燕巢動物保護關愛園區,高雄市燕巢動物保護關愛園區,混種犬,1,F,MEDIUM,黑色,ADULT,N,https://www.pet.gov.tw/upload/pic/1758590245293.png,花旗路(馬頭山),2025-09-23,高雄市燕巢區師大路98號,(07)6051002
407059,高雄市燕巢動物保護關愛園區,高雄市燕巢動物保護關愛園區,混種犬,1,F,SMALL,黃色,CHILD,N,https://www.pet.gov.tw/upload/pic/1748242796659.png,仁愛街,2025-05-26,高雄市燕巢區師大路98號,(07)6051002
423425,高雄市燕巢動物保護關愛園區,高雄市燕巢動物保護關愛園區,混種犬,1,F,SMALL,黑色,CHILD,N,https://www.pet.gov.tw/upload/pic/1758590007993.png,龍山街,2025-09-23,高雄市燕巢區師大路98號,(07)6051002
422176,高雄市燕巢動物保護關愛園區,高雄市燕巢動物保護關愛園區,混種犬,1,F,BIG,黑色,ADULT,N,https://www.pet.gov.tw/upload/pic/1757658020084.png,港後,2025-09-12,高雄市燕巢區師大路98號,(07)6051002
422180,高雄市燕巢動物保護關愛園區,高雄市燕巢動物保護關愛園區,混種犬,1,F,BIG,黑色,ADULT,N,https://www.pet.gov.tw/upload/pic/1757658497943.png,南寮路,2025-09-12,高雄市燕巢區師大路98號,(07)6051002
422179,高雄市燕巢動物保護關愛園區,高雄市燕巢動物保護關愛園區,混種犬,1,F,BIG,黑色,CHILD,N,https://www.pet.gov.tw/upload/pic/1757658383211.png,安樂宮,2025-09-12,高雄市燕巢區師大路98號,(07)6051002
422177,高雄市燕巢動物保護關愛園區,高雄市燕巢動物保護關愛園區,混種犬,1,F,BIG,黑色,ADULT,N,https://www.pet.gov.tw/upload/pic/1757658125752.png,峰山路,2025-09-12,高雄市燕巢區師大路98號,(07)6051002
422165,高雄市燕巢動物保護關愛園區,高雄市燕巢動物保護關愛園區,混種犬,1,F,BIG,黑色,ADULT,N,https://www.pet.gov.tw/upload/pic/1757905181868.png,和山路,2025-09-12,高雄市燕巢區師大路98號,(07)6051002
422160,高雄市燕巢動物保護關愛園區,高雄市燕巢動物保護關愛園區,混種犬,1,F,BIG,黑色,ADULT,N,https://www.pet.gov.tw/upload/pic/1757655801607.png,鹽埕中路,2025-09-12,高雄市燕巢區師大路98號,(07)6051002
422156,高雄市燕巢動物保護關愛園區,高雄市燕巢動物保護關愛園區,混種犬,1,F,BIG,黃色,ADULT,N,https://www.pet.gov.tw/upload/pic/1757655713554.png,竹寮巷,2025-09-12,高雄市燕巢區師大路98號,(07)6051002
422135,高雄市燕巢動物保護關愛園區,高雄市燕巢動物保護關愛園區,混種犬,1,F,BIG,黑色,CHILD,N,https://www.pet.gov.tw/upload/pic/1757649396333.png,活動中心,2025-09-12,高雄市燕巢區師大路98號,(07)6051002
422128,高雄市燕巢動物保護關愛園區,高雄市燕巢動物保護關愛園區,混種犬,1,F,BIG,白色,ADULT,N,https://www.pet.gov.tw/upload/pic/1757905363054.png,美德街,2025-09-12,高雄市燕巢區師大路98號,(07)6051002
422125,高雄市燕巢動物保護關愛園區,高雄市燕巢動物保護關愛園區,混種犬,1,F,BIG,黃色,ADULT,N,https://www.pet.gov.tw/upload/pic/1757648963454.png,大公路,2025-09-12,高雄市燕巢區師大路98號,(07)6051002
422110,高雄市燕巢動物保護關愛園區,高雄市燕巢動物保護關愛園區,混種犬,1,F,BIG,虎斑色,ADULT,N,https://www.pet.gov.tw/upload/pic/1757648262006.png,紅山巷,2025-09-12,高雄市燕巢區師大路98號,(07)6051002
422106,高雄市燕巢動物保護關愛園區,高雄市燕巢動物保護關愛園區,混種犬,1,F,BIG,黃色,ADULT,N,https://www.pet.gov.tw/upload/pic/1757647950113.png,公園路 馬頭山,2025-09-12,高雄市燕巢區師大路98號,(07)6051002
422103,高雄市燕巢動物保護關愛園區,高雄市燕巢動物保護關愛園區,混種犬,1,F,BIG,黑色,ADULT,N,https://www.pet.gov.tw/upload/pic/1757647758808.png,光和路,2025-09-12,高雄市燕巢區師大路98號,(07)6051002
422102,高雄市燕巢動物保護關愛園區,高雄市燕巢動物保護關愛園區,混種犬,1,F,BIG,黃色,ADULT,N,https://www.pet.gov.tw/upload/pic/1757647680676.png,新興路,2025-09-12,高雄市燕巢區師大路98號,(07)6051002
422100,高雄市燕巢動物保護關愛園區,高雄市燕巢動物保護關愛園區,混種犬,1,F,BIG,黃色,ADULT,N,https://www.pet.gov.tw/upload/pic/1757647630084.png,外安路,2025-09-12,高雄市燕巢區師大路98號,(07)6051002
422097,高雄市燕巢動物保護關愛園區,高雄市燕巢動物保護關愛園區,混種犬,1,F,BIG,黃色,ADULT,N,https://www.pet.gov.tw/upload/pic/1757647503220.png,,2025-09-12,高雄市燕巢區師大路98號,(07)6051002
422093,高雄市燕巢動物保護關愛園區,高雄市燕巢動物保護關愛園區,混種犬,1,F,BIG,黑色,ADULT,N,https://www.pet.gov.tw/upload/pic/1757647269213.png,石斑路,2025-09-12,高雄市燕巢區師大路98號,(07)6051002
422091,高雄市燕巢動物保護關愛園區,高雄市燕巢動物保護關愛園區,混種犬,1,F,BIG,黑色,ADULT,T,https://www.pet.gov.tw/upload/pic/1757646994537.png,復興街,2025-09-12,高雄市燕巢區師大路98號,(07)6051002
422089,高雄市燕巢動物保護關愛園區,高雄市燕巢動物保護關愛園區,混種犬,1,F,BIG,黑色,ADULT,N,https://www.pet.gov.tw/upload/pic/1757646903040.png,情人碼頭,2025-09-12,高雄市燕巢區師大路98號,(07)6051002
422087,高雄市燕巢動物保護關愛園區,高雄市燕巢動物保護關愛園區,混種犬,1,F,BIG,黑色,ADULT,N,https://www.pet.gov.tw/upload/pic/1757646828518.png,中山路,2025-09-12,高雄市燕巢區師大路98號,(07)6051002
422083,高雄市燕巢動物保護關愛園區,高雄市燕巢動物保護關愛園區,混種犬,1,F,BIG,黑色,ADULT,N,https://www.pet.gov.tw/upload/pic/1757646555567.png,復安,2025-09-12,高雄市燕巢區師大路98號,(07)6051002
422021,高雄市燕巢動物保護關愛園區,高雄市燕巢動物保護關愛園區,混種犬,1,F,BIG,黑色,ADULT,N,https://www.pet.gov.tw/upload/pic/1757642474650.png,山下巷,2025-09-12,高雄市燕巢區師大路98號,(07)6051002
422010,高雄市燕巢動物保護關愛園區,高雄市燕巢動物保護關愛園區,混種犬,1,M,BIG,黃色,ADULT,N,https://www.pet.gov.tw/upload/pic/1757641441643.png,大公路,2025-09-12,高雄市燕巢區師大路98號,(07)6051002
421993,高雄市燕巢動物保護關愛園區,高雄市燕巢動物保護關愛園區,混種犬,1,M,BIG,黑色,ADULT,N,https://www.pet.gov.tw/upload/pic/1757639758379.png,大坑巷,2025-09-12,高雄市燕巢區師大路98號,(07)6051002
421831,高雄市燕巢動物保護關愛園區,高雄市燕巢動物保護關愛園區,混種犬,1,M,BIG,黑色,ADULT,N,https://www.pet.gov.tw/upload/pic/1757557499980.png,中正路,2025-09-11,高雄市燕巢區師大路98號,(07)6051002
421821,高雄市燕巢動物保護關愛園區,高雄市燕巢動物保護關愛園區,混種犬,1,M,BIG,黃色,ADULT,N,https://www.pet.gov.tw/upload/pic/1757557020101.png,忠孝路,2025-09-11,高雄市燕巢區師大路98號,(07)6051002
420357,高雄市燕巢動物保護關愛園區,高雄市燕巢動物保護關愛園區,混種犬,1,M,BIG,黃色,ADULT,N,https://www.pet.gov.tw/upload/pic/1756696193069.png,福美路,2025-09-01,高雄市燕巢區師大路98號,(07)6051002
420354,高雄市燕巢動物保護關愛園區,高雄市燕巢動物保護關愛園區,混種犬,1,M,BIG,黃色,ADULT,N,https://www.pet.gov.tw/upload/pic/1756696103753.png,石斑路,2025-09-01,高雄市燕巢區師大路98號,(07)6051002
420349,高雄市燕巢動物保護關愛園區,高雄市燕巢動物保護關愛園區,混種犬,1,M,MEDIUM,黑色,ADULT,N,https://www.pet.gov.tw/upload/pic/1756695875803.png,產業路,2025-09-01,高雄市燕巢區師大路98號,(07)6051002
420347,高雄市燕巢動物保護關愛園區,高雄市燕巢動物保護關愛園區,混種犬,1,M,BIG,花色,ADULT,N,https://www.pet.gov.tw/upload/pic/1756695650013.png,石斑路,2025-09-01,高雄市燕巢區師大路98號,(07)6051002
420317,高雄市燕巢動物保護關愛園區,高雄市燕巢動物保護關愛園區,混種犬,1,M,BIG,黃色,ADULT,F,https://www.pet.gov.tw/upload/pic/1756687372022.png,華正路,,高雄市燕巢區師大路98號,(07)6051002
399864,高雄市燕巢動物保護關愛園區,高雄市燕巢動物保護關愛園區,混種犬,1,F,BIG,虎斑色,ADULT,N,https://www.pet.gov.tw/upload/pic/1743393440326.png,清和街,2025-03-31,高雄市燕巢區師大路98號,(07)6051002
316439,高雄市壽山動物保護教育園區,高雄市壽山動物保護教育園區,比特犬,0,M,BIG,黃色,ADULT,T,https://www.pet.gov.tw/upload/pic/1689124264060.png,建國三路,,高雄市鼓山區萬壽路350號,(07)5519059
396870,高雄市壽山動物保護教育園區,高雄市壽山動物保護教育園區,混種犬,1,M,BIG,黃色,ADULT,T,https://www.pet.gov.tw/upload/pic/1741484275001.png,仁雄路,,高雄市鼓山區萬壽路350號,(07)5519059
423209,新北市中和區公立動物之家,新北市中和區公立動物之家,混種犬,1,M,MEDIUM,黑色,CHILD,T,https://www.pet.gov.tw/upload/pic/1758336660225.png,土城區延吉街,2025-09-20,新北市中和區興南路三段100號,(02)86685547
423173,高雄市壽山動物保護教育園區,高雄市壽山動物保護教育園區,混種犬,1,M,BIG,黑色,ADULT,F,https://www.pet.gov.tw/upload/pic/1758269130042.png,經武路,2025-09-19,高雄市鼓山區萬壽路350號,(07)5519059
423166,高雄市壽山動物保護教育園區,高雄市壽山動物保護教育園區,混種犬,1,F,BIG,黃色,ADULT,T,https://www.pet.gov.tw/upload/pic/1758268391563.png,港源路,2025-09-19,高雄市鼓山區萬壽路350號,(07)5519059
393374,臺北市動物之家,臺北市動物之家,混種犬,1,F,MEDIUM,黑白色,ADULT,T,https://www.pet.gov.tw/upload/pic/1739421349697.png,不擬續養,2025-02-13,臺北市內湖區安美街191號,(02)87913254
423157,高雄市壽山動物保護教育園區,高雄市壽山動物保護教育園區,混種犬,1,M,SMALL,黑色,CHILD,F,https://www.pet.gov.tw/upload/pic/1758266458229.png,石斑路,2025-09-19,高雄市鼓山區萬壽路350號,(07)5519059
423154,高雄市壽山動物保護教育園區,高雄市壽山動物保護教育園區,混種犬,1,F,SMALL,黑色,CHILD,F,https://www.pet.gov.tw/upload/pic/1758266305722.png,大社路,2025-09-19,高雄市鼓山區萬壽路350號,(07)5519059
404281,臺北市動物之家,臺北市動物之家,混種犬,1,M,MEDIUM,黑棕色,ADULT,T,https://www.pet.gov.tw/upload/pic/1746429286961.png,泉源路,2025-07-16,臺北市內湖區安美街191號,(02)87913254
201804,雲林縣流浪動物收容所,雲林縣流浪動物收容所,混種犬,1,M,BIG,黑黃色,ADULT,T,https://www.pet.gov.tw/upload/pic/fa91800d-f7ea-4487-996c-99817b8559d9.jpg,虎尾鎮穎川里,2021-04-09,雲林縣斗六市雲林路二段517號,(05)5523300
95760,雲林縣流浪動物收容所,雲林縣流浪動物收容所,混種犬,1,F,BIG,黑色,,T,https://www.pet.gov.tw/upload/pic/105fd32d-7a51-4ee8-987a-8dd8c678867e.jpg,台西鄉台西地政,2019-04-26,雲林縣斗六市雲林路二段517號,(05)5523300
309019,雲林縣流浪動物收容所,雲林縣流浪動物收容所,混種犬,1,M,BIG,黑色,ADULT,T,https://www.pet.gov.tw/upload/pic/1684493803647.png,虎尾鎮三合里,2023-05-19,雲林縣斗六市雲林路二段517號,(05)5523300
201800,雲林縣流浪動物收容所,雲林縣流浪動物收容所,混種犬,1,M,BIG,黑色,ADULT,T,https://www.pet.gov.tw/upload/pic/749f10ee-7569-4f8a-bacf-f336616df329.jpg,虎尾鎮穎川里,2021-04-09,雲林縣斗六市雲林路二段517號,(05)5523300
236854,雲林縣流浪動物收容所,雲林縣流浪動物收容所,混種犬,1,M,BIG,黑色,ADULT,T,https://www.pet.gov.tw/upload/pic/0f88dd45-6214-4a94-8d79-f2d947775592.jpg,莿桐鄉莿桐村,2021-12-24,雲林縣斗六市雲林路二段517號,(05)5523300
312315,高雄市壽山動物保護教育園區,高雄市壽山動物保護教育園區,比特犬,0,M,BIG,黃色,ADULT,T,https://www.pet.gov.tw/upload/pic/1686533418799.png,同富街,2023-06-12,高雄市鼓山區萬壽路350號,(07)5519059
35652,新北市中和區公立動物之家,新北市中和區公立動物之家,混種犬,1,F,MEDIUM,虎斑色,ADULT,T,https://www.pet.gov.tw/upload/pic/1694573274555.png,民安街123號,2016-04-07,新北市中和區興南路三段100號,(02)86685547
423045,新北市八里區公立動物之家,新北市八里區公立動物之家,混種犬,1,M,MEDIUM,黑色,ADULT,T,https://www.pet.gov.tw/upload/pic/1758179517114.png,新莊區後港一路,2025-09-18,新北市八里區長坑里6鄰長坑道路36號,(02)26194428
35604,新北市中和區公立動物之家,新北市中和區公立動物之家,混種犬,1,F,MEDIUM,黑色,ADULT,T,https://www.pet.gov.tw/upload/pic/1735901523793.png,青山路3巷3號,2021-09-11,新北市中和區興南路三段100號,(02)86685547
392848,新北市新店區公立動物之家,新北市新店區公立動物之家,比特犬,0,M,MEDIUM,灰白色,ADULT,F,https://www.pet.gov.tw/upload/pic/1739158643591.png,,2025-02-10,新北市新店區安泰路235號,(02)22159462
268533,雲林縣流浪動物收容所,雲林縣流浪動物收容所,混種犬,1,F,MEDIUM,黑色,ADULT,F,https://www.pet.gov.tw/upload/pic/c75447f1-3ca0-40d1-a4a1-4c441b6d6c0f.jpg,斗六市久安里,2022-08-05,雲林縣斗六市雲林路二段517號,(05)5523300
46116,雲林縣流浪動物收容所,雲林縣流浪動物收容所,混種犬,1,M,SMALL,白色,,T,https://www.pet.gov.tw/upload/pic/b4b0d4b2-ea5c-4bc8-9f10-baf0fa4c6967.jpg,斗六市大學路,2018-04-20,雲林縣斗六市雲林路二段517號,(05)5523300
397543,雲林縣流浪動物收容所,雲林縣流浪動物收容所,混種犬,1,M,BIG,虎斑色,ADULT,T,https://www.pet.gov.tw/upload/pic/1741825442739.png,西螺鎮河南里,2025-03-07,雲林縣斗六市雲林路二段517號,(05)5523300
271624,雲林縣流浪動物收容所,雲林縣流浪動物收容所,混種犬,1,F,BIG,黑色,ADULT,T,https://www.pet.gov.tw/upload/pic/1e8bd899-76b2-4f0c-919b-d4580b6ac5ec.jpg,西螺鎮廣興路,2022-08-26,雲林縣斗六市雲林路二段517號,(05)5523300
355059,雲林縣流浪動物收容所,雲林縣流浪動物收容所,混種犬,1,M,BIG,虎斑色,ADULT,T,https://www.pet.gov.tw/upload/pic/1713850848935.png,古坑鄉水碓村,2024-04-17,雲林縣斗六市雲林路二段517號,(05)5523300
260349,雲林縣流浪動物收容所,雲林縣流浪動物收容所,混種犬,1,F,BIG,黑黃色,ADULT,T,https://www.pet.gov.tw/upload/pic/0a68308f-8462-4415-a2ce-14c3e659e872.jpg,水林鄉山腳村,2022-06-17,雲林縣斗六市雲林路二段517號,(05)5523300
104759,新北市八里區公立動物之家,新北市八里區公立動物之家,混種犬,1,M,MEDIUM,虎斑色,ADULT,F,https://www.pet.gov.tw/upload/pic/1724922253441.png,新莊區豐年街附近,2022-09-29,新北市八里區長坑里6鄰長坑道路36號,(02)26194428
407055,高雄市燕巢動物保護關愛園區,高雄市燕巢動物保護關愛園區,混種犬,1,F,BIG,黃色,ADULT,F,https://www.pet.gov.tw/upload/pic/1757038072584.png,和平路,2025-05-26,高雄市燕巢區師大路98號,(07)6051002
421619,高雄市燕巢動物保護關愛園區,高雄市燕巢動物保護關愛園區,混種犬,1,F,BIG,棕色,ADULT,F,https://www.pet.gov.tw/upload/pic/1757407937211.png,忠孝路,2025-09-09,高雄市燕巢區師大路98號,(07)6051002
421625,高雄市燕巢動物保護關愛園區,高雄市燕巢動物保護關愛園區,混種犬,1,F,BIG,花色,ADULT,F,https://www.pet.gov.tw/upload/pic/1757408781207.png,漁港路,2025-09-09,高雄市燕巢區師大路98號,(07)6051002
392826,高雄市燕巢動物保護關愛園區,高雄市燕巢動物保護關愛園區,混種犬,1,F,SMALL,黑色,CHILD,F,https://www.pet.gov.tw/upload/pic/1756974936108.png,龍山街,2025-02-07,高雄市燕巢區師大路98號,(07)6051002
391327,高雄市燕巢動物保護關愛園區,高雄市燕巢動物保護關愛園區,混種犬,1,F,MEDIUM,黑色,CHILD,F,https://www.pet.gov.tw/upload/pic/1756795902076.png,永華路,2025-01-21,高雄市燕巢區師大路98號,(07)6051002
422845,高雄市燕巢動物保護關愛園區,高雄市燕巢動物保護關愛園區,混種犬,1,F,MEDIUM,黃色,CHILD,N,https://www.pet.gov.tw/upload/pic/1758089590161.png,保安路,2025-09-17,高雄市燕巢區師大路98號,(07)6051002
409926,高雄市燕巢動物保護關愛園區,高雄市燕巢動物保護關愛園區,混種犬,1,F,MEDIUM,黃色,CHILD,N,https://www.pet.gov.tw/upload/pic/1750142676696.png,永華路,2025-06-17,高雄市燕巢區師大路98號,(07)6051002
422844,高雄市燕巢動物保護關愛園區,高雄市燕巢動物保護關愛園區,混種犬,1,F,SMALL,白色,CHILD,N,https://www.pet.gov.tw/upload/pic/1758089424820.png,新港橋,2025-09-17,高雄市燕巢區師大路98號,(07)6051002
391324,高雄市燕巢動物保護關愛園區,高雄市燕巢動物保護關愛園區,混種犬,1,F,MEDIUM,黃色,CHILD,F,https://www.pet.gov.tw/upload/pic/1756786504828.png,穎源路,2025-01-21,高雄市燕巢區師大路98號,(07)6051002
421515,高雄市燕巢動物保護關愛園區,高雄市燕巢動物保護關愛園區,混種犬,1,F,BIG,白色,ADULT,F,https://www.pet.gov.tw/upload/pic/1757390793265.png,新興路,2025-09-09,高雄市燕巢區師大路98號,(07)6051002
421614,高雄市燕巢動物保護關愛園區,高雄市燕巢動物保護關愛園區,混種犬,1,F,BIG,白色,ADULT,F,https://www.pet.gov.tw/upload/pic/1757407349517.png,新興路,2025-09-09,高雄市燕巢區師大路98號,(07)6051002
421516,高雄市燕巢動物保護關愛園區,高雄市燕巢動物保護關愛園區,混種犬,1,F,BIG,黃色,ADULT,F,https://www.pet.gov.tw/upload/pic/1757391082027.png,新興路,2025-09-09,高雄市燕巢區師大路98號,(07)6051002
422839,高雄市燕巢動物保護關愛園區,高雄市燕巢動物保護關愛園區,混種犬,1,F,BIG,黃色,ADULT,N,https://www.pet.gov.tw/upload/pic/1758089036047.png,中和巷,2025-09-17,高雄市燕巢區師大路98號,(07)6051002
422837,高雄市燕巢動物保護關愛園區,高雄市燕巢動物保護關愛園區,混種犬,1,F,BIG,花色,ADULT,N,https://www.pet.gov.tw/upload/pic/1758088906499.png,中和巷,2025-09-17,高雄市燕巢區師大路98號,(07)6051002
422836,高雄市燕巢動物保護關愛園區,高雄市燕巢動物保護關愛園區,混種犬,1,F,BIG,黑色,ADULT,N,https://www.pet.gov.tw/upload/pic/1758088825962.png,中和巷,2025-09-17,高雄市燕巢區師大路98號,(07)6051002
421510,高雄市燕巢動物保護關愛園區,高雄市燕巢動物保護關愛園區,混種犬,1,F,BIG,黑色,ADULT,T,https://www.pet.gov.tw/upload/pic/1757389800296.png,瓊興路,2025-09-09,高雄市燕巢區師大路98號,(07)6051002
422787,高雄市燕巢動物保護關愛園區,高雄市燕巢動物保護關愛園區,混種犬,1,F,BIG,黑色,ADULT,N,https://www.pet.gov.tw/upload/pic/1758081335394.png,復興路,2025-09-17,高雄市燕巢區師大路98號,(07)6051002
422785,高雄市燕巢動物保護關愛園區,高雄市燕巢動物保護關愛園區,混種犬,1,F,BIG,黑色,ADULT,N,https://www.pet.gov.tw/upload/pic/1758081173956.png,山下巷,2025-09-17,高雄市燕巢區師大路98號,(07)6051002
422784,高雄市燕巢動物保護關愛園區,高雄市燕巢動物保護關愛園區,混種犬,1,F,BIG,黃色,ADULT,N,https://www.pet.gov.tw/upload/pic/1758081071458.png,仁愛路(清潔隊後方濕地),2025-09-17,高雄市燕巢區師大路98號,(07)6051002
422783,高雄市燕巢動物保護關愛園區,高雄市燕巢動物保護關愛園區,混種犬,1,F,BIG,黃色,ADULT,N,https://www.pet.gov.tw/upload/pic/1758080989236.png,吉山段,2025-09-17,高雄市燕巢區師大路98號,(07)6051002
422777,高雄市燕巢動物保護關愛園區,高雄市燕巢動物保護關愛園區,混種犬,1,F,BIG,黑色,ADULT,N,https://www.pet.gov.tw/upload/pic/1758080715252.png,吉山,2025-09-17,高雄市燕巢區師大路98號,(07)6051002
422775,高雄市燕巢動物保護關愛園區,高雄市燕巢動物保護關愛園區,混種犬,1,F,BIG,黃色,ADULT,N,https://www.pet.gov.tw/upload/pic/1758080627301.png,角宿路,2025-09-17,高雄市燕巢區師大路98號,(07)6051002
366083,雲林縣流浪動物收容所,雲林縣流浪動物收容所,混種犬,1,M,BIG,虎斑色,ADULT,T,https://www.pet.gov.tw/upload/pic/1721004724578.png,虎尾鎮科技大學,2024-07-11,雲林縣斗六市雲林路二段517號,(05)5523300
288194,雲林縣流浪動物收容所,雲林縣流浪動物收容所,混種犬,1,F,BIG,黑色,ADULT,T,https://www.pet.gov.tw/upload/pic/1671185950242.png,虎尾鎮惠來厝,2022-12-16,雲林縣斗六市雲林路二段517號,(05)5523300
399876,高雄市燕巢動物保護關愛園區,高雄市燕巢動物保護關愛園區,混種犬,1,F,BIG,黑色,ADULT,F,https://www.pet.gov.tw/upload/pic/1756976898284.png,泰山一巷,2025-03-31,高雄市燕巢區師大路98號,(07)6051002
421156,高雄市燕巢動物保護關愛園區,高雄市燕巢動物保護關愛園區,混種犬,1,F,BIG,黑色,ADULT,N,https://www.pet.gov.tw/upload/pic/1757063393411.png,合森巷,2025-09-05,高雄市燕巢區師大路98號,(07)6051002
387496,雲林縣流浪動物收容所,雲林縣流浪動物收容所,混種犬,1,F,BIG,黃色,ADULT,T,https://www.pet.gov.tw/upload/pic/1734914694806.png,古坑鄉水碓村,2024-12-17,雲林縣斗六市雲林路二段517號,(05)5523300
392842,高雄市燕巢動物保護關愛園區,高雄市燕巢動物保護關愛園區,混種犬,1,F,BIG,黑色,ADULT,N,https://www.pet.gov.tw/upload/pic/1739157943172.png,忠孝街,2025-02-07,高雄市燕巢區師大路98號,(07)6051002
365110,雲林縣流浪動物收容所,雲林縣流浪動物收容所,混種犬,1,M,BIG,黑色,ADULT,T,https://www.pet.gov.tw/upload/pic/1720403762936.png,斗六市榴中里,2025-03-01,雲林縣斗六市雲林路二段517號,(05)5523300
421348,高雄市燕巢動物保護關愛園區,高雄市燕巢動物保護關愛園區,混種犬,1,F,BIG,白色,ADULT,F,https://www.pet.gov.tw/upload/pic/1757304218787.png,本洲一街,2025-09-08,高雄市燕巢區師大路98號,(07)6051002
415315,高雄市燕巢動物保護關愛園區,高雄市燕巢動物保護關愛園區,混種犬,1,F,MEDIUM,黑色,CHILD,N,https://www.pet.gov.tw/upload/pic/1753250715468.png,中正路二段,2025-07-23,高雄市燕巢區師大路98號,(07)6051002
416526,高雄市燕巢動物保護關愛園區,高雄市燕巢動物保護關愛園區,混種犬,1,F,SMALL,虎斑色,CHILD,F,https://www.pet.gov.tw/upload/pic/1753945996007.png,熱河一街,2025-07-31,高雄市燕巢區師大路98號,(07)6051002
406495,高雄市燕巢動物保護關愛園區,高雄市燕巢動物保護關愛園區,混種犬,1,F,MEDIUM,黃色,CHILD,N,https://www.pet.gov.tw/upload/pic/1747799270658.png,,2025-05-21,高雄市燕巢區師大路98號,(07)6051002
421155,高雄市燕巢動物保護關愛園區,高雄市燕巢動物保護關愛園區,混種犬,1,F,MEDIUM,黃色,CHILD,T,https://www.pet.gov.tw/upload/pic/1757062396121.png,師大路,2025-09-05,高雄市燕巢區師大路98號,(07)6051002
409911,高雄市燕巢動物保護關愛園區,高雄市燕巢動物保護關愛園區,混種犬,1,F,MEDIUM,黃色,CHILD,N,https://www.pet.gov.tw/upload/pic/1750141729832.png,三公路,2025-06-17,高雄市燕巢區師大路98號,(07)6051002
415345,高雄市燕巢動物保護關愛園區,高雄市燕巢動物保護關愛園區,混種犬,1,F,MEDIUM,黃色,CHILD,N,https://www.pet.gov.tw/upload/pic/1753252866542.png,產業路,2025-07-23,高雄市燕巢區師大路98號,(07)6051002
422734,高雄市燕巢動物保護關愛園區,高雄市燕巢動物保護關愛園區,混種犬,1,F,BIG,黃色,CHILD,N,https://www.pet.gov.tw/upload/pic/1758076729300.png,師大路,2025-09-17,高雄市燕巢區師大路98號,(07)6051002
422730,高雄市燕巢動物保護關愛園區,高雄市燕巢動物保護關愛園區,混種犬,1,F,MEDIUM,黑色,CHILD,N,https://www.pet.gov.tw/upload/pic/1758076590771.png,鹽保路,2025-09-17,高雄市燕巢區師大路98號,(07)6051002
347888,雲林縣流浪動物收容所,雲林縣流浪動物收容所,混種犬,1,M,BIG,黑色,ADULT,T,https://www.pet.gov.tw/upload/pic/1709029598373.png,林內鄉新光路,2024-02-26,雲林縣斗六市雲林路二段517號,(05)5523300
422726,高雄市燕巢動物保護關愛園區,高雄市燕巢動物保護關愛園區,混種犬,1,M,MEDIUM,黑色,CHILD,N,https://www.pet.gov.tw/upload/pic/1758076126717.png,新興路,2025-09-17,高雄市燕巢區師大路98號,(07)6051002
298646,雲林縣流浪動物收容所,雲林縣流浪動物收容所,混種犬,1,F,BIG,棕色,ADULT,T,https://www.pet.gov.tw/upload/pic/1678443391204.png,台西鄉海園,2023-03-10,雲林縣斗六市雲林路二段517號,(05)5523300
398538,高雄市燕巢動物保護關愛園區,高雄市燕巢動物保護關愛園區,混種犬,1,F,MEDIUM,花色,CHILD,N,https://www.pet.gov.tw/upload/pic/1742454212253.png,鹽埕大路西二巷,2025-03-20,高雄市燕巢區師大路98號,(07)6051002
381449,雲林縣流浪動物收容所,雲林縣流浪動物收容所,混種犬,1,M,BIG,黑黃色,ADULT,T,https://www.pet.gov.tw/upload/pic/1731062260921.png,古坑鄉棋盤村,2025-03-01,雲林縣斗六市雲林路二段517號,(05)5523300
390549,高雄市燕巢動物保護關愛園區,高雄市燕巢動物保護關愛園區,混種犬,1,M,BIG,花色,ADULT,N,https://www.pet.gov.tw/upload/pic/1737009137156.png,桐竹路,2025-01-16,高雄市燕巢區師大路98號,(07)6051002
421691,高雄市燕巢動物保護關愛園區,高雄市燕巢動物保護關愛園區,混種犬,1,M,BIG,灰色,ADULT,N,https://www.pet.gov.tw/upload/pic/1757476884653.png,菜康路,2025-09-10,高雄市燕巢區師大路98號,(07)6051002
422720,高雄市燕巢動物保護關愛園區,高雄市燕巢動物保護關愛園區,混種犬,1,M,BIG,花色,ADULT,N,https://www.pet.gov.tw/upload/pic/1758074464638.png,保安路(天文宮),2025-09-17,高雄市燕巢區師大路98號,(07)6051002
422719,高雄市燕巢動物保護關愛園區,高雄市燕巢動物保護關愛園區,混種犬,1,M,BIG,黑白色,ADULT,N,https://www.pet.gov.tw/upload/pic/1758074376707.png,港後,2025-09-17,高雄市燕巢區師大路98號,(07)6051002
422718,高雄市燕巢動物保護關愛園區,高雄市燕巢動物保護關愛園區,混種犬,1,M,BIG,黃色,ADULT,N,https://www.pet.gov.tw/upload/pic/1758074301580.png,崑山路,2025-09-17,高雄市燕巢區師大路98號,(07)6051002
414877,高雄市燕巢動物保護關愛園區,高雄市燕巢動物保護關愛園區,混種犬,1,M,BIG,黃色,ADULT,F,https://www.pet.gov.tw/upload/pic/1757040117841.png,新興路,2025-07-01,高雄市燕巢區師大路98號,(07)6051002
421689,高雄市燕巢動物保護關愛園區,高雄市燕巢動物保護關愛園區,混種犬,1,M,BIG,白色,ADULT,N,https://www.pet.gov.tw/upload/pic/1757476483100.png,光復路,2025-09-10,高雄市燕巢區師大路98號,(07)6051002
422716,高雄市燕巢動物保護關愛園區,高雄市燕巢動物保護關愛園區,混種犬,1,M,BIG,黑色,ADULT,N,https://www.pet.gov.tw/upload/pic/1758073991896.png,旗甲路四段,2025-09-17,高雄市燕巢區師大路98號,(07)6051002
422715,高雄市燕巢動物保護關愛園區,高雄市燕巢動物保護關愛園區,混種犬,1,M,BIG,黑色,ADULT,N,https://www.pet.gov.tw/upload/pic/1758073866727.png,鳳東路,2025-09-17,高雄市燕巢區師大路98號,(07)6051002
422713,南投縣公立動物收容所,南投縣公立動物收容所,混種犬,1,M,MEDIUM,黑黃色,ADULT,T,https://www.pet.gov.tw/upload/pic/1758073801393.png,雲林新村一路,2025-09-16,南投縣南投市嶺興路36-1號,(049)2225440
422712,高雄市燕巢動物保護關愛園區,高雄市燕巢動物保護關愛園區,混種犬,1,M,BIG,花色,ADULT,N,https://www.pet.gov.tw/upload/pic/1758073812403.png,紅山巷,2025-09-17,高雄市燕巢區師大路98號,(07)6051002
422708,高雄市燕巢動物保護關愛園區,高雄市燕巢動物保護關愛園區,混種犬,1,M,BIG,白色,ADULT,N,https://www.pet.gov.tw/upload/pic/1758073601704.png,苗圃,2025-09-17,高雄市燕巢區師大路98號,(07)6051002
422704,高雄市燕巢動物保護關愛園區,高雄市燕巢動物保護關愛園區,混種犬,1,M,BIG,黃色,ADULT,N,https://www.pet.gov.tw/upload/pic/1758073471572.png,吉安,2025-09-17,高雄市燕巢區師大路98號,(07)6051002
422702,高雄市燕巢動物保護關愛園區,高雄市燕巢動物保護關愛園區,混種犬,1,M,BIG,棕色,ADULT,N,https://www.pet.gov.tw/upload/pic/1758073336421.png,興聖宮,2025-09-17,高雄市燕巢區師大路98號,(07)6051002
422700,高雄市燕巢動物保護關愛園區,高雄市燕巢動物保護關愛園區,混種犬,1,M,MEDIUM,黃色,ADULT,N,https://www.pet.gov.tw/upload/pic/1758073212851.png,中正路二段,2025-09-17,高雄市燕巢區師大路98號,(07)6051002
407465,高雄市燕巢動物保護關愛園區,高雄市燕巢動物保護關愛園區,混種犬,1,M,MEDIUM,黃色,ADULT,N,https://www.pet.gov.tw/upload/pic/1748419060679.png,清和街,2025-05-28,高雄市燕巢區師大路98號,(07)6051002
422698,高雄市燕巢動物保護關愛園區,高雄市燕巢動物保護關愛園區,混種犬,1,M,BIG,黃色,ADULT,N,https://www.pet.gov.tw/upload/pic/1758073022598.png,頂厝,2025-09-17,高雄市燕巢區師大路98號,(07)6051002
263448,雲林縣流浪動物收容所,雲林縣流浪動物收容所,混種犬,1,M,BIG,黑色,ADULT,T,https://www.pet.gov.tw/upload/pic/1758072923872.png,西螺鎮西螺大橋,2022-07-01,雲林縣斗六市雲林路二段517號,(05)5523300
392840,高雄市燕巢動物保護關愛園區,高雄市燕巢動物保護關愛園區,混種犬,1,M,BIG,黑色,ADULT,F,https://www.pet.gov.tw/upload/pic/1756976548449.png,石斑路,2025-02-07,高雄市燕巢區師大路98號,(07)6051002
422697,高雄市燕巢動物保護關愛園區,高雄市燕巢動物保護關愛園區,混種犬,1,M,BIG,黃色,ADULT,N,https://www.pet.gov.tw/upload/pic/1758072905434.png,大公路,2025-09-17,高雄市燕巢區師大路98號,(07)6051002
395729,高雄市燕巢動物保護關愛園區,高雄市燕巢動物保護關愛園區,混種犬,1,M,BIG,黑色,ADULT,F,https://www.pet.gov.tw/upload/pic/1756798189497.png,天山營區,2025-03-01,高雄市燕巢區師大路98號,(07)6051002
247156,雲林縣流浪動物收容所,雲林縣流浪動物收容所,混種犬,1,M,BIG,黑色,ADULT,T,https://www.pet.gov.tw/upload/pic/3fffe3e8-4cd4-46d5-9ad1-d2ea85841b0e.jpg,古坑鄉湳仔村,2022-03-18,雲林縣斗六市雲林路二段517號,(05)5523300
422692,高雄市燕巢動物保護關愛園區,高雄市燕巢動物保護關愛園區,混種犬,1,M,MEDIUM,黑色,CHILD,N,https://www.pet.gov.tw/upload/pic/1758072401887.png,光和路,2025-09-17,高雄市燕巢區師大路98號,(07)6051002
68929,雲林縣流浪動物收容所,雲林縣流浪動物收容所,混種犬,1,F,MEDIUM,黑白色,,T,https://www.pet.gov.tw/upload/pic/400882df-9d43-4724-8941-793ee7c21f0e.jpg,斗南鎮東仁里,2018-10-19,雲林縣斗六市雲林路二段517號,(05)5523300
422689,高雄市燕巢動物保護關愛園區,高雄市燕巢動物保護關愛園區,混種犬,1,F,MEDIUM,黑色,CHILD,N,https://www.pet.gov.tw/upload/pic/1758072149509.png,保生路,2025-09-17,高雄市燕巢區師大路98號,(07)6051002
415352,高雄市燕巢動物保護關愛園區,高雄市燕巢動物保護關愛園區,混種犬,1,M,MEDIUM,黑色,CHILD,N,https://www.pet.gov.tw/upload/pic/1753253370608.png,產業路,2025-07-23,高雄市燕巢區師大路98號,(07)6051002
422685,高雄市燕巢動物保護關愛園區,高雄市燕巢動物保護關愛園區,混種犬,1,M,BIG,黃色,ADULT,N,https://www.pet.gov.tw/upload/pic/1758071913627.png,保興路,2025-09-17,高雄市燕巢區師大路98號,(07)6051002
409932,高雄市燕巢動物保護關愛園區,高雄市燕巢動物保護關愛園區,混種犬,1,M,MEDIUM,黑色,CHILD,N,https://www.pet.gov.tw/upload/pic/1750143071364.png,樂群路,2025-06-17,高雄市燕巢區師大路98號,(07)6051002
415348,高雄市燕巢動物保護關愛園區,高雄市燕巢動物保護關愛園區,混種犬,1,M,MEDIUM,黑色,CHILD,N,https://www.pet.gov.tw/upload/pic/1753253111917.png,中正路二段628巷,2025-07-23,高雄市燕巢區師大路98號,(07)6051002
409936,高雄市燕巢動物保護關愛園區,高雄市燕巢動物保護關愛園區,混種犬,1,M,MEDIUM,黃色,CHILD,N,https://www.pet.gov.tw/upload/pic/1750143275071.png,廣福,2025-06-17,高雄市燕巢區師大路98號,(07)6051002
422671,高雄市燕巢動物保護關愛園區,高雄市燕巢動物保護關愛園區,混種犬,1,M,SMALL,虎斑色,CHILD,N,https://www.pet.gov.tw/upload/pic/1758070539290.png,永華路,2025-09-17,高雄市燕巢區師大路98號,(07)6051002
409912,高雄市燕巢動物保護關愛園區,高雄市燕巢動物保護關愛園區,混種犬,1,M,SMALL,黃色,CHILD,N,https://www.pet.gov.tw/upload/pic/1750141846580.png,永華路,2025-06-17,高雄市燕巢區師大路98號,(07)6051002
345908,雲林縣流浪動物收容所,雲林縣流浪動物收容所,混種犬,1,M,BIG,黑白色,ADULT,T,https://www.pet.gov.tw/upload/pic/1707292282850.png,四湖鄉崙北村,2024-02-07,雲林縣斗六市雲林路二段517號,(05)5523300
422669,高雄市燕巢動物保護關愛園區,高雄市燕巢動物保護關愛園區,混種犬,1,F,BIG,虎斑色,ADULT,N,https://www.pet.gov.tw/upload/pic/1758070150513.png,南橫公路四段,2025-09-17,高雄市燕巢區師大路98號,(07)6051002
422667,高雄市燕巢動物保護關愛園區,高雄市燕巢動物保護關愛園區,混種犬,1,F,BIG,虎斑色,ADULT,N,https://www.pet.gov.tw/upload/pic/1758069943108.png,平海路,2025-09-17,高雄市燕巢區師大路98號,(07)6051002
422666,高雄市燕巢動物保護關愛園區,高雄市燕巢動物保護關愛園區,混種犬,1,F,BIG,黑色,ADULT,N,https://www.pet.gov.tw/upload/pic/1758069847762.png,青和街,2025-09-17,高雄市燕巢區師大路98號,(07)6051002
302006,雲林縣流浪動物收容所,雲林縣流浪動物收容所,混種犬,1,M,BIG,黑色,ADULT,T,https://www.pet.gov.tw/upload/pic/1680257842594.png,古坑鄉朝陽村,2023-03-31,雲林縣斗六市雲林路二段517號,(05)5523300
422663,高雄市燕巢動物保護關愛園區,高雄市燕巢動物保護關愛園區,混種犬,1,F,BIG,虎斑色,ADULT,N,https://www.pet.gov.tw/upload/pic/1758069683797.png,旗南二路,2025-09-17,高雄市燕巢區師大路98號,(07)6051002
415067,雲林縣流浪動物收容所,雲林縣流浪動物收容所,混種犬,1,M,BIG,黑色,ADULT,T,https://www.pet.gov.tw/upload/pic/1753148363884.png,土庫鎮馬光里,2025-07-25,雲林縣斗六市雲林路二段517號,(05)5523300
270603,雲林縣流浪動物收容所,雲林縣流浪動物收容所,混種犬,1,F,SMALL,黃色,CHILD,F,https://www.pet.gov.tw/upload/pic/9d42978d-ce3a-43e6-8bbc-f3ee633b8af6.jpg,雲林路二段,2022-08-19,雲林縣斗六市雲林路二段517號,(05)5523300
347830,雲林縣流浪動物收容所,雲林縣流浪動物收容所,混種犬,1,F,BIG,黃色,ADULT,T,https://www.pet.gov.tw/upload/pic/1709026060156.png,林內鄉新光路,2024-02-26,雲林縣斗六市雲林路二段517號,(05)5523300
79854,雲林縣流浪動物收容所,雲林縣流浪動物收容所,混種犬,1,M,BIG,黑色,,T,https://www.pet.gov.tw/upload/pic/f3c4a33e-8567-4354-a3d3-6708dc48d6cc.jpg,斗六市棒球場,2019-01-11,雲林縣斗六市雲林路二段517號,(05)5523300
420509,臺北市動物之家,臺北市動物之家,混種犬,1,M,MEDIUM,黑色,ADULT,T,https://www.pet.gov.tw/upload/pic/1756778517341.png,溪山里至善路三段280巷往聖人瀑布之間,2025-09-08,臺北市內湖區安美街191號,(02)87913254
347856,雲林縣流浪動物收容所,雲林縣流浪動物收容所,混種犬,1,M,BIG,黃色,ADULT,T,https://www.pet.gov.tw/upload/pic/1709027407091.png,林內鄉新光路,2024-02-26,雲林縣斗六市雲林路二段517號,(05)5523300
409145,新北市板橋區公立動物之家,新北市板橋區公立動物之家,混種犬,1,M,MEDIUM,黑色,ADULT,T,https://www.pet.gov.tw/upload/pic/1757925891020.png,田尾街133巷1-68號,2025-06-11,新北市板橋區板城路28-1號,(02)89662158
338866,新北市八里區公立動物之家,新北市八里區公立動物之家,混種犬,1,M,MEDIUM,黑色,ADULT,F,https://www.pet.gov.tw/upload/pic/1724987295465.png,龍米路二段,2023-12-14,新北市八里區長坑里6鄰長坑道路36號,(02)26194428
395042,臺北市動物之家,臺北市動物之家,柴犬,0,M,MEDIUM,黃色,ADULT,T,https://www.pet.gov.tw/upload/pic/1740377059780.png,舊莊街一段,2025-08-19,臺北市內湖區安美街191號,(02)87913254
361178,南投縣公立動物收容所,南投縣公立動物收容所,泰國脊背犬(泰皇犬),0,M,MEDIUM,咖啡色,ADULT,T,https://www.pet.gov.tw/upload/pic/1717728754049.png,虎坑巷,2024-06-04,南投縣南投市嶺興路36-1號,(049)2225440
35536,新北市中和區公立動物之家,新北市中和區公立動物之家,混種犬,1,F,MEDIUM,灰黑色,ADULT,T,https://www.pet.gov.tw/upload/pic/1700544373485.png,興南路三段70號,2021-09-11,新北市中和區興南路三段100號,(02)86685547
218040,桃園市動物保護教育園區,桃園市動物保護教育園區,混種犬,1,M,MEDIUM,黃白色,ADULT,F,https://www.pet.gov.tw/upload/pic/3adafe78-a9d8-4705-95a5-94a08f67c47f.JPG,田心里新興路,2021-08-26,桃園市新屋區永興里3鄰藻礁路1668號,(03)4861760
421468,雲林縣流浪動物收容所,雲林縣流浪動物收容所,混種犬,1,M,BIG,黑棕色,ADULT,T,https://www.pet.gov.tw/upload/pic/1757379265141.png,西螺鎮中山國小,2025-09-12,雲林縣斗六市雲林路二段517號,(05)5523300
421480,雲林縣流浪動物收容所,雲林縣流浪動物收容所,混種犬,1,F,BIG,黃色,ADULT,T,https://www.pet.gov.tw/upload/pic/1757380405082.png,北港鎮果菜市場,2025-09-12,雲林縣斗六市雲林路二段517號,(05)5523300
421960,金門縣動物收容中心,金門縣動物收容中心,混種犬,1,F,MEDIUM,黃色,ADULT,F,https://www.pet.gov.tw/upload/pic/1757582869604.png,寧湖路,2025-09-18,金門縣金湖鎮裕民農莊20號,(082)336625
416011,臺南市動物之家灣裡站,臺南市動物之家灣裡站,混種犬,1,M,SMALL,黑色,CHILD,T,https://www.pet.gov.tw/upload/pic/1753695168526.png,上崙一街92號,2025-08-15,臺南市南區省躬里14鄰萬年路580巷92號,(06)2964439
391332,高雄市燕巢動物保護關愛園區,高雄市燕巢動物保護關愛園區,混種犬,1,M,BIG,黑色,ADULT,T,https://www.pet.gov.tw/upload/pic/1737442794785.png,大發路,2025-01-21,高雄市燕巢區師大路98號,(07)6051002
393298,南投縣公立動物收容所,南投縣公立動物收容所,混種犬,1,F,MEDIUM,黃色,ADULT,T,https://www.pet.gov.tw/upload/pic/1739408373567.png,國姓路,2025-03-10,南投縣南投市嶺興路36-1號,(049)2225440
384959,南投縣公立動物收容所,南投縣公立動物收容所,混種犬,1,M,MEDIUM,黃色,ADULT,T,https://www.pet.gov.tw/upload/pic/1733204696314.png,大長路,2024-12-27,南投縣南投市嶺興路36-1號,(049)2225440
420344,高雄市燕巢動物保護關愛園區,高雄市燕巢動物保護關愛園區,混種犬,1,M,BIG,虎斑色,ADULT,F,https://www.pet.gov.tw/upload/pic/1756695160674.png,大勝巷,2025-09-01,高雄市燕巢區師大路98號,(07)6051002
376193,南投縣公立動物收容所,南投縣公立動物收容所,臘腸犬,0,F,MEDIUM,棕色,ADULT,T,https://www.pet.gov.tw/upload/pic/1727748049970.png,竹山路,2024-12-05,南投縣南投市嶺興路36-1號,(049)2225440
422049,高雄市燕巢動物保護關愛園區,高雄市燕巢動物保護關愛園區,混種犬,1,M,BIG,黃色,ADULT,F,https://www.pet.gov.tw/upload/pic/1757644008345.png,大勝巷,2025-09-12,高雄市燕巢區師大路98號,(07)6051002
422048,高雄市燕巢動物保護關愛園區,高雄市燕巢動物保護關愛園區,混種犬,1,F,BIG,黃色,ADULT,N,https://www.pet.gov.tw/upload/pic/1757644066798.png,建成街,2025-09-12,高雄市燕巢區師大路98號,(07)6051002
422044,高雄市燕巢動物保護關愛園區,高雄市燕巢動物保護關愛園區,混種犬,1,F,BIG,黑色,ADULT,N,https://www.pet.gov.tw/upload/pic/1757643725198.png,寶山巷,2025-09-12,高雄市燕巢區師大路98號,(07)6051002
422039,高雄市燕巢動物保護關愛園區,高雄市燕巢動物保護關愛園區,混種犬,1,F,BIG,黑色,ADULT,N,https://www.pet.gov.tw/upload/pic/1757643626038.png,活動中心,2025-09-12,高雄市燕巢區師大路98號,(07)6051002
422036,高雄市燕巢動物保護關愛園區,高雄市燕巢動物保護關愛園區,混種犬,1,F,BIG,黑色,ADULT,N,https://www.pet.gov.tw/upload/pic/1757643466809.png,海尾路,2025-09-12,高雄市燕巢區師大路98號,(07)6051002
422031,高雄市燕巢動物保護關愛園區,高雄市燕巢動物保護關愛園區,混種犬,1,F,BIG,花色,ADULT,N,https://www.pet.gov.tw/upload/pic/1757643284980.png,齊天宮,2025-09-12,高雄市燕巢區師大路98號,(07)6051002
395737,高雄市燕巢動物保護關愛園區,高雄市燕巢動物保護關愛園區,混種犬,1,M,BIG,黃色,ADULT,F,https://www.pet.gov.tw/upload/pic/1740639738359.png,忠孝街,2025-02-27,高雄市燕巢區師大路98號,(07)6051002
422030,高雄市燕巢動物保護關愛園區,高雄市燕巢動物保護關愛園區,混種犬,1,F,BIG,黃色,ADULT,N,https://www.pet.gov.tw/upload/pic/1757643196395.png,海尾路魚塭,2025-09-12,高雄市燕巢區師大路98號,(07)6051002
421688,高雄市燕巢動物保護關愛園區,高雄市燕巢動物保護關愛園區,混種犬,1,M,BIG,白色,ADULT,N,https://www.pet.gov.tw/upload/pic/1757476242311.png,永安漁港(新興路),2025-09-10,高雄市燕巢區師大路98號,(07)6051002
422023,高雄市燕巢動物保護關愛園區,高雄市燕巢動物保護關愛園區,混種犬,1,M,BIG,黃色,ADULT,N,https://www.pet.gov.tw/upload/pic/1757642546565.png,忠孝路,2025-09-12,高雄市燕巢區師大路98號,(07)6051002
422019,高雄市燕巢動物保護關愛園區,高雄市燕巢動物保護關愛園區,混種犬,1,F,BIG,黑色,ADULT,T,https://www.pet.gov.tw/upload/pic/1757642244836.png,旗楠路,2025-09-12,高雄市燕巢區師大路98號,(07)6051002
422018,高雄市燕巢動物保護關愛園區,高雄市燕巢動物保護關愛園區,混種犬,1,M,BIG,黑色,ADULT,N,https://www.pet.gov.tw/upload/pic/1757642153188.png,民族街,2025-09-12,高雄市燕巢區師大路98號,(07)6051002
422016,高雄市燕巢動物保護關愛園區,高雄市燕巢動物保護關愛園區,混種犬,1,F,BIG,黑色,ADULT,N,https://www.pet.gov.tw/upload/pic/1757641974151.png,港後,2025-09-12,高雄市燕巢區師大路98號,(07)6051002
422015,高雄市燕巢動物保護關愛園區,高雄市燕巢動物保護關愛園區,混種犬,1,F,BIG,黑色,ADULT,N,https://www.pet.gov.tw/upload/pic/1757641894904.png,港後,2025-09-12,高雄市燕巢區師大路98號,(07)6051002
350219,新北市板橋區公立動物之家,新北市板橋區公立動物之家,混種犬,1,M,MEDIUM,黑白色,ADULT,T,https://www.pet.gov.tw/upload/pic/1754706535715.png,大安路118號,2024-03-20,新北市板橋區板城路28-1號,(02)89662158
422013,高雄市燕巢動物保護關愛園區,高雄市燕巢動物保護關愛園區,混種犬,1,F,BIG,黃色,ADULT,N,https://www.pet.gov.tw/upload/pic/1757641775588.png,保安路,2025-09-12,高雄市燕巢區師大路98號,(07)6051002
398522,高雄市燕巢動物保護關愛園區,高雄市燕巢動物保護關愛園區,混種犬,1,M,BIG,黑色,ADULT,N,https://www.pet.gov.tw/upload/pic/1742452546415.png,尖山巷,2025-03-20,高雄市燕巢區師大路98號,(07)6051002
422011,高雄市燕巢動物保護關愛園區,高雄市燕巢動物保護關愛園區,混種犬,1,F,BIG,黑色,ADULT,N,https://www.pet.gov.tw/upload/pic/1757641660022.png,新庄路,2025-09-12,高雄市燕巢區師大路98號,(07)6051002
422009,高雄市燕巢動物保護關愛園區,高雄市燕巢動物保護關愛園區,混種犬,1,F,BIG,黑色,ADULT,N,https://www.pet.gov.tw/upload/pic/1757641461746.png,中路巷 草鴞生態,2025-09-12,高雄市燕巢區師大路98號,(07)6051002
404697,臺北市動物之家,臺北市動物之家,貴賓犬,0,F,SMALL,米色,ADULT,T,https://www.pet.gov.tw/upload/pic/1746602561828.png,木柵路一段(原拾獲地:景美河堤),2025-08-19,臺北市內湖區安美街191號,(02)87913254
142740,臺北市動物之家,臺北市動物之家,混種犬,1,F,MEDIUM,黑色,ADULT,T,https://www.pet.gov.tw/upload/pic/3f65578f-5631-4756-adf6-61d7fc82b17b.jpg,洲美快速道近成德閘道(社子往北投方向),2021-04-11,臺北市內湖區安美街191號,(02)87913254
173607,臺北市動物之家,臺北市動物之家,混種犬,1,M,BIG,黑白色,ADULT,T,https://www.pet.gov.tw/upload/pic/62671_109082001_0.JPG,北安路759巷,2021-04-11,臺北市內湖區安美街191號,(02)87913254
273171,臺北市動物之家,臺北市動物之家,混種犬,1,M,MEDIUM,黑色,ADULT,T,https://www.pet.gov.tw/upload/pic/def73694-1301-4e29-942c-77a2df1651a5.jpg,陽明里	長春街4巷,2022-09-15,臺北市內湖區安美街191號,(02)87913254
337038,臺北市動物之家,臺北市動物之家,混種犬,1,M,MEDIUM,黑色,ADULT,T,https://www.pet.gov.tw/upload/pic/1701402594873.png,安美街,2023-11-30,臺北市內湖區安美街191號,(02)87913254
348751,臺北市動物之家,臺北市動物之家,混種犬,1,M,MEDIUM,黑色,ADULT,T,https://www.pet.gov.tw/upload/pic/1709623271574.png,湖田里巴拉卡公路,2024-03-13,臺北市內湖區安美街191號,(02)87913254
398248,臺南市動物之家灣裡站,臺南市動物之家灣裡站,混種犬,1,F,MEDIUM,花色,ADULT,T,https://www.pet.gov.tw/upload/pic/1745465269922.png,豐榮里民治路33巷36號4F之1,2025-04-01,臺南市南區省躬里14鄰萬年路580巷92號,(06)2964439
379484,臺南市動物之家灣裡站,臺南市動物之家灣裡站,混種犬,1,F,MEDIUM,黑黃色,ADULT,T,https://www.pet.gov.tw/upload/pic/1731316049951.png,巷埔里北埔68號,2024-11-11,臺南市南區省躬里14鄰萬年路580巷92號,(06)2964439
421874,高雄市燕巢動物保護關愛園區,高雄市燕巢動物保護關愛園區,混種犬,1,M,BIG,黃色,ADULT,N,https://www.pet.gov.tw/upload/pic/1757561529610.png,舊港路北三巷,2025-09-11,高雄市燕巢區師大路98號,(07)6051002
421856,高雄市燕巢動物保護關愛園區,高雄市燕巢動物保護關愛園區,混種犬,1,M,BIG,黃色,ADULT,N,https://www.pet.gov.tw/upload/pic/1757559103674.png,海尾路,2025-09-11,高雄市燕巢區師大路98號,(07)6051002
208165,臺中市動物之家南屯園區,臺中市動物之家南屯園區,混種犬,1,F,MEDIUM,米色,ADULT,F,https://www.pet.gov.tw/upload/pic/3bd56aa0-2f49-4672-a819-915888665033.jpg,豐樂路,2023-11-01,臺中市南屯區中台路601號,(04)23850976
370466,臺中市動物之家南屯園區,臺中市動物之家南屯園區,混種犬,1,M,MEDIUM,黑色,ADULT,F,https://www.pet.gov.tw/upload/pic/1724037589758.png,經國路,2024-10-21,臺中市南屯區中台路601號,(04)23850976
398451,臺中市動物之家南屯園區,臺中市動物之家南屯園區,混種犬,1,F,MEDIUM,黃色,CHILD,N,https://www.pet.gov.tw/upload/pic/1742439157592.png,龍昌路,2025-09-10,臺中市南屯區中台路601號,(04)23850976
397035,臺南市動物之家灣裡站,臺南市動物之家灣裡站,混種犬,1,F,MEDIUM,黃白色,ADULT,T,https://www.pet.gov.tw/upload/pic/1745464369066.png,復華里忠孝路籃球場附近,2025-04-07,臺南市南區省躬里14鄰萬年路580巷92號,(06)2964439
300503,臺南市動物之家灣裡站,臺南市動物之家灣裡站,混種犬,1,M,MEDIUM,黃白色,ADULT,N,https://www.pet.gov.tw/upload/pic/1679474728548.png,埔東街80號,2025-09-10,臺南市南區省躬里14鄰萬年路580巷92號,(06)2964439
403908,臺南市動物之家灣裡站,臺南市動物之家灣裡站,混種犬,1,F,SMALL,黑色,CHILD,T,https://www.pet.gov.tw/upload/pic/1746091233681.png,高雄市路竹區復興路327巷136巷70號,2025-06-03,臺南市南區省躬里14鄰萬年路580巷92號,(06)2964439
394221,臺南市動物之家灣裡站,臺南市動物之家灣裡站,混種犬,1,F,MEDIUM,黃白色,ADULT,T,https://www.pet.gov.tw/upload/pic/1744337536543.png,二王里忠孝路棒球場附近,2025-04-02,臺南市南區省躬里14鄰萬年路580巷92號,(06)2964439
77121,臺南市動物之家灣裡站,臺南市動物之家灣裡站,混種犬,1,F,MEDIUM,虎斑色,ADULT,T,https://www.pet.gov.tw/upload/pic/1745917309525.png,公學路,2025-04-10,臺南市南區省躬里14鄰萬年路580巷92號,(06)2964439
373362,臺南市動物之家灣裡站,臺南市動物之家灣裡站,混種犬,1,F,MEDIUM,黃色,ADULT,T,https://www.pet.gov.tw/upload/pic/1744867939064.png,消防分隊前,2025-09-10,臺南市南區省躬里14鄰萬年路580巷92號,(06)2964439
383590,臺南市動物之家灣裡站,臺南市動物之家灣裡站,混種犬,1,M,MEDIUM,黑色,ADULT,T,https://www.pet.gov.tw/upload/pic/1741232944249.png,烏竹里竹圍二街與龍中街旁樹林,2025-08-29,臺南市南區省躬里14鄰萬年路580巷92號,(06)2964439
385456,臺南市動物之家灣裡站,臺南市動物之家灣裡站,混種犬,1,M,MEDIUM,黑白色,ADULT,T,https://www.pet.gov.tw/upload/pic/1745465501759.png,淵西里安中路4段290巷291弄172號,2025-03-06,臺南市南區省躬里14鄰萬年路580巷92號,(06)2964439
309728,臺南市動物之家灣裡站,臺南市動物之家灣裡站,混種犬,1,M,MEDIUM,白色,ADULT,F,https://www.pet.gov.tw/upload/pic/1685005229348.png,花園里中正路75巷32弄巷口,2025-09-10,臺南市南區省躬里14鄰萬年路580巷92號,(06)2964439
363930,臺南市動物之家灣裡站,臺南市動物之家灣裡站,混種犬,1,M,MEDIUM,黑色,ADULT,T,https://www.pet.gov.tw/upload/pic/1745552599688.png,楠坑里變電所附近養雞場,2025-06-18,臺南市南區省躬里14鄰萬年路580巷92號,(06)2964439
341640,臺南市動物之家灣裡站,臺南市動物之家灣裡站,混種犬,1,F,MEDIUM,黃白色,ADULT,T,https://www.pet.gov.tw/upload/pic/1745567604858.png,忠義路二段158巷,2024-08-09,臺南市南區省躬里14鄰萬年路580巷92號,(06)2964439
412713,臺中市動物之家南屯園區,臺中市動物之家南屯園區,混種犬,1,F,MEDIUM,黑虎斑色,ADULT,N,https://www.pet.gov.tw/upload/pic/1751335225046.png,五光路,2025-09-10,臺中市南屯區中台路601號,(04)23850976
415400,臺中市動物之家南屯園區,臺中市動物之家南屯園區,混種犬,1,M,MEDIUM,虎斑色,CHILD,N,https://www.pet.gov.tw/upload/pic/1753259202049.png,遊園路一段,2025-09-10,臺中市南屯區中台路601號,(04)23850976
418387,南投縣公立動物收容所,南投縣公立動物收容所,美國惡霸犬,0,M,MEDIUM,黃色,ADULT,T,https://www.pet.gov.tw/upload/pic/1755222087146.png,魚池路,2025-08-25,南投縣南投市嶺興路36-1號,(049)2225440
61125,新北市新店區公立動物之家,新北市新店區公立動物之家,混種犬,1,M,MEDIUM,黑黃色,ADULT,T,https://www.pet.gov.tw/upload/pic/1757391157575.png,安康路一段271巷6號,2018-08-20,新北市新店區安泰路235號,(02)22159462
207746,新北市新店區公立動物之家,新北市新店區公立動物之家,混種犬,1,M,MEDIUM,黃白色,ADULT,F,https://www.pet.gov.tw/upload/pic/1726482731021.png,安祥路110巷31-51號 綠野香坡,2021-06-01,新北市新店區安泰路235號,(02)22159462
364626,新北市新店區公立動物之家,新北市新店區公立動物之家,混種犬,1,M,BIG,黃色,ADULT,F,https://www.pet.gov.tw/upload/pic/1757395198429.png,安康派出所,2024-08-13,新北市新店區安泰路235號,(02)22159462
46391,新竹市動物保護教育園區,新竹市動物保護教育園區,混種犬,1,M,MEDIUM,黃白色,ADULT,F,https://www.pet.gov.tw/upload/pic/213cbc48-2da6-462b-baae-fd6ed26968c8.jpg,南寮漁港,2018-04-18,新竹市南寮里海濱路250號,(03)5368329
29265,新竹市動物保護教育園區,新竹市動物保護教育園區,混種犬,1,F,MEDIUM,白色,ADULT,T,https://www.pet.gov.tw/upload/pic/58b03af6-29d9-49a9-986b-9c402fda0ea3.jpg,十八尖山,2016-09-21,新竹市南寮里海濱路250號,(03)5368329
91827,新北市新店區公立動物之家,新北市新店區公立動物之家,混種犬,1,F,MEDIUM,黑色,ADULT,N,https://www.pet.gov.tw/upload/pic/1757396048779.png,康寧街169巷29號,2019-04-10,新北市新店區安泰路235號,(02)22159462
169466,新北市新店區公立動物之家,新北市新店區公立動物之家,混種犬,1,M,BIG,黃色,ADULT,T,https://www.pet.gov.tw/upload/pic/1726483230973.png,中正路284巷,2020-07-27,新北市新店區安泰路235號,(02)22159462
48260,新北市新店區公立動物之家,新北市新店區公立動物之家,混種犬,1,M,MEDIUM,黑黃色,ADULT,T,https://www.pet.gov.tw/upload/pic/9bcf6fc3-7f5d-426b-acd7-0e37c4a75dfa.jpg,不擬續養,2018-02-27,新北市新店區安泰路235號,(02)22159462
48267,新北市新店區公立動物之家,新北市新店區公立動物之家,混種犬,1,F,BIG,黑色,ADULT,T,https://www.pet.gov.tw/upload/pic/1757391769626.png,新市二路和沙崙路口,2017-12-20,新北市新店區安泰路235號,(02)22159462
46264,新北市新店區公立動物之家,新北市新店區公立動物之家,混種犬,1,M,MEDIUM,黑黃色,ADULT,T,https://www.pet.gov.tw/upload/pic/c0f77532-cd01-44e3-87b7-6e5959d765b6.jpg,小坪頂狗場,2018-04-24,新北市新店區安泰路235號,(02)22159462
172772,新北市新店區公立動物之家,新北市新店區公立動物之家,混種犬,1,M,MEDIUM,虎斑色,ADULT,T,https://www.pet.gov.tw/upload/pic/1754555397885.png,靜安路一 段,2020-08-20,新北市新店區安泰路235號,(02)22159462
399600,新北市新店區公立動物之家,新北市新店區公立動物之家,混種犬,1,M,MEDIUM,黑色,ADULT,T,https://www.pet.gov.tw/upload/pic/1743132630805.png,安康路一段160號,2025-03-28,新北市新店區安泰路235號,(02)22159462
387266,臺北市動物之家,臺北市動物之家,柴犬,0,M,MEDIUM,黃色,ADULT,N,https://www.pet.gov.tw/upload/pic/1734588800501.png,福德街165巷,2025-09-09,臺北市內湖區安美街191號,(02)87913254
421415,高雄市壽山動物保護教育園區,高雄市壽山動物保護教育園區,混種犬,1,F,BIG,黑色,ADULT,T,https://www.pet.gov.tw/upload/pic/1757312812126.png,鳳頂路,2025-09-08,高雄市鼓山區萬壽路350號,(07)5519059
421414,高雄市壽山動物保護教育園區,高雄市壽山動物保護教育園區,混種犬,1,F,BIG,黑色,ADULT,T,https://www.pet.gov.tw/upload/pic/1757312663698.png,大林路,2025-09-08,高雄市鼓山區萬壽路350號,(07)5519059
421409,高雄市壽山動物保護教育園區,高雄市壽山動物保護教育園區,混種犬,1,F,BIG,花色,ADULT,T,https://www.pet.gov.tw/upload/pic/1757312455538.png,左楠路,2025-09-08,高雄市鼓山區萬壽路350號,(07)5519059
421403,高雄市壽山動物保護教育園區,高雄市壽山動物保護教育園區,混種犬,1,F,BIG,黃色,ADULT,T,https://www.pet.gov.tw/upload/pic/1757312232084.png,埤北路,2025-09-08,高雄市鼓山區萬壽路350號,(07)5519059
421402,高雄市壽山動物保護教育園區,高雄市壽山動物保護教育園區,混種犬,1,F,BIG,黃色,ADULT,T,https://www.pet.gov.tw/upload/pic/1757312137903.png,鳳仁路,2025-09-08,高雄市鼓山區萬壽路350號,(07)5519059
421395,高雄市壽山動物保護教育園區,高雄市壽山動物保護教育園區,混種犬,1,M,MEDIUM,虎斑色,ADULT,T,https://www.pet.gov.tw/upload/pic/1757311235992.png,中鋼路,2025-09-08,高雄市鼓山區萬壽路350號,(07)5519059
420750,新北市五股區公立動物之家,新北市五股區公立動物之家,混種犬,1,F,MEDIUM,黃色,CHILD,T,https://www.pet.gov.tw/upload/pic/1757229980711.png,五股區五股區民義路一段287巷16號,2025-09-03,新北市五股區外寮路9-9號,(02)82925265
320851,臺北市動物之家,臺北市動物之家,混種犬,1,M,MEDIUM,黑色,ADULT,T,https://www.pet.gov.tw/upload/pic/1692069034848.png,和德里興義街,2023-08-27,臺北市內湖區安美街191號,(02)87913254
216211,臺北市動物之家,臺北市動物之家,混種犬,1,M,SMALL,黑棕色,CHILD,T,https://www.pet.gov.tw/upload/pic/1671598275932.png,林泉里泉源路,2021-08-03,臺北市內湖區安美街191號,(02)87913254
421173,新北市中和區公立動物之家,新北市中和區公立動物之家,混種犬,1,F,MEDIUM,黑色,ADULT,T,https://www.pet.gov.tw/upload/pic/1757130087812.png,土城區南天母路65巷,2025-09-06,新北市中和區興南路三段100號,(02)86685547
421174,新北市中和區公立動物之家,新北市中和區公立動物之家,混種犬,1,M,MEDIUM,黑色,ADULT,T,https://www.pet.gov.tw/upload/pic/1757130215665.png,中和區興南路三段,2025-09-06,新北市中和區興南路三段100號,(02)86685547
314339,高雄市壽山動物保護教育園區,高雄市壽山動物保護教育園區,比特犬,0,M,BIG,棕灰色,ADULT,T,https://www.pet.gov.tw/upload/pic/1687828903917.png,青松街,2023-06-26,高雄市鼓山區萬壽路350號,(07)5519059
421124,金門縣動物收容中心,金門縣動物收容中心,混種犬,1,F,MEDIUM,黑色,ADULT,F,https://www.pet.gov.tw/upload/pic/1757059109195.png,浯江路,2025-09-11,金門縣金湖鎮裕民農莊20號,(082)336625
318835,新北市新店區公立動物之家,新北市新店區公立動物之家,混種犬,1,F,MEDIUM,黃色,ADULT,T,https://www.pet.gov.tw/upload/pic/1690780450287.png,祥和路,2023-07-31,新北市新店區安泰路235號,(02)22159462
178540,新北市新店區公立動物之家,新北市新店區公立動物之家,混種犬,1,M,MEDIUM,虎斑色,ADULT,T,https://www.pet.gov.tw/upload/pic/1747896407389.png,安泰路,2020-09-29,新北市新店區安泰路235號,(02)22159462
310010,新北市新店區公立動物之家,新北市新店區公立動物之家,混種犬,1,M,BIG,黑色,ADULT,T,https://www.pet.gov.tw/upload/pic/1685083641673.png,烏來忠治里紅河,2023-05-26,新北市新店區安泰路235號,(02)22159462
317447,新北市新店區公立動物之家,新北市新店區公立動物之家,混種犬,1,F,MEDIUM,黑色,ADULT,T,https://www.pet.gov.tw/upload/pic/1689753088981.png,安忠路,2023-07-19,新北市新店區安泰路235號,(02)22159462
294469,新北市新店區公立動物之家,新北市新店區公立動物之家,混種犬,1,M,MEDIUM,黑色,ADULT,T,https://www.pet.gov.tw/upload/pic/1757051060280.png,北宜路六段 30K附近,2023-02-10,新北市新店區安泰路235號,(02)22159462
285543,新北市新店區公立動物之家,新北市新店區公立動物之家,混種犬,1,F,MEDIUM,黃色,ADULT,T,https://www.pet.gov.tw/upload/pic/1747633375538.png,深坑街21號,2022-12-01,新北市新店區安泰路235號,(02)22159462
121240,新北市新店區公立動物之家,新北市新店區公立動物之家,混種犬,1,M,MEDIUM,黑色,ADULT,T,https://www.pet.gov.tw/upload/pic/4cf42577-b42c-4f78-8ec5-bad63a0c458b.JPG,錦秀路11巷62號,2019-10-01,新北市新店區安泰路235號,(02)22159462
91008,新北市新店區公立動物之家,新北市新店區公立動物之家,混種犬,1,M,MEDIUM,黑色,ADULT,T,https://www.pet.gov.tw/upload/pic/ec34ddec-8f6f-47d8-bc49-fc05adc45161.jpg,汐碇路380巷,2019-03-28,新北市新店區安泰路235號,(02)22159462
420753,新北市五股區公立動物之家,新北市五股區公立動物之家,混種犬,1,M,MEDIUM,黑色,CHILD,T,https://www.pet.gov.tw/upload/pic/1756872058024.png,五股區五股區民義路一段287巷16號,2025-09-03,新北市五股區外寮路9-9號,(02)82925265
419583,新北市五股區公立動物之家,新北市五股區公立動物之家,混種犬,1,M,MEDIUM,黑色,ADULT,T,https://www.pet.gov.tw/upload/pic/1756180501571.png,蘆洲區信義路34巷58-1號,2025-09-07,新北市五股區外寮路9-9號,(02)82925265
255140,新北市新店區公立動物之家,新北市新店區公立動物之家,混種犬,1,M,MEDIUM,黑色,ADULT,T,https://www.pet.gov.tw/upload/pic/1756968278365.png,三重自強路91號,2022-05-16,新北市新店區安泰路235號,(02)22159462
47557,新北市新店區公立動物之家,新北市新店區公立動物之家,混種犬,1,F,MEDIUM,黑色,ADULT,T,https://www.pet.gov.tw/upload/pic/32d225a0-2919-407f-aaaa-32abef7364b0.jpg,小坪頂狗場,2018-05-04,新北市新店區安泰路235號,(02)22159462
402109,新北市新店區公立動物之家,新北市新店區公立動物之家,混種犬,1,M,MEDIUM,黑色,ADULT,T,https://www.pet.gov.tw/upload/pic/1745033874828.png,橫科路73號,2025-04-19,新北市新店區安泰路235號,(02)22159462
316297,新北市新店區公立動物之家,新北市新店區公立動物之家,混種犬,1,M,MEDIUM,虎斑色,ADULT,T,https://www.pet.gov.tw/upload/pic/1689047285275.png,坪雙路一段52號,2023-07-11,新北市新店區安泰路235號,(02)22159462
365642,新北市新店區公立動物之家,新北市新店區公立動物之家,混種犬,1,M,MEDIUM,黃色,ADULT,T,https://www.pet.gov.tw/upload/pic/1720675313635.png,坪雙路三段2號(魔法學院),2024-07-11,新北市新店區安泰路235號,(02)22159462
399315,新北市新店區公立動物之家,新北市新店區公立動物之家,混種犬,1,M,BIG,虎斑色,ADULT,T,https://www.pet.gov.tw/upload/pic/1742965174386.png,漁光里中心崙10-1號,2025-03-26,新北市新店區安泰路235號,(02)22159462
323180,新北市新店區公立動物之家,新北市新店區公立動物之家,混種犬,1,M,MEDIUM,虎斑色,ADULT,T,https://www.pet.gov.tw/upload/pic/1693378997153.png,漁光里中心崙10-5號,2023-08-30,新北市新店區安泰路235號,(02)22159462
323235,新北市新店區公立動物之家,新北市新店區公立動物之家,混種犬,1,F,MEDIUM,虎斑色,ADULT,T,https://www.pet.gov.tw/upload/pic/1702895680775.png,漁光里中心崙10-5號,2023-08-30,新北市新店區安泰路235號,(02)22159462
91837,新北市新店區公立動物之家,新北市新店區公立動物之家,混種犬,1,M,MEDIUM,黑色,ADULT,T,https://www.pet.gov.tw/upload/pic/1754028018821.png,安興路25號-安康高中,2019-04-10,新北市新店區安泰路235號,(02)22159462
35277,新北市新店區公立動物之家,新北市新店區公立動物之家,混種犬,1,M,MEDIUM,黑色,ADULT,T,https://www.pet.gov.tw/upload/pic/1756960573462.png,碇坪路一段37號,2017-09-27,新北市新店區安泰路235號,(02)22159462
178533,新北市新店區公立動物之家,新北市新店區公立動物之家,混種犬,1,M,MEDIUM,黑色,ADULT,F,https://www.pet.gov.tw/upload/pic/1754027894451.png,安忠路101號,2020-09-29,新北市新店區安泰路235號,(02)22159462
304820,高雄市壽山動物保護教育園區,高雄市壽山動物保護教育園區,比特犬,0,F,BIG,黃色,ADULT,T,https://www.pet.gov.tw/upload/pic/1682304981999.png,鳳仁路,2023-04-22,高雄市鼓山區萬壽路350號,(07)5519059
391408,屏東縣公立犬貓中途之家,屏東縣公立犬貓中途之家,混種犬,1,F,MEDIUM,白色,ADULT,T,https://www.pet.gov.tw/upload/pic/1737184953602.png,林邊交流道下方,2025-09-01,屏東縣內埔鄉學府路1號(屏東科技大學內),(72)
366263,屏東縣公立犬貓中途之家,屏東縣公立犬貓中途之家,比特犬,0,F,MEDIUM,黑白色,ADULT,T,https://www.pet.gov.tw/upload/pic/1721286886077.png,東港鎮富強街,2024-07-16,屏東縣內埔鄉學府路1號(屏東科技大學內),(72)
329945,屏東縣公立犬貓中途之家,屏東縣公立犬貓中途之家,混種犬,1,F,MEDIUM,黑色,ADULT,T,https://www.pet.gov.tw/upload/pic/1697605376013.png,萬丹鄉保長厝街,2024-07-16,屏東縣內埔鄉學府路1號(屏東科技大學內),(72)
332250,屏東縣公立犬貓中途之家,屏東縣公立犬貓中途之家,混種犬,1,F,MEDIUM,黑色,ADULT,T,https://www.pet.gov.tw/upload/pic/1698735032867.png,來義鄉南和村229號,2024-07-16,屏東縣內埔鄉學府路1號(屏東科技大學內),(72)
302682,屏東縣公立犬貓中途之家,屏東縣公立犬貓中途之家,混種犬,1,F,MEDIUM,黃色,ADULT,T,https://www.pet.gov.tw/upload/pic/1690423681070.png,內埔鄉科大路中興巷,2023-08-01,屏東縣內埔鄉學府路1號(屏東科技大學內),(72)
298579,屏東縣公立犬貓中途之家,屏東縣公立犬貓中途之家,混種犬,1,F,MEDIUM,黃色,ADULT,T,https://www.pet.gov.tw/upload/pic/1680158221389.png,里港公墓,2023-08-01,屏東縣內埔鄉學府路1號(屏東科技大學內),(72)
340377,屏東縣公立犬貓中途之家,屏東縣公立犬貓中途之家,混種犬,1,M,MEDIUM,虎斑色,ADULT,T,https://www.pet.gov.tw/upload/pic/1703550484923.png,屏東市建國路600巷109號,2023-12-26,屏東縣內埔鄉學府路1號(屏東科技大學內),(72)
340381,屏東縣公立犬貓中途之家,屏東縣公立犬貓中途之家,混種犬,1,F,MEDIUM,虎斑色,ADULT,T,https://www.pet.gov.tw/upload/pic/1703550610770.png,屏東市建國路600巷109號,2023-12-26,屏東縣內埔鄉學府路1號(屏東科技大學內),(72)
366257,屏東縣公立犬貓中途之家,屏東縣公立犬貓中途之家,混種犬,1,M,MEDIUM,黑色,ADULT,T,https://www.pet.gov.tw/upload/pic/1721103602582.png,隘寮營區,2024-07-16,屏東縣內埔鄉學府路1號(屏東科技大學內),(72)
342791,屏東縣公立犬貓中途之家,屏東縣公立犬貓中途之家,混種犬,1,M,MEDIUM,黑黃色,ADULT,T,https://www.pet.gov.tw/upload/pic/1705125567995.png,車城美術館,2024-07-16,屏東縣內埔鄉學府路1號(屏東科技大學內),(72)
342789,屏東縣公立犬貓中途之家,屏東縣公立犬貓中途之家,混種犬,1,M,MEDIUM,黑色,ADULT,T,https://www.pet.gov.tw/upload/pic/1705125425692.png,車城鄉美術館,2024-07-16,屏東縣內埔鄉學府路1號(屏東科技大學內),(72)
366256,屏東縣公立犬貓中途之家,屏東縣公立犬貓中途之家,混種犬,1,F,MEDIUM,黑色,ADULT,T,https://www.pet.gov.tw/upload/pic/1699343502704.png,隘寮營區,2024-07-16,屏東縣內埔鄉學府路1號(屏東科技大學內),(72)
366261,屏東縣公立犬貓中途之家,屏東縣公立犬貓中途之家,混種犬,1,M,MEDIUM,黑色,ADULT,T,https://www.pet.gov.tw/upload/pic/1721103346328.png,屏東市潭墘48號,2024-07-16,屏東縣內埔鄉學府路1號(屏東科技大學內),(72)
361780,屏東縣公立犬貓中途之家,屏東縣公立犬貓中途之家,混種犬,1,F,MEDIUM,虎斑色,ADULT,N,https://www.pet.gov.tw/upload/pic/1718205104296.png,屏科大門口,2024-07-16,屏東縣內埔鄉學府路1號(屏東科技大學內),(72)
324120,屏東縣公立犬貓中途之家,屏東縣公立犬貓中途之家,混種犬,1,F,MEDIUM,花色,ADULT,N,https://www.pet.gov.tw/upload/pic/1694054849302.png,三地門往長治國道3號,,屏東縣內埔鄉學府路1號(屏東科技大學內),(72)
366255,屏東縣公立犬貓中途之家,屏東縣公立犬貓中途之家,混種犬,1,M,MEDIUM,黃色,ADULT,T,https://www.pet.gov.tw/upload/pic/1721103815906.png,隘寮營區,2024-07-16,屏東縣內埔鄉學府路1號(屏東科技大學內),(72)
366258,屏東縣公立犬貓中途之家,屏東縣公立犬貓中途之家,混種犬,1,F,MEDIUM,黑色,ADULT,T,https://www.pet.gov.tw/upload/pic/1699343590842.png,隘寮營區,2024-07-16,屏東縣內埔鄉學府路1號(屏東科技大學內),(72)
260131,屏東縣公立犬貓中途之家,屏東縣公立犬貓中途之家,比特犬,0,M,MEDIUM,黑色,ADULT,T,https://asms.coa.gov.tw/amlapp/upload/pic/0c5ee9e8-1e0b-455d-8f19-000603471094_org.jpeg,琉球鄉清潔隊,2024-07-16,屏東縣內埔鄉學府路1號(屏東科技大學內),(72)
260371,屏東縣公立犬貓中途之家,屏東縣公立犬貓中途之家,混種犬,1,M,MEDIUM,黑色,ADULT,T,https://www.pet.gov.tw/upload/pic/459c5b2c-3f46-4bd3-b4bf-b5a75bd42c81.jpg,琉球清潔隊,2022-06-18,屏東縣內埔鄉學府路1號(屏東科技大學內),(72)
273458,屏東縣公立犬貓中途之家,屏東縣公立犬貓中途之家,混種犬,1,M,MEDIUM,黑黃色,ADULT,T,https://www.pet.gov.tw/upload/pic/55a9b84f-8bef-4718-8646-425396815d1a.jpg,車城鄉保力,2023-01-05,屏東縣內埔鄉學府路1號(屏東科技大學內),(72)
340476,屏東縣公立犬貓中途之家,屏東縣公立犬貓中途之家,混種犬,1,F,MEDIUM,黃色,ADULT,T,https://www.pet.gov.tw/upload/pic/1703571744357.png,屏東,2023-12-13,屏東縣內埔鄉學府路1號(屏東科技大學內),(72)
134728,屏東縣公立犬貓中途之家,屏東縣公立犬貓中途之家,混種犬,1,M,MEDIUM,白色,ADULT,T,https://www.pet.gov.tw/upload/pic/3b1c67b1-0a1f-4995-8277-5d427aadf61f.jpg,屏東市堤防路 (下淡水溪鐵橋,2020-02-05,屏東縣內埔鄉學府路1號(屏東科技大學內),(72)
151428,澎湖縣流浪動物收容中心,澎湖縣流浪動物收容中心,混種犬,1,M,BIG,黑色,ADULT,T,https://www.pet.gov.tw/upload/pic/b3b8fe6a-87c8-40a2-8b71-f9ce0766de08.jpg,西文福進,2020-04-06,澎湖縣馬公市烏崁里260、261號,(06)9213559
253826,新竹市動物保護教育園區,新竹市動物保護教育園區,混種犬,1,M,SMALL,虎斑色,CHILD,T,https://www.pet.gov.tw/upload/pic/1706769288226.png,竹蓮街,2022-05-05,新竹市南寮里海濱路250號,(03)5368329
420338,高雄市燕巢動物保護關愛園區,高雄市燕巢動物保護關愛園區,混種犬,1,M,BIG,白色,ADULT,N,https://www.pet.gov.tw/upload/pic/1756694617984.png,美中路,2025-08-31,高雄市燕巢區師大路98號,(07)6051002
420334,新北市五股區公立動物之家,新北市五股區公立動物之家,混種犬,1,F,MEDIUM,黑色,CHILD,T,https://www.pet.gov.tw/upload/pic/1756693670160.png,蘆洲區長安街,2025-09-01,新北市五股區外寮路9-9號,(02)82925265
420309,高雄市壽山動物保護教育園區,高雄市壽山動物保護教育園區,混種犬,1,M,MEDIUM,黑色,CHILD,N,https://www.pet.gov.tw/upload/pic/1756626732054.png,五甲二路,2025-08-01,高雄市鼓山區萬壽路350號,(07)5519059
420303,高雄市壽山動物保護教育園區,高雄市壽山動物保護教育園區,混種犬,1,F,MEDIUM,黃色,ADULT,N,https://www.pet.gov.tw/upload/pic/1756624044490.png,金潭路,2025-08-01,高雄市鼓山區萬壽路350號,(07)5519059
420296,高雄市壽山動物保護教育園區,高雄市壽山動物保護教育園區,混種犬,1,M,BIG,黑色,ADULT,N,https://www.pet.gov.tw/upload/pic/1756622868258.png,內厝路,2025-08-01,高雄市鼓山區萬壽路350號,(07)5519059
97412,桃園市動物保護教育園區,桃園市動物保護教育園區,混種犬,1,F,MEDIUM,花色,ADULT,F,https://www.pet.gov.tw/upload/pic/248af3ae-10b9-4143-bde8-df39abf3cae1.JPG,頂好街,2019-05-09,桃園市新屋區永興里3鄰藻礁路1668號,(03)4861760
420274,新北市中和區公立動物之家,新北市中和區公立動物之家,混種犬,1,F,MEDIUM,黑色,ADULT,T,https://www.pet.gov.tw/upload/pic/1756538999147.png,中和區興南路三段,2025-08-30,新北市中和區興南路三段100號,(02)86685547
420273,新北市中和區公立動物之家,新北市中和區公立動物之家,混種犬,1,M,MEDIUM,三花色,CHILD,T,https://www.pet.gov.tw/upload/pic/1756537068231.png,中和區興南路三段,2025-08-30,新北市中和區興南路三段100號,(02)86685547
90629,臺北市動物之家,臺北市動物之家,混種犬,1,M,MEDIUM,黑色,ADULT,T,https://www.pet.gov.tw/upload/pic/40706_108032507_0.JPG,龍鳳谷遊客服務中心,2021-04-10,臺北市內湖區安美街191號,(02)87913254
176627,新北市三芝區公立動物之家,新北市三芝區公立動物之家,混種犬,1,M,MEDIUM,黑色,ADULT,F,https://www.pet.gov.tw/upload/pic/1730181532359.png,富坪路16號,2021-04-09,新北市三芝區青山路(龍巖人本旁),(02)26365436
44206,新北市三芝區公立動物之家,新北市三芝區公立動物之家,混種犬,1,F,MEDIUM,黑色,ADULT,T,https://www.pet.gov.tw/upload/pic/1700810686161.png,小坪頂,2018-04-16,新北市三芝區青山路(龍巖人本旁),(02)26365436
36436,新北市三芝區公立動物之家,新北市三芝區公立動物之家,混種犬,1,M,MEDIUM,黑色,ADULT,T,https://www.pet.gov.tw/upload/pic/1730181905237.png,茂林社區,2017-05-18,新北市三芝區青山路(龍巖人本旁),(02)26365436
169213,新北市三芝區公立動物之家,新北市三芝區公立動物之家,混種犬,1,M,MEDIUM,黑色,ADULT,F,https://www.pet.gov.tw/upload/pic/1701066817512.png,馬偕醫學院,2020-07-24,新北市三芝區青山路(龍巖人本旁),(02)26365436
36406,新北市三芝區公立動物之家,新北市三芝區公立動物之家,混種犬,1,F,MEDIUM,黑色,ADULT,T,https://www.pet.gov.tw/upload/pic/1730182084340.png,下褔路,2015-10-31,新北市三芝區青山路(龍巖人本旁),(02)26365436
406138,雲林縣流浪動物收容所,雲林縣流浪動物收容所,混種犬,1,F,BIG,黑色,ADULT,F,https://www.pet.gov.tw/upload/pic/1747622023885.png,土庫鎮仁美街,2025-08-27,雲林縣斗六市雲林路二段517號,(05)5523300
284281,金門縣動物收容中心,金門縣動物收容中心,混種犬,1,M,MEDIUM,黑色,ADULT,T,https://www.pet.gov.tw/upload/pic/11d0c13e-1768-4876-ac42-61548f4a1acf.jpg,金城鎮北門里民生路,2022-11-17,金門縣金湖鎮裕民農莊20號,(082)336625
419942,宜蘭縣流浪動物中途之家,宜蘭縣流浪動物中途之家,混種犬,1,F,MEDIUM,虎斑色,ADULT,N,https://www.pet.gov.tw/upload/pic/1756283087018.png,寒溪,2025-08-27,宜蘭縣五結鄉成興村利寶路60號,(03)9602350620
419206,新北市五股區公立動物之家,新北市五股區公立動物之家,混種犬,1,M,MEDIUM,黑色,ADULT,T,https://www.pet.gov.tw/upload/pic/1755832429779.png,林口區林口嘉寶里7鄰46號,2025-08-22,新北市五股區外寮路9-9號,(02)82925265
418729,南投縣公立動物收容所,南投縣公立動物收容所,混種犬,1,M,MEDIUM,黑白色,ADULT,T,https://www.pet.gov.tw/upload/pic/1755569576836.png,彰南路一段,2025-08-18,南投縣南投市嶺興路36-1號,(049)2225440
259175,雲林縣流浪動物收容所,雲林縣流浪動物收容所,混種犬,1,F,BIG,棕白色,ADULT,T,https://www.pet.gov.tw/upload/pic/1756255936608.png,西螺鎮延平路,2022-06-10,雲林縣斗六市雲林路二段517號,(05)5523300
419575,高雄市壽山動物保護教育園區,高雄市壽山動物保護教育園區,混種犬,1,F,BIG,黑色,ADULT,T,https://www.pet.gov.tw/upload/pic/1756179172399.png,姑婆寮,2025-08-26,高雄市鼓山區萬壽路350號,(07)5519059
419574,高雄市壽山動物保護教育園區,高雄市壽山動物保護教育園區,混種犬,1,F,BIG,棕色,ADULT,T,https://www.pet.gov.tw/upload/pic/1756179058809.png,內坑路,2025-08-26,高雄市鼓山區萬壽路350號,(07)5519059
419554,高雄市壽山動物保護教育園區,高雄市壽山動物保護教育園區,混種犬,1,F,BIG,黑色,ADULT,T,https://www.pet.gov.tw/upload/pic/1756175829710.png,仁安三巷,2025-08-26,高雄市鼓山區萬壽路350號,(07)5519059
419552,高雄市壽山動物保護教育園區,高雄市壽山動物保護教育園區,混種犬,1,F,BIG,黑色,ADULT,T,https://www.pet.gov.tw/upload/pic/1756175746245.png,大林路,2025-08-26,高雄市鼓山區萬壽路350號,(07)5519059
419550,高雄市壽山動物保護教育園區,高雄市壽山動物保護教育園區,混種犬,1,F,BIG,棕色,ADULT,T,https://www.pet.gov.tw/upload/pic/1756175623750.png,半屏山後巷,2025-08-26,高雄市鼓山區萬壽路350號,(07)5519059
419454,高雄市壽山動物保護教育園區,高雄市壽山動物保護教育園區,混種犬,1,M,BIG,黃色,ADULT,T,https://www.pet.gov.tw/upload/pic/1756108450927.png,澄清湖,2025-08-25,高雄市鼓山區萬壽路350號,(07)5519059
419428,高雄市壽山動物保護教育園區,高雄市壽山動物保護教育園區,混種犬,1,M,BIG,黑色,ADULT,T,https://www.pet.gov.tw/upload/pic/1756107710477.png,橫山三巷,2025-08-25,高雄市鼓山區萬壽路350號,(07)5519059
419412,高雄市壽山動物保護教育園區,高雄市壽山動物保護教育園區,混種犬,1,M,BIG,黑色,ADULT,T,https://www.pet.gov.tw/upload/pic/1756107126832.png,橫山三巷,2025-08-25,高雄市鼓山區萬壽路350號,(07)5519059
419291,新北市中和區公立動物之家,新北市中和區公立動物之家,混種犬,1,F,MEDIUM,黃色,ADULT,T,https://www.pet.gov.tw/upload/pic/1755920792182.png,土城區福安街31號,2025-08-23,新北市中和區興南路三段100號,(02)86685547
419290,新北市中和區公立動物之家,新北市中和區公立動物之家,混種犬,1,M,MEDIUM,黑色,ADULT,T,https://www.pet.gov.tw/upload/pic/1755920464753.png,中和區中山路二段349號,2025-08-23,新北市中和區興南路三段100號,(02)86685547
419289,新北市中和區公立動物之家,新北市中和區公立動物之家,混種犬,1,F,MEDIUM,黑色,ADULT,T,https://www.pet.gov.tw/upload/pic/1755920318591.png,中和區中和路283號,2025-08-23,新北市中和區興南路三段100號,(02)86685547
413299,彰化縣流浪狗中途之家,彰化縣流浪狗中途之家,混種犬,1,F,SMALL,咖啡色,ADULT,F,https://www.pet.gov.tw/upload/pic/1751687710039.png,秀水高工附近,2025-08-25,彰化縣員林市大峰里阿寶巷426號(大門入口請由彰化縣芬園鄉大彰路一段875巷進入走到底),(04)8590638
273524,新北市五股區公立動物之家,新北市五股區公立動物之家,混種犬,1,M,MEDIUM,虎斑色,ADULT,F,https://www.pet.gov.tw/upload/pic/5f2a2014-e924-497f-be8b-9ccd3bc7e5fe.jpg,五股四維路118巷10弄23號,2022-09-20,新北市五股區外寮路9-9號,(02)82925265
419202,新北市五股區公立動物之家,新北市五股區公立動物之家,混種犬,1,M,MEDIUM,黑色,ADULT,T,https://www.pet.gov.tw/upload/pic/1755832437548.png,三重區三重區頂文路1號,2025-08-22,新北市五股區外寮路9-9號,(02)82925265
283794,新北市中和區公立動物之家,新北市中和區公立動物之家,混種犬,1,M,MEDIUM,黑色,ADULT,T,https://www.pet.gov.tw/upload/pic/1755847422177.png,永和區,2022-11-18,新北市中和區興南路三段100號,(02)86685547
152112,新北市中和區公立動物之家,新北市中和區公立動物之家,混種犬,1,M,MEDIUM,黑色,ADULT,T,https://www.pet.gov.tw/upload/pic/9f50e88e-ac34-47cf-afc5-9e85c5098bef.JPG,興南路2段128巷,2020-04-10,新北市中和區興南路三段100號,(02)86685547
228550,新北市中和區公立動物之家,新北市中和區公立動物之家,混種犬,1,M,MEDIUM,黑色,ADULT,T,https://www.pet.gov.tw/upload/pic/95fcdfb9-690d-46b0-a838-83ad9a724263.jpg,土城區永安街89-1號,2022-01-05,新北市中和區興南路三段100號,(02)86685547
214248,新北市中和區公立動物之家,新北市中和區公立動物之家,混種犬,1,M,MEDIUM,黑色,ADULT,T,https://www.pet.gov.tw/upload/pic/8a55f2d3-103e-46f8-890f-34367832e878.jpg,圓通路369巷2號,2021-07-16,新北市中和區興南路三段100號,(02)86685547
220027,新北市中和區公立動物之家,新北市中和區公立動物之家,混種犬,1,F,MEDIUM,虎斑色,ADULT,T,https://www.pet.gov.tw/upload/pic/84b4ec6a-b50d-45a7-ac6d-7da82f30c9fb.jpg,中和區成功路,2021-09-05,新北市中和區興南路三段100號,(02)86685547
189883,新北市中和區公立動物之家,新北市中和區公立動物之家,混種犬,1,M,MEDIUM,黑色,ADULT,T,https://www.pet.gov.tw/upload/pic/f3563866-e546-43de-ab45-36398357c8cf.jpg,中和區,2020-12-24,新北市中和區興南路三段100號,(02)86685547
220196,新北市中和區公立動物之家,新北市中和區公立動物之家,混種犬,1,M,MEDIUM,黃色,ADULT,T,https://www.pet.gov.tw/upload/pic/a8b08e32-a7ca-4a70-9016-30842cb0be85.jpg,永和區中正路與國光路,2021-08-30,新北市中和區興南路三段100號,(02)86685547
147656,新北市中和區公立動物之家,新北市中和區公立動物之家,混種犬,1,F,MEDIUM,黑色,ADULT,T,https://www.pet.gov.tw/upload/pic/a58cbe45-9bd7-4f74-84e9-1584a53a3312.JPG,景新街496巷,,新北市中和區興南路三段100號,(02)86685547
143483,新北市中和區公立動物之家,新北市中和區公立動物之家,混種犬,1,M,MEDIUM,黑色,ADULT,T,https://www.pet.gov.tw/upload/pic/9e1e31b3-e1f3-4098-b926-a5bd86d7bd58.jpg,中和區,2020-02-12,新北市中和區興南路三段100號,(02)86685547
136784,新北市中和區公立動物之家,新北市中和區公立動物之家,混種犬,1,F,MEDIUM,虎斑色,ADULT,T,https://www.pet.gov.tw/upload/pic/2578bb1c-f6ee-48ba-a27f-a0047de586ec.jpg,中和區中山路二段312巷12號,2019-12-31,新北市中和區興南路三段100號,(02)86685547
346512,新北市中和區公立動物之家,新北市中和區公立動物之家,混種犬,1,M,MEDIUM,黑色,ADULT,T,https://www.pet.gov.tw/upload/pic/1708164572653.png,學府路一段23巷,2024-02-21,新北市中和區興南路三段100號,(02)86685547
349389,新北市中和區公立動物之家,新北市中和區公立動物之家,混種犬,1,M,MEDIUM,黃色,ADULT,T,https://www.pet.gov.tw/upload/pic/1709985093433.png,中華路2段,2024-03-16,新北市中和區興南路三段100號,(02)86685547
418714,雲林縣流浪動物收容所,雲林縣流浪動物收容所,混種犬,1,M,BIG,棕色,ADULT,T,https://www.pet.gov.tw/upload/pic/1755564953406.png,西螺鎮大同路,2025-08-22,雲林縣斗六市雲林路二段517號,(05)5523300
404112,新北市中和區公立動物之家,新北市中和區公立動物之家,混種犬,1,M,MEDIUM,黑色,ADULT,F,https://www.pet.gov.tw/upload/pic/1746243969028.png,金城路三段135號,2025-07-30,新北市中和區興南路三段100號,(02)86685547
390377,澎湖縣流浪動物收容中心,澎湖縣流浪動物收容中心,混種犬,1,M,MEDIUM,黑色,CHILD,T,https://www.pet.gov.tw/upload/pic/1736994631096.png,北極殿附近,2025-01-29,澎湖縣馬公市烏崁里260、261號,(06)9213559
398204,澎湖縣流浪動物收容中心,澎湖縣流浪動物收容中心,混種犬,1,F,MEDIUM,黃色,CHILD,T,https://www.pet.gov.tw/upload/pic/1750318127358.png,92-1號,2025-04-02,澎湖縣馬公市烏崁里260、261號,(06)9213559
35591,新北市中和區公立動物之家,新北市中和區公立動物之家,混種犬,1,F,MEDIUM,黃色,ADULT,T,https://www.pet.gov.tw/upload/pic/1755763380814.png,興南路2段399巷,2021-09-11,新北市中和區興南路三段100號,(02)86685547
385018,臺南市動物之家灣裡站,臺南市動物之家灣裡站,混種犬,1,F,MEDIUM,黑色,ADULT,N,https://www.pet.gov.tw/upload/pic/1741233127217.png,大潭里長大路長榮大學內垃圾場,2025-03-06,臺南市南區省躬里14鄰萬年路580巷92號,(06)2964439
395637,桃園市動物保護教育園區,桃園市動物保護教育園區,柴犬,0,M,SMALL,黃色,ADULT,F,https://www.pet.gov.tw/upload/pic/1740626036523.png,五權里下埔,2025-08-31,桃園市新屋區永興里3鄰藻礁路1668號,(03)4861760
98650,新北市中和區公立動物之家,新北市中和區公立動物之家,混種犬,1,F,MEDIUM,黑色,ADULT,T,https://www.pet.gov.tw/upload/pic/60002123-9118-434f-ba87-fc210964bdb5.jpg,土城區,2019-05-18,新北市中和區興南路三段100號,(02)86685547
35782,新北市中和區公立動物之家,新北市中和區公立動物之家,混種犬,1,M,MEDIUM,黑色,ADULT,F,https://www.pet.gov.tw/upload/pic/1693814933031.png,永和,2021-09-11,新北市中和區興南路三段100號,(02)86685547
35742,新北市中和區公立動物之家,新北市中和區公立動物之家,混種犬,1,F,MEDIUM,虎斑色,ADULT,T,https://www.pet.gov.tw/upload/pic/1736565435464.png,龍泉路75-1號,2021-09-11,新北市中和區興南路三段100號,(02)86685547
35741,新北市中和區公立動物之家,新北市中和區公立動物之家,混種犬,1,F,MEDIUM,黑色,ADULT,T,https://www.pet.gov.tw/upload/pic/1694264994840.png,興南路三段52巷,2021-09-11,新北市中和區興南路三段100號,(02)86685547
35740,新北市中和區公立動物之家,新北市中和區公立動物之家,混種犬,1,F,MEDIUM,虎斑色,ADULT,T,https://www.pet.gov.tw/upload/pic/1694266008486.png,興南路三段52巷,2021-09-11,新北市中和區興南路三段100號,(02)86685547
35738,新北市中和區公立動物之家,新北市中和區公立動物之家,混種犬,1,F,MEDIUM,黑色,ADULT,T,https://www.pet.gov.tw/upload/pic/1755756756431.png,興南路三段52巷,2021-09-11,新北市中和區興南路三段100號,(02)86685547
35731,新北市中和區公立動物之家,新北市中和區公立動物之家,混種犬,1,M,MEDIUM,黑色,ADULT,T,https://www.pet.gov.tw/upload/pic/1693813985051.png,福和橋機車道,2021-09-11,新北市中和區興南路三段100號,(02)86685547
35724,新北市中和區公立動物之家,新北市中和區公立動物之家,混種犬,1,F,MEDIUM,黑色,ADULT,T,https://www.pet.gov.tw/upload/pic/1726887591991.png,中央路三段126巷,2017-05-18,新北市中和區興南路三段100號,(02)86685547
378147,彰化縣流浪狗中途之家,彰化縣流浪狗中途之家,混種犬,1,M,SMALL,虎斑色,CHILD,T,https://www.pet.gov.tw/upload/pic/1729128291133.png,源泉路二段48號旁巷內果園,2024-11-11,彰化縣員林市大峰里阿寶巷426號(大門入口請由彰化縣芬園鄉大彰路一段875巷進入走到底),(04)8590638
35654,新北市中和區公立動物之家,新北市中和區公立動物之家,混種犬,1,F,MEDIUM,黑色,ADULT,T,https://www.pet.gov.tw/upload/pic/1693811671568.png,秀峰街19巷,2021-09-11,新北市中和區興南路三段100號,(02)86685547
35637,新北市中和區公立動物之家,新北市中和區公立動物之家,混種犬,1,F,MEDIUM,黑色,ADULT,T,https://www.pet.gov.tw/upload/pic/1695196886899.png,秀峰街19巷,2021-09-11,新北市中和區興南路三段100號,(02)86685547
35575,新北市中和區公立動物之家,新北市中和區公立動物之家,混種犬,1,M,MEDIUM,虎斑色,ADULT,T,https://www.pet.gov.tw/upload/pic/1694168248708.png,中正三路156巷12號,2021-09-11,新北市中和區興南路三段100號,(02)86685547
31424,臺北市動物之家,臺北市動物之家,其他,0,M,SMALL,黑色,CHILD,T,https://www.pet.gov.tw/upload/pic/e337f414-a94a-4542-b6d9-517a57b876db.jpg,民眾不擬續養,2016-10-27,臺北市內湖區安美街191號,(02)87913254
388838,澎湖縣流浪動物收容中心,澎湖縣流浪動物收容中心,混種犬,1,M,BIG,黃色,ADULT,T,https://www.pet.gov.tw/upload/pic/1736646485984.png,賴林民宿附近,2025-01-15,澎湖縣馬公市烏崁里260、261號,(06)9213559
419051,高雄市壽山動物保護教育園區,高雄市壽山動物保護教育園區,混種犬,1,F,BIG,黃色,ADULT,N,https://www.pet.gov.tw/upload/pic/1755742730253.png,橋新三路,2025-08-21,高雄市鼓山區萬壽路350號,(07)5519059
419053,高雄市壽山動物保護教育園區,高雄市壽山動物保護教育園區,混種犬,1,M,BIG,黑色,ADULT,N,https://www.pet.gov.tw/upload/pic/1755736591390.png,明鳳七街,2025-08-21,高雄市鼓山區萬壽路350號,(07)5519059
419052,高雄市壽山動物保護教育園區,高雄市壽山動物保護教育園區,混種犬,1,F,MEDIUM,黃色,ADULT,N,https://www.pet.gov.tw/upload/pic/1755736168188.png,和山路,2025-08-21,高雄市鼓山區萬壽路350號,(07)5519059
392113,南投縣公立動物收容所,南投縣公立動物收容所,混種犬,1,M,MEDIUM,虎斑色,ADULT,T,https://www.pet.gov.tw/upload/pic/1738629550723.png,種瓜路,2025-02-10,南投縣南投市嶺興路36-1號,(049)2225440
305455,南投縣公立動物收容所,南投縣公立動物收容所,混種犬,1,F,MEDIUM,黑色,ADULT,T,https://www.pet.gov.tw/upload/pic/1682561193975.png,南投縣水里鄉車埕村民權巷,2012-04-26,南投縣南投市嶺興路36-1號,(049)2225440
315933,南投縣公立動物收容所,南投縣公立動物收容所,混種犬,1,F,MEDIUM,白色,ADULT,T,https://www.pet.gov.tw/upload/pic/1688693284790.png,南投縣南投市三興里文化路,2023-07-06,南投縣南投市嶺興路36-1號,(049)2225440
403608,澎湖縣流浪動物收容中心,澎湖縣流浪動物收容中心,混種犬,1,M,BIG,黑色,ADULT,T,https://www.pet.gov.tw/upload/pic/1745983319939.png,陳進山,2025-05-14,澎湖縣馬公市烏崁里260、261號,(06)9213559
406628,澎湖縣流浪動物收容中心,澎湖縣流浪動物收容中心,混種犬,1,M,BIG,黑色,ADULT,T,https://www.pet.gov.tw/upload/pic/1747877166690.png,陳進山,2025-06-04,澎湖縣馬公市烏崁里260、261號,(06)9213559
413631,澎湖縣流浪動物收容中心,澎湖縣流浪動物收容中心,混種犬,1,M,MEDIUM,黑黃色,ADULT,T,https://www.pet.gov.tw/upload/pic/1752215770219.png,,2025-07-25,澎湖縣馬公市烏崁里260、261號,(06)9213559
311052,南投縣公立動物收容所,南投縣公立動物收容所,混種犬,1,M,MEDIUM,黑色,ADULT,T,https://www.pet.gov.tw/upload/pic/1685670095042.png,南投縣仁愛鄉仁和路,2023-06-06,南投縣南投市嶺興路36-1號,(049)2225440
36144,新北市五股區公立動物之家,新北市五股區公立動物之家,混種犬,1,M,MEDIUM,虎斑色,ADULT,F,https://www.pet.gov.tw/upload/pic/bf3a49b9-14a8-44bd-a0c0-cb5fc3e01a52.jpg,五華街57巷,2021-10-05,新北市五股區外寮路9-9號,(02)82925265
209405,新北市五股區公立動物之家,新北市五股區公立動物之家,混種犬,1,F,MEDIUM,黃色,ADULT,F,https://www.pet.gov.tw/upload/pic/1da242de-caf9-4e90-8de4-bcf47a71a37b.jpg,太平,2021-06-08,新北市五股區外寮路9-9號,(02)82925265
373110,南投縣公立動物收容所,南投縣公立動物收容所,混種犬,1,F,MEDIUM,黃色,ADULT,T,https://www.pet.gov.tw/upload/pic/1725692273566.png,大岩巷,2024-09-07,南投縣南投市嶺興路36-1號,(049)2225440
373112,南投縣公立動物收容所,南投縣公立動物收容所,混種犬,1,F,MEDIUM,黑色,ADULT,T,https://www.pet.gov.tw/upload/pic/1725694543016.png,大岩巷,2024-09-07,南投縣南投市嶺興路36-1號,(049)2225440
27959,南投縣公立動物收容所,南投縣公立動物收容所,混種犬,1,M,MEDIUM,黃色,ADULT,T,https://www.pet.gov.tw/upload/pic/40c76f43-0858-4ffb-96a6-9e506fb0e4d7.JPG,南投縣埔里鎮,2016-10-06,南投縣南投市嶺興路36-1號,(049)2225440
373111,南投縣公立動物收容所,南投縣公立動物收容所,混種犬,1,F,MEDIUM,黑色,ADULT,T,https://www.pet.gov.tw/upload/pic/1725670612769.png,大岩巷,2024-09-07,南投縣南投市嶺興路36-1號,(049)2225440
373109,南投縣公立動物收容所,南投縣公立動物收容所,混種犬,1,F,MEDIUM,黑色,ADULT,T,https://www.pet.gov.tw/upload/pic/1725692295423.png,大岩巷,2024-09-07,南投縣南投市嶺興路36-1號,(049)2225440
353662,南投縣公立動物收容所,南投縣公立動物收容所,混種犬,1,M,MEDIUM,虎斑色,ADULT,T,https://www.pet.gov.tw/upload/pic/1712883234918.png,南投縣魚池鄉東池村福興巷,2025-01-04,南投縣南投市嶺興路36-1號,(049)2225440
377532,南投縣公立動物收容所,南投縣公立動物收容所,混種犬,1,M,MEDIUM,黑色,ADULT,T,https://www.pet.gov.tw/upload/pic/1728716002307.png,鯉魚路一巷,2024-11-07,南投縣南投市嶺興路36-1號,(049)2225440
359885,南投縣公立動物收容所,南投縣公立動物收容所,混種犬,1,F,SMALL,黃色,ADULT,T,https://www.pet.gov.tw/upload/pic/1716948088597.png,中山路,2024-05-28,南投縣南投市嶺興路36-1號,(049)2225440
374975,臺北市動物之家,臺北市動物之家,貴賓犬,0,M,SMALL,黑色,ADULT,T,https://www.pet.gov.tw/upload/pic/1726905826999.png,,2024-09-21,臺北市內湖區安美街191號,(02)87913254
370031,基隆市寵物銀行,基隆市寵物銀行,混種犬,1,F,MEDIUM,黑色,ADULT,T,https://www.pet.gov.tw/upload/pic/1755479104065.png,中山四路（台基）,2024-08-14,基隆市七堵區大華三路45-12號(欣欣安樂園旁),(02)24560148
333807,臺北市動物之家,臺北市動物之家,混種犬,1,F,MEDIUM,虎斑色,ADULT,T,https://www.pet.gov.tw/upload/pic/1699514068504.png,錦安里永康街,2023-11-18,臺北市內湖區安美街191號,(02)87913254
371674,南投縣公立動物收容所,南投縣公立動物收容所,混種犬,1,F,MEDIUM,虎斑色,ADULT,T,https://www.pet.gov.tw/upload/pic/1724812213147.png,大岩巷,2024-08-27,南投縣南投市嶺興路36-1號,(049)2225440
323365,南投縣公立動物收容所,南投縣公立動物收容所,混種犬,1,F,MEDIUM,黑色,ADULT,T,https://www.pet.gov.tw/upload/pic/1693465080457.png,南投縣埔里鎮中正路,2023-08-30,南投縣南投市嶺興路36-1號,(049)2225440
418493,新北市中和區公立動物之家,新北市中和區公立動物之家,混種犬,1,M,MEDIUM,米色,CHILD,T,https://www.pet.gov.tw/upload/pic/1755315630818.png,土城區明德路一段,2025-08-16,新北市中和區興南路三段100號,(02)86685547
26850,南投縣公立動物收容所,南投縣公立動物收容所,混種犬,1,M,MEDIUM,虎斑色,ADULT,T,https://www.pet.gov.tw/upload/pic/5b7d2cad-4dfe-452d-a8f0-d881168948d0.JPG,南投縣竹山鎮,2017-07-24,南投縣南投市嶺興路36-1號,(049)2225440
241907,南投縣公立動物收容所,南投縣公立動物收容所,混種犬,1,F,MEDIUM,黑色,ADULT,T,https://www.pet.gov.tw/upload/pic/93db9d22-3bde-4128-8ed9-4a7e0fa59c51.JPG,南投縣仁愛鄉親愛村高平路,2022-02-17,南投縣南投市嶺興路36-1號,(049)2225440
330421,南投縣公立動物收容所,南投縣公立動物收容所,混種犬,1,M,MEDIUM,黃白色,ADULT,T,https://www.pet.gov.tw/upload/pic/1697767189095.png,南投縣仁愛鄉大同村仁和路,2023-10-25,南投縣南投市嶺興路36-1號,(049)2225440
418431,臺北市動物之家,臺北市動物之家,混種犬,1,M,MEDIUM,黑色,ADULT,T,https://www.pet.gov.tw/upload/pic/1755239953171.png,仁愛路四段,2025-08-23,臺北市內湖區安美街191號,(02)87913254
347693,南投縣公立動物收容所,南投縣公立動物收容所,混種犬,1,F,MEDIUM,黃色,ADULT,T,https://www.pet.gov.tw/upload/pic/1709000489492.png,南投縣草屯鎮南埔里中正路,2024-02-23,南投縣南投市嶺興路36-1號,(049)2225440
406019,南投縣公立動物收容所,南投縣公立動物收容所,混種犬,1,M,MEDIUM,三花色,ADULT,T,https://www.pet.gov.tw/upload/pic/1747450344885.png,嶺興路,2025-05-16,南投縣南投市嶺興路36-1號,(049)2225440
417680,南投縣公立動物收容所,南投縣公立動物收容所,混種犬,1,F,SMALL,黑黃色,CHILD,T,https://www.pet.gov.tw/upload/pic/1754641773885.png,過坑巷,2025-08-08,南投縣南投市嶺興路36-1號,(049)2225440
418442,雲林縣流浪動物收容所,雲林縣流浪動物收容所,混種犬,1,F,BIG,黑棕色,CHILD,T,https://www.pet.gov.tw/upload/pic/1755242931641.png,斗六市後庄,2025-08-07,雲林縣斗六市雲林路二段517號,(05)5523300
416240,彰化縣流浪狗中途之家,彰化縣流浪狗中途之家,混種犬,1,M,MEDIUM,黑黃色,ADULT,T,https://www.pet.gov.tw/upload/pic/1753842981211.png,古嚴禪寺,2025-08-18,彰化縣員林市大峰里阿寶巷426號(大門入口請由彰化縣芬園鄉大彰路一段875巷進入走到底),(04)8590638
416538,彰化縣流浪狗中途之家,彰化縣流浪狗中途之家,混種犬,1,M,MEDIUM,黑色,ADULT,T,https://www.pet.gov.tw/upload/pic/1753948773998.png,,2025-08-18,彰化縣員林市大峰里阿寶巷426號(大門入口請由彰化縣芬園鄉大彰路一段875巷進入走到底),(04)8590638
416244,彰化縣流浪狗中途之家,彰化縣流浪狗中途之家,混種犬,1,M,BIG,黑白色,ADULT,T,https://www.pet.gov.tw/upload/pic/1753843323339.png,彰濱產業園區服務中心,2025-08-18,彰化縣員林市大峰里阿寶巷426號(大門入口請由彰化縣芬園鄉大彰路一段875巷進入走到底),(04)8590638
416446,彰化縣流浪狗中途之家,彰化縣流浪狗中途之家,混種犬,1,M,MEDIUM,黑色,ADULT,T,https://www.pet.gov.tw/upload/pic/1753927157779.png,新興路150巷35號,2025-08-18,彰化縣員林市大峰里阿寶巷426號(大門入口請由彰化縣芬園鄉大彰路一段875巷進入走到底),(04)8590638
416450,彰化縣流浪狗中途之家,彰化縣流浪狗中途之家,混種犬,1,M,MEDIUM,黑色,ADULT,T,https://www.pet.gov.tw/upload/pic/1753927536276.png,錦安巷4之6號,2025-08-18,彰化縣員林市大峰里阿寶巷426號(大門入口請由彰化縣芬園鄉大彰路一段875巷進入走到底),(04)8590638
415554,彰化縣流浪狗中途之家,彰化縣流浪狗中途之家,混種犬,1,M,MEDIUM,黃白色,ADULT,T,https://www.pet.gov.tw/upload/pic/1753337939120.png,忠孝路天師府,2025-08-18,彰化縣員林市大峰里阿寶巷426號(大門入口請由彰化縣芬園鄉大彰路一段875巷進入走到底),(04)8590638
316399,臺南市動物之家灣裡站,臺南市動物之家灣裡站,混種犬,1,F,MEDIUM,黃色,ADULT,T,https://www.pet.gov.tw/upload/pic/1735798082058.png,佃東里公學路4段122巷272弄166號,2025-01-02,臺南市南區省躬里14鄰萬年路580巷92號,(06)2964439
363153,澎湖縣流浪動物收容中心,澎湖縣流浪動物收容中心,混種犬,1,F,MEDIUM,灰黑色,CHILD,T,https://www.pet.gov.tw/upload/pic/1746155816040.png,大昇建村旁空地,2024-07-08,澎湖縣馬公市烏崁里260、261號,(06)9213559
391761,桃園市動物保護教育園區,桃園市動物保護教育園區,混種犬,1,M,MEDIUM,黑色,ADULT,F,https://www.pet.gov.tw/upload/pic/1737687363637.png,大潭里５鄰濱海路大潭段２３９巷,2025-08-15,桃園市新屋區永興里3鄰藻礁路1668號,(03)4861760
350127,澎湖縣流浪動物收容中心,澎湖縣流浪動物收容中心,混種犬,1,M,BIG,虎斑色,ADULT,T,https://www.pet.gov.tw/upload/pic/1727245751152.png,石泉國小,2024-03-27,澎湖縣馬公市烏崁里260、261號,(06)9213559
335865,臺南市動物之家灣裡站,臺南市動物之家灣裡站,混種犬,1,F,MEDIUM,黑色,ADULT,T,https://www.pet.gov.tw/upload/pic/1745553251724.png,三民里正北一路160巷25號,2025-04-07,臺南市南區省躬里14鄰萬年路580巷92號,(06)2964439
418279,宜蘭縣流浪動物中途之家,宜蘭縣流浪動物中途之家,混種犬,1,F,BIG,黑色,ADULT,N,https://www.pet.gov.tw/upload/pic/1755150630374.png,泰雅路四段,2025-08-14,宜蘭縣五結鄉成興村利寶路60號,(03)9602350620
312313,臺北市動物之家,臺北市動物之家,混種犬,1,M,MEDIUM,虎斑色,ADULT,T,https://www.pet.gov.tw/upload/pic/1689508658851.png,聚盛里 中山北路二段,2023-07-07,臺北市內湖區安美街191號,(02)87913254
233225,基隆市寵物銀行,基隆市寵物銀行,混種犬,1,F,MEDIUM,黑色,ADULT,T,https://www.pet.gov.tw/upload/pic/a4934796-9f42-4e0a-bdbe-6f7e0d60d6de.jpg,基金一路175巷,2021-12-07,基隆市七堵區大華三路45-12號(欣欣安樂園旁),(02)24560148
387883,基隆市寵物銀行,基隆市寵物銀行,混種犬,1,M,BIG,米色,ADULT,T,https://www.pet.gov.tw/upload/pic/1735102940855.png,華新二路,2025-06-05,基隆市七堵區大華三路45-12號(欣欣安樂園旁),(02)24560148
229933,基隆市寵物銀行,基隆市寵物銀行,台灣犬,0,M,MEDIUM,咖啡色,ADULT,T,https://www.pet.gov.tw/upload/pic/0dc0ce01-7122-4116-88c1-29c5ac6f6908.jpg,祥豐街177巷,2021-11-12,基隆市七堵區大華三路45-12號(欣欣安樂園旁),(02)24560148
182557,基隆市寵物銀行,基隆市寵物銀行,混種犬,1,M,MEDIUM,白色,ADULT,T,https://www.pet.gov.tw/upload/pic/7ff185e8-ffcb-4bc3-90c1-3d0f4a7a581a.jpg,愛四路,2020-12-21,基隆市七堵區大華三路45-12號(欣欣安樂園旁),(02)24560148
305721,基隆市寵物銀行,基隆市寵物銀行,混種犬,1,M,BIG,黑色,ADULT,T,https://www.pet.gov.tw/upload/pic/1754958672506.png,中正路187巷,2023-12-08,基隆市七堵區大華三路45-12號(欣欣安樂園旁),(02)24560148
370474,基隆市寵物銀行,基隆市寵物銀行,混種犬,1,F,MEDIUM,黑色,ADULT,T,https://www.pet.gov.tw/upload/pic/1724038071191.png,基隆市仁一路119號,2025-01-08,基隆市七堵區大華三路45-12號(欣欣安樂園旁),(02)24560148
275808,基隆市寵物銀行,基隆市寵物銀行,混種犬,1,M,BIG,黑色,ADULT,T,https://www.pet.gov.tw/upload/pic/ffa5e387-9e33-4058-b7a5-eda50c957548.jpg,暖暖區過港路10巷,2023-04-12,基隆市七堵區大華三路45-12號(欣欣安樂園旁),(02)24560148
301159,基隆市寵物銀行,基隆市寵物銀行,混種犬,1,M,MEDIUM,虎斑色,ADULT,T,https://www.pet.gov.tw/upload/pic/1679890268905.png,崇孝街11之4號(公車處),2023-08-27,基隆市七堵區大華三路45-12號(欣欣安樂園旁),(02)24560148
366807,基隆市寵物銀行,基隆市寵物銀行,混種犬,1,M,BIG,黑色,ADULT,T,https://www.pet.gov.tw/upload/pic/1721285493306.png,大華二路2-2號(灰渣場),2025-03-12,基隆市七堵區大華三路45-12號(欣欣安樂園旁),(02)24560148
371968,臺北市動物之家,臺北市動物之家,混種犬,1,M,MEDIUM,黑色,ADULT,T,https://www.pet.gov.tw/upload/pic/1724923671381.png,湖田里	鞍部停車場,2024-10-07,臺北市內湖區安美街191號,(02)87913254
266506,臺北市動物之家,臺北市動物之家,混種犬,1,F,MEDIUM,黃色,ADULT,T,https://www.pet.gov.tw/upload/pic/7facb3e0-1c82-4c79-9661-a829e2cad89b.jpg,動物之家,2022-07-22,臺北市內湖區安美街191號,(02)87913254
414717,臺中市動物之家后里園區,臺中市動物之家后里園區,貴賓犬,0,M,MEDIUM,棕色,ADULT,T,https://www.pet.gov.tw/upload/pic/1754958521961.png,水美路125-1號,2025-08-12,臺中市后里區堤防路370號,(04)25588024
417967,金門縣動物收容中心,金門縣動物收容中心,混種犬,1,M,BIG,黃色,ADULT,F,https://www.pet.gov.tw/upload/pic/1754902538549.png,昔果山,2025-08-14,金門縣金湖鎮裕民農莊20號,(082)336625
166489,桃園市動物保護教育園區,桃園市動物保護教育園區,混種犬,1,F,MEDIUM,黑色,ADULT,T,https://www.pet.gov.tw/upload/pic/3e899e15-bf48-481e-ab88-794256f07ffc.JPG,龍岡里龍昌路,2020-07-01,桃園市新屋區永興里3鄰藻礁路1668號,(03)4861760
212070,臺北市動物之家,臺北市動物之家,混種犬,1,F,MEDIUM,黑色,ADULT,T,https://www.pet.gov.tw/upload/pic/80e50136-f88c-4b98-af22-7340b4e3b425.jpg,新生北路2段87巷,2021-07-07,臺北市內湖區安美街191號,(02)87913254
35769,新北市中和區公立動物之家,新北市中和區公立動物之家,混種犬,1,F,MEDIUM,黑色,ADULT,T,https://www.pet.gov.tw/upload/pic/1736565728416.png,中和,2021-09-11,新北市中和區興南路三段100號,(02)86685547
386860,臺南市動物之家灣裡站,臺南市動物之家灣裡站,混種犬,1,F,MEDIUM,黃色,ADULT,N,https://www.pet.gov.tw/upload/pic/1745567093220.png,沙崙里高發三路二段與歸仁15路交叉處,2025-01-15,臺南市南區省躬里14鄰萬年路580巷92號,(06)2964439
413831,新北市五股區公立動物之家,新北市五股區公立動物之家,臘腸犬,0,F,MEDIUM,棕色,ADULT,F,https://www.pet.gov.tw/upload/pic/1752133978681.png,三重區頂崁街,2025-08-07,新北市五股區外寮路9-9號,(02)82925265
417546,新北市中和區公立動物之家,新北市中和區公立動物之家,混種犬,1,F,MEDIUM,黑色,ADULT,T,https://www.pet.gov.tw/upload/pic/1754616476528.png,土城區中央路4段,2025-08-08,新北市中和區興南路三段100號,(02)86685547
417524,新北市中和區公立動物之家,新北市中和區公立動物之家,混種犬,1,F,MEDIUM,黃色,ADULT,T,https://www.pet.gov.tw/upload/pic/1754561365139.png,土城區中央路4段,2025-08-07,新北市中和區興南路三段100號,(02)86685547
417443,臺東縣動物收容中心,臺東縣動物收容中心,混種犬,1,F,SMALL,黑色,CHILD,N,https://www.pet.gov.tw/upload/pic/1754554145171.png,,2025-08-07,臺東縣臺東市中華路4段999巷600號,(089)362011
296362,新北市中和區公立動物之家,新北市中和區公立動物之家,混種犬,1,F,MEDIUM,黑色,ADULT,F,https://www.pet.gov.tw/upload/pic/1736574523768.png,捷運路163號,2023-06-10,新北市中和區興南路三段100號,(02)86685547
35656,新北市中和區公立動物之家,新北市中和區公立動物之家,混種犬,1,M,MEDIUM,黑色,ADULT,F,https://www.pet.gov.tw/upload/pic/1735616490724.png,中和,2021-09-11,新北市中和區興南路三段100號,(02)86685547
35648,新北市中和區公立動物之家,新北市中和區公立動物之家,混種犬,1,F,MEDIUM,黑黃色,ADULT,F,https://www.pet.gov.tw/upload/pic/1735901752573.png,永和區,2021-09-11,新北市中和區興南路三段100號,(02)86685547
35684,新北市中和區公立動物之家,新北市中和區公立動物之家,混種犬,1,M,MEDIUM,黑色,ADULT,F,https://www.pet.gov.tw/upload/pic/1693813323715.png,南工路口,2021-09-11,新北市中和區興南路三段100號,(02)86685547
123664,新北市中和區公立動物之家,新北市中和區公立動物之家,混種犬,1,M,MEDIUM,黃色,ADULT,F,https://www.pet.gov.tw/upload/pic/1725590649691.png,永和區,2019-10-13,新北市中和區興南路三段100號,(02)86685547
58983,新北市中和區公立動物之家,新北市中和區公立動物之家,混種犬,1,F,MEDIUM,米色,ADULT,F,https://www.pet.gov.tw/upload/pic/2abfc357-95f6-4507-8a06-83529ac673ee.jpg,中和區,2018-08-01,新北市中和區興南路三段100號,(02)86685547
35770,新北市中和區公立動物之家,新北市中和區公立動物之家,混種犬,1,F,MEDIUM,黑色,ADULT,F,https://www.pet.gov.tw/upload/pic/1736565829340.png,中和,2021-09-11,新北市中和區興南路三段100號,(02)86685547
138221,新北市中和區公立動物之家,新北市中和區公立動物之家,混種犬,1,M,MEDIUM,黑白色,ADULT,F,https://www.pet.gov.tw/upload/pic/1736317130964.png,,2020-01-03,新北市中和區興南路三段100號,(02)86685547
58585,新北市中和區公立動物之家,新北市中和區公立動物之家,混種犬,1,M,MEDIUM,黑色,ADULT,F,https://www.pet.gov.tw/upload/pic/1736567538240.png,土城區青雲路380巷,2018-07-29,新北市中和區興南路三段100號,(02)86685547
161142,新北市中和區公立動物之家,新北市中和區公立動物之家,混種犬,1,M,MEDIUM,黑色,ADULT,F,https://www.pet.gov.tw/upload/pic/1736568054875.png,火燄山,2020-05-23,新北市中和區興南路三段100號,(02)86685547
31590,臺北市動物之家,臺北市動物之家,混種犬,1,M,MEDIUM,黑色,ADULT,T,https://www.pet.gov.tw/upload/pic/24185_VAAAG1060614008_1.jpg,松仁路,2021-04-11,臺北市內湖區安美街191號,(02)87913254
31346,臺北市動物之家,臺北市動物之家,混種犬,1,F,SMALL,黑色,CHILD,T,https://www.pet.gov.tw/upload/pic/19795_105032911_2.jpg,復興三路152巷,2018-03-01,臺北市內湖區安美街191號,(02)87913254
72387,臺北市動物之家,臺北市動物之家,混種犬,1,M,MEDIUM,黃色,ADULT,T,https://www.pet.gov.tw/upload/pic/ba0c6537-bf9e-4c6b-b40f-360705ede16c.jpg,長春路派出所,2021-04-10,臺北市內湖區安美街191號,(02)87913254
397238,臺北市動物之家,臺北市動物之家,混種犬,1,F,MEDIUM,黃色,ADULT,T,https://www.pet.gov.tw/upload/pic/1741672043276.png,民權東路六段４２３巷９弄,2025-07-01,臺北市內湖區安美街191號,(02)87913254
408722,臺北市動物之家,臺北市動物之家,混種犬,1,M,MEDIUM,黃色,CHILD,T,https://www.pet.gov.tw/upload/pic/1749357615793.png,石牌路二段,2025-07-13,臺北市內湖區安美街191號,(02)87913254
231744,臺北市動物之家,臺北市動物之家,混種犬,1,M,MEDIUM,黑色,ADULT,T,https://www.pet.gov.tw/upload/pic/30ecc57e-d452-4a9d-9cef-a5f01781551f.jpg,景仁里 羅斯福路六段,2021-12-27,臺北市內湖區安美街191號,(02)87913254
315708,臺北市動物之家,臺北市動物之家,混種犬,1,M,MEDIUM,黃白色,ADULT,T,https://www.pet.gov.tw/upload/pic/1688546014450.png,新庄里吉林路,2023-07-31,臺北市內湖區安美街191號,(02)87913254
75930,桃園市動物保護教育園區,桃園市動物保護教育園區,混種犬,1,F,MEDIUM,黑色,ADULT,F,https://www.pet.gov.tw/upload/pic/0a0cd327-f03a-4527-8ebb-1c06c15c8e8b.JPG,新江路218巷,2018-12-09,桃園市新屋區永興里3鄰藻礁路1668號,(03)4861760
187657,臺北市動物之家,臺北市動物之家,混種犬,1,M,MEDIUM,黑色,ADULT,T,https://www.pet.gov.tw/upload/pic/1690005047295.png,指南路3段38巷,2021-04-10,臺北市內湖區安美街191號,(02)87913254
168936,新北市八里區公立動物之家,新北市八里區公立動物之家,混種犬,1,F,MEDIUM,黑色,ADULT,F,https://www.pet.gov.tw/upload/pic/1752127995999.png,福營派出所,2020-10-01,新北市八里區長坑里6鄰長坑道路36號,(02)26194428
214272,新北市中和區公立動物之家,新北市中和區公立動物之家,混種犬,1,M,MEDIUM,黃白色,ADULT,F,https://www.pet.gov.tw/upload/pic/1736574429365.png,中和區,2021-07-16,新北市中和區興南路三段100號,(02)86685547
222333,新北市中和區公立動物之家,新北市中和區公立動物之家,混種犬,1,F,MEDIUM,黑色,ADULT,F,https://www.pet.gov.tw/upload/pic/1735616703241.png,中和區,2021-09-14,新北市中和區興南路三段100號,(02)86685547
31784,臺北市動物之家,臺北市動物之家,混種犬,1,F,MEDIUM,黑色,ADULT,T,https://www.pet.gov.tw/upload/pic/1671600067465.png,南湖里康寧路3段,2021-04-11,臺北市內湖區安美街191號,(02)87913254
396052,臺北市動物之家,臺北市動物之家,混種犬,1,M,MEDIUM,黑色,ADULT,T,https://www.pet.gov.tw/upload/pic/1740988764823.png,福和橋,2025-03-30,臺北市內湖區安美街191號,(02)87913254
380372,臺北市動物之家,臺北市動物之家,柴犬,0,M,MEDIUM,白色,ADULT,T,https://www.pet.gov.tw/upload/pic/1730429655323.png,,2024-11-01,臺北市內湖區安美街191號,(02)87913254
48279,新北市新店區公立動物之家,新北市新店區公立動物之家,混種犬,1,M,MEDIUM,黑色,ADULT,T,https://www.pet.gov.tw/upload/pic/1734493006432.png,淡水區,2018-05-10,新北市新店區安泰路235號,(02)22159462
36033,新北市五股區公立動物之家,新北市五股區公立動物之家,混種犬,1,M,MEDIUM,黃色,ADULT,F,https://www.pet.gov.tw/upload/pic/4d792117-9044-4402-9f6d-98ec5e20994f.jpg,粉寮路一路,2021-10-05,新北市五股區外寮路9-9號,(02)82925265
133174,新北市五股區公立動物之家,新北市五股區公立動物之家,混種犬,1,M,MEDIUM,黑黃色,ADULT,F,https://www.pet.gov.tw/upload/pic/1721289272696.png,集賢路集賢路163號,2019-12-10,新北市五股區外寮路9-9號,(02)82925265
133186,新北市五股區公立動物之家,新北市五股區公立動物之家,混種犬,1,M,MEDIUM,虎斑色,ADULT,F,https://www.pet.gov.tw/upload/pic/1721289333688.png,65快速道路,2019-12-10,新北市五股區外寮路9-9號,(02)82925265
165441,新北市五股區公立動物之家,新北市五股區公立動物之家,混種犬,1,M,MEDIUM,黑色,ADULT,F,https://www.pet.gov.tw/upload/pic/1726629215601.png,瑞平里55號,2020-06-27,新北市五股區外寮路9-9號,(02)82925265
209620,新北市五股區公立動物之家,新北市五股區公立動物之家,混種犬,1,M,MEDIUM,黃色,ADULT,F,https://www.pet.gov.tw/upload/pic/1721289617017.png,仁愛路一段,2021-06-17,新北市五股區外寮路9-9號,(02)82925265
289742,新北市五股區公立動物之家,新北市五股區公立動物之家,混種犬,1,F,MEDIUM,白色,ADULT,T,https://www.pet.gov.tw/upload/pic/1672363861539.png,粉寮路1段15號,2022-12-30,新北市五股區外寮路9-9號,(02)82925265
406071,新北市五股區公立動物之家,新北市五股區公立動物之家,混種犬,1,M,BIG,黑黃色,ADULT,T,https://www.pet.gov.tw/upload/pic/1747540309256.png,蘆洲區民族路502號,2025-06-03,新北市五股區外寮路9-9號,(02)82925265
183967,桃園市動物保護教育園區,桃園市動物保護教育園區,混種犬,1,M,MEDIUM,黑色,ADULT,T,https://www.pet.gov.tw/upload/pic/68c30d09-5836-439e-80d4-c1fcc3f2fb02.JPG,高榮里電研路190巷,2020-11-12,桃園市新屋區永興里3鄰藻礁路1668號,(03)4861760
413317,新北市五股區公立動物之家,新北市五股區公立動物之家,柴犬,0,F,MEDIUM,棕色,ADULT,T,https://www.pet.gov.tw/upload/pic/1751699876101.png,蘆洲區長安街108巷2號,2025-08-04,新北市五股區外寮路9-9號,(02)82925265
335045,澎湖縣流浪動物收容中心,澎湖縣流浪動物收容中心,混種犬,1,M,MEDIUM,黃白色,ADULT,T,https://www.pet.gov.tw/upload/pic/1724385002298.png,,2023-12-01,澎湖縣馬公市烏崁里260、261號,(06)9213559
416818,宜蘭縣流浪動物中途之家,宜蘭縣流浪動物中途之家,混種犬,1,F,BIG,黑色,ADULT,N,https://www.pet.gov.tw/upload/pic/1754287227453.png,中興五路,2025-08-04,宜蘭縣五結鄉成興村利寶路60號,(03)9602350620
415961,雲林縣流浪動物收容所,雲林縣流浪動物收容所,混種犬,1,F,BIG,虎斑色,ADULT,T,https://www.pet.gov.tw/upload/pic/1753688546412.png,虎尾鎮福民路,2025-08-01,雲林縣斗六市雲林路二段517號,(05)5523300
415960,雲林縣流浪動物收容所,雲林縣流浪動物收容所,混種犬,1,F,BIG,黃色,ADULT,T,https://www.pet.gov.tw/upload/pic/1753688489264.png,四湖鄉美山街,2025-08-01,雲林縣斗六市雲林路二段517號,(05)5523300
415959,雲林縣流浪動物收容所,雲林縣流浪動物收容所,混種犬,1,M,BIG,黑色,ADULT,T,https://www.pet.gov.tw/upload/pic/1753688405324.png,四湖鄉美山街,2025-08-01,雲林縣斗六市雲林路二段517號,(05)5523300
415957,雲林縣流浪動物收容所,雲林縣流浪動物收容所,混種犬,1,M,BIG,黑色,ADULT,T,https://www.pet.gov.tw/upload/pic/1753688342088.png,斗六市湖山里,2025-08-01,雲林縣斗六市雲林路二段517號,(05)5523300
415955,雲林縣流浪動物收容所,雲林縣流浪動物收容所,混種犬,1,F,BIG,黑色,ADULT,T,https://www.pet.gov.tw/upload/pic/1753688275248.png,斗六市新莊,2025-08-01,雲林縣斗六市雲林路二段517號,(05)5523300
415054,新北市五股區公立動物之家,新北市五股區公立動物之家,貴賓犬,0,M,SMALL,黑色,ADULT,T,https://www.pet.gov.tw/upload/pic/1753090755828.png,三重區集英路,2025-08-01,新北市五股區外寮路9-9號,(02)82925265
406349,臺北市動物之家,臺北市動物之家,混種犬,1,M,MEDIUM,黑色,ADULT,T,https://www.pet.gov.tw/upload/pic/1747708654321.png,愛富三街12巷,2025-07-13,臺北市內湖區安美街191號,(02)87913254
416106,彰化縣流浪狗中途之家,彰化縣流浪狗中途之家,混種犬,1,M,MEDIUM,黑棕色,ADULT,T,https://www.pet.gov.tw/upload/pic/1753773728765.png,,2025-08-06,彰化縣員林市大峰里阿寶巷426號(大門入口請由彰化縣芬園鄉大彰路一段875巷進入走到底),(04)8590638
183353,新北市新店區公立動物之家,新北市新店區公立動物之家,比特犬,0,F,BIG,黃白色,ADULT,F,https://www.pet.gov.tw/upload/pic/3042fff9-7b44-45fa-aa20-d2e275232538.jpg,中正路454號,2021-01-27,新北市新店區安泰路235號,(02)22159462
402585,新北市新店區公立動物之家,新北市新店區公立動物之家,貴賓犬,0,F,SMALL,黑色,ADULT,T,https://www.pet.gov.tw/upload/pic/1745995078069.png,,2025-04-23,新北市新店區安泰路235號,(02)22159462
364811,新北市新店區公立動物之家,新北市新店區公立動物之家,混種犬,1,M,BIG,黑白色,ADULT,T,https://www.pet.gov.tw/upload/pic/1734496425191.png,環河路東岸停車場(碧潭警衛室),2024-08-13,新北市新店區安泰路235號,(02)22159462
253115,新北市中和區公立動物之家,新北市中和區公立動物之家,混種犬,1,F,MEDIUM,黑色,ADULT,F,https://www.pet.gov.tw/upload/pic/1736317761675.png,三重區退回,2022-04-30,新北市中和區興南路三段100號,(02)86685547
264554,新北市中和區公立動物之家,新北市中和區公立動物之家,混種犬,1,M,MEDIUM,虎斑色,ADULT,F,https://www.pet.gov.tw/upload/pic/1735616744600.png,土城區,2022-07-09,新北市中和區興南路三段100號,(02)86685547
361329,新北市中和區公立動物之家,新北市中和區公立動物之家,混種犬,1,F,MEDIUM,黑色,ADULT,F,https://www.pet.gov.tw/upload/pic/1736575326449.png,,2024-06-12,新北市中和區興南路三段100號,(02)86685547
340130,新北市中和區公立動物之家,新北市中和區公立動物之家,混種犬,1,F,MEDIUM,黑色,ADULT,F,https://www.pet.gov.tw/upload/pic/1736574869481.png,,2023-12-23,新北市中和區興南路三段100號,(02)86685547
36316,新北市八里區公立動物之家,新北市八里區公立動物之家,混種犬,1,M,MEDIUM,黑色,ADULT,F,https://www.pet.gov.tw/upload/pic/1753858309562.png,中華路,2018-06-28,新北市八里區長坑里6鄰長坑道路36號,(02)26194428
36352,新北市八里區公立動物之家,新北市八里區公立動物之家,混種犬,1,M,SMALL,黑色,ADULT,F,https://www.pet.gov.tw/upload/pic/1753858496027.png,新莊派出所,2018-06-28,新北市八里區長坑里6鄰長坑道路36號,(02)26194428
36357,新北市八里區公立動物之家,新北市八里區公立動物之家,混種犬,1,F,BIG,黑色,ADULT,F,https://www.pet.gov.tw/upload/pic/1753859241810.png,建國一路,2019-07-11,新北市八里區長坑里6鄰長坑道路36號,(02)26194428
92093,新北市八里區公立動物之家,新北市八里區公立動物之家,混種犬,1,F,MEDIUM,黑色,ADULT,F,https://www.pet.gov.tw/upload/pic/2805b42f-288c-44b5-9d7b-1d9548515053.jpg,新莊區,2019-04-08,新北市八里區長坑里6鄰長坑道路36號,(02)26194428
378291,彰化縣流浪狗中途之家,彰化縣流浪狗中途之家,混種犬,1,F,MEDIUM,黑色,ADULT,T,https://www.pet.gov.tw/upload/pic/1729216088241.png,源泉路二段48號旁巷子內果園,2024-10-26,彰化縣員林市大峰里阿寶巷426號(大門入口請由彰化縣芬園鄉大彰路一段875巷進入走到底),(04)8590638
373576,彰化縣流浪狗中途之家,彰化縣流浪狗中途之家,混種犬,1,F,MEDIUM,虎斑色,ADULT,T,https://www.pet.gov.tw/upload/pic/1726018679226.png,大彰路3段(太安宮前),2024-09-11,彰化縣員林市大峰里阿寶巷426號(大門入口請由彰化縣芬園鄉大彰路一段875巷進入走到底),(04)8590638
292158,彰化縣流浪狗中途之家,彰化縣流浪狗中途之家,混種犬,1,F,MEDIUM,黑色,ADULT,T,https://www.pet.gov.tw/upload/pic/1673853733584.png,張厝巷,2023-01-14,彰化縣員林市大峰里阿寶巷426號(大門入口請由彰化縣芬園鄉大彰路一段875巷進入走到底),(04)8590638
378292,彰化縣流浪狗中途之家,彰化縣流浪狗中途之家,混種犬,1,F,MEDIUM,黑色,ADULT,T,https://www.pet.gov.tw/upload/pic/1729216111038.png,源泉路二段48號旁巷子內果園,2024-10-26,彰化縣員林市大峰里阿寶巷426號(大門入口請由彰化縣芬園鄉大彰路一段875巷進入走到底),(04)8590638
292159,彰化縣流浪狗中途之家,彰化縣流浪狗中途之家,混種犬,1,M,MEDIUM,黑色,ADULT,T,https://www.pet.gov.tw/upload/pic/1673853978977.png,張厝巷,2023-01-14,彰化縣員林市大峰里阿寶巷426號(大門入口請由彰化縣芬園鄉大彰路一段875巷進入走到底),(04)8590638
399510,彰化縣流浪狗中途之家,彰化縣流浪狗中途之家,混種犬,1,F,MEDIUM,黑色,ADULT,T,https://www.pet.gov.tw/upload/pic/1743055385307.png,大新路2巷74號附近,2025-04-03,彰化縣員林市大峰里阿寶巷426號(大門入口請由彰化縣芬園鄉大彰路一段875巷進入走到底),(04)8590638
394021,彰化縣流浪狗中途之家,彰化縣流浪狗中途之家,混種犬,1,F,MEDIUM,黃色,ADULT,T,https://www.pet.gov.tw/upload/pic/1739840949651.png,大峯巷478號,2025-03-11,彰化縣員林市大峰里阿寶巷426號(大門入口請由彰化縣芬園鄉大彰路一段875巷進入走到底),(04)8590638
378255,彰化縣流浪狗中途之家,彰化縣流浪狗中途之家,混種犬,1,F,BIG,黑色,ADULT,T,https://www.pet.gov.tw/upload/pic/1729149338235.png,源泉路二段48號旁巷子內果園,2024-10-28,彰化縣員林市大峰里阿寶巷426號(大門入口請由彰化縣芬園鄉大彰路一段875巷進入走到底),(04)8590638
375869,彰化縣流浪狗中途之家,彰化縣流浪狗中途之家,混種犬,1,F,MEDIUM,黑色,ADULT,T,https://www.pet.gov.tw/upload/pic/1727495155549.png,中興巷191號,2024-09-28,彰化縣員林市大峰里阿寶巷426號(大門入口請由彰化縣芬園鄉大彰路一段875巷進入走到底),(04)8590638
322063,彰化縣流浪狗中途之家,彰化縣流浪狗中途之家,混種犬,1,F,MEDIUM,黑色,ADULT,T,https://www.pet.gov.tw/upload/pic/1692757344777.png,中山路150巷,2023-08-23,彰化縣員林市大峰里阿寶巷426號(大門入口請由彰化縣芬園鄉大彰路一段875巷進入走到底),(04)8590638
312322,彰化縣流浪狗中途之家,彰化縣流浪狗中途之家,混種犬,1,F,MEDIUM,黑色,ADULT,T,https://www.pet.gov.tw/upload/pic/1686535697230.png,,2023-06-20,彰化縣員林市大峰里阿寶巷426號(大門入口請由彰化縣芬園鄉大彰路一段875巷進入走到底),(04)8590638
411966,彰化縣流浪狗中途之家,彰化縣流浪狗中途之家,混種犬,1,M,MEDIUM,黃色,ADULT,T,https://www.pet.gov.tw/upload/pic/1750815750896.png,八堡一圳彰77縣道河岸西側,2025-06-28,彰化縣員林市大峰里阿寶巷426號(大門入口請由彰化縣芬園鄉大彰路一段875巷進入走到底),(04)8590638
408682,彰化縣流浪狗中途之家,彰化縣流浪狗中途之家,混種犬,1,M,MEDIUM,黑色,ADULT,T,https://www.pet.gov.tw/upload/pic/1749276101395.png,中山路3段215巷6號,2025-06-16,彰化縣員林市大峰里阿寶巷426號(大門入口請由彰化縣芬園鄉大彰路一段875巷進入走到底),(04)8590638
385249,彰化縣流浪狗中途之家,彰化縣流浪狗中途之家,混種犬,1,M,MEDIUM,黑色,ADULT,T,https://www.pet.gov.tw/upload/pic/1733301060470.png,源泉路二段48號旁巷子內果園,2024-12-12,彰化縣員林市大峰里阿寶巷426號(大門入口請由彰化縣芬園鄉大彰路一段875巷進入走到底),(04)8590638
373853,彰化縣流浪狗中途之家,彰化縣流浪狗中途之家,混種犬,1,M,MEDIUM,黑色,ADULT,T,https://www.pet.gov.tw/upload/pic/1726105961161.png,大彰路3段(太安宮前),2024-09-21,彰化縣員林市大峰里阿寶巷426號(大門入口請由彰化縣芬園鄉大彰路一段875巷進入走到底),(04)8590638
313356,彰化縣流浪狗中途之家,彰化縣流浪狗中途之家,混種犬,1,M,MEDIUM,黃色,ADULT,T,https://www.pet.gov.tw/upload/pic/1686990162506.png,光明路,2023-06-17,彰化縣員林市大峰里阿寶巷426號(大門入口請由彰化縣芬園鄉大彰路一段875巷進入走到底),(04)8590638
292157,彰化縣流浪狗中途之家,彰化縣流浪狗中途之家,混種犬,1,M,MEDIUM,黑色,ADULT,T,https://www.pet.gov.tw/upload/pic/1673853536057.png,張厝巷,2023-01-14,彰化縣員林市大峰里阿寶巷426號(大門入口請由彰化縣芬園鄉大彰路一段875巷進入走到底),(04)8590638
287207,彰化縣流浪狗中途之家,彰化縣流浪狗中途之家,混種犬,1,M,MEDIUM,黑色,ADULT,T,https://www.pet.gov.tw/upload/pic/1670822532622.png,員集路2段,2022-12-12,彰化縣員林市大峰里阿寶巷426號(大門入口請由彰化縣芬園鄉大彰路一段875巷進入走到底),(04)8590638
416194,嘉義縣動物保護教育園區,嘉義縣動物保護教育園區,混種犬,1,M,MEDIUM,虎斑色,ADULT,T,https://www.pet.gov.tw/upload/pic/1753833096755.png,,2025-07-30,嘉義縣民雄鄉松山村後山仔37之2號,(05)2721119
416187,嘉義縣動物保護教育園區,嘉義縣動物保護教育園區,混種犬,1,F,BIG,黑白色,ADULT,T,https://www.pet.gov.tw/upload/pic/1753832202845.png,,2025-07-30,嘉義縣民雄鄉松山村後山仔37之2號,(05)2721119
415999,新北市八里區公立動物之家,新北市八里區公立動物之家,臘腸犬,0,F,SMALL,棕色,ADULT,F,https://www.pet.gov.tw/upload/pic/1753692887552.png,蝦皮中正店,,新北市八里區長坑里6鄰長坑道路36號,(02)26194428
276835,新北市五股區公立動物之家,新北市五股區公立動物之家,混種犬,1,F,MEDIUM,棕色,ADULT,F,https://www.pet.gov.tw/upload/pic/930a2890-034d-4bf0-9895-2761ad677ebd.jpg,成泰路1段219巷,2022-10-04,新北市五股區外寮路9-9號,(02)82925265
239456,臺北市動物之家,臺北市動物之家,混種犬,1,M,MEDIUM,黑色,ADULT,T,https://www.pet.gov.tw/upload/pic/08e315d3-10f3-4ecf-b318-3a604558d163.jpg,金貿一路上環東大道往西的方向 外側車道上,2022-01-24,臺北市內湖區安美街191號,(02)87913254
415705,宜蘭縣流浪動物中途之家,宜蘭縣流浪動物中途之家,混種犬,1,F,MEDIUM,虎斑色,CHILD,N,https://www.pet.gov.tw/upload/pic/1753423397548.png,義成路,2025-07-25,宜蘭縣五結鄉成興村利寶路60號,(03)9602350620
369024,臺北市動物之家,臺北市動物之家,混種犬,1,F,MEDIUM,黑色,CHILD,T,https://www.pet.gov.tw/upload/pic/1723078184935.png,湖山里紗帽路,2024-08-08,臺北市內湖區安美街191號,(02)87913254
414976,新北市五股區公立動物之家,新北市五股區公立動物之家,混種犬,1,F,MEDIUM,黑色,CHILD,T,https://www.pet.gov.tw/upload/pic/1753070926881.png,林口區林口麗園一街5號,2025-07-21,新北市五股區外寮路9-9號,(02)82925265
161812,新北市五股區公立動物之家,新北市五股區公立動物之家,混種犬,1,M,MEDIUM,黃色,ADULT,F,https://www.pet.gov.tw/upload/pic/1718430956257.png,後湖路,2020-06-04,新北市五股區外寮路9-9號,(02)82925265
415238,嘉義縣動物保護教育園區,嘉義縣動物保護教育園區,混種犬,1,F,BIG,黃色,ADULT,T,https://www.pet.gov.tw/upload/pic/1753228060987.png,,2025-07-23,嘉義縣民雄鄉松山村後山仔37之2號,(05)2721119
412442,新北市五股區公立動物之家,新北市五股區公立動物之家,柴犬,0,F,MEDIUM,黃色,ADULT,T,https://www.pet.gov.tw/upload/pic/1751185867128.png,三重區三重區溪尾街301號,2025-07-11,新北市五股區外寮路9-9號,(02)82925265
379118,桃園市動物保護教育園區,桃園市動物保護教育園區,混種犬,1,M,MEDIUM,黑色,ADULT,F,https://www.pet.gov.tw/upload/pic/1729747175747.png,崙坪里嘉富路,2025-07-22,桃園市新屋區永興里3鄰藻礁路1668號,(03)4861760
377911,桃園市動物保護教育園區,桃園市動物保護教育園區,混種犬,1,M,MEDIUM,黑色,ADULT,F,https://www.pet.gov.tw/upload/pic/1728913723452.png,金湖里中山路一段,2025-07-22,桃園市新屋區永興里3鄰藻礁路1668號,(03)4861760
415078,新北市五股區公立動物之家,新北市五股區公立動物之家,混種犬,1,F,MEDIUM,黃色,CHILD,T,https://www.pet.gov.tw/upload/pic/1753155280008.png,蘆洲區正和街,2025-07-22,新北市五股區外寮路9-9號,(02)82925265
403414,新竹市動物保護教育園區,新竹市動物保護教育園區,混種犬,1,M,MEDIUM,黃色,ADULT,T,https://www.pet.gov.tw/upload/pic/1745903915808.png,牛埔路,2025-05-06,新竹市南寮里海濱路250號,(03)5368329
101337,臺北市動物之家,臺北市動物之家,混種犬,1,M,MEDIUM,黑色,ADULT,T,https://www.pet.gov.tw/upload/pic/43349_108053002_0.JPG,濱江街,2021-04-10,臺北市內湖區安美街191號,(02)87913254
410743,臺中市動物之家后里園區,臺中市動物之家后里園區,貴賓犬,0,F,MEDIUM,咖啡色,ADULT,T,https://www.pet.gov.tw/upload/pic/1752884848896.png,育才南街和尊賢街口,2025-07-19,臺中市后里區堤防路370號,(04)25588024
414863,新北市中和區公立動物之家,新北市中和區公立動物之家,混種犬,1,F,MEDIUM,黃色,CHILD,T,https://www.pet.gov.tw/upload/pic/1752828721039.png,中和區興南路三段,2025-07-18,新北市中和區興南路三段100號,(02)86685547
413301,桃園市動物保護教育園區,桃園市動物保護教育園區,混種犬,1,F,SMALL,黑色,CHILD,N,https://www.pet.gov.tw/upload/pic/1751689774106.png,元福一路,2025-07-22,桃園市新屋區永興里3鄰藻礁路1668號,(03)4861760
408108,新北市三芝區公立動物之家,新北市三芝區公立動物之家,混種犬,1,F,MEDIUM,黑色,ADULT,T,https://www.pet.gov.tw/upload/pic/1749004698573.png,,2025-07-15,新北市三芝區青山路(龍巖人本旁),(02)26365436
414271,宜蘭縣流浪動物中途之家,宜蘭縣流浪動物中途之家,混種犬,1,F,BIG,黑棕色,ADULT,N,https://www.pet.gov.tw/upload/pic/1752483823868.png,柴圍路,2025-07-14,宜蘭縣五結鄉成興村利寶路60號,(03)9602350620
414217,宜蘭縣流浪動物中途之家,宜蘭縣流浪動物中途之家,混種犬,1,M,BIG,棕黑色,ADULT,N,https://www.pet.gov.tw/upload/pic/1752483673432.png,三星路八段,2025-07-14,宜蘭縣五結鄉成興村利寶路60號,(03)9602350620
412847,新北市五股區公立動物之家,新北市五股區公立動物之家,貴賓犬,0,M,SMALL,棕色,ADULT,T,https://www.pet.gov.tw/upload/pic/1751367909441.png,林口區忠福路355號,,新北市五股區外寮路9-9號,(02)82925265
401799,臺北市動物之家,臺北市動物之家,混種犬,1,F,MEDIUM,黃色,ADULT,T,https://www.pet.gov.tw/upload/pic/1744790400643.png,行義路137巷,2025-07-12,臺北市內湖區安美街191號,(02)87913254
397293,澎湖縣流浪動物收容中心,澎湖縣流浪動物收容中心,混種犬,1,M,MEDIUM,虎斑色,CHILD,T,https://www.pet.gov.tw/upload/pic/1741679841777.png,,2025-03-26,澎湖縣馬公市烏崁里260、261號,(06)9213559
404468,澎湖縣流浪動物收容中心,澎湖縣流浪動物收容中心,混種犬,1,M,BIG,黑色,ADULT,T,https://www.pet.gov.tw/upload/pic/1746589021342.png,舊營區旁,2025-05-21,澎湖縣馬公市烏崁里260、261號,(06)9213559
412722,澎湖縣流浪動物收容中心,澎湖縣流浪動物收容中心,混種犬,1,M,BIG,黑色,ADULT,T,https://www.pet.gov.tw/upload/pic/1751341891016.png,東昇租車行附近,2025-07-19,澎湖縣馬公市烏崁里260、261號,(06)9213559
414066,新北市中和區公立動物之家,新北市中和區公立動物之家,混種犬,1,M,MEDIUM,黑色,ADULT,T,https://www.pet.gov.tw/upload/pic/1752288647434.png,中和區中山路二段,2025-07-12,新北市中和區興南路三段100號,(02)86685547
108729,新北市八里區公立動物之家,新北市八里區公立動物之家,混種犬,1,M,MEDIUM,黑黃色,ADULT,F,https://www.pet.gov.tw/upload/pic/1752134319873.png,荖阡坑,2019-07-16,新北市八里區長坑里6鄰長坑道路36號,(02)26194428
36327,新北市八里區公立動物之家,新北市八里區公立動物之家,混種犬,1,F,MEDIUM,黑色,,F,https://www.pet.gov.tw/upload/pic/1752133167189.png,昌平路,2019-03-21,新北市八里區長坑里6鄰長坑道路36號,(02)26194428
99062,新北市八里區公立動物之家,新北市八里區公立動物之家,混種犬,1,F,MEDIUM,黑色,ADULT,F,https://www.pet.gov.tw/upload/pic/1752132433289.png,小坪頂,2019-05-21,新北市八里區長坑里6鄰長坑道路36號,(02)26194428
413804,臺北市動物之家,臺北市動物之家,混種犬,1,M,MEDIUM,黑色,ADULT,T,https://www.pet.gov.tw/upload/pic/1752126865739.png,中南里中南街１３４巷,2025-07-18,臺北市內湖區安美街191號,(02)87913254
223175,新北市八里區公立動物之家,新北市八里區公立動物之家,混種犬,1,M,MEDIUM,黑色,ADULT,T,https://www.pet.gov.tw/upload/pic/1752126515411.png,新五路一段,2021-09-30,新北市八里區長坑里6鄰長坑道路36號,(02)26194428
82827,新北市八里區公立動物之家,新北市八里區公立動物之家,混種犬,1,M,MEDIUM,黑色,ADULT,T,https://www.pet.gov.tw/upload/pic/1752124365109.png,新北大道,2019-01-29,新北市八里區長坑里6鄰長坑道路36號,(02)26194428
413382,新北市五股區公立動物之家,新北市五股區公立動物之家,混種犬,1,F,MEDIUM,黑色,CHILD,T,https://www.pet.gov.tw/upload/pic/1751876520852.png,林口區林口湖子路18號,2025-07-07,新北市五股區外寮路9-9號,(02)82925265
122208,澎湖縣流浪動物收容中心,澎湖縣流浪動物收容中心,混種犬,1,M,BIG,黑色,ADULT,T,https://asms.coa.gov.tw/amlapp/upload/pic/e7faec02-56e8-47b3-a834-f844c5ef5fe3_org.jpeg,隘門村92號,2019-10-02,澎湖縣馬公市烏崁里260、261號,(06)9213559
224349,臺北市動物之家,臺北市動物之家,混種犬,1,M,MEDIUM,黑色,ADULT,T,https://www.pet.gov.tw/upload/pic/1691812163525.png,萬興里 新光路二段,2021-10-03,臺北市內湖區安美街191號,(02)87913254
72823,臺北市動物之家,臺北市動物之家,混種犬,1,M,MEDIUM,黑棕色,ADULT,T,https://www.pet.gov.tw/upload/pic/37058_107082809_0.JPG,中正路,2021-04-10,臺北市內湖區安美街191號,(02)87913254
31331,臺北市動物之家,臺北市動物之家,混種犬,1,M,SMALL,黑色,CHILD,T,https://www.pet.gov.tw/upload/pic/983db7e3-2eb0-41f2-85b0-3a6fb6f25995.jpg,環山路2段,2021-04-11,臺北市內湖區安美街191號,(02)87913254
31230,臺北市動物之家,臺北市動物之家,混種犬,1,M,SMALL,棕黑色,CHILD,T,https://www.pet.gov.tw/upload/pic/11d1054c-5457-4bac-94c1-a2a12c9b9731.jpg,軍人公墓,2021-04-11,臺北市內湖區安美街191號,(02)87913254
369633,臺北市動物之家,臺北市動物之家,混種犬,1,M,MEDIUM,黃色,ADULT,T,https://www.pet.gov.tw/upload/pic/1723453374798.png,試院里木柵河濱公園籃球場,2024-08-25,臺北市內湖區安美街191號,(02)87913254
84394,臺北市動物之家,臺北市動物之家,混種犬,1,M,MEDIUM,白色,ADULT,T,https://www.pet.gov.tw/upload/pic/b2b179ec-6a76-4c03-8d9d-acd1745bff73.jpg,基隆路1段364巷,2021-04-11,臺北市內湖區安美街191號,(02)87913254
378340,臺北市動物之家,臺北市動物之家,美國惡霸犬,0,M,MEDIUM,黑白色,ADULT,T,https://www.pet.gov.tw/upload/pic/1729234965269.png,福林里中山北路五段４６０巷,2024-11-29,臺北市內湖區安美街191號,(02)87913254
406776,臺北市動物之家,臺北市動物之家,混種犬,1,M,MEDIUM,黑黃色,ADULT,T,https://www.pet.gov.tw/upload/pic/1747982121436.png,至善路三段,2025-07-07,臺北市內湖區安美街191號,(02)87913254
191153,臺北市動物之家,臺北市動物之家,混種犬,1,M,SMALL,黃色,CHILD,T,https://www.pet.gov.tw/upload/pic/f6ad063d-0e63-4514-9857-cd7cd688715a.jpg,民眾不擬續養,2025-07-06,臺北市內湖區安美街191號,(02)87913254
399620,臺北市動物之家,臺北市動物之家,混種犬,1,F,MEDIUM,黑色,ADULT,T,https://www.pet.gov.tw/upload/pic/1743140909757.png,木柵路一段,2025-06-22,臺北市內湖區安美街191號,(02)87913254
405292,臺北市動物之家,臺北市動物之家,混種犬,1,F,MEDIUM,黃色,ADULT,T,https://www.pet.gov.tw/upload/pic/1747043018397.png,中央北路二段,2025-06-23,臺北市內湖區安美街191號,(02)87913254
413304,新北市中和區公立動物之家,新北市中和區公立動物之家,混種犬,1,M,MEDIUM,黑白色,CHILD,T,https://www.pet.gov.tw/upload/pic/1751692580919.png,土城區廣福街81號,2025-07-05,新北市中和區興南路三段100號,(02)86685547
98625,臺北市動物之家,臺北市動物之家,混種犬,1,M,MEDIUM,黑色,ADULT,T,https://www.pet.gov.tw/upload/pic/43197_108051701_0.JPG,忠孝東路1段,2021-04-11,臺北市內湖區安美街191號,(02)87913254
209072,南投縣公立動物收容所,南投縣公立動物收容所,混種犬,1,M,BIG,黑色,ADULT,T,https://www.pet.gov.tw/upload/pic/1684306912419.png,南投縣鹿谷鄉竹林村愛鄉路,2021-06-07,南投縣南投市嶺興路36-1號,(049)2225440
386873,臺北市動物之家,臺北市動物之家,台灣犬,0,M,MEDIUM,黑色,ADULT,F,https://www.pet.gov.tw/upload/pic/1734425029892.png,康樂街,2025-07-01,臺北市內湖區安美街191號,(02)87913254
412740,臺南市動物之家善化站,臺南市動物之家善化站,混種犬,1,F,MEDIUM,花白色,ADULT,N,https://www.pet.gov.tw/upload/pic/1751341021212.png,,2025-07-08,臺南市善化區昌隆里東勢寮1~19號,(06)5832399
412361,南投縣公立動物收容所,南投縣公立動物收容所,混種犬,1,F,MEDIUM,棕色,ADULT,T,https://www.pet.gov.tw/upload/pic/1751074108775.png,明德街,2025-06-30,南投縣南投市嶺興路36-1號,(049)2225440
410284,南投縣公立動物收容所,南投縣公立動物收容所,混種犬,1,F,MEDIUM,黑黃色,ADULT,T,https://www.pet.gov.tw/upload/pic/1750314291991.png,永樂巷,2025-06-30,南投縣南投市嶺興路36-1號,(049)2225440
170785,臺北市動物之家,臺北市動物之家,混種犬,1,F,MEDIUM,黑色,ADULT,T,https://www.pet.gov.tw/upload/pic/afa40b43-b064-4ba5-838e-c1176012d3b3.jpg,菁山路101巷,2021-04-10,臺北市內湖區安美街191號,(02)87913254
393045,桃園市動物保護教育園區,桃園市動物保護教育園區,比特犬,0,F,MEDIUM,棕色,ADULT,N,https://www.pet.gov.tw/upload/pic/1739262110677.png,,2025-02-11,桃園市新屋區永興里3鄰藻礁路1668號,(03)4861760
409866,新北市五股區公立動物之家,新北市五股區公立動物之家,混種犬,1,M,MEDIUM,黑色,CHILD,T,https://www.pet.gov.tw/upload/pic/1751187022100.png,粉寮路,2025-06-17,新北市五股區外寮路9-9號,(02)82925265
412400,新北市中和區公立動物之家,新北市中和區公立動物之家,混種犬,1,M,MEDIUM,黑黃色,CHILD,T,https://www.pet.gov.tw/upload/pic/1751081316327.png,中和區,2025-06-28,新北市中和區興南路三段100號,(02)86685547
410691,桃園市動物保護教育園區,桃園市動物保護教育園區,混種犬,1,M,SMALL,黑色,CHILD,N,https://www.pet.gov.tw/upload/pic/1750657646994.png,６６快速路二段附近,2025-07-02,桃園市新屋區永興里3鄰藻礁路1668號,(03)4861760
371771,金門縣動物收容中心,金門縣動物收容中心,混種犬,1,F,MEDIUM,黑色,ADULT,T,https://www.pet.gov.tw/upload/pic/1724836493807.png,仁愛新村,,金門縣金湖鎮裕民農莊20號,(082)336625
359894,金門縣動物收容中心,金門縣動物收容中心,混種犬,1,F,SMALL,黑色,CHILD,T,https://www.pet.gov.tw/upload/pic/1716948591679.png,下堡,,金門縣金湖鎮裕民農莊20號,(082)336625
409867,新北市五股區公立動物之家,新北市五股區公立動物之家,混種犬,1,M,MEDIUM,黑色,CHILD,T,https://www.pet.gov.tw/upload/pic/1750670512059.png,民義路2段46號,2025-06-17,新北市五股區外寮路9-9號,(02)82925265
407472,新北市五股區公立動物之家,新北市五股區公立動物之家,柴犬,0,F,MEDIUM,黃白色,ADULT,T,https://www.pet.gov.tw/upload/pic/1748420313733.png,林口文化三路二段600號,2025-06-10,新北市五股區外寮路9-9號,(02)82925265
245780,南投縣公立動物收容所,南投縣公立動物收容所,比特犬,0,F,MEDIUM,虎斑色,ADULT,T,https://www.pet.gov.tw/upload/pic/7120458f-5f2a-4706-9284-df3d84253ca8.JPG,南投縣埔里鎮雙吉路,2011-03-11,南投縣南投市嶺興路36-1號,(049)2225440
202694,南投縣公立動物收容所,南投縣公立動物收容所,混種犬,1,F,MEDIUM,黑白色,ADULT,T,https://www.pet.gov.tw/upload/pic/0a295ed6-1b2b-4a58-ac30-d3a0eaec5e58.JPG,南投縣草屯鎮中正路,2021-04-15,南投縣南投市嶺興路36-1號,(049)2225440
411964,新北市板橋區公立動物之家,新北市板橋區公立動物之家,混種犬,1,M,MEDIUM,黑色,ADULT,F,https://www.pet.gov.tw/upload/pic/1750815252443.png,樹林區中山路段706號,2025-06-25,新北市板橋區板城路28-1號,(02)89662158
410192,新北市五股區公立動物之家,新北市五股區公立動物之家,瑪爾濟斯犬,0,M,SMALL,白色,ADULT,N,https://www.pet.gov.tw/upload/pic/1750244504215.png,三重區力行路二段162巷53號,,新北市五股區外寮路9-9號,(02)82925265
411776,宜蘭縣流浪動物中途之家,宜蘭縣流浪動物中途之家,混種犬,1,M,BIG,黑白色,ADULT,N,https://www.pet.gov.tw/upload/pic/1750732882185.png,永廣路,2025-06-24,宜蘭縣五結鄉成興村利寶路60號,(03)9602350620
351852,澎湖縣流浪動物收容中心,澎湖縣流浪動物收容中心,混種犬,1,F,MEDIUM,虎斑色,ADULT,T,https://www.pet.gov.tw/upload/pic/1724658179522.png,澎科大學生宿舍,2024-05-13,澎湖縣馬公市烏崁里260、261號,(06)9213559
361532,澎湖縣流浪動物收容中心,澎湖縣流浪動物收容中心,混種犬,1,F,MEDIUM,黑黃色,ADULT,T,https://www.pet.gov.tw/upload/pic/1724655294771.png,發電廠附近,2024-06-26,澎湖縣馬公市烏崁里260、261號,(06)9213559
291326,澎湖縣流浪動物收容中心,澎湖縣流浪動物收容中心,混種犬,1,F,MEDIUM,黑色,ADULT,T,https://www.pet.gov.tw/upload/pic/1727245010659.png,,2023-01-17,澎湖縣馬公市烏崁里260、261號,(06)9213559
297573,澎湖縣流浪動物收容中心,澎湖縣流浪動物收容中心,混種犬,1,F,MEDIUM,黃色,ADULT,T,https://www.pet.gov.tw/upload/pic/1727244808783.png,文東加油站,2023-03-13,澎湖縣馬公市烏崁里260、261號,(06)9213559
226581,澎湖縣流浪動物收容中心,澎湖縣流浪動物收容中心,混種犬,1,M,BIG,黑色,ADULT,T,https://www.pet.gov.tw/upload/pic/1724742917114.png,所內出生,2021-10-25,澎湖縣馬公市烏崁里260、261號,(06)9213559
165736,澎湖縣流浪動物收容中心,澎湖縣流浪動物收容中心,混種犬,1,M,BIG,黑黃色,ADULT,T,https://www.pet.gov.tw/upload/pic/1724742751465.png,1369號前,2020-06-30,澎湖縣馬公市烏崁里260、261號,(06)9213559
359276,桃園市動物保護教育園區,桃園市動物保護教育園區,混種犬,1,M,MEDIUM,黃色,ADULT,F,https://www.pet.gov.tw/upload/pic/1716513118183.png,富林里１鄰慈光十四村,2024-07-21,桃園市新屋區永興里3鄰藻礁路1668號,(03)4861760
334941,澎湖縣流浪動物收容中心,澎湖縣流浪動物收容中心,混種犬,1,M,MEDIUM,虎斑色,ADULT,T,https://www.pet.gov.tw/upload/pic/1724385124862.png,,2023-12-01,澎湖縣馬公市烏崁里260、261號,(06)9213559
410236,南投縣公立動物收容所,南投縣公立動物收容所,混種犬,1,M,MEDIUM,黃色,ADULT,T,https://www.pet.gov.tw/upload/pic/1750302069291.png,頂坪巷,2025-06-23,南投縣南投市嶺興路36-1號,(049)2225440
357769,桃園市動物保護教育園區,桃園市動物保護教育園區,混種犬,1,M,MEDIUM,黑白色,ADULT,F,https://www.pet.gov.tw/upload/pic/1715651952490.png,瑞源里員東路３３９巷,2024-11-07,桃園市新屋區永興里3鄰藻礁路1668號,(03)4861760
410713,金門縣動物收容中心,金門縣動物收容中心,混種犬,1,M,SMALL,,CHILD,F,https://www.pet.gov.tw/upload/pic/1750664722352.png,寧湖路,2025-07-31,金門縣金湖鎮裕民農莊20號,(082)336625
402105,臺北市動物之家,臺北市動物之家,混種犬,1,F,MEDIUM,黑色,ADULT,T,https://www.pet.gov.tw/upload/pic/1745029565942.png,竹子湖路,2025-06-23,臺北市內湖區安美街191號,(02)87913254
334942,澎湖縣流浪動物收容中心,澎湖縣流浪動物收容中心,混種犬,1,M,MEDIUM,黃色,ADULT,T,https://www.pet.gov.tw/upload/pic/1724385047521.png,,2023-12-01,澎湖縣馬公市烏崁里260、261號,(06)9213559
408619,臺北市動物之家,臺北市動物之家,混種犬,1,F,MEDIUM,黃色,ADULT,T,https://www.pet.gov.tw/upload/pic/1749196290726.png,木柵路一段,2025-06-22,臺北市內湖區安美街191號,(02)87913254
328703,桃園市動物保護教育園區,桃園市動物保護教育園區,混種犬,1,M,MEDIUM,黑黃色,ADULT,F,https://www.pet.gov.tw/upload/pic/1696577082967.png,永興里五龍街,2025-02-07,桃園市新屋區永興里3鄰藻礁路1668號,(03)4861760
410620,新北市中和區公立動物之家,新北市中和區公立動物之家,混種犬,1,F,MEDIUM,黑黃色,CHILD,T,https://www.pet.gov.tw/upload/pic/1750507356029.png,土城區永寧路,2025-06-21,新北市中和區興南路三段100號,(02)86685547
400190,南投縣公立動物收容所,南投縣公立動物收容所,混種犬,1,F,MEDIUM,黃色,ADULT,T,https://www.pet.gov.tw/upload/pic/1743558826984.png,軍功路,,南投縣南投市嶺興路36-1號,(049)2225440
410559,新北市中和區公立動物之家,新北市中和區公立動物之家,混種犬,1,M,MEDIUM,黑黃色,CHILD,T,https://www.pet.gov.tw/upload/pic/1750474064314.png,土城區廣福街81號,2025-06-21,新北市中和區興南路三段100號,(02)86685547
410437,宜蘭縣流浪動物中途之家,宜蘭縣流浪動物中途之家,混種犬,1,M,BIG,黃色,ADULT,N,https://www.pet.gov.tw/upload/pic/1750397813095.png,華興巷,2025-06-20,宜蘭縣五結鄉成興村利寶路60號,(03)9602350620
410279,澎湖縣流浪動物收容中心,澎湖縣流浪動物收容中心,混種犬,1,M,BIG,黃白色,ADULT,F,https://www.pet.gov.tw/upload/pic/1750314259174.png,,2025-07-03,澎湖縣馬公市烏崁里260、261號,(06)9213559
377959,臺北市動物之家,臺北市動物之家,混種犬,1,M,MEDIUM,黑色,ADULT,T,https://www.pet.gov.tw/upload/pic/1728979724582.png,溪山里至善路三段３７０巷,2024-10-27,臺北市內湖區安美街191號,(02)87913254
348795,澎湖縣流浪動物收容中心,澎湖縣流浪動物收容中心,混種犬,1,M,MEDIUM,黑色,ADULT,T,https://www.pet.gov.tw/upload/pic/1724741224188.png,5號,2024-03-19,澎湖縣馬公市烏崁里260、261號,(06)9213559
349570,澎湖縣流浪動物收容中心,澎湖縣流浪動物收容中心,混種犬,1,M,MEDIUM,,CHILD,T,https://www.pet.gov.tw/upload/pic/1724741768580.png,許進洽養羊,2024-03-26,澎湖縣馬公市烏崁里260、261號,(06)9213559
341678,澎湖縣流浪動物收容中心,澎湖縣流浪動物收容中心,混種犬,1,M,MEDIUM,黃白色,CHILD,T,https://www.pet.gov.tw/upload/pic/1724742039512.png,270號,2024-01-15,澎湖縣馬公市烏崁里260、261號,(06)9213559
310662,澎湖縣流浪動物收容中心,澎湖縣流浪動物收容中心,混種犬,1,F,BIG,黑黃色,ADULT,T,https://www.pet.gov.tw/upload/pic/1685502336609.png,雙漁民宿附近,2023-06-12,澎湖縣馬公市烏崁里260、261號,(06)9213559
219987,澎湖縣流浪動物收容中心,澎湖縣流浪動物收容中心,混種犬,1,F,BIG,黑色,ADULT,T,https://asms.coa.gov.tw/amlapp/upload/pic/d05e8dde-10ac-4a69-8c7c-161c67488fe2_org.jpeg,井垵里38號前,2021-09-04,澎湖縣馬公市烏崁里260、261號,(06)9213559
332697,澎湖縣流浪動物收容中心,澎湖縣流浪動物收容中心,混種犬,1,F,BIG,黑色,ADULT,T,https://www.pet.gov.tw/upload/pic/1698909122225.png,林務局,2023-11-16,澎湖縣馬公市烏崁里260、261號,(06)9213559
410082,金門縣動物收容中心,金門縣動物收容中心,混種犬,1,M,BIG,黃色,ADULT,F,https://www.pet.gov.tw/upload/pic/1750228201449.png,菜市場,2025-06-25,金門縣金湖鎮裕民農莊20號,(082)336625
409948,高雄市燕巢動物保護關愛園區,高雄市燕巢動物保護關愛園區,混種犬,1,F,MEDIUM,黑色,CHILD,N,https://www.pet.gov.tw/upload/pic/1750143750235.png,中正路,2025-06-17,高雄市燕巢區師大路98號,(07)6051002
220986,澎湖縣流浪動物收容中心,澎湖縣流浪動物收容中心,混種犬,1,F,BIG,黑色,ADULT,T,https://www.pet.gov.tw/upload/pic/b250d75e-437d-4db2-af42-41dd69b3026e.jpg,林投海邊,2021-09-13,澎湖縣馬公市烏崁里260、261號,(06)9213559
371761,澎湖縣流浪動物收容中心,澎湖縣流浪動物收容中心,混種犬,1,M,BIG,虎斑色,ADULT,T,https://www.pet.gov.tw/upload/pic/1724835022901.png,海軍馬公基地,2024-09-11,澎湖縣馬公市烏崁里260、261號,(06)9213559
398251,澎湖縣流浪動物收容中心,澎湖縣流浪動物收容中心,混種犬,1,M,BIG,三花色,ADULT,T,https://www.pet.gov.tw/upload/pic/1742356064097.png,,2025-04-02,澎湖縣馬公市烏崁里260、261號,(06)9213559
303223,澎湖縣流浪動物收容中心,澎湖縣流浪動物收容中心,混種犬,1,M,BIG,三花色,ADULT,T,https://www.pet.gov.tw/upload/pic/1681278795033.png,龍門村56-1號,2023-04-26,澎湖縣馬公市烏崁里260、261號,(06)9213559
369996,澎湖縣流浪動物收容中心,澎湖縣流浪動物收容中心,混種犬,1,M,BIG,黑色,ADULT,T,https://www.pet.gov.tw/upload/pic/1723617637529.png,,2024-08-28,澎湖縣馬公市烏崁里260、261號,(06)9213559
409701,高雄市壽山動物保護教育園區,高雄市壽山動物保護教育園區,比特犬,0,M,BIG,棕色,ADULT,F,https://www.pet.gov.tw/upload/pic/1749971890573.png,同富街,2025-06-01,高雄市鼓山區萬壽路350號,(07)5519059
406266,臺中市動物之家南屯園區,臺中市動物之家南屯園區,混種犬,1,F,MEDIUM,黃白色,ADULT,T,https://www.pet.gov.tw/upload/pic/1747634797325.png,北屯區,2025-06-13,臺中市南屯區中台路601號,(04)23850976
105339,臺北市動物之家,臺北市動物之家,混種犬,1,M,MEDIUM,黑虎斑色,ADULT,T,https://www.pet.gov.tw/upload/pic/1674175871784.png,民權西路迪化街口,2021-04-11,臺北市內湖區安美街191號,(02)87913254
31791,臺北市動物之家,臺北市動物之家,混種犬,1,M,SMALL,黑色,CHILD,T,https://www.pet.gov.tw/upload/pic/31721_106112807_1.jpg,湖山路1段,2021-04-11,臺北市內湖區安美街191號,(02)87913254
375274,臺北市動物之家,臺北市動物之家,貴賓犬,0,M,SMALL,棕色,ADULT,T,https://www.pet.gov.tw/upload/pic/1727158740773.png,青山里西園路一段72巷,2024-10-23,臺北市內湖區安美街191號,(02)87913254
396053,臺北市動物之家,臺北市動物之家,混種犬,1,F,SMALL,米色,CHILD,N,https://www.pet.gov.tw/upload/pic/1740988856330.png,木柵路一段(原拾獲地:試院路84巷),2025-03-03,臺北市內湖區安美街191號,(02)87913254
409318,南投縣公立動物收容所,南投縣公立動物收容所,混種犬,1,F,MEDIUM,咖啡色,ADULT,T,https://www.pet.gov.tw/upload/pic/1749693208319.png,民生路,2025-06-11,南投縣南投市嶺興路36-1號,(049)2225440
409400,彰化縣流浪狗中途之家,彰化縣流浪狗中途之家,混種犬,1,F,SMALL,黑黃色,CHILD,N,https://www.pet.gov.tw/upload/pic/1749706095789.png,國立彰化高商,2025-06-12,彰化縣員林市大峰里阿寶巷426號(大門入口請由彰化縣芬園鄉大彰路一段875巷進入走到底),(04)8590638
409072,新北市五股區公立動物之家,新北市五股區公立動物之家,混種犬,1,M,MEDIUM,虎斑色,CHILD,T,https://www.pet.gov.tw/upload/pic/1749543315550.png,三重區長元街（認養退回）,2025-06-10,新北市五股區外寮路9-9號,(02)82925265
133108,臺北市動物之家,臺北市動物之家,混種犬,1,M,MEDIUM,黃白色,ADULT,T,https://www.pet.gov.tw/upload/pic/626d256e-16be-4107-9a0b-fbbfbfc7fbbb.jpg,民眾不擬續養,2021-04-11,臺北市內湖區安美街191號,(02)87913254
227720,臺北市動物之家,臺北市動物之家,混種犬,1,M,MEDIUM,黑色,ADULT,T,https://www.pet.gov.tw/upload/pic/1691814160033.png,富洲里延平北路八段２巷,2021-11-02,臺北市內湖區安美街191號,(02)87913254
188364,澎湖縣流浪動物收容中心,澎湖縣流浪動物收容中心,混種犬,1,F,BIG,黑黃色,ADULT,T,https://www.pet.gov.tw/upload/pic/1746846016666.png,伍德營區,2020-12-15,澎湖縣馬公市烏崁里260、261號,(06)9213559
388106,澎湖縣流浪動物收容中心,澎湖縣流浪動物收容中心,混種犬,1,M,BIG,白色,ADULT,T,https://www.pet.gov.tw/upload/pic/1736648559130.png,,2025-01-08,澎湖縣馬公市烏崁里260、261號,(06)9213559
360349,澎湖縣流浪動物收容中心,澎湖縣流浪動物收容中心,混種犬,1,F,BIG,黑色,ADULT,T,https://www.pet.gov.tw/upload/pic/1717309924924.png,14-18號,2024-06-12,澎湖縣馬公市烏崁里260、261號,(06)9213559
360348,澎湖縣流浪動物收容中心,澎湖縣流浪動物收容中心,混種犬,1,F,BIG,白色,ADULT,T,https://www.pet.gov.tw/upload/pic/1717756618561.png,14-18號,2024-06-12,澎湖縣馬公市烏崁里260、261號,(06)9213559
28919,桃園市動物保護教育園區,桃園市動物保護教育園區,混種犬,1,M,MEDIUM,黑色,ADULT,T,https://www.pet.gov.tw/upload/pic/9d1c50b0-ba7d-40e5-8450-e2f949654cfc.jpg,瑞發里介壽路２段１０２２巷,2018-03-01,桃園市新屋區永興里3鄰藻礁路1668號,(03)4861760
317338,澎湖縣流浪動物收容中心,澎湖縣流浪動物收容中心,比特犬之混種犬,1,F,BIG,黃白色,ADULT,T,https://www.pet.gov.tw/upload/pic/1695906737530.png,小赤崁(林根展),2023-07-31,澎湖縣馬公市烏崁里260、261號,(06)9213559
298455,桃園市動物保護教育園區,桃園市動物保護教育園區,混種犬,1,M,MEDIUM,黑色,ADULT,T,https://www.pet.gov.tw/upload/pic/1678348229236.png,大華里文化三路,2023-11-01,桃園市新屋區永興里3鄰藻礁路1668號,(03)4861760
408414,新北市五股區公立動物之家,新北市五股區公立動物之家,混種犬,1,F,MEDIUM,虎斑色,ADULT,T,https://www.pet.gov.tw/upload/pic/1749103108325.png,外寮路,2025-06-05,新北市五股區外寮路9-9號,(02)82925265
408403,新北市五股區公立動物之家,新北市五股區公立動物之家,混種犬,1,F,MEDIUM,黑色,ADULT,T,https://www.pet.gov.tw/upload/pic/1749101178476.png,民義路2段,,新北市五股區外寮路9-9號,(02)82925265
406678,雲林縣流浪動物收容所,雲林縣流浪動物收容所,混種犬,1,M,BIG,黑色,ADULT,F,https://www.pet.gov.tw/upload/pic/1747881269103.png,褒忠鄉中正路,2025-05-12,雲林縣斗六市雲林路二段517號,(05)5523300
76227,桃園市動物保護教育園區,桃園市動物保護教育園區,混種犬,1,M,MEDIUM,黑色,ADULT,F,https://www.pet.gov.tw/upload/pic/55535326-4f0b-4a09-8c8c-67acf091e2de.JPG,高榮里幼獅路一段,2018-12-11,桃園市新屋區永興里3鄰藻礁路1668號,(03)4861760
191322,桃園市動物保護教育園區,桃園市動物保護教育園區,混種犬,1,F,MEDIUM,虎斑色,ADULT,F,https://www.pet.gov.tw/upload/pic/9742e5c6-1b0e-4031-9932-c0205937a945.jpg,大平里民有路,2021-01-08,桃園市新屋區永興里3鄰藻礁路1668號,(03)4861760
407886,宜蘭縣流浪動物中途之家,宜蘭縣流浪動物中途之家,混種犬,1,F,BIG,黑色,ADULT,T,https://www.pet.gov.tw/upload/pic/1748855488161.png,民族路,2025-06-02,宜蘭縣五結鄉成興村利寶路60號,(03)9602350620
84636,桃園市動物保護教育園區,桃園市動物保護教育園區,混種犬,1,M,SMALL,黑色,ADULT,F,https://www.pet.gov.tw/upload/pic/5d305530-d0f4-49af-96b2-234131d7e604.JPG,坑口里山菓路２１７巷,2019-02-19,桃園市新屋區永興里3鄰藻礁路1668號,(03)4861760
84632,桃園市動物保護教育園區,桃園市動物保護教育園區,混種犬,1,M,SMALL,黑色,ADULT,F,https://www.pet.gov.tw/upload/pic/45be6ba3-7630-4250-a291-8cf3751b68e0.JPG,坑口里山菓路２１７巷,2019-02-19,桃園市新屋區永興里3鄰藻礁路1668號,(03)4861760
342781,桃園市動物保護教育園區,桃園市動物保護教育園區,混種犬,1,F,MEDIUM,黑色,ADULT,F,https://www.pet.gov.tw/upload/pic/1705115870682.png,大福路,2024-03-22,桃園市新屋區永興里3鄰藻礁路1668號,(03)4861760
407814,新北市八里區公立動物之家,新北市八里區公立動物之家,混種犬,1,F,MEDIUM,白色,ADULT,T,https://www.pet.gov.tw/upload/pic/1745372509831.png,新泰路與環漢路口2-20號附近,2025-06-02,新北市八里區長坑里6鄰長坑道路36號,(02)26194428
387477,澎湖縣流浪動物收容中心,澎湖縣流浪動物收容中心,混種犬,1,F,MEDIUM,黑色,ADULT,T,https://www.pet.gov.tw/upload/pic/1738740742287.png,,2024-12-19,澎湖縣馬公市烏崁里260、261號,(06)9213559
90628,臺北市動物之家,臺北市動物之家,混種犬,1,M,SMALL,黑色,CHILD,T,https://www.pet.gov.tw/upload/pic/2c8f7746-d23a-4ee2-b65f-a11b3f14ae64.jpg,光明派出所,2021-04-11,臺北市內湖區安美街191號,(02)87913254
205947,臺北市動物之家,臺北市動物之家,混種犬,1,M,MEDIUM,黑色,ADULT,T,https://www.pet.gov.tw/upload/pic/129e8901-9711-4487-9ea2-5bda65cf64b3.jpg,西園路2段,2021-07-26,臺北市內湖區安美街191號,(02)87913254
364373,澎湖縣流浪動物收容中心,澎湖縣流浪動物收容中心,混種犬,1,F,MEDIUM,黑色,ADULT,T,https://www.pet.gov.tw/upload/pic/1727231102181.png,112號,2024-07-17,澎湖縣馬公市烏崁里260、261號,(06)9213559
351862,澎湖縣流浪動物收容中心,澎湖縣流浪動物收容中心,混種犬,1,M,MEDIUM,虎斑色,ADULT,T,https://www.pet.gov.tw/upload/pic/1724657186743.png,澎科大學生宿舍,2024-05-13,澎湖縣馬公市烏崁里260、261號,(06)9213559
351860,澎湖縣流浪動物收容中心,澎湖縣流浪動物收容中心,混種犬,1,F,MEDIUM,黑色,ADULT,T,https://www.pet.gov.tw/upload/pic/1724657569325.png,澎科大學生宿舍,2024-05-13,澎湖縣馬公市烏崁里260、261號,(06)9213559
362282,澎湖縣流浪動物收容中心,澎湖縣流浪動物收容中心,混種犬,1,M,MEDIUM,黑色,ADULT,T,https://www.pet.gov.tw/upload/pic/1726729465181.png,112號,2024-06-29,澎湖縣馬公市烏崁里260、261號,(06)9213559
351854,澎湖縣流浪動物收容中心,澎湖縣流浪動物收容中心,混種犬,1,F,MEDIUM,黑虎斑色,ADULT,T,https://www.pet.gov.tw/upload/pic/1724660615451.png,澎科大學生宿舍,2024-05-13,澎湖縣馬公市烏崁里260、261號,(06)9213559
351855,澎湖縣流浪動物收容中心,澎湖縣流浪動物收容中心,混種犬,1,F,MEDIUM,虎斑色,ADULT,T,https://www.pet.gov.tw/upload/pic/1724660506338.png,澎科大學生宿舍,2024-04-25,澎湖縣馬公市烏崁里260、261號,(06)9213559
372040,澎湖縣流浪動物收容中心,澎湖縣流浪動物收容中心,混種犬,1,F,MEDIUM,黑色,CHILD,T,https://www.pet.gov.tw/upload/pic/1725001309956.png,北極殿前面,2024-09-11,澎湖縣馬公市烏崁里260、261號,(06)9213559
365968,澎湖縣流浪動物收容中心,澎湖縣流浪動物收容中心,混種犬,1,F,MEDIUM,黑色,CHILD,T,https://www.pet.gov.tw/upload/pic/1725161805720.png,營區,2024-07-24,澎湖縣馬公市烏崁里260、261號,(06)9213559
372035,澎湖縣流浪動物收容中心,澎湖縣流浪動物收容中心,混種犬,1,F,MEDIUM,黑色,CHILD,T,https://www.pet.gov.tw/upload/pic/1725001288997.png,北極殿前面,2024-09-11,澎湖縣馬公市烏崁里260、261號,(06)9213559
398325,澎湖縣流浪動物收容中心,澎湖縣流浪動物收容中心,混種犬,1,F,BIG,黃色,ADULT,T,https://www.pet.gov.tw/upload/pic/1742356899371.png,92-1號,2025-04-02,澎湖縣馬公市烏崁里260、261號,(06)9213559
353690,澎湖縣流浪動物收容中心,澎湖縣流浪動物收容中心,混種犬,1,F,MEDIUM,白色,ADULT,T,https://www.pet.gov.tw/upload/pic/1712890791848.png,,2024-04-24,澎湖縣馬公市烏崁里260、261號,(06)9213559
349796,澎湖縣流浪動物收容中心,澎湖縣流浪動物收容中心,混種犬,1,M,MEDIUM,黃白色,ADULT,T,https://www.pet.gov.tw/upload/pic/1719991383673.png,濟公廟旁路邊,2024-03-27,澎湖縣馬公市烏崁里260、261號,(06)9213559
295613,澎湖縣流浪動物收容中心,澎湖縣流浪動物收容中心,混種犬,1,F,MEDIUM,黑黃色,ADULT,T,https://www.pet.gov.tw/upload/pic/1727245691499.png,馬公市清潔隊,2023-02-20,澎湖縣馬公市烏崁里260、261號,(06)9213559
290968,澎湖縣流浪動物收容中心,澎湖縣流浪動物收容中心,混種犬,1,F,MEDIUM,黑黃色,ADULT,T,https://www.pet.gov.tw/upload/pic/1727245669273.png,新生路（何家醫）,2023-01-13,澎湖縣馬公市烏崁里260、261號,(06)9213559
339632,澎湖縣流浪動物收容中心,澎湖縣流浪動物收容中心,混種犬,1,F,MEDIUM,三花色,ADULT,T,https://www.pet.gov.tw/upload/pic/1727245520302.png,水塔,2024-01-01,澎湖縣馬公市烏崁里260、261號,(06)9213559
335080,澎湖縣流浪動物收容中心,澎湖縣流浪動物收容中心,混種犬,1,M,MEDIUM,黃白色,ADULT,T,https://www.pet.gov.tw/upload/pic/1700458563146.png,,2023-12-01,澎湖縣馬公市烏崁里260、261號,(06)9213559
329808,澎湖縣流浪動物收容中心,澎湖縣流浪動物收容中心,混種犬,1,F,MEDIUM,虎斑色,ADULT,T,https://www.pet.gov.tw/upload/pic/1697526165486.png,開心農場,2023-12-21,澎湖縣馬公市烏崁里260、261號,(06)9213559
397461,澎湖縣流浪動物收容中心,澎湖縣流浪動物收容中心,混種犬,1,M,BIG,黑黃色,ADULT,T,https://www.pet.gov.tw/upload/pic/1742199856050.png,漁具倉庫附近,2025-03-26,澎湖縣馬公市烏崁里260、261號,(06)9213559
78013,桃園市動物保護教育園區,桃園市動物保護教育園區,混種犬,1,F,SMALL,黑色,ADULT,F,https://www.pet.gov.tw/upload/pic/d54dbee7-d6d0-4a78-aa42-c9e838ab18d7.JPG,內海里濱海路,2018-12-27,桃園市新屋區永興里3鄰藻礁路1668號,(03)4861760
342599,澎湖縣流浪動物收容中心,澎湖縣流浪動物收容中心,混種犬,1,F,BIG,黑色,ADULT,T,https://www.pet.gov.tw/upload/pic/1727263541657.png,1-4號,2024-06-01,澎湖縣馬公市烏崁里260、261號,(06)9213559
334939,澎湖縣流浪動物收容中心,澎湖縣流浪動物收容中心,混種犬,1,F,MEDIUM,虎斑色,ADULT,T,https://www.pet.gov.tw/upload/pic/1727263604925.png,,2023-11-17,澎湖縣馬公市烏崁里260、261號,(06)9213559
351486,澎湖縣流浪動物收容中心,澎湖縣流浪動物收容中心,混種犬,1,F,MEDIUM,黑黃色,CHILD,T,https://www.pet.gov.tw/upload/pic/1727263475189.png,營區,2024-04-10,澎湖縣馬公市烏崁里260、261號,(06)9213559
351287,澎湖縣流浪動物收容中心,澎湖縣流浪動物收容中心,混種犬,1,F,MEDIUM,黑黃色,ADULT,T,https://www.pet.gov.tw/upload/pic/1727263331492.png,營區,2024-04-04,澎湖縣馬公市烏崁里260、261號,(06)9213559
353081,澎湖縣流浪動物收容中心,澎湖縣流浪動物收容中心,混種犬,1,F,MEDIUM,黑黃色,CHILD,T,https://www.pet.gov.tw/upload/pic/1727251651038.png,營區,2024-04-24,澎湖縣馬公市烏崁里260、261號,(06)9213559
363152,澎湖縣流浪動物收容中心,澎湖縣流浪動物收容中心,混種犬,1,F,MEDIUM,虎斑色,CHILD,T,https://www.pet.gov.tw/upload/pic/1723346654855.png,大昇建村旁空地,2024-07-08,澎湖縣馬公市烏崁里260、261號,(06)9213559
363928,澎湖縣流浪動物收容中心,澎湖縣流浪動物收容中心,混種犬,1,M,MEDIUM,黃色,CHILD,T,https://www.pet.gov.tw/upload/pic/1724656088572.png,174號,2024-07-10,澎湖縣馬公市烏崁里260、261號,(06)9213559
362391,澎湖縣流浪動物收容中心,澎湖縣流浪動物收容中心,混種犬,1,F,MEDIUM,黃白色,CHILD,T,https://www.pet.gov.tw/upload/pic/1723346277131.png,金勝發廢五金,2024-07-03,澎湖縣馬公市烏崁里260、261號,(06)9213559
304380,澎湖縣流浪動物收容中心,澎湖縣流浪動物收容中心,混種犬,1,F,MEDIUM,黑黃色,ADULT,T,https://www.pet.gov.tw/upload/pic/1727245981114.png,順承門,2023-05-05,澎湖縣馬公市烏崁里260、261號,(06)9213559
161113,澎湖縣流浪動物收容中心,澎湖縣流浪動物收容中心,混種犬,1,M,BIG,黑黃色,ADULT,T,https://www.pet.gov.tw/upload/pic/1727265176952.png,馬公國小,2020-06-02,澎湖縣馬公市烏崁里260、261號,(06)9213559
245166,澎湖縣流浪動物收容中心,澎湖縣流浪動物收容中心,混種犬,1,F,MEDIUM,黃色,ADULT,T,https://www.pet.gov.tw/upload/pic/1727265094271.png,林務局,2022-03-14,澎湖縣馬公市烏崁里260、261號,(06)9213559
287767,澎湖縣流浪動物收容中心,澎湖縣流浪動物收容中心,混種犬,1,M,BIG,黑白色,ADULT,T,https://www.pet.gov.tw/upload/pic/1726728586560.png,案山里防波堤旁,2022-12-21,澎湖縣馬公市烏崁里260、261號,(06)9213559
361908,澎湖縣流浪動物收容中心,澎湖縣流浪動物收容中心,混種犬,1,F,MEDIUM,黃白色,CHILD,T,https://www.pet.gov.tw/upload/pic/1718267456826.png,75號,2024-06-27,澎湖縣馬公市烏崁里260、261號,(06)9213559
362676,澎湖縣流浪動物收容中心,澎湖縣流浪動物收容中心,混種犬,1,F,MEDIUM,黑白色,CHILD,T,https://www.pet.gov.tw/upload/pic/1718768998132.png,展豐保麗龍場前空地,2024-07-03,澎湖縣馬公市烏崁里260、261號,(06)9213559
358562,澎湖縣流浪動物收容中心,澎湖縣流浪動物收容中心,混種犬,1,F,MEDIUM,黑色,CHILD,T,https://www.pet.gov.tw/upload/pic/1716276541840.png,工地,2024-05-28,澎湖縣馬公市烏崁里260、261號,(06)9213559
348794,澎湖縣流浪動物收容中心,澎湖縣流浪動物收容中心,混種犬,1,M,MEDIUM,黑色,CHILD,T,https://www.pet.gov.tw/upload/pic/1726728336300.png,點醬家前面,2024-03-19,澎湖縣馬公市烏崁里260、261號,(06)9213559
347620,澎湖縣流浪動物收容中心,澎湖縣流浪動物收容中心,混種犬,1,M,MEDIUM,黑色,CHILD,T,https://www.pet.gov.tw/upload/pic/1726728211408.png,典醬家旁地,2024-03-13,澎湖縣馬公市烏崁里260、261號,(06)9213559
353080,澎湖縣流浪動物收容中心,澎湖縣流浪動物收容中心,混種犬,1,M,MEDIUM,,ADULT,T,https://www.pet.gov.tw/upload/pic/1726728067446.png,呂武獎,2024-04-24,澎湖縣馬公市烏崁里260、261號,(06)9213559
338647,澎湖縣流浪動物收容中心,澎湖縣流浪動物收容中心,混種犬,1,M,MEDIUM,黑黃色,CHILD,T,https://www.pet.gov.tw/upload/pic/1726727949450.png,石雕公園,2023-12-25,澎湖縣馬公市烏崁里260、261號,(06)9213559
334526,澎湖縣流浪動物收容中心,澎湖縣流浪動物收容中心,混種犬,1,F,MEDIUM,黑色,CHILD,T,https://www.pet.gov.tw/upload/pic/1726727408605.png,8-1號,2023-11-28,澎湖縣馬公市烏崁里260、261號,(06)9213559
194918,澎湖縣流浪動物收容中心,澎湖縣流浪動物收容中心,混種犬,1,F,MEDIUM,黃色,ADULT,T,https://www.pet.gov.tw/upload/pic/1726727520776.png,山水里109_1號旁巷子,2021-02-15,澎湖縣馬公市烏崁里260、261號,(06)9213559
242735,澎湖縣流浪動物收容中心,澎湖縣流浪動物收容中心,混種犬,1,F,MEDIUM,黑黃色,ADULT,T,https://www.pet.gov.tw/upload/pic/1726726857085.png,井垵里7－11附近,2022-02-21,澎湖縣馬公市烏崁里260、261號,(06)9213559
293291,澎湖縣流浪動物收容中心,澎湖縣流浪動物收容中心,混種犬,1,F,BIG,黃色,ADULT,T,https://www.pet.gov.tw/upload/pic/1680587427177.png,新生路,2023-02-08,澎湖縣馬公市烏崁里260、261號,(06)9213559
300700,澎湖縣流浪動物收容中心,澎湖縣流浪動物收容中心,混種犬,1,M,MEDIUM,黑色,ADULT,T,https://www.pet.gov.tw/upload/pic/1726726713364.png,貴山,2023-04-06,澎湖縣馬公市烏崁里260、261號,(06)9213559
295840,澎湖縣流浪動物收容中心,澎湖縣流浪動物收容中心,混種犬,1,F,MEDIUM,黃色,ADULT,T,https://www.pet.gov.tw/upload/pic/1726726758241.png,,2023-02-27,澎湖縣馬公市烏崁里260、261號,(06)9213559
301955,澎湖縣流浪動物收容中心,澎湖縣流浪動物收容中心,混種犬,1,M,MEDIUM,黑色,ADULT,T,https://www.pet.gov.tw/upload/pic/1726726661052.png,貴山,2023-04-14,澎湖縣馬公市烏崁里260、261號,(06)9213559
295800,澎湖縣流浪動物收容中心,澎湖縣流浪動物收容中心,混種犬,1,F,BIG,黑黃色,ADULT,T,https://www.pet.gov.tw/upload/pic/1726726795342.png,,2023-02-27,澎湖縣馬公市烏崁里260、261號,(06)9213559
300701,澎湖縣流浪動物收容中心,澎湖縣流浪動物收容中心,混種犬,1,M,MEDIUM,黑色,ADULT,T,https://www.pet.gov.tw/upload/pic/1726726684208.png,,2023-04-06,澎湖縣馬公市烏崁里260、261號,(06)9213559
295649,澎湖縣流浪動物收容中心,澎湖縣流浪動物收容中心,混種犬,1,F,MEDIUM,咖啡黑色,ADULT,T,https://www.pet.gov.tw/upload/pic/1724384716180.png,黑砂糖冰廠,2023-02-25,澎湖縣馬公市烏崁里260、261號,(06)9213559
295644,澎湖縣流浪動物收容中心,澎湖縣流浪動物收容中心,混種犬,1,F,BIG,黑黃色,ADULT,T,https://www.pet.gov.tw/upload/pic/1724384671250.png,黑砂糖冰廠,2023-02-25,澎湖縣馬公市烏崁里260、261號,(06)9213559
407364,宜蘭縣流浪動物中途之家,宜蘭縣流浪動物中途之家,混種犬,1,M,BIG,黑色,ADULT,T,https://www.pet.gov.tw/upload/pic/1748397531003.png,中興路,2025-05-28,宜蘭縣五結鄉成興村利寶路60號,(03)9602350620
406806,南投縣公立動物收容所,南投縣公立動物收容所,混種犬,1,M,MEDIUM,黑色,ADULT,T,https://www.pet.gov.tw/upload/pic/1747965199712.png,福山路,2025-05-22,南投縣南投市嶺興路36-1號,(049)2225440
229292,澎湖縣流浪動物收容中心,澎湖縣流浪動物收容中心,混種犬,1,M,MEDIUM,黑色,ADULT,T,https://www.pet.gov.tw/upload/pic/1724808152078.png,所內出生,2022-01-20,澎湖縣馬公市烏崁里260、261號,(06)9213559
148951,桃園市動物保護教育園區,桃園市動物保護教育園區,混種犬,1,F,MEDIUM,黃色,ADULT,F,https://www.pet.gov.tw/upload/pic/71dec463-04af-48e7-b66f-6a05246e9b98.JPG,大順里介壽路二段５８３巷,2021-09-14,桃園市新屋區永興里3鄰藻礁路1668號,(03)4861760
60932,桃園市動物保護教育園區,桃園市動物保護教育園區,混種犬,1,M,MEDIUM,黑色,ADULT,F,https://www.pet.gov.tw/upload/pic/8762883f-ea61-44ff-85f6-fc21ddc0a2ad.JPG,復興區羅浮里羅浮溫泉,2021-09-14,桃園市新屋區永興里3鄰藻礁路1668號,(03)4861760
33770,桃園市動物保護教育園區,桃園市動物保護教育園區,混種犬,1,M,SMALL,黑色,ADULT,F,https://www.pet.gov.tw/upload/pic/730c753c-0b4d-4e65-bee8-93efba18d64d.JPG,富聯路１９８巷,2018-02-06,桃園市新屋區永興里3鄰藻礁路1668號,(03)4861760
266930,桃園市動物保護教育園區,桃園市動物保護教育園區,混種犬,1,M,MEDIUM,黑色,ADULT,F,https://www.pet.gov.tw/upload/pic/e5946d55-90e6-413a-a51a-f2bab9088886.jpg,平鎮區南華街,2022-07-26,桃園市新屋區永興里3鄰藻礁路1668號,(03)4861760
76849,桃園市動物保護教育園區,桃園市動物保護教育園區,混種犬,1,F,SMALL,黑色,ADULT,F,https://www.pet.gov.tw/upload/pic/597a9bef-6d88-4382-a404-de47027a4f34.JPG,萬壽路二段,2025-05-23,桃園市新屋區永興里3鄰藻礁路1668號,(03)4861760
76082,桃園市動物保護教育園區,桃園市動物保護教育園區,混種犬,1,M,SMALL,黑色,ADULT,F,https://www.pet.gov.tw/upload/pic/7d063769-1a0c-4ff1-a591-9c0011888e1f.JPG,頭洲里高鐡南路６段,2025-05-23,桃園市新屋區永興里3鄰藻礁路1668號,(03)4861760
293439,澎湖縣流浪動物收容中心,澎湖縣流浪動物收容中心,混種犬,1,M,MEDIUM,黃色,ADULT,T,https://www.pet.gov.tw/upload/pic/1724808296701.png,烏崁里,2023-04-11,澎湖縣馬公市烏崁里260、261號,(06)9213559
84635,桃園市動物保護教育園區,桃園市動物保護教育園區,混種犬,1,M,SMALL,黑色,ADULT,F,https://www.pet.gov.tw/upload/pic/87f8b08f-bbc9-4282-b971-bdb6fbefdb07.JPG,坑口里山菓路２１７巷,2019-02-19,桃園市新屋區永興里3鄰藻礁路1668號,(03)4861760
84637,桃園市動物保護教育園區,桃園市動物保護教育園區,混種犬,1,M,SMALL,黑色,ADULT,F,https://www.pet.gov.tw/upload/pic/9f1b4a60-9f75-44e0-85fe-72e81f103e8b.JPG,坑口里山菓路２１７巷,2019-02-19,桃園市新屋區永興里3鄰藻礁路1668號,(03)4861760
78015,桃園市動物保護教育園區,桃園市動物保護教育園區,混種犬,1,M,SMALL,黑色,ADULT,F,https://www.pet.gov.tw/upload/pic/72964360-e582-42c4-abd5-ddea815b4b38.JPG,內海里濱海路,2018-12-27,桃園市新屋區永興里3鄰藻礁路1668號,(03)4861760
371647,桃園市動物保護教育園區,桃園市動物保護教育園區,混種犬,1,M,MEDIUM,黃色,ADULT,F,https://www.pet.gov.tw/upload/pic/1724750022620.png,明德路,2024-08-27,桃園市新屋區永興里3鄰藻礁路1668號,(03)4861760
241195,澎湖縣流浪動物收容中心,澎湖縣流浪動物收容中心,混種犬,1,M,BIG,黑色,ADULT,T,https://www.pet.gov.tw/upload/pic/1724383343023.png,湖西鄉湖西村103號旁,2022-02-04,澎湖縣馬公市烏崁里260、261號,(06)9213559
186529,澎湖縣流浪動物收容中心,澎湖縣流浪動物收容中心,混種犬,1,F,BIG,黑黃色,ADULT,T,https://www.pet.gov.tw/upload/pic/1724383468553.png,講美,2020-12-15,澎湖縣馬公市烏崁里260、261號,(06)9213559
350336,澎湖縣流浪動物收容中心,澎湖縣流浪動物收容中心,混種犬,1,F,MEDIUM,黑黃色,CHILD,T,https://www.pet.gov.tw/upload/pic/1724373659757.png,溜冰場空地,2024-04-03,澎湖縣馬公市烏崁里260、261號,(06)9213559
347927,澎湖縣流浪動物收容中心,澎湖縣流浪動物收容中心,混種犬,1,F,MEDIUM,虎斑色,CHILD,T,https://www.pet.gov.tw/upload/pic/1724373760979.png,運動公園,2024-03-13,澎湖縣馬公市烏崁里260、261號,(06)9213559
237667,澎湖縣流浪動物收容中心,澎湖縣流浪動物收容中心,混種犬,1,F,BIG,黑色,ADULT,T,https://www.pet.gov.tw/upload/pic/1724373237309.png,石泉里180-6號前樹叢裡,2022-01-06,澎湖縣馬公市烏崁里260、261號,(06)9213559
220589,澎湖縣流浪動物收容中心,澎湖縣流浪動物收容中心,混種犬,1,F,BIG,黑虎斑色,ADULT,T,https://www.pet.gov.tw/upload/pic/1724373280567.png,西衛里開心農場,2021-09-09,澎湖縣馬公市烏崁里260、261號,(06)9213559
330647,澎湖縣流浪動物收容中心,澎湖縣流浪動物收容中心,混種犬,1,F,MEDIUM,黑色,ADULT,T,https://www.pet.gov.tw/upload/pic/1724373147401.png,公園,2023-10-30,澎湖縣馬公市烏崁里260、261號,(06)9213559
201835,澎湖縣流浪動物收容中心,澎湖縣流浪動物收容中心,混種犬,1,F,BIG,黑色,ADULT,T,https://www.pet.gov.tw/upload/pic/1724313407889.png,隘門,2021-04-17,澎湖縣馬公市烏崁里260、261號,(06)9213559
241291,澎湖縣流浪動物收容中心,澎湖縣流浪動物收容中心,混種犬,1,M,MEDIUM,黑色,ADULT,T,https://www.pet.gov.tw/upload/pic/1724312451581.png,案山里造船廠,2022-02-04,澎湖縣馬公市烏崁里260、261號,(06)9213559
216231,澎湖縣流浪動物收容中心,澎湖縣流浪動物收容中心,混種犬,1,F,BIG,黑色,ADULT,T,https://www.pet.gov.tw/upload/pic/1724312507356.png,喜來登,2021-08-09,澎湖縣馬公市烏崁里260、261號,(06)9213559
311734,澎湖縣流浪動物收容中心,澎湖縣流浪動物收容中心,混種犬,1,F,BIG,黑色,ADULT,T,https://www.pet.gov.tw/upload/pic/1724312811058.png,,2023-06-19,澎湖縣馬公市烏崁里260、261號,(06)9213559
317574,澎湖縣流浪動物收容中心,澎湖縣流浪動物收容中心,混種犬,1,M,MEDIUM,黑色,ADULT,T,https://www.pet.gov.tw/upload/pic/1724312718688.png,陳永吉(養羊),2023-07-31,澎湖縣馬公市烏崁里260、261號,(06)9213559
401230,臺北市動物之家,臺北市動物之家,混種犬,1,M,MEDIUM,黃色,ADULT,N,https://www.pet.gov.tw/upload/pic/1744353556587.png,華西街,2025-05-20,臺北市內湖區安美街191號,(02)87913254
221424,桃園市動物保護教育園區,桃園市動物保護教育園區,混種犬,1,M,MEDIUM,黑色,ADULT,T,https://www.pet.gov.tw/upload/pic/dcf40308-cf46-4d26-a695-27edbc2f587c.jpg,新興里龍安街一段成功巷,2025-01-01,桃園市新屋區永興里3鄰藻礁路1668號,(03)4861760
138069,桃園市動物保護教育園區,桃園市動物保護教育園區,混種犬,1,F,MEDIUM,黑色,ADULT,F,https://www.pet.gov.tw/upload/pic/c71a6d8c-4775-439f-806a-fdac787c2a76.JPG,大湖里８鄰文二三街,2022-07-06,桃園市新屋區永興里3鄰藻礁路1668號,(03)4861760
256578,桃園市動物保護教育園區,桃園市動物保護教育園區,混種犬,1,M,MEDIUM,黑色,ADULT,F,https://www.pet.gov.tw/upload/pic/d1c022eb-f021-467d-9217-fb144130e7f7.jpg,洪圳路,2022-11-28,桃園市新屋區永興里3鄰藻礁路1668號,(03)4861760
193690,桃園市動物保護教育園區,桃園市動物保護教育園區,混種犬,1,M,MEDIUM,黑色,ADULT,T,https://www.pet.gov.tw/upload/pic/0bd71bb8-4ade-410d-9ce7-e4f08a147625.jpg,裕成里裕成路大台北社區１９２巷４弄,2021-04-23,桃園市新屋區永興里3鄰藻礁路1668號,(03)4861760
403594,新北市五股區公立動物之家,新北市五股區公立動物之家,混種犬,1,F,MEDIUM,黑白色,ADULT,T,https://www.pet.gov.tw/upload/pic/1745981608019.png,三重忠孝路50巷51號,2025-05-13,新北市五股區外寮路9-9號,(02)82925265
110124,桃園市動物保護教育園區,桃園市動物保護教育園區,混種犬,1,F,MEDIUM,黑色,ADULT,F,https://www.pet.gov.tw/upload/pic/ea381b5b-a29e-453d-beb5-3a647dec4371.JPG,仁福里華勛街363巷附近,2019-07-20,桃園市新屋區永興里3鄰藻礁路1668號,(03)4861760
97257,桃園市動物保護教育園區,桃園市動物保護教育園區,混種犬,1,F,MEDIUM,黑色,ADULT,F,https://www.pet.gov.tw/upload/pic/cab8f529-0c4b-43c1-a07e-ce2f64b6f0c4.JPG,中山南路８００巷,2019-05-09,桃園市新屋區永興里3鄰藻礁路1668號,(03)4861760
277939,臺北市動物之家,臺北市動物之家,混種犬,1,F,MEDIUM,虎斑色,ADULT,T,https://www.pet.gov.tw/upload/pic/422a3652-36ef-48e0-9843-0db8a7c1ff06.jpg,明義里興隆路四段,2022-10-19,臺北市內湖區安美街191號,(02)87913254
93832,新北市五股區公立動物之家,新北市五股區公立動物之家,混種犬,1,M,MEDIUM,黑色,ADULT,F,https://www.pet.gov.tw/upload/pic/716571b7-2c17-4f24-b961-9b2f32ecc3a0.jpg,文化一路,2019-04-19,新北市五股區外寮路9-9號,(02)82925265
172914,新北市五股區公立動物之家,新北市五股區公立動物之家,混種犬,1,M,MEDIUM,棕色,ADULT,F,https://www.pet.gov.tw/upload/pic/20dda094-df2b-4ab3-ba41-a9d2dc7255f3.jpg,成泰路1段237-8號,,新北市五股區外寮路9-9號,(02)82925265
392818,新北市五股區公立動物之家,新北市五股區公立動物之家,混種犬,1,M,MEDIUM,虎斑色,ADULT,F,https://www.pet.gov.tw/upload/pic/1739151823193.png,力行路一段89巷,2025-02-10,新北市五股區外寮路9-9號,(02)82925265
146693,新北市五股區公立動物之家,新北市五股區公立動物之家,混種犬,1,F,MEDIUM,虎斑色,ADULT,T,https://www.pet.gov.tw/upload/pic/3b64d381-624d-49bd-8895-5e2a848eb7ed.jpg,三民街三民公園,2021-10-05,新北市五股區外寮路9-9號,(02)82925265
143725,新北市五股區公立動物之家,新北市五股區公立動物之家,混種犬,1,F,MEDIUM,黑色,ADULT,F,https://www.pet.gov.tw/upload/pic/2a37fdd4-f71c-434e-98f4-2233d06916de.jpg,河邊北街,2020-02-20,新北市五股區外寮路9-9號,(02)82925265
41564,新北市五股區公立動物之家,新北市五股區公立動物之家,混種犬,1,M,MEDIUM,黑色,ADULT,F,https://www.pet.gov.tw/upload/pic/81eaadf3-f6b3-4854-97da-9ed691a87dc7.jpg,凌雲路1段149號,2018-03-15,新北市五股區外寮路9-9號,(02)82925265
226246,新北市五股區公立動物之家,新北市五股區公立動物之家,混種犬,1,M,MEDIUM,黃白色,ADULT,T,https://www.pet.gov.tw/upload/pic/a39321d7-97c0-4d1d-a7a6-2737250aaba3.jpg,西雲路185巷,2021-10-08,新北市五股區外寮路9-9號,(02)82925265
344567,新北市五股區公立動物之家,新北市五股區公立動物之家,混種犬,1,M,MEDIUM,虎斑色,ADULT,T,https://www.pet.gov.tw/upload/pic/1706353850003.png,粉寮路281-1號,2024-01-27,新北市五股區外寮路9-9號,(02)82925265
334836,新北市五股區公立動物之家,新北市五股區公立動物之家,混種犬,1,M,MEDIUM,黑黃色,ADULT,F,https://www.pet.gov.tw/upload/pic/1702364817056.png,忠福路129號,2023-11-16,新北市五股區外寮路9-9號,(02)82925265
344541,新北市五股區公立動物之家,新北市五股區公立動物之家,混種犬,1,F,MEDIUM,黃色,ADULT,T,https://www.pet.gov.tw/upload/pic/1706336605724.png,湖子路99號,2024-01-27,新北市五股區外寮路9-9號,(02)82925265
391935,新北市五股區公立動物之家,新北市五股區公立動物之家,混種犬,1,F,MEDIUM,黑色,ADULT,T,https://www.pet.gov.tw/upload/pic/1737860245954.png,八里快速道路,2025-01-26,新北市五股區外寮路9-9號,(02)82925265
394880,新北市五股區公立動物之家,新北市五股區公立動物之家,混種犬,1,F,MEDIUM,黃白色,ADULT,N,https://www.pet.gov.tw/upload/pic/1740192906896.png,蘆洲復興路345巷15號,2025-03-07,新北市五股區外寮路9-9號,(02)82925265
198808,新北市五股區公立動物之家,新北市五股區公立動物之家,混種犬,1,M,MEDIUM,黑白色,ADULT,T,https://www.pet.gov.tw/upload/pic/5017d207-7c8b-44c7-85e4-569690200ef3.jpg,文化三路一段,2021-03-24,新北市五股區外寮路9-9號,(02)82925265
307621,澎湖縣流浪動物收容中心,澎湖縣流浪動物收容中心,混種犬,1,F,MEDIUM,黑黃色,ADULT,T,https://www.pet.gov.tw/upload/pic/1727136229317.png,幼稚園,2023-05-23,澎湖縣馬公市烏崁里260、261號,(06)9213559
270480,桃園市動物保護教育園區,桃園市動物保護教育園區,混種犬,1,M,SMALL,黑色,ADULT,F,https://www.pet.gov.tw/upload/pic/626cf731-3ba7-4f43-9730-9b322939913a.jpg,清華里新文路,2022-09-05,桃園市新屋區永興里3鄰藻礁路1668號,(03)4861760
35718,新北市中和區公立動物之家,新北市中和區公立動物之家,混種犬,1,F,MEDIUM,黑色,ADULT,T,https://www.pet.gov.tw/upload/pic/1695115365775.png,福和橋下大家停車場,2017-04-25,新北市中和區興南路三段100號,(02)86685547
260924,澎湖縣流浪動物收容中心,澎湖縣流浪動物收容中心,混種犬,1,F,MEDIUM,黑色,ADULT,T,https://www.pet.gov.tw/upload/pic/1724312947267.png,清潔隊調度部,2022-06-28,澎湖縣馬公市烏崁里260、261號,(06)9213559
236471,澎湖縣流浪動物收容中心,澎湖縣流浪動物收容中心,混種犬,1,F,BIG,虎斑色,ADULT,T,https://www.pet.gov.tw/upload/pic/1724313022436.png,風櫃里88－4號,2021-12-29,澎湖縣馬公市烏崁里260、261號,(06)9213559
302567,澎湖縣流浪動物收容中心,澎湖縣流浪動物收容中心,混種犬,1,M,BIG,黃白色,ADULT,T,https://www.pet.gov.tw/upload/pic/1680851901097.png,,2024-01-01,澎湖縣馬公市烏崁里260、261號,(06)9213559
293315,澎湖縣流浪動物收容中心,澎湖縣流浪動物收容中心,混種犬,1,M,BIG,黃色,ADULT,T,https://www.pet.gov.tw/upload/pic/1717578390409.png,前寮里,2023-02-08,澎湖縣馬公市烏崁里260、261號,(06)9213559
388044,澎湖縣流浪動物收容中心,澎湖縣流浪動物收容中心,混種犬,1,M,BIG,黑黃色,ADULT,T,https://www.pet.gov.tw/upload/pic/1735192293148.png,雞母塢民宿附近,2025-01-08,澎湖縣馬公市烏崁里260、261號,(06)9213559
404494,宜蘭縣流浪動物中途之家,宜蘭縣流浪動物中途之家,混種犬,1,F,BIG,黃色,ADULT,T,https://www.pet.gov.tw/upload/pic/1746584702255.png,東澳國小,2025-05-06,宜蘭縣五結鄉成興村利寶路60號,(03)9602350620
404596,金門縣動物收容中心,金門縣動物收容中心,混種犬,1,F,MEDIUM,黑色,ADULT,F,https://www.pet.gov.tw/upload/pic/1746583612075.png,陽翟,2025-05-14,金門縣金湖鎮裕民農莊20號,(082)336625
28977,桃園市動物保護教育園區,桃園市動物保護教育園區,混種犬,1,M,MEDIUM,黑色,ADULT,F,https://www.pet.gov.tw/upload/pic/7f794d69-c5d4-40fe-a1fd-9d239f1826c8.JPG,大昌里介壽路二段３６４巷５２弄,2018-03-23,桃園市新屋區永興里3鄰藻礁路1668號,(03)4861760
169187,桃園市動物保護教育園區,桃園市動物保護教育園區,混種犬,1,F,MEDIUM,黑色,ADULT,F,https://www.pet.gov.tw/upload/pic/385b522e-6eb3-4572-9f7e-9046e29cd7ce.JPG,民生街２８３巷,2020-07-25,桃園市新屋區永興里3鄰藻礁路1668號,(03)4861760
397165,桃園市動物保護教育園區,桃園市動物保護教育園區,混種犬,1,F,MEDIUM,黑色,ADULT,N,https://www.pet.gov.tw/upload/pic/1741661156424.png,,2025-04-17,桃園市新屋區永興里3鄰藻礁路1668號,(03)4861760
397022,桃園市動物保護教育園區,桃園市動物保護教育園區,混種犬,1,F,MEDIUM,黑色,ADULT,T,https://www.pet.gov.tw/upload/pic/1741593846326.png,玉林路一段330巷23弄,2025-04-17,桃園市新屋區永興里3鄰藻礁路1668號,(03)4861760
397020,桃園市動物保護教育園區,桃園市動物保護教育園區,混種犬,1,F,MEDIUM,黑色,ADULT,T,https://www.pet.gov.tw/upload/pic/1741593797923.png,玉林路一段330巷23弄,2025-04-17,桃園市新屋區永興里3鄰藻礁路1668號,(03)4861760
397019,桃園市動物保護教育園區,桃園市動物保護教育園區,混種犬,1,F,MEDIUM,黑色,ADULT,T,https://www.pet.gov.tw/upload/pic/1741593758460.png,玉林路一段330巷23弄,2025-04-17,桃園市新屋區永興里3鄰藻礁路1668號,(03)4861760
172274,桃園市動物保護教育園區,桃園市動物保護教育園區,混種犬,1,M,MEDIUM,白色,ADULT,F,https://www.pet.gov.tw/upload/pic/cb37581e-b565-4ff2-aa20-7ca834497306.JPG,建安里快速路二段６１６巷,2023-08-11,桃園市新屋區永興里3鄰藻礁路1668號,(03)4861760
375028,新北市三芝區公立動物之家,新北市三芝區公立動物之家,混種犬,1,M,MEDIUM,黑色,ADULT,F,https://www.pet.gov.tw/upload/pic/1727058455601.png,,2024-09-23,新北市三芝區青山路(龍巖人本旁),(02)26365436
378390,新竹縣動物保護教育園區,新竹縣動物保護教育園區,混種犬,1,F,BIG,黑色,ADULT,T,https://www.pet.gov.tw/upload/pic/1736914867773.png,,2025-01-22,新竹縣竹北市縣政五街192號,(03)5519548
403567,雲林縣流浪動物收容所,雲林縣流浪動物收容所,混種犬,1,M,BIG,黑色,ADULT,T,https://www.pet.gov.tw/upload/pic/1745972893527.png,台西鄉民生路,2025-04-21,雲林縣斗六市雲林路二段517號,(05)5523300
48275,新北市新店區公立動物之家,新北市新店區公立動物之家,混種犬,1,M,MEDIUM,黑黃色,ADULT,T,https://www.pet.gov.tw/upload/pic/1734492199897.png,北投子,2018-05-10,新北市新店區安泰路235號,(02)22159462
397759,臺北市動物之家,臺北市動物之家,混種犬,1,F,BIG,米色,ADULT,T,https://www.pet.gov.tw/upload/pic/1741934719159.png,北士科與文林國小周遭,2025-03-22,臺北市內湖區安美街191號,(02)87913254
138697,臺北市動物之家,臺北市動物之家,混種犬,1,M,MEDIUM,黑色,ADULT,T,https://www.pet.gov.tw/upload/pic/1690005183515.png,承德路6段331巷,2021-04-10,臺北市內湖區安美街191號,(02)87913254
402840,臺中市動物之家后里園區,臺中市動物之家后里園區,混種犬,1,F,BIG,黑色,ADULT,T,https://www.pet.gov.tw/upload/pic/1745892181248.png,建國路90號一樓,2025-04-29,臺中市后里區堤防路370號,(04)25588024
401322,臺北市動物之家,臺北市動物之家,混種犬,1,F,MEDIUM,黑色,ADULT,T,https://www.pet.gov.tw/upload/pic/1744442150427.png,,2025-04-12,臺北市內湖區安美街191號,(02)87913254
204962,臺北市動物之家,臺北市動物之家,混種犬,1,M,MEDIUM,虎斑色,ADULT,T,https://www.pet.gov.tw/upload/pic/38da14df-726c-439d-aade-8ce6db5c3702.jpg,大度路一段,2021-05-11,臺北市內湖區安美街191號,(02)87913254
393113,澎湖縣流浪動物收容中心,澎湖縣流浪動物收容中心,混種犬,1,M,BIG,黃色,ADULT,T,https://www.pet.gov.tw/upload/pic/1741489683580.png,,2025-02-26,澎湖縣馬公市烏崁里260、261號,(06)9213559
395639,澎湖縣流浪動物收容中心,澎湖縣流浪動物收容中心,混種犬,1,M,BIG,黑色,ADULT,T,https://www.pet.gov.tw/upload/pic/1740626845026.png,西衛公園,2025-03-12,澎湖縣馬公市烏崁里260、261號,(06)9213559
402468,高雄市壽山動物保護教育園區,高雄市壽山動物保護教育園區,混種犬,1,F,SMALL,黃色,CHILD,F,https://www.pet.gov.tw/upload/pic/1745304117086.png,河東路,2025-04-22,高雄市鼓山區萬壽路350號,(07)5519059
214182,臺北市動物之家,臺北市動物之家,混種犬,1,M,MEDIUM,黑棕色,CHILD,T,https://www.pet.gov.tw/upload/pic/1671599096828.png,學園路,2021-11-17,臺北市內湖區安美街191號,(02)87913254
402434,金門縣動物收容中心,金門縣動物收容中心,混種犬,1,F,MEDIUM,黑色,CHILD,F,https://www.pet.gov.tw/upload/pic/1745300653691.png,后沙,2025-05-20,金門縣金湖鎮裕民農莊20號,(082)336625
391998,臺北市動物之家,臺北市動物之家,混種犬,1,F,MEDIUM,黑色,ADULT,T,https://www.pet.gov.tw/upload/pic/1738549173877.png,金湖里成功路五段４２０巷,2025-04-21,臺北市內湖區安美街191號,(02)87913254
167748,臺北市動物之家,臺北市動物之家,混種犬,1,M,SMALL,棕白色,CHILD,F,https://www.pet.gov.tw/upload/pic/60441_109071204_0.jpg,民眾不擬續養,2021-04-11,臺北市內湖區安美街191號,(02)87913254
35659,新北市中和區公立動物之家,新北市中和區公立動物之家,混種犬,1,F,MEDIUM,虎斑色,ADULT,T,https://www.pet.gov.tw/upload/pic/1735901835983.png,龍泉路75-2號,2021-09-11,新北市中和區興南路三段100號,(02)86685547
31359,臺北市動物之家,臺北市動物之家,混種犬,1,M,SMALL,黑色,CHILD,T,https://www.pet.gov.tw/upload/pic/1671598763105.png,泉源路,2017-03-16,臺北市內湖區安美街191號,(02)87913254
201236,臺東縣動物收容中心,臺東縣動物收容中心,混種犬,1,M,BIG,黑色,ADULT,F,https://www.pet.gov.tw/upload/pic/1712124719292.png,台東市,2021-04-06,臺東縣臺東市中華路4段999巷600號,(089)362011
400855,金門縣動物收容中心,金門縣動物收容中心,混種犬,1,F,MEDIUM,黑虎斑色,ADULT,F,https://www.pet.gov.tw/upload/pic/1744170815169.png,碧山,2025-04-30,金門縣金湖鎮裕民農莊20號,(082)336625
400821,金門縣動物收容中心,金門縣動物收容中心,混種犬,1,F,MEDIUM,棕色,ADULT,F,https://www.pet.gov.tw/upload/pic/1744167508670.png,高坑,2025-04-30,金門縣金湖鎮裕民農莊20號,(082)336625
31409,臺北市動物之家,臺北市動物之家,混種犬,1,M,MEDIUM,黑色,ADULT,T,https://www.pet.gov.tw/upload/pic/ebff1aa8-8aa4-4dd6-9c2f-1c5bbf64699f.jpg,士東路339巷,2021-04-10,臺北市內湖區安美街191號,(02)87913254
371759,澎湖縣流浪動物收容中心,澎湖縣流浪動物收容中心,混種犬,1,M,BIG,三花色,ADULT,T,https://www.pet.gov.tw/upload/pic/1724834970660.png,海軍馬公基地,2024-09-11,澎湖縣馬公市烏崁里260、261號,(06)9213559
372059,澎湖縣流浪動物收容中心,澎湖縣流浪動物收容中心,混種犬,1,M,BIG,黑色,ADULT,T,https://www.pet.gov.tw/upload/pic/1725001573881.png,北極殿前面,2024-09-11,澎湖縣馬公市烏崁里260、261號,(06)9213559
149340,桃園市動物保護教育園區,桃園市動物保護教育園區,混種犬,1,M,MEDIUM,黑色,ADULT,F,https://www.pet.gov.tw/upload/pic/6cb34d6f-b2fd-45a5-8aa7-3e318f799489.JPG,成功路三段,2021-09-14,桃園市新屋區永興里3鄰藻礁路1668號,(03)4861760
290231,臺北市動物之家,臺北市動物之家,混種犬,1,M,SMALL,黃白色,CHILD,T,https://www.pet.gov.tw/upload/pic/1672816218253.png,湖山里勝利街(原拾獲地：陽金公路),2023-01-04,臺北市內湖區安美街191號,(02)87913254
347558,臺北市動物之家,臺北市動物之家,混種犬,1,F,MEDIUM,棕色,ADULT,F,https://www.pet.gov.tw/upload/pic/1708919667438.png,華興里木柵路一段311巷,2025-01-13,臺北市內湖區安美街191號,(02)87913254
396746,高雄市壽山動物保護教育園區,高雄市壽山動物保護教育園區,柴犬,0,M,MEDIUM,黃色,ADULT,F,https://www.pet.gov.tw/upload/pic/1741328814066.png,至學路,,高雄市鼓山區萬壽路350號,(07)5519059
399666,南投縣公立動物收容所,南投縣公立動物收容所,混種犬,1,F,MEDIUM,黑色,ADULT,T,https://www.pet.gov.tw/upload/pic/1743212675257.png,員集路,2025-03-31,南投縣南投市嶺興路36-1號,(049)2225440
234976,桃園市動物保護教育園區,桃園市動物保護教育園區,混種犬,1,F,MEDIUM,咖啡色,ADULT,F,https://www.pet.gov.tw/upload/pic/13b8b5d6-5c19-4446-970f-6e73ecc95110.JPG,菓林路,2023-09-25,桃園市新屋區永興里3鄰藻礁路1668號,(03)4861760
232484,臺北市動物之家,臺北市動物之家,混種犬,1,M,MEDIUM,黑色,ADULT,T,https://www.pet.gov.tw/upload/pic/54fa3b9b-1c81-45b8-9d87-a0fb231e2446.jpg,秀湖里 成功路四段(原救援地點：內湖區 金瑞里 內湖路三段),2021-12-27,臺北市內湖區安美街191號,(02)87913254
31262,臺北市動物之家,臺北市動物之家,混種犬,1,M,MEDIUM,虎斑色,ADULT,T,https://www.pet.gov.tw/upload/pic/1671599187142.png,菁山路101巷,2021-04-11,臺北市內湖區安美街191號,(02)87913254
393602,新北市八里區公立動物之家,新北市八里區公立動物之家,柴犬,0,M,MEDIUM,黃色,ADULT,T,https://www.pet.gov.tw/upload/pic/1739512386312.png,新月橋,2025-02-26,新北市八里區長坑里6鄰長坑道路36號,(02)26194428
399145,臺北市動物之家,臺北市動物之家,混種犬,1,M,MEDIUM,黑色,ADULT,T,https://www.pet.gov.tw/upload/pic/1742888167012.png,,2025-03-25,臺北市內湖區安美街191號,(02)87913254
395091,新北市新店區公立動物之家,新北市新店區公立動物之家,混種犬,1,M,MEDIUM,黑色,ADULT,T,https://www.pet.gov.tw/upload/pic/1740387802325.png,平廣路一段202巷,2025-02-24,新北市新店區安泰路235號,(02)22159462
48278,新北市新店區公立動物之家,新北市新店區公立動物之家,混種犬,1,M,MEDIUM,黃色,ADULT,T,https://www.pet.gov.tw/upload/pic/ef710500-3bba-4d43-962e-6ff8e625af07.jpg,竿蓁一街,2018-05-10,新北市新店區安泰路235號,(02)22159462
398616,宜蘭縣流浪動物中途之家,宜蘭縣流浪動物中途之家,混種犬,1,F,MEDIUM,黑色,CHILD,N,https://www.pet.gov.tw/upload/pic/1742523828486.png,順和路,2025-03-20,宜蘭縣五結鄉成興村利寶路60號,(03)9602350620
299297,臺南市動物之家善化站,臺南市動物之家善化站,混種犬,1,F,MEDIUM,白色,ADULT,F,https://www.pet.gov.tw/upload/pic/1678945377802.png,,2025-03-20,臺南市善化區昌隆里東勢寮1~19號,(06)5832399
298549,臺南市動物之家善化站,臺南市動物之家善化站,混種犬,1,M,MEDIUM,黑黃色,ADULT,F,https://www.pet.gov.tw/upload/pic/1678431269049.png,,2025-03-20,臺南市善化區昌隆里東勢寮1~19號,(06)5832399
354666,澎湖縣流浪動物收容中心,澎湖縣流浪動物收容中心,混種犬,1,M,MEDIUM,虎斑色,CHILD,T,https://www.pet.gov.tw/upload/pic/1719992029308.png,金勝發廢五金96-13號,2024-05-01,澎湖縣馬公市烏崁里260、261號,(06)9213559
398375,金門縣動物收容中心,金門縣動物收容中心,混種犬,1,M,BIG,黑色,ADULT,T,https://www.pet.gov.tw/upload/pic/1742369345798.png,埔後,,金門縣金湖鎮裕民農莊20號,(082)336625
226496,臺南市動物之家善化站,臺南市動物之家善化站,混種犬,1,M,MEDIUM,黃色,ADULT,T,https://www.pet.gov.tw/upload/pic/75951bad-08f4-48f4-990e-8a8205040f9e.jpg,善化區溪美里,2025-03-19,臺南市善化區昌隆里東勢寮1~19號,(06)5832399
148612,臺南市動物之家善化站,臺南市動物之家善化站,混種犬,1,M,MEDIUM,黃色,ADULT,F,https://www.pet.gov.tw/upload/pic/9de39c3b-8c1a-4c1f-82f8-a40a8dce654c.jpg,善化區嘉南里,2025-03-19,臺南市善化區昌隆里東勢寮1~19號,(06)5832399
397540,嘉義縣動物保護教育園區,嘉義縣動物保護教育園區,混種犬,1,F,BIG,虎斑色,ADULT,T,https://www.pet.gov.tw/upload/pic/1741823357412.png,,2025-03-13,嘉義縣民雄鄉松山村後山仔37之2號,(05)2721119
397462,金門縣動物收容中心,金門縣動物收容中心,混種犬,1,M,MEDIUM,棕色,ADULT,T,https://www.pet.gov.tw/upload/pic/1741760315719.png,瓊林,2025-03-11,金門縣金湖鎮裕民農莊20號,(082)336625
36060,新北市五股區公立動物之家,新北市五股區公立動物之家,混種犬,1,M,MEDIUM,黑灰色,ADULT,F,https://www.pet.gov.tw/upload/pic/1721287601623.png,中直路,2021-10-05,新北市五股區外寮路9-9號,(02)82925265
386191,新北市五股區公立動物之家,新北市五股區公立動物之家,混種犬,1,M,BIG,黑色,ADULT,F,https://www.pet.gov.tw/upload/pic/1733963395659.png,林口太平里後坑34-1號,2024-12-25,新北市五股區外寮路9-9號,(02)82925265
175693,新北市五股區公立動物之家,新北市五股區公立動物之家,混種犬,1,M,MEDIUM,黃色,ADULT,F,https://www.pet.gov.tw/upload/pic/1721289467189.png,成泰路三段212號,2021-10-05,新北市五股區外寮路9-9號,(02)82925265
316763,新北市五股區公立動物之家,新北市五股區公立動物之家,混種犬,1,M,MEDIUM,黑色,ADULT,F,https://www.pet.gov.tw/upload/pic/1689305521975.png,中山路270號,2023-07-14,新北市五股區外寮路9-9號,(02)82925265
344565,新北市五股區公立動物之家,新北市五股區公立動物之家,混種犬,1,M,MEDIUM,黑色,ADULT,T,https://www.pet.gov.tw/upload/pic/1706431672828.png,忠福路356號,2024-01-27,新北市五股區外寮路9-9號,(02)82925265
353532,新北市五股區公立動物之家,新北市五股區公立動物之家,混種犬,1,M,MEDIUM,黑色,ADULT,F,https://www.pet.gov.tw/upload/pic/1712810369263.png,忠褔路406號,2024-04-19,新北市五股區外寮路9-9號,(02)82925265
373620,新北市五股區公立動物之家,新北市五股區公立動物之家,混種犬,1,M,MEDIUM,黑色,ADULT,F,https://www.pet.gov.tw/upload/pic/1726024564781.png,五股西雲路185巷,2024-09-19,新北市五股區外寮路9-9號,(02)82925265
226272,新北市五股區公立動物之家,新北市五股區公立動物之家,混種犬,1,F,MEDIUM,棕色,ADULT,F,https://www.pet.gov.tw/upload/pic/ea08ca2d-0f03-46d1-bc51-e0ac6bd7ee0b.jpg,三重商工,2021-10-09,新北市五股區外寮路9-9號,(02)82925265
161145,新北市五股區公立動物之家,新北市五股區公立動物之家,混種犬,1,F,MEDIUM,黑色,ADULT,F,https://www.pet.gov.tw/upload/pic/f903dd1e-c0e8-4697-bdb2-89f11025d660.jpg,暖暖區八南里4鄰八堵127巷,2021-10-05,新北市五股區外寮路9-9號,(02)82925265
36044,新北市五股區公立動物之家,新北市五股區公立動物之家,混種犬,1,F,MEDIUM,黑色,ADULT,F,https://www.pet.gov.tw/upload/pic/18a2dd02-5621-4e46-913a-92b26d9fb051.jpg,興福寮77巷,2021-10-05,新北市五股區外寮路9-9號,(02)82925265
257069,新北市五股區公立動物之家,新北市五股區公立動物之家,混種犬,1,F,MEDIUM,黑色,ADULT,F,https://www.pet.gov.tw/upload/pic/9eb3741f-db6c-466e-b136-d3ba19c1e205.jpg,三重中央南路,2022-06-25,新北市五股區外寮路9-9號,(02)82925265
286020,新北市五股區公立動物之家,新北市五股區公立動物之家,混種犬,1,M,MEDIUM,黑色,ADULT,N,https://www.pet.gov.tw/upload/pic/1670205549179.png,五股觀音坑溪橋,2022-12-13,新北市五股區外寮路9-9號,(02)82925265
356327,新北市五股區公立動物之家,新北市五股區公立動物之家,混種犬,1,M,MEDIUM,黑色,ADULT,T,https://www.pet.gov.tw/upload/pic/1718423575564.png,五股微風運河更寮段州子尾97_1號,2024-05-10,新北市五股區外寮路9-9號,(02)82925265
372724,臺中市動物之家南屯園區,臺中市動物之家南屯園區,混種犬,1,M,MEDIUM,米色,CHILD,T,https://www.pet.gov.tw/upload/pic/1725429016353.png,文心路一段,2025-03-12,臺中市南屯區中台路601號,(04)23850976
376012,臺中市動物之家南屯園區,臺中市動物之家南屯園區,混種犬,1,M,MEDIUM,黃色,ADULT,T,https://www.pet.gov.tw/upload/pic/1727667328022.png,永春東二路,2025-03-12,臺中市南屯區中台路601號,(04)23850976
376122,臺中市動物之家南屯園區,臺中市動物之家南屯園區,混種犬,1,F,MEDIUM,黑色,CHILD,F,https://www.pet.gov.tw/upload/pic/1727679505899.png,武陵路,2025-03-12,臺中市南屯區中台路601號,(04)23850976
377300,臺中市動物之家南屯園區,臺中市動物之家南屯園區,混種犬,1,F,MEDIUM,白色,ADULT,T,https://www.pet.gov.tw/upload/pic/1728618392304.png,福中15街,2025-03-12,臺中市南屯區中台路601號,(04)23850976
378747,臺中市動物之家南屯園區,臺中市動物之家南屯園區,混種犬,1,M,MEDIUM,黃色,ADULT,F,https://www.pet.gov.tw/upload/pic/1729493874987.png,三港路,2025-03-12,臺中市南屯區中台路601號,(04)23850976
380679,臺中市動物之家南屯園區,臺中市動物之家南屯園區,混種犬,1,M,MEDIUM,棕灰色,CHILD,F,https://www.pet.gov.tw/upload/pic/1730707045526.png,豐勢路國校巷,2025-03-12,臺中市南屯區中台路601號,(04)23850976
382074,臺中市動物之家南屯園區,臺中市動物之家南屯園區,混種犬,1,F,MEDIUM,黑色,CHILD,N,https://www.pet.gov.tw/upload/pic/1731467745352.png,黃竹路,2025-03-12,臺中市南屯區中台路601號,(04)23850976
382186,臺中市動物之家南屯園區,臺中市動物之家南屯園區,混種犬,1,F,MEDIUM,,ADULT,N,https://www.pet.gov.tw/upload/pic/1731486599364.png,水頭二路,2025-03-12,臺中市南屯區中台路601號,(04)23850976
397027,臺南市動物之家善化站,臺南市動物之家善化站,混種犬,1,M,MEDIUM,黃色,ADULT,T,https://www.pet.gov.tw/upload/pic/1741596597272.png,,2025-03-10,臺南市善化區昌隆里東勢寮1~19號,(06)5832399
35309,新北市新店區公立動物之家,新北市新店區公立動物之家,混種犬,1,M,SMALL,黑色,ADULT,T,https://www.pet.gov.tw/upload/pic/1734496330045.png,竹林路158之1號,2018-01-05,新北市新店區安泰路235號,(02)22159462
397177,新北市中和區公立動物之家,新北市中和區公立動物之家,混種犬,1,F,MEDIUM,黑色,ADULT,T,https://www.pet.gov.tw/upload/pic/1741662067054.png,中和區,2025-03-11,新北市中和區興南路三段100號,(02)86685547
397112,新北市五股區公立動物之家,新北市五股區公立動物之家,混種犬,1,F,MEDIUM,米色,ADULT,T,https://www.pet.gov.tw/upload/pic/1741655999855.png,外寮路9-9號,2025-03-11,新北市五股區外寮路9-9號,(02)82925265
36064,新北市五股區公立動物之家,新北市五股區公立動物之家,混種犬,1,F,MEDIUM,虎斑色,ADULT,F,https://www.pet.gov.tw/upload/pic/1718785810102.png,婦幼公園,2016-11-22,新北市五股區外寮路9-9號,(02)82925265
36131,新北市五股區公立動物之家,新北市五股區公立動物之家,混種犬,1,F,MEDIUM,虎斑色,ADULT,F,https://www.pet.gov.tw/upload/pic/1718784056175.png,太平里,2017-05-27,新北市五股區外寮路9-9號,(02)82925265
88904,新北市五股區公立動物之家,新北市五股區公立動物之家,混種犬,1,M,MEDIUM,黃色,ADULT,F,https://www.pet.gov.tw/upload/pic/1721288526593.png,文化一路190巷,2019-03-18,新北市五股區外寮路9-9號,(02)82925265
91114,新北市五股區公立動物之家,新北市五股區公立動物之家,混種犬,1,M,MEDIUM,黃色,ADULT,T,https://www.pet.gov.tw/upload/pic/1718785689725.png,後湖52之3號,2019-03-28,新北市五股區外寮路9-9號,(02)82925265
157634,新北市五股區公立動物之家,新北市五股區公立動物之家,混種犬,1,F,MEDIUM,黑色,ADULT,F,https://www.pet.gov.tw/upload/pic/1718424343250.png,成蘆橋,2020-05-02,新北市五股區外寮路9-9號,(02)82925265
352299,新北市新店區公立動物之家,新北市新店區公立動物之家,混種犬,1,F,SMALL,黑色,ADULT,T,https://www.pet.gov.tw/upload/pic/1734492801930.png,,2024-03-31,新北市新店區安泰路235號,(02)22159462
35273,新北市新店區公立動物之家,新北市新店區公立動物之家,混種犬,1,M,MEDIUM,黑黃色,ADULT,T,https://www.pet.gov.tw/upload/pic/1734496246342.png,北宜路一段115號,2017-09-20,新北市新店區安泰路235號,(02)22159462
252810,新北市八里區公立動物之家,新北市八里區公立動物之家,混種犬,1,M,MEDIUM,黑白色,ADULT,T,https://www.pet.gov.tw/upload/pic/80bf040f-0e13-4afc-86dc-0983af04d21f.jpg,中誠街,2022-04-28,新北市八里區長坑里6鄰長坑道路36號,(02)26194428
105192,新北市八里區公立動物之家,新北市八里區公立動物之家,混種犬,1,F,SMALL,黑色,ADULT,F,https://www.pet.gov.tw/upload/pic/1724989590148.png,中正路,2019-08-27,新北市八里區長坑里6鄰長坑道路36號,(02)26194428
77010,新北市八里區公立動物之家,新北市八里區公立動物之家,混種犬,1,F,MEDIUM,虎斑色,ADULT,F,https://www.pet.gov.tw/upload/pic/1724989377501.png,崁頂里11鄰,2018-12-19,新北市八里區長坑里6鄰長坑道路36號,(02)26194428
80158,新北市八里區公立動物之家,新北市八里區公立動物之家,混種犬,1,F,MEDIUM,黑色,ADULT,F,https://www.pet.gov.tw/upload/pic/1724987347161.png,長坑里,2019-01-14,新北市八里區長坑里6鄰長坑道路36號,(02)26194428
86453,新北市八里區公立動物之家,新北市八里區公立動物之家,混種犬,1,F,SMALL,黑色,ADULT,F,https://www.pet.gov.tw/upload/pic/1724989027360.png,長坑里,2019-03-05,新北市八里區長坑里6鄰長坑道路36號,(02)26194428
88034,新北市八里區公立動物之家,新北市八里區公立動物之家,混種犬,1,M,SMALL,黑色,ADULT,F,https://www.pet.gov.tw/upload/pic/1724922326772.png,泰林路(泰山清潔隊),2019-03-12,新北市八里區長坑里6鄰長坑道路36號,(02)26194428
88040,新北市八里區公立動物之家,新北市八里區公立動物之家,混種犬,1,F,SMALL,黑色,ADULT,F,https://www.pet.gov.tw/upload/pic/1724922301266.png,泰林路(泰山清潔隊),2019-03-12,新北市八里區長坑里6鄰長坑道路36號,(02)26194428
110690,新北市八里區公立動物之家,新北市八里區公立動物之家,混種犬,1,F,SMALL,黑白色,ADULT,T,https://www.pet.gov.tw/upload/pic/1724922214160.png,泰山清潔隊,2019-07-24,新北市八里區長坑里6鄰長坑道路36號,(02)26194428
194137,新北市八里區公立動物之家,新北市八里區公立動物之家,混種犬,1,M,MEDIUM,黑色,ADULT,F,https://www.pet.gov.tw/upload/pic/1724988945566.png,長坑里4鄰,2021-02-02,新北市八里區長坑里6鄰長坑道路36號,(02)26194428
319456,新北市八里區公立動物之家,新北市八里區公立動物之家,混種犬,1,M,MEDIUM,黃色,ADULT,T,https://www.pet.gov.tw/upload/pic/1724989454821.png,龍米路二段,2023-08-03,新北市八里區長坑里6鄰長坑道路36號,(02)26194428
323585,新北市八里區公立動物之家,新北市八里區公立動物之家,混種犬,1,M,MEDIUM,白色,ADULT,T,https://www.pet.gov.tw/upload/pic/1724989427257.png,中華路,2023-09-02,新北市八里區長坑里6鄰長坑道路36號,(02)26194428
132211,臺北市動物之家,臺北市動物之家,混種犬,1,M,MEDIUM,白色,ADULT,T,https://www.pet.gov.tw/upload/pic/53756_108112702_0.JPG,民眾不擬續養,2021-04-10,臺北市內湖區安美街191號,(02)87913254
387949,澎湖縣流浪動物收容中心,澎湖縣流浪動物收容中心,混種犬,1,M,BIG,黑黃色,ADULT,T,https://www.pet.gov.tw/upload/pic/1735183025079.png,雞母塢民宿附近,2025-01-08,澎湖縣馬公市烏崁里260、261號,(06)9213559
371763,澎湖縣流浪動物收容中心,澎湖縣流浪動物收容中心,混種犬,1,M,BIG,黑色,ADULT,T,https://www.pet.gov.tw/upload/pic/1724835044364.png,海軍馬公基地,2024-09-11,澎湖縣馬公市烏崁里260、261號,(06)9213559
313455,桃園市動物保護教育園區,桃園市動物保護教育園區,混種犬,1,F,SMALL,黑色,CHILD,F,https://www.pet.gov.tw/upload/pic/1687165300250.png,瑞仁路,2023-06-19,桃園市新屋區永興里3鄰藻礁路1668號,(03)4861760
35633,新北市中和區公立動物之家,新北市中和區公立動物之家,混種犬,1,F,MEDIUM,白色,ADULT,T,https://www.pet.gov.tw/upload/pic/1735616435624.png,圓通路369巷30弄,2021-09-11,新北市中和區興南路三段100號,(02)86685547
35558,新北市中和區公立動物之家,新北市中和區公立動物之家,混種犬,1,M,MEDIUM,黃色,ADULT,T,https://www.pet.gov.tw/upload/pic/1735901126901.png,和平路95號,2021-09-11,新北市中和區興南路三段100號,(02)86685547
35555,新北市中和區公立動物之家,新北市中和區公立動物之家,混種犬,1,M,MEDIUM,黑黃色,ADULT,T,https://www.pet.gov.tw/upload/pic/1735901216191.png,中央路四段321巷34弄,2021-09-11,新北市中和區興南路三段100號,(02)86685547
35564,新北市中和區公立動物之家,新北市中和區公立動物之家,混種犬,1,M,MEDIUM,黑色,ADULT,T,https://www.pet.gov.tw/upload/pic/1735901267168.png,永豐路山上,2021-09-11,新北市中和區興南路三段100號,(02)86685547
35565,新北市中和區公立動物之家,新北市中和區公立動物之家,混種犬,1,F,MEDIUM,黑色,ADULT,T,https://www.pet.gov.tw/upload/pic/1736564000425.png,文化路419號,2021-09-11,新北市中和區興南路三段100號,(02)86685547
35569,新北市中和區公立動物之家,新北市中和區公立動物之家,混種犬,1,F,MEDIUM,黑色,ADULT,T,https://www.pet.gov.tw/upload/pic/1735901329465.png,和平路93號,2014-11-24,新北市中和區興南路三段100號,(02)86685547
35573,新北市中和區公立動物之家,新北市中和區公立動物之家,混種犬,1,M,MEDIUM,黑色,ADULT,T,https://www.pet.gov.tw/upload/pic/1736564107430.png,圓通路(北二高橋下),2021-09-11,新北市中和區興南路三段100號,(02)86685547
35561,新北市中和區公立動物之家,新北市中和區公立動物之家,混種犬,1,F,MEDIUM,黑色,ADULT,T,https://www.pet.gov.tw/upload/pic/1735901433013.png,和平路93-1號,2021-09-11,新北市中和區興南路三段100號,(02)86685547
35559,新北市中和區公立動物之家,新北市中和區公立動物之家,混種犬,1,F,MEDIUM,黑色,ADULT,T,https://www.pet.gov.tw/upload/pic/1736564191806.png,擺接堡路 裕德國小前,2014-11-26,新北市中和區興南路三段100號,(02)86685547
35602,新北市中和區公立動物之家,新北市中和區公立動物之家,混種犬,1,F,MEDIUM,黑色,ADULT,T,https://www.pet.gov.tw/upload/pic/1736564281077.png,永寧捷運站對面,2021-09-11,新北市中和區興南路三段100號,(02)86685547
35607,新北市中和區公立動物之家,新北市中和區公立動物之家,混種犬,1,M,MEDIUM,黑色,ADULT,T,https://www.pet.gov.tw/upload/pic/1735901590667.png,民安街150號,2021-09-11,新北市中和區興南路三段100號,(02)86685547
35614,新北市中和區公立動物之家,新北市中和區公立動物之家,混種犬,1,M,MEDIUM,黑色,ADULT,T,https://www.pet.gov.tw/upload/pic/1735616389137.png,錦和路388號,2021-09-11,新北市中和區興南路三段100號,(02)86685547
35625,新北市中和區公立動物之家,新北市中和區公立動物之家,混種犬,1,M,MEDIUM,黑色,ADULT,T,https://www.pet.gov.tw/upload/pic/1736564665574.png,民安街42巷,2021-09-11,新北市中和區興南路三段100號,(02)86685547
35647,新北市中和區公立動物之家,新北市中和區公立動物之家,混種犬,1,F,MEDIUM,黑黃色,ADULT,T,https://www.pet.gov.tw/upload/pic/1736564729286.png,福和橋下,2021-09-11,新北市中和區興南路三段100號,(02)86685547
35655,新北市中和區公立動物之家,新北市中和區公立動物之家,混種犬,1,F,MEDIUM,黑黃色,ADULT,T,https://www.pet.gov.tw/upload/pic/1736564795937.png,青雲路587巷6號,2021-09-11,新北市中和區興南路三段100號,(02)86685547
35662,新北市中和區公立動物之家,新北市中和區公立動物之家,混種犬,1,F,MEDIUM,黑黃色,ADULT,T,https://www.pet.gov.tw/upload/pic/1693812410617.png,國際路山上,2021-09-11,新北市中和區興南路三段100號,(02)86685547
35668,新北市中和區公立動物之家,新北市中和區公立動物之家,混種犬,1,M,MEDIUM,黑色,ADULT,T,https://www.pet.gov.tw/upload/pic/1736564920388.png,永和街62巷底,2018-07-06,新北市中和區興南路三段100號,(02)86685547
35723,新北市中和區公立動物之家,新北市中和區公立動物之家,混種犬,1,F,MEDIUM,虎斑色,ADULT,T,https://www.pet.gov.tw/upload/pic/1736565066584.png,中央路三段126巷,2017-05-18,新北市中和區興南路三段100號,(02)86685547
35755,新北市中和區公立動物之家,新北市中和區公立動物之家,混種犬,1,M,MEDIUM,黑色,ADULT,T,https://www.pet.gov.tw/upload/pic/1736316699213.png,青雲路380巷,2021-09-11,新北市中和區興南路三段100號,(02)86685547
35764,新北市中和區公立動物之家,新北市中和區公立動物之家,混種犬,1,F,MEDIUM,黑黃色,ADULT,T,https://www.pet.gov.tw/upload/pic/1736565665781.png,中央路4段418號,2021-09-11,新北市中和區興南路三段100號,(02)86685547
35834,新北市中和區公立動物之家,新北市中和區公立動物之家,混種犬,1,F,MEDIUM,虎斑色,ADULT,T,https://www.pet.gov.tw/upload/pic/1736566151930.png,青雲路495號,2021-09-11,新北市中和區興南路三段100號,(02)86685547
47449,新北市中和區公立動物之家,新北市中和區公立動物之家,混種犬,1,F,MEDIUM,黑色,ADULT,T,https://www.pet.gov.tw/upload/pic/1736566249938.png,小坪頂,2018-05-04,新北市中和區興南路三段100號,(02)86685547
122907,新北市中和區公立動物之家,新北市中和區公立動物之家,混種犬,1,F,MEDIUM,黑色,ADULT,T,https://www.pet.gov.tw/upload/pic/1736567671783.png,中和區白馬寺山上,2019-10-12,新北市中和區興南路三段100號,(02)86685547
131164,新北市中和區公立動物之家,新北市中和區公立動物之家,混種犬,1,M,MEDIUM,黑色,ADULT,T,https://www.pet.gov.tw/upload/pic/1736317057946.png,得和路口,2019-11-27,新北市中和區興南路三段100號,(02)86685547
136785,新北市中和區公立動物之家,新北市中和區公立動物之家,混種犬,1,F,MEDIUM,黑灰色,ADULT,T,https://www.pet.gov.tw/upload/pic/1736567763904.png,中和區中山路二段312巷12號,2019-12-31,新北市中和區興南路三段100號,(02)86685547
141499,新北市中和區公立動物之家,新北市中和區公立動物之家,混種犬,1,M,MEDIUM,黑色,ADULT,T,https://www.pet.gov.tw/upload/pic/1736567846815.png,中原二街127號,2020-01-24,新北市中和區興南路三段100號,(02)86685547
146684,新北市中和區公立動物之家,新北市中和區公立動物之家,混種犬,1,M,MEDIUM,黑白色,ADULT,T,https://www.pet.gov.tw/upload/pic/1736567892809.png,德光路,2020-02-29,新北市中和區興南路三段100號,(02)86685547
159877,新北市中和區公立動物之家,新北市中和區公立動物之家,混種犬,1,F,MEDIUM,黑色,ADULT,T,https://www.pet.gov.tw/upload/pic/1736317360282.png,中和區光環路二段21號,2020-05-14,新北市中和區興南路三段100號,(02)86685547
160186,新北市中和區公立動物之家,新北市中和區公立動物之家,混種犬,1,M,MEDIUM,黑色,ADULT,T,https://www.pet.gov.tw/upload/pic/1736317436743.png,興南路二段399巷,2020-05-16,新北市中和區興南路三段100號,(02)86685547
193910,新北市中和區公立動物之家,新北市中和區公立動物之家,混種犬,1,F,MEDIUM,黑色,ADULT,T,https://www.pet.gov.tw/upload/pic/1736568112264.png,連勝街57巷,2021-03-01,新北市中和區興南路三段100號,(02)86685547
205164,新北市中和區公立動物之家,新北市中和區公立動物之家,混種犬,1,M,MEDIUM,黑黃色,ADULT,T,https://www.pet.gov.tw/upload/pic/1741309212546.png,土城區,2021-05-04,新北市中和區興南路三段100號,(02)86685547
221401,新北市中和區公立動物之家,新北市中和區公立動物之家,混種犬,1,M,MEDIUM,黃色,ADULT,T,https://www.pet.gov.tw/upload/pic/1735615102535.png,中央路三段89巷,2021-09-08,新北市中和區興南路三段100號,(02)86685547
229998,新北市中和區公立動物之家,新北市中和區公立動物之家,混種犬,1,M,MEDIUM,黑色,ADULT,T,https://www.pet.gov.tw/upload/pic/1736317569547.png,林森路20巷,2021-11-13,新北市中和區興南路三段100號,(02)86685547
292195,新北市中和區公立動物之家,新北市中和區公立動物之家,混種犬,1,M,MEDIUM,黃白色,CHILD,T,https://www.pet.gov.tw/upload/pic/1736574474849.png,光環路二段,2023-01-31,新北市中和區興南路三段100號,(02)86685547
292640,新北市中和區公立動物之家,新北市中和區公立動物之家,混種犬,1,M,MEDIUM,白色,ADULT,T,https://www.pet.gov.tw/upload/pic/1735616784752.png,中山路52-1號,2023-02-02,新北市中和區興南路三段100號,(02)86685547
344502,新北市中和區公立動物之家,新北市中和區公立動物之家,混種犬,1,F,MEDIUM,黑黃色,ADULT,T,https://www.pet.gov.tw/upload/pic/1736317933834.png,竹林路25巷,2024-01-26,新北市中和區興南路三段100號,(02)86685547
351281,新北市中和區公立動物之家,新北市中和區公立動物之家,混種犬,1,M,MEDIUM,黃白色,ADULT,T,https://www.pet.gov.tw/upload/pic/1736575028923.png,永和區,2024-03-24,新北市中和區興南路三段100號,(02)86685547
375944,新北市中和區公立動物之家,新北市中和區公立動物之家,混種犬,1,M,MEDIUM,虎斑色,ADULT,T,https://www.pet.gov.tw/upload/pic/1735615236457.png,石門路32巷,2024-09-28,新北市中和區興南路三段100號,(02)86685547
193375,臺北市動物之家,臺北市動物之家,混種犬,1,F,MEDIUM,黑色,ADULT,T,https://www.pet.gov.tw/upload/pic/4932c1fe-aef5-410c-9e00-27582a2eb9d1.jpg,民眾不擬續養,2021-04-11,臺北市內湖區安美街191號,(02)87913254
392678,彰化縣流浪狗中途之家,彰化縣流浪狗中途之家,混種犬,1,F,MEDIUM,黑色,ADULT,T,https://www.pet.gov.tw/upload/pic/1738976630095.png,員集路三段,2025-02-17,彰化縣員林市大峰里阿寶巷426號(大門入口請由彰化縣芬園鄉大彰路一段875巷進入走到底),(04)8590638
313891,臺北市動物之家,臺北市動物之家,混種犬,1,F,MEDIUM,黃色,ADULT,T,https://www.pet.gov.tw/upload/pic/1687327925180.png,大屯里復興三路１５２巷,2023-07-01,臺北市內湖區安美街191號,(02)87913254
361640,臺北市動物之家,臺北市動物之家,混種犬,1,F,BIG,米色,ADULT,T,https://www.pet.gov.tw/upload/pic/1718161881110.png,,2024-06-12,臺北市內湖區安美街191號,(02)87913254
113042,臺北市動物之家,臺北市動物之家,混種犬,1,F,MEDIUM,黑色,ADULT,T,https://www.pet.gov.tw/upload/pic/74ddcfe7-f399-42b6-9860-df10a4b345ae.jpg,研究院路4段,2021-04-21,臺北市內湖區安美街191號,(02)87913254
347719,臺北市動物之家,臺北市動物之家,混種犬,1,M,SMALL,白色,CHILD,T,https://www.pet.gov.tw/upload/pic/1709014779813.png,福徳里中正路(原拾獲地:泉源路),2024-02-27,臺北市內湖區安美街191號,(02)87913254
36403,新北市三芝區公立動物之家,新北市三芝區公立動物之家,混種犬,1,F,MEDIUM,黑色,ADULT,F,https://www.pet.gov.tw/upload/pic/1727063075350.png,新樹路113巷21號,2015-08-27,新北市三芝區青山路(龍巖人本旁),(02)26365436
36393,新北市三芝區公立動物之家,新北市三芝區公立動物之家,混種犬,1,F,SMALL,黑色,ADULT,T,https://www.pet.gov.tw/upload/pic/1726734235880.png,錫板里聖武廟,2015-01-10,新北市三芝區青山路(龍巖人本旁),(02)26365436
36390,新北市三芝區公立動物之家,新北市三芝區公立動物之家,混種犬,1,F,MEDIUM,黑色,ADULT,T,https://www.pet.gov.tw/upload/pic/1730182142837.png,璜潭里公館崙8號之1,2015-01-10,新北市三芝區青山路(龍巖人本旁),(02)26365436
36399,新北市三芝區公立動物之家,新北市三芝區公立動物之家,混種犬,1,M,MEDIUM,黑色,ADULT,T,https://www.pet.gov.tw/upload/pic/1730182978248.png,交通隊周邊區域,2015-04-16,新北市三芝區青山路(龍巖人本旁),(02)26365436
44174,新北市三芝區公立動物之家,新北市三芝區公立動物之家,混種犬,1,F,MEDIUM,黑黃色,ADULT,T,https://www.pet.gov.tw/upload/pic/c848a62f-21f8-4656-8bf4-d586c6cfc5bb.jpg,小坪頂,2018-04-16,新北市三芝區青山路(龍巖人本旁),(02)26365436
44171,新北市三芝區公立動物之家,新北市三芝區公立動物之家,混種犬,1,F,MEDIUM,黑色,ADULT,T,https://www.pet.gov.tw/upload/pic/1730181970597.png,小坪頂,2018-04-16,新北市三芝區青山路(龍巖人本旁),(02)26365436
47151,新北市三芝區公立動物之家,新北市三芝區公立動物之家,混種犬,1,M,MEDIUM,黑色,ADULT,T,https://www.pet.gov.tw/upload/pic/1730181700231.png,小坪頂,2018-05-02,新北市三芝區青山路(龍巖人本旁),(02)26365436
63542,新北市三芝區公立動物之家,新北市三芝區公立動物之家,混種犬,1,F,MEDIUM,黑色,ADULT,F,https://www.pet.gov.tw/upload/pic/1701066888670.png,金山區忠義路,2018-09-11,新北市三芝區青山路(龍巖人本旁),(02)26365436
157679,新北市三芝區公立動物之家,新北市三芝區公立動物之家,混種犬,1,M,MEDIUM,黃色,ADULT,F,https://www.pet.gov.tw/upload/pic/1700809626499.png,野柳地質公園,2020-04-29,新北市三芝區青山路(龍巖人本旁),(02)26365436
174953,新北市三芝區公立動物之家,新北市三芝區公立動物之家,混種犬,1,M,MEDIUM,黑色,ADULT,F,https://www.pet.gov.tw/upload/pic/1730181559749.png,核二廠,2020-09-01,新北市三芝區青山路(龍巖人本旁),(02)26365436
319732,新北市三芝區公立動物之家,新北市三芝區公立動物之家,混種犬,1,M,MEDIUM,黑色,ADULT,F,https://www.pet.gov.tw/upload/pic/1700640580148.png,,2025-03-05,新北市三芝區青山路(龍巖人本旁),(02)26365436
320151,新北市三芝區公立動物之家,新北市三芝區公立動物之家,混種犬,1,F,MEDIUM,黃色,ADULT,F,https://www.pet.gov.tw/upload/pic/1730181197449.png,,2023-08-09,新北市三芝區青山路(龍巖人本旁),(02)26365436
372265,新北市三芝區公立動物之家,新北市三芝區公立動物之家,混種犬,1,M,MEDIUM,黑色,ADULT,F,https://www.pet.gov.tw/upload/pic/1730181010875.png,,2024-09-02,新北市三芝區青山路(龍巖人本旁),(02)26365436
31354,臺北市動物之家,臺北市動物之家,混種犬,1,F,MEDIUM,黑色,ADULT,T,https://www.pet.gov.tw/upload/pic/1674176236252.png,五分街,2016-06-12,臺北市內湖區安美街191號,(02)87913254
392429,臺北市動物之家,臺北市動物之家,混種犬,1,M,MEDIUM,黑色,CHILD,T,https://www.pet.gov.tw/upload/pic/1738834793944.png,竹子湖路,2025-02-14,臺北市內湖區安美街191號,(02)87913254
391075,臺中市動物之家后里園區,臺中市動物之家后里園區,混種犬,1,M,MEDIUM,黑色,CHILD,T,https://www.pet.gov.tw/upload/pic/1737355148013.png,四月路,2025-02-23,臺中市后里區堤防路370號,(04)25588024
132929,臺北市動物之家,臺北市動物之家,混種犬,1,F,MEDIUM,虎斑色,CHILD,T,https://www.pet.gov.tw/upload/pic/1671600139609.png,武崗營區,2021-04-11,臺北市內湖區安美街191號,(02)87913254
264106,臺北市動物之家,臺北市動物之家,混種犬,1,M,MEDIUM,黃色,ADULT,T,https://www.pet.gov.tw/upload/pic/b6eecd6b-adec-43e2-821d-a517aa4e8094.jpg,動物之家,2022-07-06,臺北市內湖區安美街191號,(02)87913254
205675,桃園市動物保護教育園區,桃園市動物保護教育園區,混種犬,1,M,MEDIUM,黑色,ADULT,F,https://www.pet.gov.tw/upload/pic/2e0c4b6f-196c-41c8-afc9-6fcc6dd73045.jpg,龍昌里中山東路三段文化新村,2024-12-16,桃園市新屋區永興里3鄰藻礁路1668號,(03)4861760
377845,南投縣公立動物收容所,南投縣公立動物收容所,混種犬,1,F,MEDIUM,黑色,ADULT,T,https://www.pet.gov.tw/upload/pic/1728963370764.png,開信巷,,南投縣南投市嶺興路36-1號,(049)2225440
373156,桃園市動物保護教育園區,桃園市動物保護教育園區,混種犬,1,F,MEDIUM,黃白色,ADULT,F,https://www.pet.gov.tw/upload/pic/1737614625698.png,保障里保障路８０６巷,2024-09-25,桃園市新屋區永興里3鄰藻礁路1668號,(03)4861760
373155,桃園市動物保護教育園區,桃園市動物保護教育園區,混種犬,1,F,MEDIUM,黑白色,ADULT,F,https://www.pet.gov.tw/upload/pic/1737614572667.png,保障里保障路８０６巷,2024-09-25,桃園市新屋區永興里3鄰藻礁路1668號,(03)4861760
393210,臺北市動物之家,臺北市動物之家,混種犬,1,M,MEDIUM,白色,ADULT,T,https://www.pet.gov.tw/upload/pic/1739341045141.png,延平北路七段,2025-02-23,臺北市內湖區安美街191號,(02)87913254
378953,臺北市動物之家,臺北市動物之家,混種犬,1,F,MEDIUM,黑色,ADULT,T,https://www.pet.gov.tw/upload/pic/1729586079914.png,湖山里紗帽路,2024-11-10,臺北市內湖區安美街191號,(02)87913254
360008,臺北市動物之家,臺北市動物之家,混種犬,1,M,MEDIUM,黑色,CHILD,T,https://www.pet.gov.tw/upload/pic/1716971214921.png,北安里北安路與明水路口,2024-06-09,臺北市內湖區安美街191號,(02)87913254
174572,臺北市動物之家,臺北市動物之家,混種犬,1,M,MEDIUM,黃色,ADULT,F,https://www.pet.gov.tw/upload/pic/91a80be5-50f8-44eb-87b3-e54b8b887075.jpg,萬大路,2021-04-10,臺北市內湖區安美街191號,(02)87913254
97416,臺北市動物之家,臺北市動物之家,混種犬,1,M,MEDIUM,黑色,ADULT,T,https://www.pet.gov.tw/upload/pic/324b06ca-eb7e-4773-bbd0-d0a90be667f1.jpg,舊莊街2段232巷,2021-04-10,臺北市內湖區安美街191號,(02)87913254
370495,臺北市動物之家,臺北市動物之家,混種犬,1,F,SMALL,黑色,CHILD,F,https://www.pet.gov.tw/upload/pic/1724041623365.png,林泉里幽雅路,2024-08-19,臺北市內湖區安美街191號,(02)87913254
309587,臺北市動物之家,臺北市動物之家,混種犬,1,F,MEDIUM,黑色,ADULT,T,https://www.pet.gov.tw/upload/pic/1684896730580.png,,2023-05-24,臺北市內湖區安美街191號,(02)87913254
192161,臺北市動物之家,臺北市動物之家,混種犬,1,M,MEDIUM,黑棕色,ADULT,T,https://www.pet.gov.tw/upload/pic/1691811525578.png,民眾不擬續養,2021-04-11,臺北市內湖區安美街191號,(02)87913254
57964,臺北市動物之家,臺北市動物之家,混種犬,1,F,MEDIUM,黑色,ADULT,T,https://www.pet.gov.tw/upload/pic/36771_107072315_0.JPG,民眾不擬續養,2021-04-11,臺北市內湖區安美街191號,(02)87913254
37762,臺北市動物之家,臺北市動物之家,混種犬,1,M,MEDIUM,黑色,ADULT,T,https://www.pet.gov.tw/upload/pic/a3f6ad35-d43b-4bb2-a47c-ecf49c93de1d.jpg,民眾不擬續養,2018-03-12,臺北市內湖區安美街191號,(02)87913254
362868,臺北市動物之家,臺北市動物之家,混種犬,1,M,SMALL,黑色,CHILD,T,https://www.pet.gov.tw/upload/pic/1718865906397.png,老泉里老泉街２６巷,2024-06-20,臺北市內湖區安美街191號,(02)87913254
393734,彰化縣流浪狗中途之家,彰化縣流浪狗中途之家,混種犬,1,F,MEDIUM,黑白色,ADULT,T,https://www.pet.gov.tw/upload/pic/1739583781859.png,民生路一段276巷30號附近,2025-02-24,彰化縣員林市大峰里阿寶巷426號(大門入口請由彰化縣芬園鄉大彰路一段875巷進入走到底),(04)8590638
393733,彰化縣流浪狗中途之家,彰化縣流浪狗中途之家,混種犬,1,F,MEDIUM,黑白色,ADULT,T,https://www.pet.gov.tw/upload/pic/1739583712072.png,民生路一段276巷30號附近,2025-02-24,彰化縣員林市大峰里阿寶巷426號(大門入口請由彰化縣芬園鄉大彰路一段875巷進入走到底),(04)8590638
393886,彰化縣流浪狗中途之家,彰化縣流浪狗中途之家,混種犬,1,F,MEDIUM,黑色,ADULT,T,https://www.pet.gov.tw/upload/pic/1739761608956.png,潭墘國小,2025-02-25,彰化縣員林市大峰里阿寶巷426號(大門入口請由彰化縣芬園鄉大彰路一段875巷進入走到底),(04)8590638
393732,彰化縣流浪狗中途之家,彰化縣流浪狗中途之家,混種犬,1,F,MEDIUM,黑色,ADULT,T,https://www.pet.gov.tw/upload/pic/1739583623466.png,民生路一段276巷30號附近,2025-02-24,彰化縣員林市大峰里阿寶巷426號(大門入口請由彰化縣芬園鄉大彰路一段875巷進入走到底),(04)8590638
215611,澎湖縣流浪動物收容中心,澎湖縣流浪動物收容中心,混種犬,1,F,BIG,黃色,ADULT,T,https://asms.coa.gov.tw/amlapp/upload/pic/5ea78e24-69c9-4c77-9bc0-94c9ff085177_org.jpeg,興仁里皓仁砂石場,2021-08-04,澎湖縣馬公市烏崁里260、261號,(06)9213559
386856,澎湖縣流浪動物收容中心,澎湖縣流浪動物收容中心,混種犬,1,M,MEDIUM,三花色,ADULT,T,https://www.pet.gov.tw/upload/pic/1734833697097.png,五福路,2025-01-01,澎湖縣馬公市烏崁里260、261號,(06)9213559
198608,澎湖縣流浪動物收容中心,澎湖縣流浪動物收容中心,混種犬,1,M,BIG,黑色,ADULT,T,https://www.pet.gov.tw/upload/pic/acd736d5-43c1-4e17-8ad2-1ebcaa991da8.jpg,太子廟前樹林,2021-03-22,澎湖縣馬公市烏崁里260、261號,(06)9213559
394152,臺北市動物之家,臺北市動物之家,混種犬,1,F,MEDIUM,黑色,ADULT,T,https://www.pet.gov.tw/upload/pic/1739863919223.png,福安里延平北路七段106巷,2025-02-26,臺北市內湖區安美街191號,(02)87913254
249874,桃園市動物保護教育園區,桃園市動物保護教育園區,混種犬,1,F,MEDIUM,黑色,ADULT,F,https://www.pet.gov.tw/upload/pic/8e08ec91-ffc8-4802-85c2-e6e32426f4cd.jpg,武陵里桃園火車站,2022-07-04,桃園市新屋區永興里3鄰藻礁路1668號,(03)4861760
364125,臺南市動物之家善化站,臺南市動物之家善化站,混種犬,1,M,MEDIUM,黃色,ADULT,F,https://www.pet.gov.tw/upload/pic/1719563634325.png,,2025-02-17,臺南市善化區昌隆里東勢寮1~19號,(06)5832399
393777,臺北市動物之家,臺北市動物之家,混種犬,1,M,MEDIUM,黑色,ADULT,T,https://www.pet.gov.tw/upload/pic/1739677575363.png,,2025-02-16,臺北市內湖區安美街191號,(02)87913254
393705,臺南市動物之家善化站,臺南市動物之家善化站,混種犬,1,F,MEDIUM,黑色,ADULT,N,https://www.pet.gov.tw/upload/pic/1739524982900.png,,2025-02-14,臺南市善化區昌隆里東勢寮1~19號,(06)5832399
188540,臺北市動物之家,臺北市動物之家,混種犬,1,M,MEDIUM,虎斑色,ADULT,T,https://www.pet.gov.tw/upload/pic/dfc69b47-bd11-4f1e-a082-39cc8915824f.jpg,和平東路4段66巷80弄,2021-04-10,臺北市內湖區安美街191號,(02)87913254
287981,臺北市動物之家,臺北市動物之家,柴犬,0,M,MEDIUM,黃白色,ADULT,T,https://www.pet.gov.tw/upload/pic/1671094731704.png,,2022-12-15,臺北市內湖區安美街191號,(02)87913254
393641,臺北市動物之家,臺北市動物之家,混種犬,1,F,MEDIUM,黑色,ADULT,T,https://www.pet.gov.tw/upload/pic/1739516636279.png,,2025-02-14,臺北市內湖區安美街191號,(02)87913254
379593,臺北市動物之家,臺北市動物之家,混種犬,1,M,MEDIUM,黑棕色,ADULT,T,https://www.pet.gov.tw/upload/pic/1730080941777.png,岩山里仰德大道一段,2024-12-09,臺北市內湖區安美街191號,(02)87913254
57954,臺北市動物之家,臺北市動物之家,混種犬,1,M,MEDIUM,黑色,ADULT,T,https://www.pet.gov.tw/upload/pic/36759_107072303_0.JPG,中和街493巷9弄,2021-04-10,臺北市內湖區安美街191號,(02)87913254
236319,臺北市動物之家,臺北市動物之家,混種犬,1,M,MEDIUM,黃色,ADULT,T,https://asms.coa.gov.tw/amlapp/upload/pic/fddc884c-6252-4520-b9ec-0189dbf9448c_org.jpeg,泉源里東昇路,2022-01-04,臺北市內湖區安美街191號,(02)87913254
31474,臺北市動物之家,臺北市動物之家,混種犬,1,M,SMALL,虎斑色,CHILD,T,https://www.pet.gov.tw/upload/pic/6e6e3667-8b7e-4346-a6f6-62e441c504e4.jpg,中央北路,2021-04-11,臺北市內湖區安美街191號,(02)87913254
28820,桃園市動物保護教育園區,桃園市動物保護教育園區,混種犬,1,F,MEDIUM,黑色,ADULT,F,https://www.pet.gov.tw/upload/pic/fb054ee0-b0ea-41da-8ce8-3c6b7debb750.JPG,八德里３４鄰德湖街,2017-12-31,桃園市新屋區永興里3鄰藻礁路1668號,(03)4861760
31429,臺北市動物之家,臺北市動物之家,混種犬,1,M,SMALL,黑色,CHILD,T,https://www.pet.gov.tw/upload/pic/9269cc32-b0aa-4255-9139-33352275fe8e.jpg,菁山路101巷,2021-04-11,臺北市內湖區安美街191號,(02)87913254
347890,臺北市動物之家,臺北市動物之家,混種犬,1,M,MEDIUM,黑色,ADULT,T,https://www.pet.gov.tw/upload/pic/1709029566814.png,成功路四段 (原通報地點: 南港 向陽路１６２巷 202401673),2024-04-27,臺北市內湖區安美街191號,(02)87913254
384175,臺北市動物之家,臺北市動物之家,混種犬,1,M,MEDIUM,黑色,ADULT,T,https://www.pet.gov.tw/upload/pic/1732691882387.png,博嘉里木柵路四段159巷170弄,2024-12-09,臺北市內湖區安美街191號,(02)87913254
274788,臺北市動物之家,臺北市動物之家,混種犬,1,M,MEDIUM,黑色,ADULT,T,https://www.pet.gov.tw/upload/pic/5e0310d5-591d-4eda-95a0-3343ad7af03b.jpg,溪山里	至善路三段２９０巷,2022-10-14,臺北市內湖區安美街191號,(02)87913254
57961,臺北市動物之家,臺北市動物之家,混種犬,1,M,MEDIUM,黑白色,ADULT,T,https://www.pet.gov.tw/upload/pic/b6f18191-fa3f-4525-a480-e31b0a7a1027.jpg,民眾不擬續養,2021-04-10,臺北市內湖區安美街191號,(02)87913254
380731,臺北市動物之家,臺北市動物之家,混種犬,1,F,MEDIUM,虎斑色,ADULT,T,https://www.pet.gov.tw/upload/pic/1730715140800.png,道南河濱公園內，道南棒壘球場跟籃球場之間的區域,2024-11-17,臺北市內湖區安美街191號,(02)87913254
57960,臺北市動物之家,臺北市動物之家,混種犬,1,M,MEDIUM,黑色,ADULT,T,https://www.pet.gov.tw/upload/pic/701401bc-60df-4896-a21e-76cfed569870.jpg,民眾不擬續養,2021-04-10,臺北市內湖區安美街191號,(02)87913254
299054,臺北市動物之家,臺北市動物之家,混種犬,1,F,MEDIUM,虎斑色,ADULT,T,https://www.pet.gov.tw/upload/pic/1678784437489.png,,2023-07-06,臺北市內湖區安美街191號,(02)87913254
385163,臺北市動物之家,臺北市動物之家,混種犬,1,F,MEDIUM,黃色,ADULT,T,https://www.pet.gov.tw/upload/pic/1733293994356.png,圓山保齡球館,2024-12-12,臺北市內湖區安美街191號,(02)87913254
370898,臺北市動物之家,臺北市動物之家,混種犬,1,M,MEDIUM,黃色,ADULT,T,https://www.pet.gov.tw/upload/pic/1724224889577.png,萬祥里羅斯福路五段211巷26弄,2024-09-01,臺北市內湖區安美街191號,(02)87913254
378245,臺南市動物之家善化站,臺南市動物之家善化站,混種犬,1,M,MEDIUM,虎斑色,ADULT,F,https://www.pet.gov.tw/upload/pic/1729242405779.png,民族路 南洋櫻公園,2025-02-14,臺南市善化區昌隆里東勢寮1~19號,(06)5832399
385529,臺北市動物之家,臺北市動物之家,混種犬,1,M,MEDIUM,黑色,ADULT,T,https://www.pet.gov.tw/upload/pic/1733455570606.png,,2024-12-06,臺北市內湖區安美街191號,(02)87913254
392528,臺南市動物之家善化站,臺南市動物之家善化站,混種犬,1,M,MEDIUM,黑黃色,ADULT,F,https://www.pet.gov.tw/upload/pic/1738892244501.png,,2025-02-13,臺南市善化區昌隆里東勢寮1~19號,(06)5832399
249851,臺南市動物之家善化站,臺南市動物之家善化站,混種犬,1,F,MEDIUM,黑色,ADULT,F,https://www.pet.gov.tw/upload/pic/3c21786e-98e7-4fda-9c6b-b69d06454ab9.jpg,北門區文山里,2022-04-15,臺南市善化區昌隆里東勢寮1~19號,(06)5832399
377844,南投縣公立動物收容所,南投縣公立動物收容所,混種犬,1,M,MEDIUM,黃色,ADULT,T,https://www.pet.gov.tw/upload/pic/1728963199614.png,開信巷,,南投縣南投市嶺興路36-1號,(049)2225440
271159,澎湖縣流浪動物收容中心,澎湖縣流浪動物收容中心,混種犬,1,F,MEDIUM,黃色,ADULT,T,https://asms.coa.gov.tw/amlapp/upload/pic/0d56dfc2-acbc-45ac-8ec3-d02aaca99e64_org.jpeg,烏崁活動中心對面,2022-08-30,澎湖縣馬公市烏崁里260、261號,(06)9213559
191924,桃園市動物保護教育園區,桃園市動物保護教育園區,比特犬,0,M,MEDIUM,咖啡白色,ADULT,F,https://www.pet.gov.tw/upload/pic/7fde08af-c1b6-4061-862e-2ba700c16554.jpg,中豐路高平段,2021-12-16,桃園市新屋區永興里3鄰藻礁路1668號,(03)4861760
366542,高雄市燕巢動物保護關愛園區,高雄市燕巢動物保護關愛園區,混種犬,1,F,MEDIUM,黑色,CHILD,F,https://www.pet.gov.tw/upload/pic/1738908999042.png,中正路,2024-07-03,高雄市燕巢區師大路98號,(07)6051002
392466,金門縣動物收容中心,金門縣動物收容中心,混種犬,1,M,MEDIUM,虎斑色,ADULT,F,https://www.pet.gov.tw/upload/pic/1738827827139.png,建華,2025-02-11,金門縣金湖鎮裕民農莊20號,(082)336625
91223,新北市五股區公立動物之家,新北市五股區公立動物之家,混種犬,1,F,MEDIUM,黑色,ADULT,F,https://www.pet.gov.tw/upload/pic/1ae93cd0-4020-4371-bb36-4f9da8c7b64d.jpg,嘉寶里,2019-03-29,新北市五股區外寮路9-9號,(02)82925265
391932,新北市五股區公立動物之家,新北市五股區公立動物之家,混種犬,1,F,MEDIUM,米色,ADULT,T,https://www.pet.gov.tw/upload/pic/1737859872570.png,林口粉寮一街,2025-01-26,新北市五股區外寮路9-9號,(02)82925265
391777,新北市五股區公立動物之家,新北市五股區公立動物之家,混種犬,1,F,MEDIUM,黃色,ADULT,T,https://www.pet.gov.tw/upload/pic/1737691387785.png,成泰路一段7巷9弄13號,2025-01-24,新北市五股區外寮路9-9號,(02)82925265
391246,桃園市動物保護教育園區,桃園市動物保護教育園區,混種犬,1,F,SMALL,白色,CHILD,F,https://www.pet.gov.tw/upload/pic/1737429146674.png,青山里青山五街,2025-01-21,桃園市新屋區永興里3鄰藻礁路1668號,(03)4861760
359888,南投縣公立動物收容所,南投縣公立動物收容所,混種犬,1,F,MEDIUM,白色,ADULT,T,https://www.pet.gov.tw/upload/pic/1716948348749.png,,2024-05-28,南投縣南投市嶺興路36-1號,(049)2225440
366600,高雄市燕巢動物保護關愛園區,高雄市燕巢動物保護關愛園區,混種犬,1,F,MEDIUM,黃色,CHILD,F,https://www.pet.gov.tw/upload/pic/1737343191024.png,保安路,2024-07-11,高雄市燕巢區師大路98號,(07)6051002
366578,高雄市燕巢動物保護關愛園區,高雄市燕巢動物保護關愛園區,混種犬,1,F,SMALL,黃色,CHILD,F,https://www.pet.gov.tw/upload/pic/1737342441532.png,南洲街,2024-07-06,高雄市燕巢區師大路98號,(07)6051002
388607,臺中市動物之家后里園區,臺中市動物之家后里園區,混種犬,1,F,BIG,黑色,ADULT,T,https://www.pet.gov.tw/upload/pic/1737167481778.png,溪南路二段257巷1號,2025-01-18,臺中市后里區堤防路370號,(04)25588024
388462,新竹市動物保護教育園區,新竹市動物保護教育園區,混種犬,1,M,MEDIUM,黑色,ADULT,T,https://www.pet.gov.tw/upload/pic/1735622906934.png,金雅路,2025-01-07,新竹市南寮里海濱路250號,(03)5368329
373152,桃園市動物保護教育園區,桃園市動物保護教育園區,混種犬,1,F,MEDIUM,黃白色,ADULT,F,https://www.pet.gov.tw/upload/pic/1725690149026.png,保障里保障路８０６巷,2024-09-25,桃園市新屋區永興里3鄰藻礁路1668號,(03)4861760
373278,桃園市動物保護教育園區,桃園市動物保護教育園區,混種犬,1,M,MEDIUM,黃白色,ADULT,F,https://www.pet.gov.tw/upload/pic/1725853314289.png,保障里保障路８０６巷,2024-09-25,桃園市新屋區永興里3鄰藻礁路1668號,(03)4861760
390510,宜蘭縣流浪動物中途之家,宜蘭縣流浪動物中途之家,貴賓犬,0,M,MEDIUM,棕色,ADULT,T,https://www.pet.gov.tw/upload/pic/1737006602666.png,礁溪路一段,2025-01-23,宜蘭縣五結鄉成興村利寶路60號,(03)9602350620
244946,桃園市動物保護教育園區,桃園市動物保護教育園區,混種犬,1,M,MEDIUM,黑白色,ADULT,F,https://www.pet.gov.tw/upload/pic/70502b46-c419-463b-8e3a-bdb88b92711b.jpg,元化街,2024-12-16,桃園市新屋區永興里3鄰藻礁路1668號,(03)4861760
327281,高雄市燕巢動物保護關愛園區,高雄市燕巢動物保護關愛園區,混種犬,1,F,SMALL,黑色,CHILD,F,https://www.pet.gov.tw/upload/pic/1736994237870.png,大里街,2023-09-07,高雄市燕巢區師大路98號,(07)6051002
385103,新竹縣動物保護教育園區,新竹縣動物保護教育園區,貴賓犬,0,M,SMALL,棕色,ADULT,T,https://www.pet.gov.tw/upload/pic/1733240128439.png,,2024-12-18,新竹縣竹北市縣政五街192號,(03)5519548
389484,宜蘭縣流浪動物中途之家,宜蘭縣流浪動物中途之家,混種犬,1,F,BIG,黑棕色,ADULT,N,https://www.pet.gov.tw/upload/pic/1736301929332.png,永興路二段,2025-01-08,宜蘭縣五結鄉成興村利寶路60號,(03)9602350620
389272,新竹縣動物保護教育園區,新竹縣動物保護教育園區,混種犬,1,M,MEDIUM,黑色,ADULT,F,https://www.pet.gov.tw/upload/pic/1736210041022.png,,2025-01-04,新竹縣竹北市縣政五街192號,(03)5519548
247860,澎湖縣流浪動物收容中心,澎湖縣流浪動物收容中心,混種犬,1,F,BIG,黑色,ADULT,T,https://www.pet.gov.tw/upload/pic/1694249754516.png,案山里現代人檳榔,2022-03-29,澎湖縣馬公市烏崁里260、261號,(06)9213559
350063,澎湖縣流浪動物收容中心,澎湖縣流浪動物收容中心,混種犬,1,F,BIG,黑黃色,ADULT,T,https://www.pet.gov.tw/upload/pic/1710396068292.png,中正國中,2024-04-03,澎湖縣馬公市烏崁里260、261號,(06)9213559
204960,新北市瑞芳區公立動物之家,新北市瑞芳區公立動物之家,混種犬,1,F,BIG,虎斑色,,T,https://www.pet.gov.tw/upload/pic/1735792581482.png,貢寮區,2021-05-03,新北市瑞芳區靜安路四段(106縣道74.5K清潔隊場區內),(02)24063481
36007,新北市瑞芳區公立動物之家,新北市瑞芳區公立動物之家,混種犬,1,M,BIG,黑色,,T,https://www.pet.gov.tw/upload/pic/1735789604150.png,楓子瀨,2017-12-20,新北市瑞芳區靜安路四段(106縣道74.5K清潔隊場區內),(02)24063481
48207,新北市瑞芳區公立動物之家,新北市瑞芳區公立動物之家,混種犬,1,F,MEDIUM,黃白色,,T,https://www.pet.gov.tw/upload/pic/1735789068370.png,中港大排,2018-02-27,新北市瑞芳區靜安路四段(106縣道74.5K清潔隊場區內),(02)24063481
239595,新北市瑞芳區公立動物之家,新北市瑞芳區公立動物之家,混種犬,1,F,BIG,黑色,,T,https://www.pet.gov.tw/upload/pic/1735788867029.png,中山路,2022-01-16,新北市瑞芳區靜安路四段(106縣道74.5K清潔隊場區內),(02)24063481
323319,新北市瑞芳區公立動物之家,新北市瑞芳區公立動物之家,混種犬,1,M,MEDIUM,黑色,ADULT,T,https://www.pet.gov.tw/upload/pic/1735788237338.png,桃園市,2021-12-29,新北市瑞芳區靜安路四段(106縣道74.5K清潔隊場區內),(02)24063481
254553,新北市瑞芳區公立動物之家,新北市瑞芳區公立動物之家,混種犬,1,M,MEDIUM,黑白色,ADULT,T,https://www.pet.gov.tw/upload/pic/1735788011461.png,中央路3段214號,2024-03-06,新北市瑞芳區靜安路四段(106縣道74.5K清潔隊場區內),(02)24063481
35979,新北市瑞芳區公立動物之家,新北市瑞芳區公立動物之家,混種犬,1,F,MEDIUM,黑色,,T,https://www.pet.gov.tw/upload/pic/1735633974798.png,新市二路二段,2016-11-03,新北市瑞芳區靜安路四段(106縣道74.5K清潔隊場區內),(02)24063481
48220,新北市瑞芳區公立動物之家,新北市瑞芳區公立動物之家,混種犬,1,F,MEDIUM,黑色,,T,https://www.pet.gov.tw/upload/pic/1735633699919.png,小忠寮,2017-08-17,新北市瑞芳區靜安路四段(106縣道74.5K清潔隊場區內),(02)24063481
91931,新北市瑞芳區公立動物之家,新北市瑞芳區公立動物之家,混種犬,1,M,MEDIUM,黑色,,F,https://www.pet.gov.tw/upload/pic/1735633188065.png,八斗子車站,2019-04-05,新北市瑞芳區靜安路四段(106縣道74.5K清潔隊場區內),(02)24063481
239598,新北市瑞芳區公立動物之家,新北市瑞芳區公立動物之家,混種犬,1,F,BIG,黑色,,T,https://www.pet.gov.tw/upload/pic/1735630445092.png,瑞芳區,2022-01-16,新北市瑞芳區靜安路四段(106縣道74.5K清潔隊場區內),(02)24063481
205153,新北市瑞芳區公立動物之家,新北市瑞芳區公立動物之家,混種犬,1,F,BIG,黑色,,T,https://www.pet.gov.tw/upload/pic/1735627562276.png,瑞芳區岳王路,2021-05-04,新北市瑞芳區靜安路四段(106縣道74.5K清潔隊場區內),(02)24063481
35953,新北市瑞芳區公立動物之家,新北市瑞芳區公立動物之家,混種犬,1,M,MEDIUM,黑黃色,ADULT,T,https://www.pet.gov.tw/upload/pic/1735627334930.png,文秀坑路,2015-07-27,新北市瑞芳區靜安路四段(106縣道74.5K清潔隊場區內),(02)24063481
323320,新北市瑞芳區公立動物之家,新北市瑞芳區公立動物之家,混種犬,1,F,MEDIUM,黑色,ADULT,T,https://www.pet.gov.tw/upload/pic/1735626845593.png,民生路1段18號,2020-07-13,新北市瑞芳區靜安路四段(106縣道74.5K清潔隊場區內),(02)24063481
225312,新北市瑞芳區公立動物之家,新北市瑞芳區公立動物之家,混種犬,1,M,MEDIUM,黑色,ADULT,F,https://www.pet.gov.tw/upload/pic/1735619466467.png,中和區,2023-10-17,新北市瑞芳區靜安路四段(106縣道74.5K清潔隊場區內),(02)24063481
365938,新北市瑞芳區公立動物之家,新北市瑞芳區公立動物之家,混種犬,1,M,BIG,黑色,ADULT,T,https://www.pet.gov.tw/upload/pic/1735615894170.png,大寮路,2024-07-12,新北市瑞芳區靜安路四段(106縣道74.5K清潔隊場區內),(02)24063481
205376,新北市瑞芳區公立動物之家,新北市瑞芳區公立動物之家,混種犬,1,M,MEDIUM,虎斑色,,T,https://www.pet.gov.tw/upload/pic/1735543152141.png,貢寮區龍門里,2021-05-06,新北市瑞芳區靜安路四段(106縣道74.5K清潔隊場區內),(02)24063481
36002,新北市瑞芳區公立動物之家,新北市瑞芳區公立動物之家,混種犬,1,M,BIG,黑色,ADULT,T,https://www.pet.gov.tw/upload/pic/1735542759123.png,平林農場,2017-12-20,新北市瑞芳區靜安路四段(106縣道74.5K清潔隊場區內),(02)24063481
204341,新北市瑞芳區公立動物之家,新北市瑞芳區公立動物之家,混種犬,1,F,MEDIUM,黑色,ADULT,T,https://www.pet.gov.tw/upload/pic/1735542305746.png,瑞芳區,2021-04-28,新北市瑞芳區靜安路四段(106縣道74.5K清潔隊場區內),(02)24063481
388335,金門縣動物收容中心,金門縣動物收容中心,混種犬,1,M,MEDIUM,黃色,ADULT,F,https://www.pet.gov.tw/upload/pic/1735541544789.png,太湖路一段,2025-01-03,金門縣金湖鎮裕民農莊20號,(082)336625
344563,新北市五股區公立動物之家,新北市五股區公立動物之家,混種犬,1,M,MEDIUM,黑色,ADULT,T,https://www.pet.gov.tw/upload/pic/1706353362032.png,大水湳路162號,2024-01-27,新北市五股區外寮路9-9號,(02)82925265
314169,新北市五股區公立動物之家,新北市五股區公立動物之家,混種犬,1,M,MEDIUM,虎斑色,ADULT,F,https://www.pet.gov.tw/upload/pic/1687755707535.png,五股區新五路二段279號,2023-06-26,新北市五股區外寮路9-9號,(02)82925265
226905,新北市五股區公立動物之家,新北市五股區公立動物之家,混種犬,1,F,MEDIUM,黑色,ADULT,T,https://www.pet.gov.tw/upload/pic/1718431099365.png,天台廣場,2021-10-22,新北市五股區外寮路9-9號,(02)82925265
52813,新北市五股區公立動物之家,新北市五股區公立動物之家,混種犬,1,M,MEDIUM,黑色,ADULT,F,https://www.pet.gov.tw/upload/pic/1735096849256.png,凌雲路,2018-06-15,新北市五股區外寮路9-9號,(02)82925265
225299,新北市五股區公立動物之家,新北市五股區公立動物之家,混種犬,1,F,MEDIUM,黑灰色,ADULT,F,https://www.pet.gov.tw/upload/pic/6d7f958d-1ae7-4649-81a3-e49b1560549d.jpg,光興街,2021-10-01,新北市五股區外寮路9-9號,(02)82925265
373625,新北市五股區公立動物之家,新北市五股區公立動物之家,混種犬,1,M,MEDIUM,米色,ADULT,F,https://www.pet.gov.tw/upload/pic/1726024973914.png,三重三和路三段186_2號,2024-09-19,新北市五股區外寮路9-9號,(02)82925265
322808,新北市五股區公立動物之家,新北市五股區公立動物之家,混種犬,1,F,MEDIUM,黑黃色,ADULT,T,https://www.pet.gov.tw/upload/pic/1693195853073.png,民義路,2023-08-28,新北市五股區外寮路9-9號,(02)82925265
365884,新北市五股區公立動物之家,新北市五股區公立動物之家,混種犬,1,F,MEDIUM,黑色,ADULT,F,https://www.pet.gov.tw/upload/pic/1720759826089.png,凌雲路三段,2024-07-12,新北市五股區外寮路9-9號,(02)82925265
250867,新北市五股區公立動物之家,新北市五股區公立動物之家,混種犬,1,M,MEDIUM,黃色,ADULT,F,https://www.pet.gov.tw/upload/pic/d28c3ff6-ab85-4e8f-926a-ac24a17dcd4f.jpg,五股中興路二段8號路邊的,2022-04-15,新北市五股區外寮路9-9號,(02)82925265
350435,新北市五股區公立動物之家,新北市五股區公立動物之家,混種犬,1,M,MEDIUM,黑色,ADULT,F,https://www.pet.gov.tw/upload/pic/1710748343220.png,三重中正北路111之5號,2024-03-26,新北市五股區外寮路9-9號,(02)82925265
134946,新北市五股區公立動物之家,新北市五股區公立動物之家,混種犬,1,F,MEDIUM,米色,ADULT,F,https://www.pet.gov.tw/upload/pic/5c86243b-678a-4e2e-a22f-8a5659ce4ecc.jpg,重新路,2019-12-23,新北市五股區外寮路9-9號,(02)82925265
224490,新北市五股區公立動物之家,新北市五股區公立動物之家,混種犬,1,F,MEDIUM,白色,ADULT,T,https://www.pet.gov.tw/upload/pic/43baef4c-a4ea-402d-9102-196eedcc083c.jpg,登林路,2021-07-21,新北市五股區外寮路9-9號,(02)82925265
138046,新北市五股區公立動物之家,新北市五股區公立動物之家,混種犬,1,M,MEDIUM,黑色,ADULT,F,https://www.pet.gov.tw/upload/pic/c6ace344-dd93-48df-8271-5fdcc75fd35d.jpg,嘉寶里,2020-01-02,新北市五股區外寮路9-9號,(02)82925265
344564,新北市五股區公立動物之家,新北市五股區公立動物之家,混種犬,1,F,MEDIUM,黑色,ADULT,F,https://www.pet.gov.tw/upload/pic/1706353494997.png,光華路2巷內,2024-01-27,新北市五股區外寮路9-9號,(02)82925265
160467,新北市五股區公立動物之家,新北市五股區公立動物之家,混種犬,1,M,MEDIUM,黑色,ADULT,T,https://www.pet.gov.tw/upload/pic/1672984033884.png,中正南路,2020-05-26,新北市五股區外寮路9-9號,(02)82925265
227371,新北市五股區公立動物之家,新北市五股區公立動物之家,混種犬,1,F,MEDIUM,黃色,ADULT,F,https://www.pet.gov.tw/upload/pic/aa18e576-fdad-4cb8-977a-3f5b54a75d2f.jpg,復興路,2021-10-26,新北市五股區外寮路9-9號,(02)82925265
324421,新北市五股區公立動物之家,新北市五股區公立動物之家,混種犬,1,M,MEDIUM,黑色,ADULT,T,https://www.pet.gov.tw/upload/pic/1694243195213.png,正義北路190巷,2023-09-09,新北市五股區外寮路9-9號,(02)82925265
373639,新北市五股區公立動物之家,新北市五股區公立動物之家,混種犬,1,M,MEDIUM,米色,ADULT,N,https://www.pet.gov.tw/upload/pic/1726026410874.png,五股民義路2段132號,2024-09-19,新北市五股區外寮路9-9號,(02)82925265
373636,新北市五股區公立動物之家,新北市五股區公立動物之家,混種犬,1,M,MEDIUM,米色,ADULT,T,https://www.pet.gov.tw/upload/pic/1726026255170.png,國三重國道路一段51號,2024-09-19,新北市五股區外寮路9-9號,(02)82925265
317270,新北市五股區公立動物之家,新北市五股區公立動物之家,混種犬,1,M,MEDIUM,米色,ADULT,F,https://www.pet.gov.tw/upload/pic/1689670177837.png,登林路9/11號,2023-07-18,新北市五股區外寮路9-9號,(02)82925265
186392,新北市五股區公立動物之家,新北市五股區公立動物之家,混種犬,1,F,MEDIUM,黑色,ADULT,F,https://www.pet.gov.tw/upload/pic/f21ec8f6-74f2-439a-9338-7ea8bbd07304.jpg,永安北路,2020-11-27,新北市五股區外寮路9-9號,(02)82925265
232430,新北市五股區公立動物之家,新北市五股區公立動物之家,混種犬,1,F,MEDIUM,黑色,ADULT,F,https://www.pet.gov.tw/upload/pic/6f280454-5ebe-4955-835e-f75a852b8e75.jpg,新五路3段208號,2021-11-24,新北市五股區外寮路9-9號,(02)82925265
210770,新北市五股區公立動物之家,新北市五股區公立動物之家,混種犬,1,F,MEDIUM,黑色,ADULT,T,https://www.pet.gov.tw/upload/pic/1721289710398.png,仁愛街212巷6號,2021-06-28,新北市五股區外寮路9-9號,(02)82925265
174907,新北市五股區公立動物之家,新北市五股區公立動物之家,混種犬,1,F,MEDIUM,黑色,ADULT,F,https://www.pet.gov.tw/upload/pic/a3d8354a-e5ba-4b63-af42-78d613b38027.jpg,嘉寶里,2020-09-01,新北市五股區外寮路9-9號,(02)82925265
224527,新北市五股區公立動物之家,新北市五股區公立動物之家,混種犬,1,F,MEDIUM,黃色,ADULT,T,https://www.pet.gov.tw/upload/pic/85e97289-9d52-4bde-9b35-b17cec385c2f.jpg,頂褔里56號,2021-06-29,新北市五股區外寮路9-9號,(02)82925265
36246,新北市五股區公立動物之家,新北市五股區公立動物之家,混種犬,1,M,MEDIUM,黑色,ADULT,F,https://www.pet.gov.tw/upload/pic/1083e6d5-72d3-4180-9ef0-e6608a3f615d.jpg,長安街,2021-10-05,新北市五股區外寮路9-9號,(02)82925265
36206,新北市五股區公立動物之家,新北市五股區公立動物之家,混種犬,1,M,MEDIUM,虎斑色,ADULT,F,https://www.pet.gov.tw/upload/pic/1721288060564.png,西林里,2021-10-05,新北市五股區外寮路9-9號,(02)82925265
320631,新北市五股區公立動物之家,新北市五股區公立動物之家,混種犬,1,M,MEDIUM,黑色,ADULT,T,https://www.pet.gov.tw/upload/pic/1691974499504.png,文化二路二段,2023-08-22,新北市五股區外寮路9-9號,(02)82925265
36055,新北市五股區公立動物之家,新北市五股區公立動物之家,混種犬,1,M,MEDIUM,黑白色,ADULT,F,https://www.pet.gov.tw/upload/pic/4bace96d-43fc-4add-951d-5d2cdc5fa668.jpg,文化二路,2021-10-05,新北市五股區外寮路9-9號,(02)82925265
96120,新北市五股區公立動物之家,新北市五股區公立動物之家,混種犬,1,F,MEDIUM,黃色,ADULT,F,https://www.pet.gov.tw/upload/pic/93721668-b4e9-46e9-a5e5-40ced3e05132.jpg,長道路,2019-04-30,新北市五股區外寮路9-9號,(02)82925265
165435,新北市五股區公立動物之家,新北市五股區公立動物之家,混種犬,1,F,MEDIUM,黃色,ADULT,F,https://www.pet.gov.tw/upload/pic/e909e360-b631-44b9-bea7-fac630342f30.jpg,吉祥路,2020-06-27,新北市五股區外寮路9-9號,(02)82925265
209402,新北市五股區公立動物之家,新北市五股區公立動物之家,混種犬,1,F,MEDIUM,黑色,ADULT,F,https://www.pet.gov.tw/upload/pic/430b68a8-18bb-4677-b81e-7d3692245897.jpg,忠福,2021-06-08,新北市五股區外寮路9-9號,(02)82925265
36063,新北市五股區公立動物之家,新北市五股區公立動物之家,混種犬,1,F,MEDIUM,黑色,ADULT,F,https://www.pet.gov.tw/upload/pic/3203cb1d-0c9c-4995-9755-884e4f548952.jpg,發電廠,2021-10-05,新北市五股區外寮路9-9號,(02)82925265
106459,新北市五股區公立動物之家,新北市五股區公立動物之家,混種犬,1,F,MEDIUM,黑色,ADULT,F,https://www.pet.gov.tw/upload/pic/1d14baac-0790-4bef-9788-51ba9a8a6189.jpg,民視空地,2019-06-30,新北市五股區外寮路9-9號,(02)82925265
120998,新北市五股區公立動物之家,新北市五股區公立動物之家,混種犬,1,F,MEDIUM,棕色,ADULT,F,https://www.pet.gov.tw/upload/pic/34154af3-2ecc-4198-a9ae-bcd2ff88a320.jpg,14號越堤道,2019-09-24,新北市五股區外寮路9-9號,(02)82925265
322802,新北市五股區公立動物之家,新北市五股區公立動物之家,混種犬,1,F,MEDIUM,黑白色,ADULT,T,https://www.pet.gov.tw/upload/pic/1693193468935.png,林口區康橋幼稚園,2023-08-28,新北市五股區外寮路9-9號,(02)82925265
36207,新北市五股區公立動物之家,新北市五股區公立動物之家,混種犬,1,F,MEDIUM,黃色,ADULT,F,https://www.pet.gov.tw/upload/pic/7c1edb7a-ba83-4a7c-a64e-f604fa62cf12.jpg,南勢59號,2021-10-05,新北市五股區外寮路9-9號,(02)82925265
36231,新北市五股區公立動物之家,新北市五股區公立動物之家,混種犬,1,F,MEDIUM,虎斑色,ADULT,F,https://www.pet.gov.tw/upload/pic/e8e13dae-cf13-4e1e-a492-1950a5dcc86e.jpg,後坑9鄰17號,2021-10-05,新北市五股區外寮路9-9號,(02)82925265
74937,新北市五股區公立動物之家,新北市五股區公立動物之家,混種犬,1,M,MEDIUM,黃色,ADULT,F,https://www.pet.gov.tw/upload/pic/ec835618-d178-4b74-a74e-784f8370b213.jpg,蘆洲環堤大道,2021-10-05,新北市五股區外寮路9-9號,(02)82925265
36073,新北市五股區公立動物之家,新北市五股區公立動物之家,混種犬,1,M,MEDIUM,黑灰色,ADULT,F,https://www.pet.gov.tw/upload/pic/d572e576-aa44-497d-a2bc-9b8eb6b6b544.jpg,湖子路,2021-10-05,新北市五股區外寮路9-9號,(02)82925265
168078,新北市五股區公立動物之家,新北市五股區公立動物之家,混種犬,1,M,MEDIUM,虎斑色,ADULT,F,https://www.pet.gov.tw/upload/pic/1721289421972.png,林口新林步道,2020-07-14,新北市五股區外寮路9-9號,(02)82925265
36233,新北市五股區公立動物之家,新北市五股區公立動物之家,混種犬,1,M,MEDIUM,黃色,ADULT,F,https://www.pet.gov.tw/upload/pic/1721288114612.png,太平里後坑9鄰17號,2021-10-05,新北市五股區外寮路9-9號,(02)82925265
387767,金門縣動物收容中心,金門縣動物收容中心,混種犬,1,M,MEDIUM,黑色,ADULT,F,https://www.pet.gov.tw/upload/pic/1735017829148.png,瓊林,2024-12-24,金門縣金湖鎮裕民農莊20號,(082)336625
109887,新北市五股區公立動物之家,新北市五股區公立動物之家,混種犬,1,M,MEDIUM,黑色,ADULT,F,https://www.pet.gov.tw/upload/pic/73e5523c-3f87-4cad-bca9-545d6e51f139.jpg,重陽橋上救援,2019-07-25,新北市五股區外寮路9-9號,(02)82925265
247838,新北市五股區公立動物之家,新北市五股區公立動物之家,混種犬,1,M,MEDIUM,黃色,ADULT,T,https://www.pet.gov.tw/upload/pic/1721289875071.png,64快速道路,2022-05-31,新北市五股區外寮路9-9號,(02)82925265
135268,新北市五股區公立動物之家,新北市五股區公立動物之家,混種犬,1,M,MEDIUM,虎斑色,ADULT,F,https://www.pet.gov.tw/upload/pic/5c684b8f-ecf5-4c9e-9a4e-bd787bf1e4b8.jpg,工六路,2019-12-25,新北市五股區外寮路9-9號,(02)82925265
211625,新北市五股區公立動物之家,新北市五股區公立動物之家,混種犬,1,M,BIG,黃色,ADULT,F,https://www.pet.gov.tw/upload/pic/1726711367520.png,中正路,2021-07-04,新北市五股區外寮路9-9號,(02)82925265
241470,新北市五股區公立動物之家,新北市五股區公立動物之家,混種犬,1,M,MEDIUM,黑色,ADULT,T,https://www.pet.gov.tw/upload/pic/a8b7d109-a54a-401f-88d4-daae4506039b.jpg,三重區新北大道二段252號,2022-02-07,新北市五股區外寮路9-9號,(02)82925265
36020,新北市五股區公立動物之家,新北市五股區公立動物之家,混種犬,1,M,MEDIUM,黑色,ADULT,F,https://www.pet.gov.tw/upload/pic/1721287551524.png,蘆洲中山二R,2021-09-22,新北市五股區外寮路9-9號,(02)82925265
177698,新北市五股區公立動物之家,新北市五股區公立動物之家,混種犬,1,M,MEDIUM,黑色,ADULT,F,https://www.pet.gov.tw/upload/pic/4ae4b97a-e223-49f2-bffb-807eca28d8db.JPG,頂福里 23之1號,2020-09-23,新北市五股區外寮路9-9號,(02)82925265
250757,新北市五股區公立動物之家,新北市五股區公立動物之家,混種犬,1,M,MEDIUM,黑色,ADULT,F,https://www.pet.gov.tw/upload/pic/11eea4fb-0a68-466f-add7-812fa951d176.jpg,蘆洲民生街30號,2022-04-14,新北市五股區外寮路9-9號,(02)82925265
118993,新北市五股區公立動物之家,新北市五股區公立動物之家,混種犬,1,M,MEDIUM,黑色,ADULT,T,https://www.pet.gov.tw/upload/pic/d4e7f092-4388-4a0a-b37f-b0d0eac8b928.jpg,三和路,2019-09-17,新北市五股區外寮路9-9號,(02)82925265
224569,新北市五股區公立動物之家,新北市五股區公立動物之家,混種犬,1,M,MEDIUM,黃色,ADULT,T,https://www.pet.gov.tw/upload/pic/dcb120f3-7ff1-4cd9-888d-7ab64f7e8ece.jpg,凌雲路2段,2020-09-15,新北市五股區外寮路9-9號,(02)82925265
36070,新北市五股區公立動物之家,新北市五股區公立動物之家,混種犬,1,M,MEDIUM,黑色,ADULT,F,https://www.pet.gov.tw/upload/pic/bd87a3d1-0973-4b3f-90f5-0892f5c24473.jpg,隆林街125號,2021-10-05,新北市五股區外寮路9-9號,(02)82925265
36066,新北市五股區公立動物之家,新北市五股區公立動物之家,混種犬,1,M,MEDIUM,黑色,ADULT,F,https://www.pet.gov.tw/upload/pic/04910843-8926-4276-a209-cb90f76fc548.jpg,中山路,2021-10-05,新北市五股區外寮路9-9號,(02)82925265
36104,新北市五股區公立動物之家,新北市五股區公立動物之家,混種犬,1,M,MEDIUM,黃色,ADULT,F,https://www.pet.gov.tw/upload/pic/1721287761896.png,嘉寶里,2021-10-05,新北市五股區外寮路9-9號,(02)82925265
36203,新北市五股區公立動物之家,新北市五股區公立動物之家,混種犬,1,M,MEDIUM,米色,ADULT,F,https://www.pet.gov.tw/upload/pic/0400aca7-d8dc-45c8-b537-4bbb13d76bbe.jpg,自然環保公園,2021-10-05,新北市五股區外寮路9-9號,(02)82925265
36122,新北市五股區公立動物之家,新北市五股區公立動物之家,混種犬,1,M,MEDIUM,黑灰色,ADULT,F,https://www.pet.gov.tw/upload/pic/1721287835704.png,美麗華球場,2021-10-05,新北市五股區外寮路9-9號,(02)82925265
194777,新北市五股區公立動物之家,新北市五股區公立動物之家,混種犬,1,M,MEDIUM,黑色,ADULT,F,https://asms.coa.gov.tw/amlapp/upload/pic/3137510a-df89-4955-8dd5-e0614aecf2c7_org.jpeg,台64五股1 往新店方向,2021-02-08,新北市五股區外寮路9-9號,(02)82925265
36160,新北市五股區公立動物之家,新北市五股區公立動物之家,混種犬,1,M,MEDIUM,黃色,ADULT,F,https://www.pet.gov.tw/upload/pic/af17e790-6d3c-447e-af9e-9fc76fc1849c.jpg,靈濟宮,2021-10-05,新北市五股區外寮路9-9號,(02)82925265
36263,新北市五股區公立動物之家,新北市五股區公立動物之家,混種犬,1,M,MEDIUM,黃色,ADULT,F,https://www.pet.gov.tw/upload/pic/6198d365-02ac-4e16-adf2-4db37d2e2445.jpg,西雲路,2021-10-05,新北市五股區外寮路9-9號,(02)82925265
36156,新北市五股區公立動物之家,新北市五股區公立動物之家,混種犬,1,M,MEDIUM,虎斑色,ADULT,F,https://www.pet.gov.tw/upload/pic/1721287938224.png,太平里1鄰2號,2021-10-05,新北市五股區外寮路9-9號,(02)82925265
381796,臺北市動物之家,臺北市動物之家,混種犬,1,M,MEDIUM,虎斑色,ADULT,N,https://www.pet.gov.tw/upload/pic/1731316136723.png,老泉里老泉街26巷,2024-12-24,臺北市內湖區安美街191號,(02)87913254
360347,澎湖縣流浪動物收容中心,澎湖縣流浪動物收容中心,混種犬,1,F,BIG,黑色,ADULT,T,https://www.pet.gov.tw/upload/pic/1717756441795.png,14-18號,2024-06-12,澎湖縣馬公市烏崁里260、261號,(06)9213559
236465,澎湖縣流浪動物收容中心,澎湖縣流浪動物收容中心,混種犬,1,M,BIG,虎斑色,ADULT,T,https://www.pet.gov.tw/upload/pic/1726556832396.png,西文里,2021-12-29,澎湖縣馬公市烏崁里260、261號,(06)9213559
387514,宜蘭縣流浪動物中途之家,宜蘭縣流浪動物中途之家,混種犬,1,F,BIG,黑色,ADULT,T,https://www.pet.gov.tw/upload/pic/1734919278843.png,鎮平一路,2024-12-23,宜蘭縣五結鄉成興村利寶路60號,(03)9602350620
271644,新北市新店區公立動物之家,新北市新店區公立動物之家,混種犬,1,M,SMALL,黑色,ADULT,T,https://www.pet.gov.tw/upload/pic/3f63bc34-f7bb-492d-ae66-f5f0e45340c9.jpg,湖子內路100號,2022-08-27,新北市新店區安泰路235號,(02)22159462
387149,桃園市動物保護教育園區,桃園市動物保護教育園區,混種犬,1,F,SMALL,黑色,CHILD,N,https://www.pet.gov.tw/upload/pic/1734507685469.png,,2024-12-18,桃園市新屋區永興里3鄰藻礁路1668號,(03)4861760
387143,桃園市動物保護教育園區,桃園市動物保護教育園區,混種犬,1,F,SMALL,黑色,CHILD,N,https://www.pet.gov.tw/upload/pic/1734507269609.png,,2024-12-18,桃園市新屋區永興里3鄰藻礁路1668號,(03)4861760
48213,新北市瑞芳區公立動物之家,新北市瑞芳區公立動物之家,混種犬,1,F,MEDIUM,黃色,,T,https://www.pet.gov.tw/upload/pic/1734502955110.png,自強路415號,2016-11-22,新北市瑞芳區靜安路四段(106縣道74.5K清潔隊場區內),(02)24063481
48237,新北市瑞芳區公立動物之家,新北市瑞芳區公立動物之家,混種犬,1,M,MEDIUM,黃白色,,T,https://www.pet.gov.tw/upload/pic/1734502495125.png,淡海路,2018-02-14,新北市瑞芳區靜安路四段(106縣道74.5K清潔隊場區內),(02)24063481
66617,新北市新店區公立動物之家,新北市新店區公立動物之家,混種犬,1,M,MEDIUM,黑色,ADULT,T,https://www.pet.gov.tw/upload/pic/00857c89-ca42-4f7c-b80e-16546024dd90.jpg,光明街102巷7弄7號1樓,2018-10-16,新北市新店區安泰路235號,(02)22159462
51479,新北市新店區公立動物之家,新北市新店區公立動物之家,混種犬,1,M,MEDIUM,咖啡白色,ADULT,T,https://www.pet.gov.tw/upload/pic/101e7407-f089-4e52-be73-78740789dada.JPG,北深路一段112巷15弄,2018-06-04,新北市新店區安泰路235號,(02)22159462
187111,新北市新店區公立動物之家,新北市新店區公立動物之家,混種犬,1,M,MEDIUM,虎斑色,ADULT,T,https://www.pet.gov.tw/upload/pic/00e24993-ce7f-45af-8920-ffeb1743fafb.jpg,央北一路(停車場),2020-12-02,新北市新店區安泰路235號,(02)22159462
86326,新北市新店區公立動物之家,新北市新店區公立動物之家,混種犬,1,M,BIG,黑色,ADULT,T,https://www.pet.gov.tw/upload/pic/9547f737-5ab3-46ac-888f-6b7ce5bd5c3e.jpg,旺眈路39巷12號,2019-03-05,新北市新店區安泰路235號,(02)22159462
239241,新北市新店區公立動物之家,新北市新店區公立動物之家,混種犬,1,M,BIG,黑棕色,ADULT,T,https://www.pet.gov.tw/upload/pic/1703222438401.png,永平街53號,2022-01-13,新北市新店區安泰路235號,(02)22159462
323172,新北市新店區公立動物之家,新北市新店區公立動物之家,混種犬,1,M,BIG,黑色,ADULT,T,https://www.pet.gov.tw/upload/pic/1693378692153.png,王軍寮2-1號,2023-08-30,新北市新店區安泰路235號,(02)22159462
48257,新北市新店區公立動物之家,新北市新店區公立動物之家,混種犬,1,F,MEDIUM,黑色,ADULT,T,https://www.pet.gov.tw/upload/pic/0d545f27-be32-4ec4-9dab-b2f6bb6acdc6.jpg,石門區山溪里10-4號,2018-02-27,新北市新店區安泰路235號,(02)22159462
215335,新北市新店區公立動物之家,新北市新店區公立動物之家,混種犬,1,F,MEDIUM,黑色,ADULT,T,https://www.pet.gov.tw/upload/pic/ac797da0-e977-434f-85c8-af062c8b28ea.jpg,伯爵街97巷,2021-08-07,新北市新店區安泰路235號,(02)22159462
282574,新北市新店區公立動物之家,新北市新店區公立動物之家,混種犬,1,M,MEDIUM,黑色,ADULT,T,https://www.pet.gov.tw/upload/pic/1692154876994.png,新店五城,2022-12-02,新北市新店區安泰路235號,(02)22159462
341166,臺北市動物之家,臺北市動物之家,混種犬,1,M,MEDIUM,黑色,ADULT,T,https://www.pet.gov.tw/upload/pic/1704176144590.png,大業路 (原通報地址:中央北路四段),2024-01-10,臺北市內湖區安美街191號,(02)87913254
311142,臺北市動物之家,臺北市動物之家,混種犬,1,M,MEDIUM,黑色,ADULT,T,https://www.pet.gov.tw/upload/pic/1685678158232.png,成功路四段(原文山區 木柵路二段),2023-07-30,臺北市內湖區安美街191號,(02)87913254
142777,臺北市動物之家,臺北市動物之家,混種犬,1,M,MEDIUM,咖啡色,ADULT,T,https://www.pet.gov.tw/upload/pic/52620_108110702_0.JPG,青年公園,2021-04-21,臺北市內湖區安美街191號,(02)87913254
318869,臺北市動物之家,臺北市動物之家,混種犬,1,F,MEDIUM,咖啡色,ADULT,T,https://www.pet.gov.tw/upload/pic/1690784991428.png,溪山里至善路三段,2023-08-08,臺北市內湖區安美街191號,(02)87913254
292602,臺北市動物之家,臺北市動物之家,混種犬,1,M,MEDIUM,虎斑色,ADULT,T,https://www.pet.gov.tw/upload/pic/1674202193352.png,,2023-01-20,臺北市內湖區安美街191號,(02)87913254
320917,臺北市動物之家,臺北市動物之家,混種犬,1,M,MEDIUM,黃虎斑色,ADULT,T,https://www.pet.gov.tw/upload/pic/1692081851995.png,蘆洲里潭美街,2023-08-27,臺北市內湖區安美街191號,(02)87913254
284895,臺北市動物之家,臺北市動物之家,混種犬,1,M,MEDIUM,三花色,ADULT,T,https://www.pet.gov.tw/upload/pic/1669601603787.png,,2022-11-27,臺北市內湖區安美街191號,(02)87913254
201784,臺北市動物之家,臺北市動物之家,混種犬,1,M,MEDIUM,黑色,ADULT,T,https://www.pet.gov.tw/upload/pic/a17fa747-a0ba-46b7-b608-ed6f520fe3f7.jpg,學園路,2021-04-17,臺北市內湖區安美街191號,(02)87913254
366134,臺北市動物之家,臺北市動物之家,混種犬,1,M,MEDIUM,黃色,ADULT,T,https://www.pet.gov.tw/upload/pic/1721014073315.png,金泰里	樂群二路(原拾獲地自強隧道),2024-08-04,臺北市內湖區安美街191號,(02)87913254
31655,臺北市動物之家,臺北市動物之家,混種犬,1,F,MEDIUM,黑色,ADULT,T,https://www.pet.gov.tw/upload/pic/25743_106081205_2.jpg,瑞光路,2021-04-10,臺北市內湖區安美街191號,(02)87913254
78238,臺北市動物之家,臺北市動物之家,混種犬,1,M,MEDIUM,黃色,ADULT,T,https://www.pet.gov.tw/upload/pic/39106_108010103_0.jpg,景興路91巷,2021-04-10,臺北市內湖區安美街191號,(02)87913254
385400,臺北市動物之家,臺北市動物之家,混種犬,1,F,MEDIUM,黑色,ADULT,T,https://www.pet.gov.tw/upload/pic/1733378728470.png,臺北市動物之家,2024-12-05,臺北市內湖區安美街191號,(02)87913254
303548,臺北市動物之家,臺北市動物之家,混種犬,1,M,MEDIUM,黃色,ADULT,T,https://www.pet.gov.tw/upload/pic/1681438121082.png,福佳里文昌路169巷,2023-05-15,臺北市內湖區安美街191號,(02)87913254
316878,臺北市動物之家,臺北市動物之家,混種犬,1,M,MEDIUM,黑色,ADULT,T,https://www.pet.gov.tw/upload/pic/1693816306180.png,潭美街河堤,2023-09-07,臺北市內湖區安美街191號,(02)87913254
342815,臺北市動物之家,臺北市動物之家,混種犬,1,M,MEDIUM,黑棕色,ADULT,T,https://www.pet.gov.tw/upload/pic/1705277134149.png,景聯里信義路五段,2024-01-23,臺北市內湖區安美街191號,(02)87913254
56260,臺北市動物之家,臺北市動物之家,混種犬,1,M,MEDIUM,黑色,ADULT,T,https://www.pet.gov.tw/upload/pic/36322_107060701_0.JPG,中正路,2021-04-11,臺北市內湖區安美街191號,(02)87913254
252998,新竹市動物保護教育園區,新竹市動物保護教育園區,混種犬,1,F,SMALL,黑色,ADULT,T,https://www.pet.gov.tw/upload/pic/5f49db88-0d03-459d-9919-d8e2b58fba77.jpg,新安路,2022-04-29,新竹市南寮里海濱路250號,(03)5368329
381528,臺北市動物之家,臺北市動物之家,貴賓犬,0,M,MEDIUM,咖啡色,ADULT,T,https://www.pet.gov.tw/upload/pic/1731215300572.png,,2024-11-10,臺北市內湖區安美街191號,(02)87913254
342269,臺北市動物之家,臺北市動物之家,混種犬,1,M,MEDIUM,黑色,ADULT,F,https://www.pet.gov.tw/upload/pic/1704782025504.png,福華里通河街323巷,2024-04-05,臺北市內湖區安美街191號,(02)87913254
194856,臺北市動物之家,臺北市動物之家,混種犬,1,M,MEDIUM,黑色,ADULT,T,https://www.pet.gov.tw/upload/pic/87833cda-6d47-49c2-8458-f4cbb8636b60.jpg,永公路296巷,2021-04-11,臺北市內湖區安美街191號,(02)87913254
178711,臺北市動物之家,臺北市動物之家,混種犬,1,M,MEDIUM,黑色,ADULT,T,https://www.pet.gov.tw/upload/pic/63943_109093003_0.JPG,竹子湖路,2021-04-10,臺北市內湖區安美街191號,(02)87913254
152158,臺北市動物之家,臺北市動物之家,其他,0,M,MEDIUM,黑色,ADULT,F,https://www.pet.gov.tw/upload/pic/57631_109040503_0.jpg,民眾不擬續養,2021-04-10,臺北市內湖區安美街191號,(02)87913254
163752,臺北市動物之家,臺北市動物之家,混種犬,1,M,MEDIUM,咖啡色,ADULT,T,https://www.pet.gov.tw/upload/pic/57866_109050202_0.jpg,民眾不擬續養,2021-04-10,臺北市內湖區安美街191號,(02)87913254
31450,臺北市動物之家,臺北市動物之家,其他,0,M,MEDIUM,棕色,ADULT,T,https://www.pet.gov.tw/upload/pic/22321_105112009_1.jpg,民眾不擬續養,2016-12-04,臺北市內湖區安美街191號,(02)87913254
150529,臺北市動物之家,臺北市動物之家,台灣犬,0,M,MEDIUM,虎斑色,ADULT,F,https://www.pet.gov.tw/upload/pic/56543_109032206_0.JPG,民眾不擬續養,2021-04-10,臺北市內湖區安美街191號,(02)87913254
288219,臺北市動物之家,臺北市動物之家,混種犬,1,M,BIG,黑色,ADULT,T,https://www.pet.gov.tw/upload/pic/1671267323164.png,安美街,2022-12-17,臺北市內湖區安美街191號,(02)87913254
56261,臺北市動物之家,臺北市動物之家,混種犬,1,M,MEDIUM,黑白色,ADULT,T,https://www.pet.gov.tw/upload/pic/b2693dd9-7259-4119-af61-5fe4d7655a7e.jpg,福德街,2021-04-10,臺北市內湖區安美街191號,(02)87913254
46807,臺北市動物之家,臺北市動物之家,混種犬,1,M,BIG,虎斑色,ADULT,T,https://www.pet.gov.tw/upload/pic/33904_107042803_0.jpg,民眾不擬續養,2021-04-10,臺北市內湖區安美街191號,(02)87913254
31687,臺北市動物之家,臺北市動物之家,混種犬,1,F,MEDIUM,黑白色,ADULT,T,https://www.pet.gov.tw/upload/pic/26076_106091806_2.jpg,農安街,2021-04-10,臺北市內湖區安美街191號,(02)87913254
31510,臺北市動物之家,臺北市動物之家,其他,0,M,MEDIUM,黑色,ADULT,T,https://www.pet.gov.tw/upload/pic/ab01b183-4ae1-48c5-a6fa-1758aa9b0b0f.JPG,民眾不擬續養,2021-04-11,臺北市內湖區安美街191號,(02)87913254
132981,臺北市動物之家,臺北市動物之家,混種犬,1,M,MEDIUM,黑色,ADULT,T,https://www.pet.gov.tw/upload/pic/53837_108120209_0.jpg,民眾不擬續養,2021-04-10,臺北市內湖區安美街191號,(02)87913254
259614,臺北市動物之家,臺北市動物之家,混種犬,1,M,MEDIUM,黑色,ADULT,T,https://www.pet.gov.tw/upload/pic/b992d949-8125-4e5c-8186-e183c7969bb8.jpg,陽明里   	仰德大道四段４２巷,2022-07-27,臺北市內湖區安美街191號,(02)87913254
362224,臺北市動物之家,臺北市動物之家,混種犬,1,M,MEDIUM,黑白色,ADULT,T,https://www.pet.gov.tw/upload/pic/1718437564425.png,三重里南港路一段10巷口,2024-07-22,臺北市內湖區安美街191號,(02)87913254
79198,臺北市動物之家,臺北市動物之家,混種犬,1,M,MEDIUM,黑色,ADULT,T,https://www.pet.gov.tw/upload/pic/f89aac49-7fe9-40cf-8c6f-005ef9064764.jpg,興中路12巷,2021-04-11,臺北市內湖區安美街191號,(02)87913254
234107,臺北市動物之家,臺北市動物之家,混種犬,1,M,MEDIUM,黑色,ADULT,T,https://www.pet.gov.tw/upload/pic/0297f37d-483b-46df-911c-0ce2ea6a6936.jpg,華中河濱公園,2022-01-18,臺北市內湖區安美街191號,(02)87913254
96739,臺北市動物之家,臺北市動物之家,混種犬,1,F,MEDIUM,黑棕色,ADULT,T,https://www.pet.gov.tw/upload/pic/3806ce06-9b79-47a2-9be5-d881d416a641.jpg,民眾不擬續養,2021-04-10,臺北市內湖區安美街191號,(02)87913254
337025,臺北市動物之家,臺北市動物之家,混種犬,1,M,MEDIUM,黑色,ADULT,T,https://www.pet.gov.tw/upload/pic/1701402518005.png,安美街,2023-11-30,臺北市內湖區安美街191號,(02)87913254
337024,臺北市動物之家,臺北市動物之家,混種犬,1,M,MEDIUM,黃色,ADULT,T,https://www.pet.gov.tw/upload/pic/1701402490691.png,安美街,2023-11-30,臺北市內湖區安美街191號,(02)87913254
142771,臺北市動物之家,臺北市動物之家,混種犬,1,F,MEDIUM,黑色,ADULT,T,https://www.pet.gov.tw/upload/pic/9421c257-86f2-445c-a66b-1bf2aba9cd5e.jpg,明美公園,2021-04-10,臺北市內湖區安美街191號,(02)87913254
42065,臺北市動物之家,臺北市動物之家,混種犬,1,F,MEDIUM,黃色,ADULT,T,https://www.pet.gov.tw/upload/pic/867a5175-0335-4729-8fb0-f5e665be7a73.jpg,冷水坑服務站,2021-04-10,臺北市內湖區安美街191號,(02)87913254
201089,臺北市動物之家,臺北市動物之家,混種犬,1,F,SMALL,黃色,ADULT,T,https://www.pet.gov.tw/upload/pic/1691813799665.png,復興三路152巷,2022-01-14,臺北市內湖區安美街191號,(02)87913254
196908,臺北市動物之家,臺北市動物之家,混種犬,1,M,MEDIUM,虎斑色,ADULT,T,https://www.pet.gov.tw/upload/pic/7cf90951-37af-40a2-ad6e-9d5bc1e1e7b9.jpg,民眾不擬續養,2021-03-03,臺北市內湖區安美街191號,(02)87913254
307341,臺北市動物之家,臺北市動物之家,混種犬,1,M,MEDIUM,黃色,CHILD,T,https://www.pet.gov.tw/upload/pic/1683620402289.png,,2023-05-09,臺北市內湖區安美街191號,(02)87913254
310243,臺北市動物之家,臺北市動物之家,混種犬,1,F,MEDIUM,黑色,ADULT,T,https://www.pet.gov.tw/upload/pic/1685328844326.png,關渡里知行路１巷,2023-10-06,臺北市內湖區安美街191號,(02)87913254
301223,臺北市動物之家,臺北市動物之家,混種犬,1,M,MEDIUM,黑白色,ADULT,T,https://www.pet.gov.tw/upload/pic/1679898228571.png,雙和里吳興街284巷22弄 黎雙公園內的椅子上,2023-05-27,臺北市內湖區安美街191號,(02)87913254
31575,臺北市動物之家,臺北市動物之家,混種犬,1,M,SMALL,黑色,CHILD,T,https://www.pet.gov.tw/upload/pic/23998_106052706_5.jpg,松山火車站附近,2021-04-11,臺北市內湖區安美街191號,(02)87913254
206626,臺北市動物之家,臺北市動物之家,混種犬,1,F,MEDIUM,黑色,ADULT,T,https://asms.coa.gov.tw/amlapp/upload/pic/21096681-afe3-4e7c-91b5-7fe9f89b7804_org.jpeg,舊莊路二段232巷,2021-06-14,臺北市內湖區安美街191號,(02)87913254
347478,臺北市動物之家,臺北市動物之家,混種犬,1,F,MEDIUM,黃色,ADULT,T,https://www.pet.gov.tw/upload/pic/1708756144610.png,安美街,2024-02-24,臺北市內湖區安美街191號,(02)87913254
100992,臺北市動物之家,臺北市動物之家,混種犬,1,M,MEDIUM,黑色,ADULT,T,https://www.pet.gov.tw/upload/pic/43328_108052803_0.JPG,金湖路,2021-04-10,臺北市內湖區安美街191號,(02)87913254
203135,臺北市動物之家,臺北市動物之家,混種犬,1,M,MEDIUM,黑色,CHILD,T,https://www.pet.gov.tw/upload/pic/51ddb621-64c3-47b8-8a7e-faadf75b0c7b.jpg,復興三路152巷,2021-04-19,臺北市內湖區安美街191號,(02)87913254
328555,臺北市動物之家,臺北市動物之家,混種犬,1,F,MEDIUM,黑色,ADULT,T,https://www.pet.gov.tw/upload/pic/1696490264644.png,福興里承德路六段,2023-11-04,臺北市內湖區安美街191號,(02)87913254
314548,臺北市動物之家,臺北市動物之家,混種犬,1,F,MEDIUM,黑色,ADULT,T,https://www.pet.gov.tw/upload/pic/1687846322860.png,榮光里自強街五巷,2023-07-30,臺北市內湖區安美街191號,(02)87913254
116554,臺北市動物之家,臺北市動物之家,混種犬,1,F,BIG,黑色,ADULT,F,https://www.pet.gov.tw/upload/pic/51087_108082907_0.jpg,民生東路5段,2021-04-11,臺北市內湖區安美街191號,(02)87913254
166654,臺北市動物之家,臺北市動物之家,混種犬,1,F,MEDIUM,黃色,ADULT,T,https://www.pet.gov.tw/upload/pic/1671850897978.png,西安街2段,2021-04-11,臺北市內湖區安美街191號,(02)87913254
283895,臺北市動物之家,臺北市動物之家,混種犬,1,F,MEDIUM,虎斑色,ADULT,T,https://www.pet.gov.tw/upload/pic/17caecd1-bfa8-4d6b-962a-8cf57a86c196.jpg,溪山里至善路三段,2023-09-20,臺北市內湖區安美街191號,(02)87913254
324434,臺北市動物之家,臺北市動物之家,混種犬,1,M,MEDIUM,黑色,ADULT,T,https://www.pet.gov.tw/upload/pic/1694325814144.png,,2023-09-10,臺北市內湖區安美街191號,(02)87913254
47005,臺北市動物之家,臺北市動物之家,混種犬,1,F,MEDIUM,黃色,ADULT,T,https://www.pet.gov.tw/upload/pic/33929_107043007_0.JPG,市民大道,2021-04-10,臺北市內湖區安美街191號,(02)87913254
288790,臺北市動物之家,臺北市動物之家,混種犬,1,M,SMALL,虎斑色,CHILD,T,https://www.pet.gov.tw/upload/pic/1671610937376.png,中心里 泉源路,2022-12-21,臺北市內湖區安美街191號,(02)87913254
337040,臺北市動物之家,臺北市動物之家,混種犬,1,F,MEDIUM,黑色,ADULT,T,https://www.pet.gov.tw/upload/pic/1701402620894.png,安美街,2023-11-30,臺北市內湖區安美街191號,(02)87913254
337037,臺北市動物之家,臺北市動物之家,混種犬,1,M,MEDIUM,黑色,ADULT,T,https://www.pet.gov.tw/upload/pic/1701402582124.png,安美街,2023-11-30,臺北市內湖區安美街191號,(02)87913254
111205,臺北市動物之家,臺北市動物之家,混種犬,1,M,SMALL,黑色,CHILD,T,https://www.pet.gov.tw/upload/pic/48887_108072704_0.jpg,劍南路,2021-04-11,臺北市內湖區安美街191號,(02)87913254
331064,臺北市動物之家,臺北市動物之家,混種犬,1,M,MEDIUM,黑色,ADULT,T,https://www.pet.gov.tw/upload/pic/1698129451512.png,新起里長沙街二段,2023-11-01,臺北市內湖區安美街191號,(02)87913254
269967,臺北市動物之家,臺北市動物之家,混種犬,1,M,BIG,黑白色,ADULT,T,https://www.pet.gov.tw/upload/pic/3e4fafa9-5f6a-4db7-b7c6-91924db0d356.jpg,安美街,2022-08-16,臺北市內湖區安美街191號,(02)87913254
337023,臺北市動物之家,臺北市動物之家,混種犬,1,M,MEDIUM,黑色,ADULT,T,https://www.pet.gov.tw/upload/pic/1701402479029.png,安美街,2023-11-30,臺北市內湖區安美街191號,(02)87913254
337022,臺北市動物之家,臺北市動物之家,混種犬,1,M,MEDIUM,黑色,ADULT,T,https://www.pet.gov.tw/upload/pic/1701402459968.png,安美街,2023-11-30,臺北市內湖區安美街191號,(02)87913254
293694,臺北市動物之家,臺北市動物之家,混種犬,1,M,MEDIUM,黃色,CHILD,T,https://www.pet.gov.tw/upload/pic/1690110172249.png,萬華區新起里長沙街二段(原:環河北路堤外便道,2023-03-07,臺北市內湖區安美街191號,(02)87913254
56665,臺北市動物之家,臺北市動物之家,混種犬,1,F,MEDIUM,黑色,ADULT,F,https://www.pet.gov.tw/upload/pic/36668_107071312_0.jpg,環南家禽屠宰場旁,2021-04-11,臺北市內湖區安美街191號,(02)87913254
31733,臺北市動物之家,臺北市動物之家,其他,0,M,MEDIUM,虎斑色,CHILD,T,https://www.pet.gov.tw/upload/pic/8899bc33-c615-477f-8ae4-6bba9a50d2e2.jpg,民眾不擬續養,2018-02-09,臺北市內湖區安美街191號,(02)87913254
31600,臺北市動物之家,臺北市動物之家,混種犬,1,M,MEDIUM,虎斑色,CHILD,F,https://www.pet.gov.tw/upload/pic/3b2ebe22-48da-408a-b2ef-70f4c0206c69.jpg,民眾不擬續養,2017-10-06,臺北市內湖區安美街191號,(02)87913254
31403,臺北市動物之家,臺北市動物之家,混種犬,1,F,MEDIUM,虎斑色,ADULT,T,https://www.pet.gov.tw/upload/pic/735285db-3782-4137-91ac-100d958b861a.jpg,玉門街,2021-04-10,臺北市內湖區安美街191號,(02)87913254
31456,臺北市動物之家,臺北市動物之家,混種犬,1,M,MEDIUM,黑色,ADULT,T,https://www.pet.gov.tw/upload/pic/22396_105112901_1.jpg,重陽路(中視附近),2018-03-25,臺北市內湖區安美街191號,(02)87913254
31366,臺北市動物之家,臺北市動物之家,混種犬,1,F,MEDIUM,黑色,ADULT,T,https://www.pet.gov.tw/upload/pic/20074_105042403_1.jpg,動物之家,2016-07-25,臺北市內湖區安美街191號,(02)87913254
31299,臺北市動物之家,臺北市動物之家,混種犬,1,M,MEDIUM,黃色,ADULT,T,https://www.pet.gov.tw/upload/pic/41a0fd1e-a99a-4397-a8a5-36445124506f.jpg,竹子湖路與中興路交叉口,2016-04-27,臺北市內湖區安美街191號,(02)87913254
247791,臺北市動物之家,臺北市動物之家,混種犬,1,M,MEDIUM,黑色,ADULT,T,https://www.pet.gov.tw/upload/pic/396cfb97-0622-415c-9987-72a0bbbb3c71.jpg,博嘉里	木柵路5段,2022-04-11,臺北市內湖區安美街191號,(02)87913254
247786,臺北市動物之家,臺北市動物之家,混種犬,1,M,MEDIUM,黃色,ADULT,T,https://www.pet.gov.tw/upload/pic/dade54b2-2cc9-40d6-87d8-7f4c3abbd650.jpg,博嘉里	木柵路5段,2022-04-09,臺北市內湖區安美街191號,(02)87913254
247790,臺北市動物之家,臺北市動物之家,混種犬,1,M,MEDIUM,黑色,ADULT,T,https://www.pet.gov.tw/upload/pic/922ff634-3a46-46db-bbf6-0392c0319aaf.jpg,博嘉里	木柵路5段,2022-04-11,臺北市內湖區安美街191號,(02)87913254
191573,臺北市動物之家,臺北市動物之家,混種犬,1,M,MEDIUM,黑色,ADULT,T,https://www.pet.gov.tw/upload/pic/347d2283-d75f-44fe-9e86-2c09c7ad8ff8.jpg,至善路3段,2021-09-01,臺北市內湖區安美街191號,(02)87913254
31580,臺北市動物之家,臺北市動物之家,混種犬,1,M,MEDIUM,黑色,ADULT,T,https://www.pet.gov.tw/upload/pic/24067_106060303_2.jpg,基隆路4段,2021-04-10,臺北市內湖區安美街191號,(02)87913254
214165,臺北市動物之家,臺北市動物之家,混種犬,1,M,MEDIUM,黑色,ADULT,F,https://asms.coa.gov.tw/amlapp/upload/pic/4ee3d49a-6105-4afd-afee-4255ee348b22_org.jpeg,老泉里   老泉街４５巷,2021-08-09,臺北市內湖區安美街191號,(02)87913254
366608,臺北市動物之家,臺北市動物之家,混種犬,1,M,MEDIUM,棕色,ADULT,T,https://www.pet.gov.tw/upload/pic/1721202519626.png,鹿角坑生態保護區,2024-12-09,臺北市內湖區安美街191號,(02)87913254
31390,臺北市動物之家,臺北市動物之家,混種犬,1,M,MEDIUM,黑色,ADULT,T,https://www.pet.gov.tw/upload/pic/0e7d58cb-7516-40af-8bfb-dc4782bd86ec.jpg,新生北路3段,2017-06-08,臺北市內湖區安美街191號,(02)87913254
31564,臺北市動物之家,臺北市動物之家,混種犬,1,M,MEDIUM,虎斑色,ADULT,T,https://www.pet.gov.tw/upload/pic/23842_106050701_1.jpg,大業路,2021-04-11,臺北市內湖區安美街191號,(02)87913254
288634,臺北市動物之家,臺北市動物之家,混種犬,1,M,SMALL,黑色,CHILD,T,https://www.pet.gov.tw/upload/pic/1671523092288.png,溪山里	太陽廣場,2022-12-20,臺北市內湖區安美街191號,(02)87913254
300023,臺北市動物之家,臺北市動物之家,混種犬,1,M,MEDIUM,黑棕色,ADULT,T,https://www.pet.gov.tw/upload/pic/1679455831414.png,誠安里市民大道三段(原救援地：文山區興得里興隆路三段２０６巷),2023-05-15,臺北市內湖區安美街191號,(02)87913254
275834,臺北市動物之家,臺北市動物之家,混種犬,1,F,MEDIUM,黑棕色,ADULT,T,https://www.pet.gov.tw/upload/pic/6b2fef7e-c94d-4aa2-952d-5bdf6c4f6766.jpg,復興三路,2022-12-09,臺北市內湖區安美街191號,(02)87913254
43124,臺北市動物之家,臺北市動物之家,混種犬,1,F,MEDIUM,黃色,ADULT,T,https://www.pet.gov.tw/upload/pic/1690005157495.png,中正路,2021-04-10,臺北市內湖區安美街191號,(02)87913254
343430,臺北市動物之家,臺北市動物之家,混種犬,1,M,MEDIUM,黑色,ADULT,T,https://www.pet.gov.tw/upload/pic/1705473394719.png,開明里奉賢路翠雲街口,2024-01-25,臺北市內湖區安美街191號,(02)87913254
314148,臺北市動物之家,臺北市動物之家,混種犬,1,M,MEDIUM,黑色,ADULT,T,https://www.pet.gov.tw/upload/pic/1687749088999.png,老泉里老泉街４５巷,2023-09-27,臺北市內湖區安美街191號,(02)87913254
238151,臺北市動物之家,臺北市動物之家,混種犬,1,F,MEDIUM,黃色,ADULT,T,https://www.pet.gov.tw/upload/pic/7fef5da2-1d24-433c-94db-59182d31508b.jpg,八仙里大業路,2022-02-15,臺北市內湖區安美街191號,(02)87913254
144366,臺北市動物之家,臺北市動物之家,混種犬,1,M,MEDIUM,黃色,ADULT,T,https://www.pet.gov.tw/upload/pic/d5a3eafc-ae05-4613-b630-656433f3deb2.jpg,洲美街,2021-04-10,臺北市內湖區安美街191號,(02)87913254
324435,臺北市動物之家,臺北市動物之家,混種犬,1,F,MEDIUM,黑色,ADULT,T,https://www.pet.gov.tw/upload/pic/1694326433806.png,,2023-09-10,臺北市內湖區安美街191號,(02)87913254
31618,臺北市動物之家,臺北市動物之家,混種犬,1,M,MEDIUM,黑色,ADULT,T,https://www.pet.gov.tw/upload/pic/ae480bb8-2aec-4091-bf3a-f300f646d85d.jpg,萬大路423巷,2021-04-10,臺北市內湖區安美街191號,(02)87913254
329037,臺北市動物之家,臺北市動物之家,混種犬,1,M,MEDIUM,黑色,ADULT,T,https://www.pet.gov.tw/upload/pic/1697014956128.png,重慶里重慶北路三段３３５巷,2023-12-03,臺北市內湖區安美街191號,(02)87913254
134032,臺北市動物之家,臺北市動物之家,混種犬,1,M,BIG,黑色,ADULT,T,https://www.pet.gov.tw/upload/pic/3aa675c2-a229-4416-941b-d5c6723421f4.jpg,漢中街派出所,2019-12-18,臺北市內湖區安美街191號,(02)87913254
247495,臺北市動物之家,臺北市動物之家,混種犬,1,M,MEDIUM,黑色,ADULT,T,https://www.pet.gov.tw/upload/pic/f2d8baae-7775-4d13-a5ca-95c763b279d0.jpg,不擬續養,2022-03-22,臺北市內湖區安美街191號,(02)87913254
78124,臺北市動物之家,臺北市動物之家,混種犬,1,F,SMALL,黑色,CHILD,T,https://www.pet.gov.tw/upload/pic/ec3cb4d3-b232-4e68-bb12-8b276d8425bf.jpg,成功路二段456巷,2021-04-11,臺北市內湖區安美街191號,(02)87913254
269638,臺北市動物之家,臺北市動物之家,混種犬,1,M,MEDIUM,黑色,ADULT,F,https://www.pet.gov.tw/upload/pic/05941d5f-75ff-45ef-97d2-4946416b0a3f.jpg,泉源里 登山路,2022-08-21,臺北市內湖區安美街191號,(02)87913254
354679,臺北市動物之家,臺北市動物之家,混種犬,1,F,MEDIUM,黑色,ADULT,T,https://www.pet.gov.tw/upload/pic/1713506071020.png,成功路四段 (原拾獲地:北投竹子湖路),2024-08-04,臺北市內湖區安美街191號,(02)87913254
88461,臺北市動物之家,臺北市動物之家,混種犬,1,M,MEDIUM,黑色,ADULT,T,https://www.pet.gov.tw/upload/pic/f84121ff-de70-4759-a01a-27f116a30a31.jpg,中央北路2段257巷6弄,2021-04-11,臺北市內湖區安美街191號,(02)87913254
354725,臺北市動物之家,臺北市動物之家,混種犬,1,F,MEDIUM,黑棕色,ADULT,T,https://www.pet.gov.tw/upload/pic/1713515822096.png,成福里成福路,2024-05-05,臺北市內湖區安美街191號,(02)87913254
237819,臺北市動物之家,臺北市動物之家,混種犬,1,M,MEDIUM,黑棕色,ADULT,T,https://www.pet.gov.tw/upload/pic/1673490183690.png,朱崙里建國北路一段33巷,2022-03-29,臺北市內湖區安美街191號,(02)87913254
272969,臺北市動物之家,臺北市動物之家,混種犬,1,M,MEDIUM,黑色,ADULT,T,https://www.pet.gov.tw/upload/pic/b480ac03-f484-4000-adf5-f007cf0a11cf.jpg,溪山里 至善路三段,2022-10-14,臺北市內湖區安美街191號,(02)87913254
47612,臺北市動物之家,臺北市動物之家,混種犬,1,M,MEDIUM,黑色,CHILD,T,https://www.pet.gov.tw/upload/pic/7c008062-8b7a-4390-af34-95510a852f95.jpg,士林社子,2021-04-10,臺北市內湖區安美街191號,(02)87913254
313782,臺北市動物之家,臺北市動物之家,混種犬,1,F,MEDIUM,黑色,CHILD,T,https://www.pet.gov.tw/upload/pic/1687243039931.png,江寧里復興北路,2023-06-28,臺北市內湖區安美街191號,(02)87913254
349517,臺北市動物之家,臺北市動物之家,混種犬,1,F,MEDIUM,虎斑色,ADULT,T,https://www.pet.gov.tw/upload/pic/1710138501109.png,蘆洲里 潭美街,2024-06-02,臺北市內湖區安美街191號,(02)87913254
31423,臺北市動物之家,臺北市動物之家,混種犬,1,M,MEDIUM,黑色,CHILD,T,https://www.pet.gov.tw/upload/pic/21649_105090914_1.jpg,中社路1段,2017-11-12,臺北市內湖區安美街191號,(02)87913254
297261,臺北市動物之家,臺北市動物之家,混種犬,1,M,MEDIUM,黑色,ADULT,T,https://www.pet.gov.tw/upload/pic/1677818825914.png,,2023-03-03,臺北市內湖區安美街191號,(02)87913254
31277,臺北市動物之家,臺北市動物之家,混種犬,1,M,MEDIUM,黑色,ADULT,T,https://www.pet.gov.tw/upload/pic/4934e25f-23ed-4b7a-8cd0-5caed6187bc6.jpg,木柵路1段17巷,2017-01-10,臺北市內湖區安美街191號,(02)87913254
367303,臺北市動物之家,臺北市動物之家,混種犬,1,F,MEDIUM,黑色,ADULT,T,https://www.pet.gov.tw/upload/pic/1721715343566.png,,2024-07-23,臺北市內湖區安美街191號,(02)87913254
340497,臺北市動物之家,臺北市動物之家,混種犬,1,M,MEDIUM,黃色,ADULT,T,https://www.pet.gov.tw/upload/pic/1703573205323.png,一德里學園路,2024-01-21,臺北市內湖區安美街191號,(02)87913254
164169,臺北市動物之家,臺北市動物之家,混種犬,1,M,MEDIUM,黑色,ADULT,T,https://www.pet.gov.tw/upload/pic/6d83c092-e09f-40b6-ba46-6ae90c5c698e.jpg,金湖路,2021-04-11,臺北市內湖區安美街191號,(02)87913254
366836,臺北市動物之家,臺北市動物之家,混種犬,1,F,MEDIUM,黑色,ADULT,T,https://www.pet.gov.tw/upload/pic/1721290171086.png,湖山里紗帽路,2024-07-29,臺北市內湖區安美街191號,(02)87913254
334093,臺北市動物之家,臺北市動物之家,混種犬,1,F,MEDIUM,黃色,ADULT,T,https://www.pet.gov.tw/upload/pic/1699682259506.png,建民里承德路六段,2023-11-19,臺北市內湖區安美街191號,(02)87913254
289630,臺北市動物之家,臺北市動物之家,混種犬,1,F,MEDIUM,黑色,ADULT,T,https://www.pet.gov.tw/upload/pic/1672282672214.png,安美街,2022-12-29,臺北市內湖區安美街191號,(02)87913254
320284,臺北市動物之家,臺北市動物之家,混種犬,1,F,MEDIUM,黑色,ADULT,T,https://www.pet.gov.tw/upload/pic/1691572088015.png,,2023-08-09,臺北市內湖區安美街191號,(02)87913254
217193,臺北市動物之家,臺北市動物之家,混種犬,1,M,MEDIUM,黑色,ADULT,T,https://www.pet.gov.tw/upload/pic/1c6b18b8-c500-4e31-9d75-cf59b9830833.jpg,試院里 016鄰   木柵路一段,2021-08-23,臺北市內湖區安美街191號,(02)87913254
294758,臺北市動物之家,臺北市動物之家,混種犬,1,M,MEDIUM,黑色,ADULT,T,https://www.pet.gov.tw/upload/pic/1676269593482.png,泉源里登山路,2023-02-21,臺北市內湖區安美街191號,(02)87913254
354724,臺北市動物之家,臺北市動物之家,混種犬,1,F,MEDIUM,黃色,ADULT,T,https://www.pet.gov.tw/upload/pic/1713582653402.png,湖元里行愛路１４１巷,2024-04-27,臺北市內湖區安美街191號,(02)87913254
57970,臺北市動物之家,臺北市動物之家,混種犬,1,F,MEDIUM,黑色,ADULT,T,https://www.pet.gov.tw/upload/pic/efe585a5-1d37-49ca-aa6f-7aa7f1bcd999.jpg,民眾不擬續養,2021-04-11,臺北市內湖區安美街191號,(02)87913254
246571,臺北市動物之家,臺北市動物之家,混種犬,1,F,MEDIUM,咖啡白色,ADULT,T,https://www.pet.gov.tw/upload/pic/519d097e-6ebc-48fe-b464-b11c06447ee0.jpg,不擬續養,2022-03-15,臺北市內湖區安美街191號,(02)87913254
257046,臺北市動物之家,臺北市動物之家,混種犬,1,M,MEDIUM,黑色,ADULT,T,https://www.pet.gov.tw/upload/pic/1671598295188.png,銘德里 014鄰   長泰街２８２巷１３弄,2022-06-20,臺北市內湖區安美街191號,(02)87913254
237640,臺北市動物之家,臺北市動物之家,混種犬,1,M,MEDIUM,黑色,CHILD,T,https://www.pet.gov.tw/upload/pic/81d47405-cd78-475f-a1c8-d2e8e134dc47.jpg,湖田里竹子湖路,2022-03-04,臺北市內湖區安美街191號,(02)87913254
350615,臺北市動物之家,臺北市動物之家,混種犬,1,F,MEDIUM,黑色,ADULT,T,https://www.pet.gov.tw/upload/pic/1710829863780.png,柳鄉里環河南路二段100巷,2024-03-31,臺北市內湖區安美街191號,(02)87913254
256332,臺北市動物之家,臺北市動物之家,混種犬,1,M,MEDIUM,棕白色,ADULT,T,https://www.pet.gov.tw/upload/pic/86ee1b64-4149-4592-91f8-776e2165be95.jpg,萬興里新光路二段,2022-05-31,臺北市內湖區安美街191號,(02)87913254
207394,澎湖縣流浪動物收容中心,澎湖縣流浪動物收容中心,混種犬,1,M,BIG,黑色,ADULT,T,https://www.pet.gov.tw/upload/pic/1711453169742.png,清潔隊,2021-05-28,澎湖縣馬公市烏崁里260、261號,(06)9213559
244279,臺北市動物之家,臺北市動物之家,混種犬,1,M,MEDIUM,黑色,ADULT,T,https://www.pet.gov.tw/upload/pic/1671600022945.png,動物之家,2022-03-01,臺北市內湖區安美街191號,(02)87913254
142780,臺北市動物之家,臺北市動物之家,混種犬,1,M,MEDIUM,黃色,ADULT,T,https://www.pet.gov.tw/upload/pic/1671599984386.png,民眾不擬續養,2021-04-11,臺北市內湖區安美街191號,(02)87913254
31632,臺北市動物之家,臺北市動物之家,混種犬,1,F,MEDIUM,黑色,ADULT,T,https://www.pet.gov.tw/upload/pic/1671599956565.png,民眾不擬續養,2021-04-11,臺北市內湖區安美街191號,(02)87913254
31405,臺北市動物之家,臺北市動物之家,混種犬,1,M,SMALL,黑白色,CHILD,T,https://www.pet.gov.tw/upload/pic/1671599916436.png,登山路,2021-04-11,臺北市內湖區安美街191號,(02)87913254
82584,臺北市動物之家,臺北市動物之家,混種犬,1,F,SMALL,黑色,CHILD,T,https://www.pet.gov.tw/upload/pic/1671599431180.png,木柵路5段,2021-04-11,臺北市內湖區安美街191號,(02)87913254
82432,臺北市動物之家,臺北市動物之家,混種犬,1,M,SMALL,黑色,CHILD,T,https://www.pet.gov.tw/upload/pic/1671599407358.png,木柵路5段,2021-04-11,臺北市內湖區安美街191號,(02)87913254
198835,臺北市動物之家,臺北市動物之家,混種犬,1,M,MEDIUM,虎斑色,ADULT,T,https://www.pet.gov.tw/upload/pic/1671599064101.png,民眾不擬續養,2021-03-17,臺北市內湖區安美街191號,(02)87913254
195301,臺北市動物之家,臺北市動物之家,混種犬,1,M,MEDIUM,黑棕色,ADULT,T,https://www.pet.gov.tw/upload/pic/1671599038358.png,美崙公園,2021-04-11,臺北市內湖區安美街191號,(02)87913254
31332,臺北市動物之家,臺北市動物之家,混種犬,1,F,SMALL,黑色,CHILD,T,https://www.pet.gov.tw/upload/pic/1671598642151.png,成功路5段,2021-04-11,臺北市內湖區安美街191號,(02)87913254
236675,臺北市動物之家,臺北市動物之家,混種犬,1,F,MEDIUM,黑色,ADULT,T,https://www.pet.gov.tw/upload/pic/1671598453964.png,不擬續養,2021-12-23,臺北市內湖區安美街191號,(02)87913254
133611,臺北市動物之家,臺北市動物之家,混種犬,1,F,MEDIUM,黃色,ADULT,T,https://www.pet.gov.tw/upload/pic/1671598416318.png,學園路1號,2021-04-11,臺北市內湖區安美街191號,(02)87913254
56337,臺北市動物之家,臺北市動物之家,混種犬,1,M,SMALL,黑色,CHILD,T,https://www.pet.gov.tw/upload/pic/1671598349887.png,泉源路,2021-04-11,臺北市內湖區安美街191號,(02)87913254
71876,臺北市動物之家,臺北市動物之家,混種犬,1,F,SMALL,虎斑色,CHILD,T,https://www.pet.gov.tw/upload/pic/1671597189680.png,惇敘高中附近,2021-04-11,臺北市內湖區安美街191號,(02)87913254
284117,金門縣動物收容中心,金門縣動物收容中心,混種犬,1,F,BIG,虎斑色,ADULT,F,https://www.pet.gov.tw/upload/pic/e636cf65-11cc-4f43-90df-08f13ab090e8.jpg,金門城,2022-11-14,金門縣金湖鎮裕民農莊20號,(082)336625
274107,金門縣動物收容中心,金門縣動物收容中心,混種犬,1,M,BIG,黑色,ADULT,F,https://www.pet.gov.tw/upload/pic/6e3ba7b7-202a-42de-89a8-7b8920dce76c.jpg,瓊林,,金門縣金湖鎮裕民農莊20號,(082)336625
269628,金門縣動物收容中心,金門縣動物收容中心,混種犬,1,F,MEDIUM,黃色,ADULT,T,https://www.pet.gov.tw/upload/pic/87acdf6e-79d4-4d68-aa7e-52f1e2f7d28d.jpg,金沙鎮官嶼里塘頭,2022-08-11,金門縣金湖鎮裕民農莊20號,(082)336625
268171,金門縣動物收容中心,金門縣動物收容中心,混種犬,1,F,BIG,黑棕色,ADULT,F,https://www.pet.gov.tw/upload/pic/fb161980-8312-4b15-a02a-9130f4aae7c4.jpg,金湖鎮溪湖里士校路,,金門縣金湖鎮裕民農莊20號,(082)336625
267076,臺北市動物之家,臺北市動物之家,混種犬,1,F,MEDIUM,黑白色,ADULT,F,https://www.pet.gov.tw/upload/pic/b7b402ed-a373-4c90-ba48-1edc5f72542c.jpg,動物之家,2022-07-27,臺北市內湖區安美街191號,(02)87913254
266929,桃園市動物保護教育園區,桃園市動物保護教育園區,混種犬,1,M,MEDIUM,黑色,ADULT,F,https://www.pet.gov.tw/upload/pic/043e0b60-262f-4bca-9d2d-b63801893b5c.jpg,八德區介壽路二段５８３巷,2022-07-26,桃園市新屋區永興里3鄰藻礁路1668號,(03)4861760
264036,金門縣動物收容中心,金門縣動物收容中心,混種犬,1,M,MEDIUM,米色,ADULT,F,https://www.pet.gov.tw/upload/pic/e2595d4f-9e2c-40c0-8626-adaec58d5f5a.jpg,烈嶼鄉西口村西方,2022-07-05,金門縣金湖鎮裕民農莊20號,(082)336625
257535,桃園市動物保護教育園區,桃園市動物保護教育園區,混種犬,1,M,MEDIUM,黑色,ADULT,F,https://www.pet.gov.tw/upload/pic/c69e9a2b-5253-4d6b-ba51-333ee9013be6.JPG,白鷺里廣福路1008巷,2022-11-16,桃園市新屋區永興里3鄰藻礁路1668號,(03)4861760
256474,臺中市動物之家后里園區,臺中市動物之家后里園區,混種犬,1,M,MEDIUM,黃色,,T,https://www.pet.gov.tw/upload/pic/613021d1-a1dc-4548-803b-846c6b276796.jpg,潭子區福貴路509號,2022-05-25,臺中市后里區堤防路370號,(04)25588024
251897,金門縣動物收容中心,金門縣動物收容中心,混種犬,1,M,MEDIUM,米色,ADULT,F,https://www.pet.gov.tw/upload/pic/48f18cc6-6492-4973-8122-46eef0b51d2c.jpg,烈嶼鄉林湖村東崗,2022-04-21,金門縣金湖鎮裕民農莊20號,(082)336625
229926,臺北市動物之家,臺北市動物之家,混種犬,1,F,MEDIUM,黑虎斑色,ADULT,T,https://www.pet.gov.tw/upload/pic/373fa377-c95b-4d85-901c-cecdb2ef3785.jpg,中心里大業路,2022-04-07,臺北市內湖區安美街191號,(02)87913254
174576,臺北市動物之家,臺北市動物之家,混種犬,1,F,MEDIUM,黑色,ADULT,T,https://www.pet.gov.tw/upload/pic/05dc5f3c-20af-40e2-a6ab-1dac97c61cfd.jpg,指南路3段38巷,2021-04-10,臺北市內湖區安美街191號,(02)87913254
245497,臺中市動物之家后里園區,臺中市動物之家后里園區,混種犬,1,M,MEDIUM,米色,ADULT,T,https://www.pet.gov.tw/upload/pic/ed28a2f2-097c-465e-bf49-623a0c81eb3f.jpg,豐洲路134巷3號,2022-03-23,臺中市后里區堤防路370號,(04)25588024
245941,臺北市動物之家,臺北市動物之家,混種犬,1,M,MEDIUM,黃色,ADULT,T,https://www.pet.gov.tw/upload/pic/1f7dd539-ecfb-4266-9c2f-d63cb917afa2.jpg,不擬續養,2022-03-22,臺北市內湖區安美街191號,(02)87913254
243736,臺北市動物之家,臺北市動物之家,混種犬,1,M,MEDIUM,黑白色,ADULT,T,https://www.pet.gov.tw/upload/pic/76e6f7d9-e20f-46d0-bc16-b574adcc8691.jpg,東山里 士東路３５２巷,2022-03-18,臺北市內湖區安美街191號,(02)87913254
242772,南投縣公立動物收容所,南投縣公立動物收容所,混種犬,1,F,MEDIUM,虎斑色,,T,https://www.pet.gov.tw/upload/pic/aa7c116c-9e30-40d0-8bf7-89fb347c07fd.JPG,南投縣集集鎮名水路二段,2022-02-16,南投縣南投市嶺興路36-1號,(049)2225440
241036,桃園市動物保護教育園區,桃園市動物保護教育園區,混種犬,1,M,MEDIUM,黑色,ADULT,T,https://www.pet.gov.tw/upload/pic/e3afe407-eabc-4e75-aad4-9c6c601f2275.jpg,龍山里龍門街,2022-04-27,桃園市新屋區永興里3鄰藻礁路1668號,(03)4861760
240902,金門縣動物收容中心,金門縣動物收容中心,混種犬,1,F,MEDIUM,黃色,ADULT,T,https://www.pet.gov.tw/upload/pic/2c1e9180-bedf-4034-9921-5bc82251d1b6.jpg,金湖鎮蓮庵里三多路,2022-01-25,金門縣金湖鎮裕民農莊20號,(082)336625
240527,桃園市動物保護教育園區,桃園市動物保護教育園區,混種犬,1,M,MEDIUM,虎斑色,ADULT,F,https://www.pet.gov.tw/upload/pic/c65b482d-0d6b-4cd5-a2c4-43e50f650b7e.jpg,溫州一路,2022-01-23,桃園市新屋區永興里3鄰藻礁路1668號,(03)4861760
240344,金門縣動物收容中心,金門縣動物收容中心,混種犬,1,F,BIG,棕灰色,ADULT,T,https://www.pet.gov.tw/upload/pic/783bbe5e-4f70-4242-88c2-0380ce9b8235.jpg,金城鎮西門里民權路,2022-01-20,金門縣金湖鎮裕民農莊20號,(082)336625
240343,金門縣動物收容中心,金門縣動物收容中心,混種犬,1,M,BIG,黑虎斑色,ADULT,F,https://www.pet.gov.tw/upload/pic/3db13bde-8d6d-45dc-8d6f-f80874525ceb.jpg,金城鎮西門里民權路,2022-01-20,金門縣金湖鎮裕民農莊20號,(082)336625
239659,金門縣動物收容中心,金門縣動物收容中心,混種犬,1,F,MEDIUM,棕黑色,ADULT,T,https://www.pet.gov.tw/upload/pic/c3229251-3ca9-4c3b-ad99-c291e464de45.jpg,金寧鄉安美村中堡,2022-01-14,金門縣金湖鎮裕民農莊20號,(082)336625
237165,桃園市動物保護教育園區,桃園市動物保護教育園區,混種犬,1,M,SMALL,白色,CHILD,F,https://www.pet.gov.tw/upload/pic/55fb6810-163e-494b-bca5-c6c6560071f6.JPG,外社里後面坑路,2021-12-28,桃園市新屋區永興里3鄰藻礁路1668號,(03)4861760
236754,金門縣動物收容中心,金門縣動物收容中心,混種犬,1,M,MEDIUM,黑色,ADULT,F,https://www.pet.gov.tw/upload/pic/58e25f1d-5c6e-4815-bf88-01f5213dc92c.jpg,金城鎮古城里金門城,2021-12-22,金門縣金湖鎮裕民農莊20號,(082)336625
236502,南投縣公立動物收容所,南投縣公立動物收容所,混種犬,1,F,MEDIUM,黑黃色,,T,https://www.pet.gov.tw/upload/pic/6782e0b4-a725-4732-97de-1876e0687c70.JPG,南投縣埔里鎮中興路,2021-12-28,南投縣南投市嶺興路36-1號,(049)2225440
233746,金門縣動物收容中心,金門縣動物收容中心,混種犬,1,M,BIG,黑色,ADULT,F,https://www.pet.gov.tw/upload/pic/fa6bd068-85c2-4f28-83e4-3862671b4762.jpg,金寧鄉盤山村環島北路二段,2021-12-01,金門縣金湖鎮裕民農莊20號,(082)336625
233421,南投縣公立動物收容所,南投縣公立動物收容所,混種犬,1,M,MEDIUM,黑色,ADULT,T,https://www.pet.gov.tw/upload/pic/4e3acdf4-8f12-4183-9d52-e0f1704d473f.JPG,南投縣南投市軍功里軍功路,2021-11-29,南投縣南投市嶺興路36-1號,(049)2225440
231767,桃園市動物保護教育園區,桃園市動物保護教育園區,混種犬,1,F,MEDIUM,黑色,ADULT,F,https://www.pet.gov.tw/upload/pic/b4554614-75f0-4a8e-bbbb-e740a6f419c3.jpg,北富里金陵路三段,,桃園市新屋區永興里3鄰藻礁路1668號,(03)4861760
231029,金門縣動物收容中心,金門縣動物收容中心,混種犬,1,F,SMALL,米色,ADULT,F,https://www.pet.gov.tw/upload/pic/5f70e0fa-4f9b-4830-b2e1-602f3cfd7f0f.jpg,金寧鄉湖埔村頂埔下,2021-11-11,金門縣金湖鎮裕民農莊20號,(082)336625
28403,南投縣公立動物收容所,南投縣公立動物收容所,混種犬,1,M,MEDIUM,白色,ADULT,T,https://www.pet.gov.tw/upload/pic/f201f2d0-f714-4d18-9afc-8462ea29405a.JPG,南投縣魚池鄉,2016-11-16,南投縣南投市嶺興路36-1號,(049)2225440
229498,金門縣動物收容中心,金門縣動物收容中心,混種犬,1,M,MEDIUM,黃色,ADULT,F,https://www.pet.gov.tw/upload/pic/05cb4da9-a1d3-435e-b3fd-3668f74c40da.jpg,金寧鄉榜林村榜林,2021-11-02,金門縣金湖鎮裕民農莊20號,(082)336625
229390,桃園市動物保護教育園區,桃園市動物保護教育園區,比特犬,0,M,BIG,黃色,ADULT,F,https://www.pet.gov.tw/upload/pic/a47f890a-f4c0-4f8c-b2de-bfb47418aa90.JPG,高上里梅高路二段４３１巷１３２弄,2021-11-09,桃園市新屋區永興里3鄰藻礁路1668號,(03)4861760
228994,桃園市動物保護教育園區,桃園市動物保護教育園區,混種犬,1,F,MEDIUM,白色,ADULT,F,https://www.pet.gov.tw/upload/pic/8e0daba5-b08a-4524-95f8-8f38a7600c0b.JPG,新北市鶯歌區,2021-10-30,桃園市新屋區永興里3鄰藻礁路1668號,(03)4861760
227900,桃園市動物保護教育園區,桃園市動物保護教育園區,混種犬,1,M,MEDIUM,黑色,ADULT,F,https://www.pet.gov.tw/upload/pic/156a536f-1d94-4bff-aa8d-ff97bb9fcbf5.jpg,藻礁路,2022-05-28,桃園市新屋區永興里3鄰藻礁路1668號,(03)4861760
227761,南投縣公立動物收容所,南投縣公立動物收容所,混種犬,1,F,MEDIUM,白色,,T,https://www.pet.gov.tw/upload/pic/c0b0148a-f3da-4647-849c-62124cad6a0e.JPG,南投縣草屯鎮富寮里富德街,2021-10-20,南投縣南投市嶺興路36-1號,(049)2225440
26351,南投縣公立動物收容所,南投縣公立動物收容所,混種犬,1,F,MEDIUM,黑色,ADULT,T,https://www.pet.gov.tw/upload/pic/24b84bbb-2af0-4623-9bd9-0f68c46f54d2.JPG,南投縣南投市,2016-10-25,南投縣南投市嶺興路36-1號,(049)2225440
69563,南投縣公立動物收容所,南投縣公立動物收容所,混種犬,1,M,SMALL,黑白色,,T,https://www.pet.gov.tw/upload/pic/24923aca-9fcf-42d7-b979-37a636b2b204.JPG,南投縣埔里鎮,2018-11-02,南投縣南投市嶺興路36-1號,(049)2225440
220928,南投縣公立動物收容所,南投縣公立動物收容所,混種犬,1,M,MEDIUM,米色,,T,https://www.pet.gov.tw/upload/pic/0a64bad1-b054-4b37-b06f-24b6a101f650.JPG,南投縣名間鄉田仔村九層林巷,2021-09-07,南投縣南投市嶺興路36-1號,(049)2225440
219790,南投縣公立動物收容所,南投縣公立動物收容所,混種犬,1,F,MEDIUM,虎斑色,,T,https://www.pet.gov.tw/upload/pic/9c45ea99-4e0f-4111-b7d2-be79e47992b2.JPG,南投縣魚池鄉中明村有水巷,2021-08-27,南投縣南投市嶺興路36-1號,(049)2225440
217195,臺北市動物之家,臺北市動物之家,混種犬,1,F,MEDIUM,黑色,CHILD,T,https://www.pet.gov.tw/upload/pic/86643ecc-ae26-4b3e-a71d-9fa0c166f5d7.jpg,華興里   木柵路一段,2021-08-23,臺北市內湖區安美街191號,(02)87913254
215280,金門縣動物收容中心,金門縣動物收容中心,混種犬,1,F,MEDIUM,黑色,ADULT,F,https://www.pet.gov.tw/upload/pic/ea3e8de0-9016-4192-a340-9ce16efe72d8.jpg,金寧鄉湖埔村湖下,2021-07-23,金門縣金湖鎮裕民農莊20號,(082)336625
213287,桃園市動物保護教育園區,桃園市動物保護教育園區,混種犬,1,M,MEDIUM,虎斑色,ADULT,F,https://www.pet.gov.tw/upload/pic/a2adbaeb-0f02-4c19-b23a-509e413dec5d.jpg,沙崙里竹圍漁港附近彩虹橋下,,桃園市新屋區永興里3鄰藻礁路1668號,(03)4861760
213227,宜蘭縣流浪動物中途之家,宜蘭縣流浪動物中途之家,混種犬,1,F,BIG,黑色,,F,https://www.pet.gov.tw/upload/pic/267dc1c6-dc33-40b4-962e-04fa33a97245.jpg,國華街,2021-07-08,宜蘭縣五結鄉成興村利寶路60號,(03)9602350620
211145,臺中市動物之家后里園區,臺中市動物之家后里園區,混種犬,1,F,MEDIUM,黑色,,T,https://www.pet.gov.tw/upload/pic/fd7768e3-1e13-499e-9f55-b2f1ab649346.png,台灣大道10段,2021-01-01,臺中市后里區堤防路370號,(04)25588024
208670,桃園市動物保護教育園區,桃園市動物保護教育園區,混種犬,1,F,MEDIUM,黑色,,F,https://www.pet.gov.tw/upload/pic/3b34dd44-1163-4cf1-9128-ff077cf92d2e.jpg,龍岡路二段,2021-10-14,桃園市新屋區永興里3鄰藻礁路1668號,(03)4861760
207701,金門縣動物收容中心,金門縣動物收容中心,混種犬,1,M,MEDIUM,黑色,CHILD,F,https://www.pet.gov.tw/upload/pic/2ed0dd9c-d514-4209-ace2-5916b2d9533f.jpg,金寧鄉古寧村‎古寧頭戰史館,2021-05-21,金門縣金湖鎮裕民農莊20號,(082)336625
207483,臺北市動物之家,臺北市動物之家,混種犬,1,M,MEDIUM,黑色,ADULT,T,https://www.pet.gov.tw/upload/pic/a39c4a53-15b7-4421-89f4-d5d850c31069.jpg,復興三路152巷,2021-05-20,臺北市內湖區安美街191號,(02)87913254
206482,南投縣公立動物收容所,南投縣公立動物收容所,混種犬,1,F,MEDIUM,黑色,,T,https://www.pet.gov.tw/upload/pic/bf20038a-b0de-4f86-8068-4dbe19294fd0.JPG,南投縣埔里鎮麒麟里過坑巷,2021-05-12,南投縣南投市嶺興路36-1號,(049)2225440
206329,金門縣動物收容中心,金門縣動物收容中心,混種犬,1,F,MEDIUM,黑色,ADULT,F,https://www.pet.gov.tw/upload/pic/9ccfcf64-f84d-4ee1-af43-72bf409e63d2.jpg,金寧鄉安美村湖南,2021-05-11,金門縣金湖鎮裕民農莊20號,(082)336625
199798,臺北市動物之家,臺北市動物之家,混種犬,1,F,MEDIUM,黑色,ADULT,T,https://www.pet.gov.tw/upload/pic/1f036c03-6182-4d41-b0d2-785ff018037e.jpg,吳興街284巷,2021-04-01,臺北市內湖區安美街191號,(02)87913254
31647,臺北市動物之家,臺北市動物之家,混種犬,1,M,MEDIUM,白色,ADULT,T,https://www.pet.gov.tw/upload/pic/a1a2e739-66e1-4825-8055-b7da34d353a2.jpg,南港機場,2021-04-10,臺北市內湖區安美街191號,(02)87913254
76344,臺北市動物之家,臺北市動物之家,混種犬,1,M,SMALL,虎斑色,CHILD,T,https://www.pet.gov.tw/upload/pic/3fa81f3f-9e9d-42fd-bcae-0571018f015f.jpg,珠海路,2021-04-11,臺北市內湖區安美街191號,(02)87913254
47658,臺北市動物之家,臺北市動物之家,混種犬,1,F,MEDIUM,黑色,ADULT,T,https://www.pet.gov.tw/upload/pic/6be94293-fbd7-44c0-94bb-982d53de58b5.jpg,寧憂路,2021-04-11,臺北市內湖區安美街191號,(02)87913254
142852,臺北市動物之家,臺北市動物之家,混種犬,1,M,SMALL,黑色,CHILD,T,https://www.pet.gov.tw/upload/pic/fe77eea4-6ca2-41f6-bca3-0a39a0056dd5.jpg,硫磺谷,2021-04-11,臺北市內湖區安美街191號,(02)87913254
31255,臺北市動物之家,臺北市動物之家,混種犬,1,F,SMALL,黑色,CHILD,T,https://www.pet.gov.tw/upload/pic/4b1fb2bb-fc6d-46f3-ad29-0e2e97892b7b.jpg,忠孝東路6段159巷,2021-04-11,臺北市內湖區安美街191號,(02)87913254
31252,臺北市動物之家,臺北市動物之家,混種犬,1,F,SMALL,黑色,CHILD,T,https://www.pet.gov.tw/upload/pic/7ec58248-c2af-4d70-b3ad-0a117c247ffb.jpg,忠孝東路6段159巷,2021-04-11,臺北市內湖區安美街191號,(02)87913254
112676,臺北市動物之家,臺北市動物之家,混種犬,1,M,MEDIUM,黑色,ADULT,T,https://www.pet.gov.tw/upload/pic/92d3f0d2-3f08-40bc-890d-43c287298bb6.jpg,劍南路,2021-04-10,臺北市內湖區安美街191號,(02)87913254
61651,臺北市動物之家,臺北市動物之家,混種犬,1,M,MEDIUM,黃色,ADULT,T,https://www.pet.gov.tw/upload/pic/a764b4d7-8b3f-4f23-8868-2555c0bd7a32.jpg,康寧路1段156巷,2021-04-10,臺北市內湖區安美街191號,(02)87913254
43123,臺北市動物之家,臺北市動物之家,混種犬,1,F,MEDIUM,棕黑色,ADULT,T,https://www.pet.gov.tw/upload/pic/a6bc4875-7b94-48d8-ac24-12f99549f772.jpg,中正路,2021-04-10,臺北市內湖區安美街191號,(02)87913254
39946,臺北市動物之家,臺北市動物之家,混種犬,1,F,MEDIUM,虎斑色,ADULT,T,https://www.pet.gov.tw/upload/pic/d0402bcc-202e-4549-832a-6c374d9da5ad.jpg,承德路2段,2021-04-10,臺北市內湖區安美街191號,(02)87913254
31496,臺北市動物之家,臺北市動物之家,混種犬,1,M,MEDIUM,黑色,ADULT,T,https://www.pet.gov.tw/upload/pic/b3136dfd-afa2-4352-a0ca-74d70db0dea4.jpg,民眾不擬續養,2017-02-17,臺北市內湖區安美街191號,(02)87913254
36001,新北市瑞芳區公立動物之家,新北市瑞芳區公立動物之家,混種犬,1,F,SMALL,黑色,,T,https://www.pet.gov.tw/upload/pic/63ecc41d-8fa5-4510-9a1b-270fe716ef9a.jpg,龍門街,2017-05-04,新北市瑞芳區靜安路四段(106縣道74.5K清潔隊場區內),(02)24063481
80156,新北市八里區公立動物之家,新北市八里區公立動物之家,混種犬,1,M,SMALL,黑色,,F,https://www.pet.gov.tw/upload/pic/a1eac5e9-79a5-4b70-aa47-c56a944fdf26.jpg,新泰路,2019-01-14,新北市八里區長坑里6鄰長坑道路36號,(02)26194428
96609,新北市八里區公立動物之家,新北市八里區公立動物之家,混種犬,1,M,MEDIUM,黑色,,F,https://www.pet.gov.tw/upload/pic/89a83ae3-ce72-4527-9f87-06832a6186d8.jpg,泰林路,2019-05-03,新北市八里區長坑里6鄰長坑道路36號,(02)26194428
204346,金門縣動物收容中心,金門縣動物收容中心,混種犬,1,M,MEDIUM,棕色,CHILD,F,https://www.pet.gov.tw/upload/pic/9efdc150-98e1-48c1-bb84-12328124dd96.jpg,金城鎮金水里後豐港,2021-04-26,金門縣金湖鎮裕民農莊20號,(082)336625
132932,臺北市動物之家,臺北市動物之家,混種犬,1,M,MEDIUM,黃色,ADULT,T,https://www.pet.gov.tw/upload/pic/d20c760b-e471-4ed9-baad-73f50e922c08.jpg,崇仰一路,2021-04-10,臺北市內湖區安美街191號,(02)87913254
56301,臺北市動物之家,臺北市動物之家,混種犬,1,F,MEDIUM,虎斑色,ADULT,T,https://www.pet.gov.tw/upload/pic/5a7670f3-01d0-4ea0-8060-516185f9f72e.jpg,中正路,2021-04-10,臺北市內湖區安美街191號,(02)87913254
42656,臺北市動物之家,臺北市動物之家,混種犬,1,F,MEDIUM,黑棕色,ADULT,T,https://www.pet.gov.tw/upload/pic/70a3c3a1-a103-4881-8593-642a83314af2.jpg,中央北路二段,2021-04-10,臺北市內湖區安美街191號,(02)87913254
31609,臺北市動物之家,臺北市動物之家,混種犬,1,F,MEDIUM,黑棕色,ADULT,T,https://www.pet.gov.tw/upload/pic/21b6f68f-779b-40c7-ae20-b17762cd5533.jpg,興隆路3段,2018-01-14,臺北市內湖區安美街191號,(02)87913254
31471,臺北市動物之家,臺北市動物之家,混種犬,1,F,MEDIUM,棕色,ADULT,T,https://www.pet.gov.tw/upload/pic/7a251357-758f-47ff-a68d-a774e3c43475.jpg,新光路2段,2018-03-29,臺北市內湖區安美街191號,(02)87913254
31468,臺北市動物之家,臺北市動物之家,混種犬,1,M,MEDIUM,虎斑色,ADULT,T,https://www.pet.gov.tw/upload/pic/0fac871a-4e7a-4ff4-b9b7-7caa91d28383.jpg,劍潭分隊,2018-01-20,臺北市內湖區安美街191號,(02)87913254
31422,臺北市動物之家,臺北市動物之家,混種犬,1,M,SMALL,黑色,CHILD,T,https://www.pet.gov.tw/upload/pic/8e3387c2-b1e3-4d43-8cef-1b8525a33e0d.jpg,和平東路3段,2016-09-09,臺北市內湖區安美街191號,(02)87913254
163683,臺北市動物之家,臺北市動物之家,混種犬,1,F,MEDIUM,虎斑色,ADULT,T,https://www.pet.gov.tw/upload/pic/b675b3b0-a9f6-4905-b04a-45d891624e2a.jpg,民眾不擬續養,2021-04-11,臺北市內湖區安美街191號,(02)87913254
71864,臺北市動物之家,臺北市動物之家,混種犬,1,F,SMALL,黑色,CHILD,T,https://www.pet.gov.tw/upload/pic/e1cacf43-68c4-4170-b955-73fec715f9db.jpg,木柵路四段,2021-04-11,臺北市內湖區安美街191號,(02)87913254
116869,臺北市動物之家,臺北市動物之家,混種犬,1,F,MEDIUM,黑色,ADULT,T,https://www.pet.gov.tw/upload/pic/cd8b0a30-cdff-4374-8509-a7e2480cb9ee.jpg,中央北路4段,2021-04-11,臺北市內湖區安美街191號,(02)87913254
59372,臺北市動物之家,臺北市動物之家,混種犬,1,M,MEDIUM,黑色,ADULT,T,https://www.pet.gov.tw/upload/pic/68640275-50ce-408c-b545-c0ead6d51fd3.jpg,民眾不擬續養,2021-04-11,臺北市內湖區安美街191號,(02)87913254
31624,臺北市動物之家,臺北市動物之家,混種犬,1,M,MEDIUM,黑色,ADULT,T,https://www.pet.gov.tw/upload/pic/4dbdd486-0e86-466f-8144-a2b3f6168b86.jpg,東昇路,2021-04-11,臺北市內湖區安美街191號,(02)87913254
201858,雲林縣流浪動物收容所,雲林縣流浪動物收容所,混種犬,1,F,SMALL,黑色,ADULT,T,https://www.pet.gov.tw/upload/pic/0641f5ad-de54-4db4-9179-22532baf1acc.jpg,虎尾鎮穎川里,2021-04-09,雲林縣斗六市雲林路二段517號,(05)5523300
147854,臺北市動物之家,臺北市動物之家,混種犬,1,M,MEDIUM,虎斑色,ADULT,T,https://www.pet.gov.tw/upload/pic/8af9061d-3260-4d3a-97b3-ab866e00e90e.jpg,研究院路1段,2020-05-04,臺北市內湖區安美街191號,(02)87913254
44637,臺北市動物之家,臺北市動物之家,混種犬,1,M,MEDIUM,黑色,ADULT,T,https://www.pet.gov.tw/upload/pic/8e1a510e-5dd3-4157-8dbe-d39c5ad84ce5.jpg,向陽路,2021-04-10,臺北市內湖區安美街191號,(02)87913254
31364,臺北市動物之家,臺北市動物之家,混種犬,1,M,MEDIUM,虎斑色,ADULT,T,https://www.pet.gov.tw/upload/pic/1ff6fe9e-4daa-481a-8ff0-beec401d5efe.jpg,復興三路152巷,2016-04-25,臺北市內湖區安美街191號,(02)87913254
31253,臺北市動物之家,臺北市動物之家,混種犬,1,F,SMALL,黑色,ADULT,T,https://www.pet.gov.tw/upload/pic/e401d2ad-af13-4b03-9fec-cb2e658a6740.jpg,忠孝東路6段159巷,2021-04-11,臺北市內湖區安美街191號,(02)87913254
116239,臺北市動物之家,臺北市動物之家,混種犬,1,M,MEDIUM,黑色,ADULT,T,https://www.pet.gov.tw/upload/pic/e6430d09-6849-4346-8e33-295b44cb3b1f.jpg,舊莊街1段3巷3弄,2021-04-10,臺北市內湖區安美街191號,(02)87913254
112681,臺北市動物之家,臺北市動物之家,混種犬,1,M,BIG,黑色,ADULT,T,https://www.pet.gov.tw/upload/pic/23154012-50cf-4810-9d39-a981a690a29e.jpg,木柵路5段,2021-04-10,臺北市內湖區安美街191號,(02)87913254
92547,臺北市動物之家,臺北市動物之家,混種犬,1,M,MEDIUM,虎斑白色,ADULT,T,https://www.pet.gov.tw/upload/pic/a8eb1aa2-1fac-4a82-a5f5-4710c1f9dcdd.jpg,信安街103巷,2021-04-10,臺北市內湖區安美街191號,(02)87913254
60779,臺北市動物之家,臺北市動物之家,混種犬,1,M,MEDIUM,黑棕色,ADULT,T,https://www.pet.gov.tw/upload/pic/3a8510da-2a16-48c1-aecb-cbb2465688cc.jpg,中正路,2021-04-10,臺北市內湖區安美街191號,(02)87913254
72714,臺北市動物之家,臺北市動物之家,混種犬,1,M,MEDIUM,黑色,ADULT,T,https://www.pet.gov.tw/upload/pic/a12944dd-b67b-48bd-a1fb-bf63e5857e41.jpg,中正路,2021-04-10,臺北市內湖區安美街191號,(02)87913254
31545,臺北市動物之家,臺北市動物之家,混種犬,1,M,MEDIUM,黑色,ADULT,T,https://www.pet.gov.tw/upload/pic/956b2325-b81d-41e8-8de4-0bfe400e5539.jpg,碧湖公園,2018-03-01,臺北市內湖區安美街191號,(02)87913254
198211,桃園市動物保護教育園區,桃園市動物保護教育園區,混種犬,1,M,MEDIUM,黑色,ADULT,F,https://www.pet.gov.tw/upload/pic/f232f7fc-6f6a-408f-91cb-534f6ec06879.JPG,白鷺里成功街,,桃園市新屋區永興里3鄰藻礁路1668號,(03)4861760
44305,臺北市動物之家,臺北市動物之家,混種犬,1,F,MEDIUM,黑白色,CHILD,T,https://www.pet.gov.tw/upload/pic/a39d0717-97fa-4a4b-8103-85d85000e693.jpg,公館路,2021-04-11,臺北市內湖區安美街191號,(02)87913254
47818,臺北市動物之家,臺北市動物之家,混種犬,1,F,SMALL,黑色,CHILD,T,https://www.pet.gov.tw/upload/pic/09f994b8-e800-49d3-ac02-39d68a66e7ae.jpg,通化街117巷,2021-04-11,臺北市內湖區安美街191號,(02)87913254
80367,臺北市動物之家,臺北市動物之家,混種犬,1,M,MEDIUM,黑色,ADULT,T,https://www.pet.gov.tw/upload/pic/324a36fd-78da-46b4-89e9-41355a9fa172.jpg,平菁街9巷,2021-04-11,臺北市內湖區安美街191號,(02)87913254
84839,臺北市動物之家,臺北市動物之家,混種犬,1,M,MEDIUM,棕黑色,ADULT,T,https://www.pet.gov.tw/upload/pic/da89c9b8-8698-4604-92cb-97a446769df7.jpg,新光路2段,2021-04-10,臺北市內湖區安美街191號,(02)87913254
197711,金門縣動物收容中心,金門縣動物收容中心,混種犬,1,M,MEDIUM,黃色,ADULT,F,https://www.pet.gov.tw/upload/pic/e693149f-5260-4e74-b501-d94fcb5aeb1b.jpg,金城鎮珠沙里小西門,2021-03-08,金門縣金湖鎮裕民農莊20號,(082)336625
196608,臺北市動物之家,臺北市動物之家,混種犬,1,F,MEDIUM,黑色,ADULT,T,https://www.pet.gov.tw/upload/pic/74bf2add-a840-4041-b3df-01ec19831e7a.jpg,研究院路4段,2021-04-11,臺北市內湖區安美街191號,(02)87913254
194556,宜蘭縣流浪動物中途之家,宜蘭縣流浪動物中途之家,混種犬,1,F,SMALL,黑色,,F,https://www.pet.gov.tw/upload/pic/4f815649-8ed7-44af-bc89-4a57f3cfc1f4.jpg,石頭厝路,2021-02-05,宜蘭縣五結鄉成興村利寶路60號,(03)9602350620
194150,新北市八里區公立動物之家,新北市八里區公立動物之家,混種犬,1,M,MEDIUM,咖啡棕色,,F,https://www.pet.gov.tw/upload/pic/c2fa124c-5293-44b3-81ef-04ca8c5ccb9e.jpg,長坑里,2021-02-02,新北市八里區長坑里6鄰長坑道路36號,(02)26194428
194082,金門縣動物收容中心,金門縣動物收容中心,混種犬,1,F,MEDIUM,白色,ADULT,F,https://www.pet.gov.tw/upload/pic/b7978d81-8720-4ce1-b028-8b04cf29e586.jpg,烈嶼鄉上岐村青岐,2021-01-29,金門縣金湖鎮裕民農莊20號,(082)336625
194081,金門縣動物收容中心,金門縣動物收容中心,混種犬,1,M,MEDIUM,黃色,ADULT,F,https://www.pet.gov.tw/upload/pic/369a1455-cfa8-491a-9746-4dbbaac62726.jpg,烈嶼鄉林湖村東崗,2021-01-29,金門縣金湖鎮裕民農莊20號,(082)336625
128092,金門縣動物收容中心,金門縣動物收容中心,混種犬,1,M,SMALL,黃色,CHILD,F,https://www.pet.gov.tw/upload/pic/4b291622-a82f-4943-b2f6-2358842893ca.jpg,烈嶼鄉西口村后宅,2019-10-04,金門縣金湖鎮裕民農莊20號,(082)336625
193941,臺北市動物之家,臺北市動物之家,混種犬,1,M,MEDIUM,黃色,ADULT,T,https://www.pet.gov.tw/upload/pic/8b451fa8-ca61-4d89-9433-096d251f5d0f.jpg,福德街221巷,2021-04-11,臺北市內湖區安美街191號,(02)87913254
193694,桃園市動物保護教育園區,桃園市動物保護教育園區,混種犬,1,F,MEDIUM,黑白色,,T,https://www.pet.gov.tw/upload/pic/69d9b2a9-a8ae-440a-a510-15fde88f8b5d.jpg,裕成里裕成路大台北社區１９２巷４弄,2021-04-23,桃園市新屋區永興里3鄰藻礁路1668號,(03)4861760
193091,雲林縣流浪動物收容所,雲林縣流浪動物收容所,混種犬,1,M,BIG,黃色,ADULT,T,https://www.pet.gov.tw/upload/pic/0bfd161d-2506-40e3-8ca1-776561d65484.jpg,二崙鄉大庄村,2021-01-22,雲林縣斗六市雲林路二段517號,(05)5523300
191925,桃園市動物保護教育園區,桃園市動物保護教育園區,比特犬,0,M,MEDIUM,黃色,,F,https://www.pet.gov.tw/upload/pic/a21d20b2-63ca-415b-831b-7b6547c2c0a0.jpg,中豐路高平段,2021-12-16,桃園市新屋區永興里3鄰藻礁路1668號,(03)4861760
191921,桃園市動物保護教育園區,桃園市動物保護教育園區,比特犬,0,F,MEDIUM,虎斑色,,F,https://www.pet.gov.tw/upload/pic/8c15ce13-8842-42cc-9cd8-5934311cf97b.jpg,中豐路高平段,2021-12-16,桃園市新屋區永興里3鄰藻礁路1668號,(03)4861760
190647,金門縣動物收容中心,金門縣動物收容中心,混種犬,1,F,MEDIUM,黑色,ADULT,T,https://www.pet.gov.tw/upload/pic/985c49e2-8f23-426e-9d1f-05f3c5ef8a57.jpg,金城鎮古城里古崗,2020-12-30,金門縣金湖鎮裕民農莊20號,(082)336625
189523,南投縣公立動物收容所,南投縣公立動物收容所,混種犬,1,M,MEDIUM,黑色,,T,https://www.pet.gov.tw/upload/pic/20f3d526-9526-482c-a853-53ff4dd2200f.JPG,南投縣草屯鎮南埔里中正路,2020-12-21,南投縣南投市嶺興路36-1號,(049)2225440
188245,金門縣動物收容中心,金門縣動物收容中心,混種犬,1,F,SMALL,米色,CHILD,F,https://www.pet.gov.tw/upload/pic/aed889e0-1daf-4fa7-9d16-54513a6ff755.jpg,烈嶼鄉林湖村東崗,2020-12-08,金門縣金湖鎮裕民農莊20號,(082)336625
187995,桃園市動物保護教育園區,桃園市動物保護教育園區,混種犬,1,M,MEDIUM,黑色,,F,https://www.pet.gov.tw/upload/pic/6c73bbe0-2219-48ef-9c46-2a0355632b50.JPG,坑尾二路,2020-12-10,桃園市新屋區永興里3鄰藻礁路1668號,(03)4861760
187463,臺北市動物之家,臺北市動物之家,混種犬,1,F,MEDIUM,黑色,ADULT,T,https://www.pet.gov.tw/upload/pic/3ab049b6-4b84-4aba-81e2-f4f88e0d780b.jpg,和平東路4段66巷80弄,2021-04-10,臺北市內湖區安美街191號,(02)87913254
187164,南投縣公立動物收容所,南投縣公立動物收容所,混種犬,1,M,MEDIUM,虎斑色,ADULT,T,https://www.pet.gov.tw/upload/pic/379d9644-893f-49b8-bf73-37e4a05b1ebb.JPG,南投縣集集鎮富山里犁頭巷,2020-12-10,南投縣南投市嶺興路36-1號,(049)2225440
184421,桃園市動物保護教育園區,桃園市動物保護教育園區,混種犬,1,F,SMALL,黑色,,F,https://www.pet.gov.tw/upload/pic/4b7b4db8-21e3-4b1e-a18c-ed10a4b508e5.jpg,溪海里聖德北路,2020-11-17,桃園市新屋區永興里3鄰藻礁路1668號,(03)4861760
184404,桃園市動物保護教育園區,桃園市動物保護教育園區,混種犬,1,M,MEDIUM,黑白色,,F,https://www.pet.gov.tw/upload/pic/b4472db7-45e2-4824-b8cb-5b7613fab522.jpg,高榮里電研路,2021-01-21,桃園市新屋區永興里3鄰藻礁路1668號,(03)4861760
184164,臺北市動物之家,臺北市動物之家,混種犬,1,F,MEDIUM,黑棕色,ADULT,T,https://www.pet.gov.tw/upload/pic/ad2f648a-2e1a-481b-850e-643a4362c6d1.jpg,羅斯福路4段,2021-04-11,臺北市內湖區安美街191號,(02)87913254
183870,南投縣公立動物收容所,南投縣公立動物收容所,混種犬,1,F,MEDIUM,黑色,ADULT,T,https://www.pet.gov.tw/upload/pic/d5d60dc7-8c77-43c2-9f1f-1d2943a91f0d.JPG,南投縣國姓鄉北港村長北路,2020-11-11,南投縣南投市嶺興路36-1號,(049)2225440
183283,桃園市動物保護教育園區,桃園市動物保護教育園區,混種犬,1,M,SMALL,黑色,,F,https://www.pet.gov.tw/upload/pic/8bc48578-d323-44f4-a26d-b1656b646388.jpg,三湖里楊湖路三段２４８巷１１９弄,2020-11-07,桃園市新屋區永興里3鄰藻礁路1668號,(03)4861760
183277,金門縣動物收容中心,金門縣動物收容中心,混種犬,1,F,SMALL,黑色,CHILD,F,https://www.pet.gov.tw/upload/pic/12d40ff3-8e32-4f0e-81fd-436ddce704a5.jpg,烈嶼鄉黃埔村黃厝,2020-11-04,金門縣金湖鎮裕民農莊20號,(082)336625
182631,南投縣公立動物收容所,南投縣公立動物收容所,混種犬,1,F,MEDIUM,黑色,ADULT,T,https://www.pet.gov.tw/upload/pic/c73ac3e7-f752-4d7d-be3f-fb1f7753bc83.JPG,南投縣信義鄉自強村,2020-10-30,南投縣南投市嶺興路36-1號,(049)2225440
182594,桃園市動物保護教育園區,桃園市動物保護教育園區,混種犬,1,M,MEDIUM,黑色,,F,https://www.pet.gov.tw/upload/pic/ce2d75f3-fef2-4b93-8e2c-587cf1300887.JPG,2新北市新莊區新北大道七段,2020-11-01,桃園市新屋區永興里3鄰藻礁路1668號,(03)4861760
181745,金門縣動物收容中心,金門縣動物收容中心,混種犬,1,M,MEDIUM,黑色,ADULT,F,https://www.pet.gov.tw/upload/pic/69001ca6-12a9-469b-b8cd-613e1ce8a45e.jpg,金城鎮東門里金山路,2020-10-21,金門縣金湖鎮裕民農莊20號,(082)336625
181198,金門縣動物收容中心,金門縣動物收容中心,混種犬,1,F,SMALL,黑色,CHILD,T,https://www.pet.gov.tw/upload/pic/2ef3e8d5-0756-4e0d-811c-bc2c90f86c13.jpg,金湖鎮溪湖里裕民農莊,2020-10-19,金門縣金湖鎮裕民農莊20號,(082)336625
174287,臺北市動物之家,臺北市動物之家,混種犬,1,F,MEDIUM,黃色,ADULT,T,https://www.pet.gov.tw/upload/pic/62698_109082602_0.jpg,竹子湖路上,2021-04-11,臺北市內湖區安美街191號,(02)87913254
180687,桃園市動物保護教育園區,桃園市動物保護教育園區,混種犬,1,M,MEDIUM,黃色,,F,https://www.pet.gov.tw/upload/pic/84d9598c-7630-4a33-ad9d-05d77efdafab.JPG,下田里６鄰龍莊路,2020-10-18,桃園市新屋區永興里3鄰藻礁路1668號,(03)4861760
180440,金門縣動物收容中心,金門縣動物收容中心,混種犬,1,M,BIG,黑色,ADULT,T,https://www.pet.gov.tw/upload/pic/876d5c59-561a-46ce-9a10-e0e1c44ea8e5.jpg,金門縣西口村湖井頭,2020-10-13,金門縣金湖鎮裕民農莊20號,(082)336625
179897,臺北市動物之家,臺北市動物之家,混種犬,1,F,MEDIUM,黑色,ADULT,T,https://www.pet.gov.tw/upload/pic/64041_109100902_0.jpg,福德街221巷,2021-04-10,臺北市內湖區安美街191號,(02)87913254
178521,桃園市動物保護教育園區,桃園市動物保護教育園區,混種犬,1,M,SMALL,黑白色,,F,https://www.pet.gov.tw/upload/pic/98d84ca1-e56d-4229-8245-add3f18cfd5e.JPG,高榮里電研路190巷,2021-04-09,桃園市新屋區永興里3鄰藻礁路1668號,(03)4861760
174141,桃園市動物保護教育園區,桃園市動物保護教育園區,混種犬,1,F,SMALL,黑色,,F,https://www.pet.gov.tw/upload/pic/b347f6d7-979b-4fe4-bd96-f53999339c8e.JPG,北港里許厝港溼地,2020-08-25,桃園市新屋區永興里3鄰藻礁路1668號,(03)4861760
174111,南投縣公立動物收容所,南投縣公立動物收容所,混種犬,1,M,MEDIUM,黑色,ADULT,T,https://www.pet.gov.tw/upload/pic/6c577b2f-2703-4852-9c3b-3bf0d496d6ca.JPG,南投縣名間鄉濁水村頂灣巷,2020-08-24,南投縣南投市嶺興路36-1號,(049)2225440
173859,桃園市動物保護教育園區,桃園市動物保護教育園區,混種犬,1,M,MEDIUM,黃色,ADULT,T,https://www.pet.gov.tw/upload/pic/2cce5387-5a04-46a8-9a91-49446cc2edaa.JPG,過嶺路２段１９２巷,2020-08-22,桃園市新屋區永興里3鄰藻礁路1668號,(03)4861760
113131,新竹縣動物保護教育園區,新竹縣動物保護教育園區,混種犬,1,F,MEDIUM,黑黃色,,F,https://www.pet.gov.tw/upload/pic/e81a8a3f-40e9-4716-91e4-054c89db70f4.JPG,光明路,2019-08-13,新竹縣竹北市縣政五街192號,(03)5519548
170513,桃園市動物保護教育園區,桃園市動物保護教育園區,混種犬,1,M,SMALL,黑色,,F,https://www.pet.gov.tw/upload/pic/c7a69909-de3f-480a-9ded-430385e44971.JPG,大潭里電廠五路.六路交岔口工地水溝,2020-08-04,桃園市新屋區永興里3鄰藻礁路1668號,(03)4861760
170512,桃園市動物保護教育園區,桃園市動物保護教育園區,混種犬,1,M,SMALL,黑色,,F,https://www.pet.gov.tw/upload/pic/fa421ea1-a343-4e22-bd55-1c9b63f8e5a6.JPG,大潭里電廠五路.六路交岔口工地水溝,2020-08-04,桃園市新屋區永興里3鄰藻礁路1668號,(03)4861760
166632,桃園市動物保護教育園區,桃園市動物保護教育園區,混種犬,1,F,SMALL,黑色,,F,https://www.pet.gov.tw/upload/pic/f73b4c21-8c57-4e9e-b532-fb6b310a64d3.JPG,富豐里富豐南路,2020-07-02,桃園市新屋區永興里3鄰藻礁路1668號,(03)4861760
164934,新竹市動物保護教育園區,新竹市動物保護教育園區,混種犬,1,F,MEDIUM,黑色,CHILD,T,https://www.pet.gov.tw/upload/pic/daa2810e-b3d0-46df-b762-23630d5f7c85.JPG,香村路,2020-06-17,新竹市南寮里海濱路250號,(03)5368329
164931,新竹市動物保護教育園區,新竹市動物保護教育園區,混種犬,1,F,MEDIUM,黑色,ADULT,T,https://www.pet.gov.tw/upload/pic/d54d6cec-5e74-40c0-a8b4-96d8f0a937bf.JPG,香村路,2020-06-17,新竹市南寮里海濱路250號,(03)5368329
164351,桃園市動物保護教育園區,桃園市動物保護教育園區,混種犬,1,F,SMALL,黑色,,F,https://www.pet.gov.tw/upload/pic/6637d15c-2497-4256-b846-123a8acc6245.JPG,文化街,2020-06-12,桃園市新屋區永興里3鄰藻礁路1668號,(03)4861760
161847,金門縣動物收容中心,金門縣動物收容中心,混種犬,1,M,SMALL,黑色,CHILD,F,https://www.pet.gov.tw/upload/pic/ffc02d71-d773-42a5-863e-baa632ce7eff.jpg,金寧鄉后盤村后沙,2020-05-27,金門縣金湖鎮裕民農莊20號,(082)336625
160336,新北市八里區公立動物之家,新北市八里區公立動物之家,混種犬,1,M,MEDIUM,黑黃色,,F,https://www.pet.gov.tw/upload/pic/5d94216a-455f-40a5-ac07-2f17b220a537.jpg,廈竹圍,2020-05-18,新北市八里區長坑里6鄰長坑道路36號,(02)26194428
158959,金門縣動物收容中心,金門縣動物收容中心,混種犬,1,M,SMALL,黑色,CHILD,F,https://www.pet.gov.tw/upload/pic/0acfe269-812a-40b6-84f2-aeca05e2a7b6.jpg,金湖鎮蓮庵里惠民農莊,2020-05-08,金門縣金湖鎮裕民農莊20號,(082)336625
157549,金門縣動物收容中心,金門縣動物收容中心,混種犬,1,M,SMALL,黃色,CHILD,T,https://www.pet.gov.tw/upload/pic/0589479d-9cfd-402e-ac23-7bba1a4da995.JPG,金城鎮南門里莒光樓,2020-04-27,金門縣金湖鎮裕民農莊20號,(082)336625
156932,桃園市動物保護教育園區,桃園市動物保護教育園區,混種犬,1,F,MEDIUM,黑色,,F,https://www.pet.gov.tw/upload/pic/466942b4-4c25-4204-87be-d6ba8a0956d6.JPG,高榮里幼獅路一段,,桃園市新屋區永興里3鄰藻礁路1668號,(03)4861760
148949,桃園市動物保護教育園區,桃園市動物保護教育園區,混種犬,1,F,MEDIUM,黑色,,F,https://www.pet.gov.tw/upload/pic/0f3fd766-6c14-4c5d-83f0-5ed0eeebc82a.JPG,大順里介壽路二段５８３巷,2021-09-14,桃園市新屋區永興里3鄰藻礁路1668號,(03)4861760
148340,桃園市動物保護教育園區,桃園市動物保護教育園區,混種犬,1,F,MEDIUM,黑色,,F,https://www.pet.gov.tw/upload/pic/f0a0c3c8-acce-4110-ba45-54796890ef21.JPG,文化里復興路,2022-10-04,桃園市新屋區永興里3鄰藻礁路1668號,(03)4861760
147735,南投縣公立動物收容所,南投縣公立動物收容所,混種犬,1,M,MEDIUM,黑色,,T,https://www.pet.gov.tw/upload/pic/a8511b59-63e2-48ff-be73-f6fb05502d94.JPG,南投縣南投市內興里南新路,2020-03-07,南投縣南投市嶺興路36-1號,(049)2225440
111833,金門縣動物收容中心,金門縣動物收容中心,混種犬,1,M,BIG,黃色,ADULT,F,https://www.pet.gov.tw/upload/pic/9d2a5595-0c89-462f-8aaa-a8698bbed30d.jpg,金城鎮古城里翟山坑道,2019-07-24,金門縣金湖鎮裕民農莊20號,(082)336625
142944,桃園市動物保護教育園區,桃園市動物保護教育園區,混種犬,1,F,MEDIUM,虎斑色,,F,https://www.pet.gov.tw/upload/pic/c1a5213c-a6d0-4344-ab3d-dfc8fbad0936.JPG,新生里八德街,2020-02-08,桃園市新屋區永興里3鄰藻礁路1668號,(03)4861760
142672,桃園市動物保護教育園區,桃園市動物保護教育園區,混種犬,1,M,MEDIUM,黃色,ADULT,F,https://www.pet.gov.tw/upload/pic/67df4883-2a1e-4ccd-bbfa-ad0f0c231ff1.JPG,富坡路,2020-02-06,桃園市新屋區永興里3鄰藻礁路1668號,(03)4861760
142524,金門縣動物收容中心,金門縣動物收容中心,混種犬,1,M,SMALL,棕黑色,CHILD,F,https://www.pet.gov.tw/upload/pic/3049ec35-dc78-4ebb-8d16-44f10ed8e376.jpg,金城鎮東門里環島西路一段,2020-02-05,金門縣金湖鎮裕民農莊20號,(082)336625
141615,新竹市動物保護教育園區,新竹市動物保護教育園區,混種犬,1,M,SMALL,黑棕色,CHILD,F,https://www.pet.gov.tw/upload/pic/5e8591fd-9886-4e23-bf97-5cd313192f93.JPG,海濱路,2020-01-23,新竹市南寮里海濱路250號,(03)5368329
133026,臺北市動物之家,臺北市動物之家,混種犬,1,M,MEDIUM,黑色,ADULT,T,https://www.pet.gov.tw/upload/pic/53838_108120201_0.jpg,臥龍街派出所,2021-04-11,臺北市內湖區安美街191號,(02)87913254
74607,南投縣公立動物收容所,南投縣公立動物收容所,混種犬,1,F,SMALL,黑虎斑色,CHILD,T,https://www.pet.gov.tw/upload/pic/2b4d6488-a6be-432f-9b83-2f80179b3605.JPG,南投縣集集鎮,2018-12-04,南投縣南投市嶺興路36-1號,(049)2225440
26352,南投縣公立動物收容所,南投縣公立動物收容所,混種犬,1,M,MEDIUM,黑黃色,ADULT,T,https://www.pet.gov.tw/upload/pic/69ced61a-de25-450c-bf10-c9194da19bdc.JPG,南投縣南投市,2016-11-05,南投縣南投市嶺興路36-1號,(049)2225440
123166,金門縣動物收容中心,金門縣動物收容中心,混種犬,1,F,SMALL,黑色,CHILD,F,https://www.pet.gov.tw/upload/pic/95896e84-9333-4772-bc96-a8b32945ca04.jpg,金湖鎮山外里青年農莊,2019-09-18,金門縣金湖鎮裕民農莊20號,(082)336625
122676,桃園市動物保護教育園區,桃園市動物保護教育園區,混種犬,1,F,MEDIUM,黃白色,ADULT,F,https://www.pet.gov.tw/upload/pic/a26688e0-6949-43b4-b659-690893a4d015.JPG,文化里吉林二路４９巷,2019-10-05,桃園市新屋區永興里3鄰藻礁路1668號,(03)4861760
111834,金門縣動物收容中心,金門縣動物收容中心,混種犬,1,F,BIG,黑色,ADULT,F,https://www.pet.gov.tw/upload/pic/ebf7945d-6ae7-452c-a19f-feca3f1f6a2d.jpg,金寧鄉安美村湖南高地,2019-07-24,金門縣金湖鎮裕民農莊20號,(082)336625
109995,金門縣動物收容中心,金門縣動物收容中心,混種犬,1,F,MEDIUM,黑色,ADULT,F,https://www.pet.gov.tw/upload/pic/75e56b79-6a46-4950-b2fa-0707bf4a5430.jpg,金寧鄉盤山村下堡,2019-07-08,金門縣金湖鎮裕民農莊20號,(082)336625
110157,金門縣動物收容中心,金門縣動物收容中心,混種犬,1,M,MEDIUM,黑色,ADULT,F,https://www.pet.gov.tw/upload/pic/7d27d18e-8afe-486a-b44a-2a583220728c.jpg,金湖鎮新湖里湖前,2019-07-16,金門縣金湖鎮裕民農莊20號,(082)336625
106443,金門縣動物收容中心,金門縣動物收容中心,混種犬,1,F,MEDIUM,黑色,ADULT,F,https://www.pet.gov.tw/upload/pic/028e9e0e-4e29-4d74-aba7-e3ac733c8554.jpg,金寧鄉安美村沙崗,2019-06-25,金門縣金湖鎮裕民農莊20號,(082)336625
103257,臺北市動物之家,臺北市動物之家,混種犬,1,M,MEDIUM,棕色,ADULT,T,https://www.pet.gov.tw/upload/pic/46483_108061405_0.JPG,竹子湖路,2021-04-11,臺北市內湖區安美街191號,(02)87913254
101665,臺北市動物之家,臺北市動物之家,混種犬,1,F,SMALL,黑色,CHILD,T,https://www.pet.gov.tw/upload/pic/43375_108060101_0.JPG,中興路,2021-04-11,臺北市內湖區安美街191號,(02)87913254
99021,南投縣公立動物收容所,南投縣公立動物收容所,混種犬,1,M,MEDIUM,黑色,ADULT,T,https://www.pet.gov.tw/upload/pic/f5da40d7-5277-41e7-8791-5b3b5885f660.JPG,南投縣埔里鎮,2019-07-15,南投縣南投市嶺興路36-1號,(049)2225440
91147,金門縣動物收容中心,金門縣動物收容中心,混種犬,1,F,MEDIUM,黑色,,F,https://www.pet.gov.tw/upload/pic/22410a95-ce6e-43cf-9efd-dd7f08214a20.jpg,金沙鎮何斗里中蘭,2019-03-28,金門縣金湖鎮裕民農莊20號,(082)336625
92310,金門縣動物收容中心,金門縣動物收容中心,,0,M,BIG,棕黑色,ADULT,T,https://www.pet.gov.tw/upload/pic/8a711990-3152-4cfc-8765-8cbb2530aef5.jpg,金城鎮金水里前水頭,2019-04-08,金門縣金湖鎮裕民農莊20號,(082)336625
92041,桃園市動物保護教育園區,桃園市動物保護教育園區,混種犬,1,M,MEDIUM,黑色,,F,https://www.pet.gov.tw/upload/pic/f13d7a06-8eda-42b0-a3d9-bbc03e3bf452.JPG,富岡里中正路,2019-04-11,桃園市新屋區永興里3鄰藻礁路1668號,(03)4861760
86874,桃園市動物保護教育園區,桃園市動物保護教育園區,混種犬,1,M,MEDIUM,黑色,,F,https://www.pet.gov.tw/upload/pic/a487835d-54b7-4a3d-b938-3db3b75ecdd4.JPG,自忠街,2019-03-07,桃園市新屋區永興里3鄰藻礁路1668號,(03)4861760
86583,桃園市動物保護教育園區,桃園市動物保護教育園區,混種犬,1,M,MEDIUM,黑色,ADULT,F,https://www.pet.gov.tw/upload/pic/0d74c481-aeef-4a0d-8b68-7721ba5610d0.JPG,中山里環東路298巷路口附近,2019-02-27,桃園市新屋區永興里3鄰藻礁路1668號,(03)4861760
26751,南投縣公立動物收容所,南投縣公立動物收容所,混種犬,1,F,MEDIUM,黑色,,T,https://www.pet.gov.tw/upload/pic/3383cc7c-e674-4fc2-b28b-74362825b42e.JPG,南投縣南投市,2017-01-07,南投縣南投市嶺興路36-1號,(049)2225440
86443,桃園市動物保護教育園區,桃園市動物保護教育園區,混種犬,1,M,MEDIUM,虎斑色,ADULT,F,https://www.pet.gov.tw/upload/pic/c6541d26-dadf-42bd-b726-45970b23ded7.JPG,新坡里１１鄰新林路,2019-02-28,桃園市新屋區永興里3鄰藻礁路1668號,(03)4861760
26337,南投縣公立動物收容所,南投縣公立動物收容所,混種犬,1,F,MEDIUM,白色,ADULT,T,https://www.pet.gov.tw/upload/pic/24dd1fdd-bc07-4050-bcf8-2420a7ed0f6e.JPG,南投縣中寮鄉,2016-07-08,南投縣南投市嶺興路36-1號,(049)2225440
84367,桃園市動物保護教育園區,桃園市動物保護教育園區,混種犬,1,M,MEDIUM,黑色,ADULT,F,https://www.pet.gov.tw/upload/pic/acd5caf0-1c33-43e5-a97e-b670e15adc6f.JPG,下田里８鄰,2019-02-17,桃園市新屋區永興里3鄰藻礁路1668號,(03)4861760
84347,桃園市動物保護教育園區,桃園市動物保護教育園區,,0,F,SMALL,黑色,,F,https://www.pet.gov.tw/upload/pic/a9fe1740-321d-4a4b-ad0b-747b6c2956bf.JPG,青山二街,2019-02-16,桃園市新屋區永興里3鄰藻礁路1668號,(03)4861760
84346,桃園市動物保護教育園區,桃園市動物保護教育園區,,0,F,MEDIUM,黑色,,F,https://www.pet.gov.tw/upload/pic/e6756400-2c38-40bd-8706-437891eafb3d.JPG,青山二街,2019-02-16,桃園市新屋區永興里3鄰藻礁路1668號,(03)4861760
83196,桃園市動物保護教育園區,桃園市動物保護教育園區,混種犬,1,F,MEDIUM,黑色,,F,https://www.pet.gov.tw/upload/pic/7860f67c-f034-44f3-97a5-20efd1e19b3b.JPG,龍人社區,2019-02-01,桃園市新屋區永興里3鄰藻礁路1668號,(03)4861760
82670,桃園市動物保護教育園區,桃園市動物保護教育園區,混種犬,1,F,MEDIUM,黑色,,F,https://www.pet.gov.tw/upload/pic/f74f8f71-83dc-4953-9fe3-c7cd82af7f13.JPG,九龍里東龍街,2019-01-27,桃園市新屋區永興里3鄰藻礁路1668號,(03)4861760
82592,桃園市動物保護教育園區,桃園市動物保護教育園區,混種犬,1,F,SMALL,黑色,,F,https://www.pet.gov.tw/upload/pic/5ee3e49d-3460-4408-b6b7-4b4153fb5dfb.JPG,永興里永興里藻礁路涼亭,2019-01-26,桃園市新屋區永興里3鄰藻礁路1668號,(03)4861760
82157,桃園市動物保護教育園區,桃園市動物保護教育園區,混種犬,1,M,SMALL,黑色,,F,https://www.pet.gov.tw/upload/pic/e0efad65-66e3-4c51-a5fe-cce37fdbdbde.JPG,新坡里文林路,2019-01-22,桃園市新屋區永興里3鄰藻礁路1668號,(03)4861760
79662,桃園市動物保護教育園區,桃園市動物保護教育園區,混種犬,1,F,MEDIUM,黑色,ADULT,T,https://www.pet.gov.tw/upload/pic/06c63a9d-a384-4648-a109-bf43e97c2f1d.JPG,民生路,2020-11-04,桃園市新屋區永興里3鄰藻礁路1668號,(03)4861760
78498,桃園市動物保護教育園區,桃園市動物保護教育園區,混種犬,1,F,SMALL,黑色,CHILD,F,https://www.pet.gov.tw/upload/pic/6ac97b4a-d871-4192-b86a-5b9beecaa5ce.JPG,兔坑里大同路,2019-01-03,桃園市新屋區永興里3鄰藻礁路1668號,(03)4861760
77726,桃園市動物保護教育園區,桃園市動物保護教育園區,混種犬,1,M,SMALL,黑色,,F,https://www.pet.gov.tw/upload/pic/1538404b-e249-4af6-b50a-5350f02282e3.JPG,高榮里幼獅路一段,2018-12-25,桃園市新屋區永興里3鄰藻礁路1668號,(03)4861760
77722,桃園市動物保護教育園區,桃園市動物保護教育園區,混種犬,1,M,SMALL,黑黃色,CHILD,F,https://www.pet.gov.tw/upload/pic/54f3ba47-5900-4d09-a212-1b1203f9bc49.JPG,兔坑里大同路,2018-12-25,桃園市新屋區永興里3鄰藻礁路1668號,(03)4861760
77538,桃園市動物保護教育園區,桃園市動物保護教育園區,混種犬,1,M,MEDIUM,黃色,ADULT,F,https://www.pet.gov.tw/upload/pic/a5625257-10ea-4958-abb0-02c8949ec0f5.JPG,中山路６５８巷１弄,2018-12-23,桃園市新屋區永興里3鄰藻礁路1668號,(03)4861760
75848,桃園市動物保護教育園區,桃園市動物保護教育園區,混種犬,1,F,SMALL,黑色,CHILD,F,https://www.pet.gov.tw/upload/pic/aab1f629-870d-4c6f-86b5-f00594db0b64.JPG,內壢里大華路,2018-12-08,桃園市新屋區永興里3鄰藻礁路1668號,(03)4861760
75847,桃園市動物保護教育園區,桃園市動物保護教育園區,混種犬,1,F,SMALL,黑色,CHILD,F,https://www.pet.gov.tw/upload/pic/e34f6a09-dfdd-4152-aba9-b1a3b9a90ce7.JPG,內壢里大華路,2018-12-08,桃園市新屋區永興里3鄰藻礁路1668號,(03)4861760
75846,桃園市動物保護教育園區,桃園市動物保護教育園區,混種犬,1,M,SMALL,黑色,CHILD,F,https://www.pet.gov.tw/upload/pic/fce4d818-cd4b-4367-a4a4-71ae6a6bfef2.JPG,內壢里大華路,2018-12-08,桃園市新屋區永興里3鄰藻礁路1668號,(03)4861760
75844,桃園市動物保護教育園區,桃園市動物保護教育園區,混種犬,1,F,SMALL,黑黃色,CHILD,F,https://www.pet.gov.tw/upload/pic/f8f737e5-72cd-4848-a666-cdf58d9f8f98.JPG,內壢里大華路,2018-12-08,桃園市新屋區永興里3鄰藻礁路1668號,(03)4861760
75736,桃園市動物保護教育園區,桃園市動物保護教育園區,混種犬,1,M,MEDIUM,黑色,,F,https://www.pet.gov.tw/upload/pic/068b65bf-8c1c-4cd4-9688-87d785fdfebd.JPG,民權路古華飯店旁光明公園,2018-12-15,桃園市新屋區永興里3鄰藻礁路1668號,(03)4861760
75319,桃園市動物保護教育園區,桃園市動物保護教育園區,混種犬,1,M,MEDIUM,黑色,,T,https://www.pet.gov.tw/upload/pic/35c8a830-c84c-4d64-a6f7-4d9bd904ba16.JPG,石牌里新屋快速道路旁,2020-10-18,桃園市新屋區永興里3鄰藻礁路1668號,(03)4861760
74687,桃園市動物保護教育園區,桃園市動物保護教育園區,混種犬,1,F,SMALL,黑色,,F,https://www.pet.gov.tw/upload/pic/be20fd32-2d09-4d40-905e-4b676ba9aee1.JPG,保障里５鄰草漯,2018-11-29,桃園市新屋區永興里3鄰藻礁路1668號,(03)4861760
34918,金門縣動物收容中心,金門縣動物收容中心,混種犬,1,F,MEDIUM,黑色,,F,https://www.pet.gov.tw/upload/pic/334960dd-bcc2-47af-a008-5ab5a2c9a485.jpg,西浦頭,2018-02-22,金門縣金湖鎮裕民農莊20號,(082)336625
73240,臺北市動物之家,臺北市動物之家,混種犬,1,M,MEDIUM,黑色,ADULT,T,https://www.pet.gov.tw/upload/pic/37799_107112227_0.JPG,大度路3段301巷,2021-04-11,臺北市內湖區安美街191號,(02)87913254
72486,桃園市動物保護教育園區,桃園市動物保護教育園區,混種犬,1,F,MEDIUM,黑色,ADULT,F,https://www.pet.gov.tw/upload/pic/78e06756-5a4c-48d1-9927-08544a3d17ba.JPG,金湖里,2018-11-17,桃園市新屋區永興里3鄰藻礁路1668號,(03)4861760
72300,臺北市動物之家,臺北市動物之家,混種犬,1,F,MEDIUM,黑色,CHILD,T,https://www.pet.gov.tw/upload/pic/37214_107091601_0.JPG,菁山路101巷,2021-04-11,臺北市內湖區安美街191號,(02)87913254
69932,桃園市動物保護教育園區,桃園市動物保護教育園區,混種犬,1,F,MEDIUM,黑色,ADULT,F,https://www.pet.gov.tw/upload/pic/c9c2c8b7-34b6-4002-8579-6af55c24b711.JPG,動保園區,2018-11-08,桃園市新屋區永興里3鄰藻礁路1668號,(03)4861760
69931,桃園市動物保護教育園區,桃園市動物保護教育園區,混種犬,1,F,MEDIUM,黑色,ADULT,F,https://www.pet.gov.tw/upload/pic/879ea8fa-b4d7-4cd7-a46c-93d7671495b2.JPG,動保園區,2018-11-08,桃園市新屋區永興里3鄰藻礁路1668號,(03)4861760
69929,桃園市動物保護教育園區,桃園市動物保護教育園區,混種犬,1,F,MEDIUM,黑色,ADULT,F,https://www.pet.gov.tw/upload/pic/e51ca652-7346-4458-8e44-ab8c0ab2391d.JPG,動保園區,2018-11-08,桃園市新屋區永興里3鄰藻礁路1668號,(03)4861760
69927,桃園市動物保護教育園區,桃園市動物保護教育園區,混種犬,1,F,MEDIUM,黑色,ADULT,F,https://www.pet.gov.tw/upload/pic/a62c403a-21e0-48ca-868e-f4ce7b0621e9.JPG,動保園區,2018-11-08,桃園市新屋區永興里3鄰藻礁路1668號,(03)4861760
69923,桃園市動物保護教育園區,桃園市動物保護教育園區,混種犬,1,F,MEDIUM,黑色,ADULT,F,https://www.pet.gov.tw/upload/pic/62715ad8-dc2d-4695-8ebb-20a830b5d2b7.JPG,動保園區,2018-11-08,桃園市新屋區永興里3鄰藻礁路1668號,(03)4861760
69542,南投縣公立動物收容所,南投縣公立動物收容所,混種犬,1,M,MEDIUM,黑色,,T,https://www.pet.gov.tw/upload/pic/90ed6b4c-0d0c-49c2-b837-2cd8b10dc373.JPG,南投縣南投市,2018-12-19,南投縣南投市嶺興路36-1號,(049)2225440
36307,新北市八里區公立動物之家,新北市八里區公立動物之家,混種犬,1,F,SMALL,黑色,ADULT,F,https://www.pet.gov.tw/upload/pic/f30b94b5-3541-4208-8657-b71a55e97566.jpg,左岸自行車道,2022-09-29,新北市八里區長坑里6鄰長坑道路36號,(02)26194428
62206,南投縣公立動物收容所,南投縣公立動物收容所,混種犬,1,M,MEDIUM,黑色,,T,https://www.pet.gov.tw/upload/pic/309cde8e-c188-44d5-8eaa-3be15399849a.JPG,南投縣中寮鄉,2018-09-06,南投縣南投市嶺興路36-1號,(049)2225440
31345,臺北市動物之家,臺北市動物之家,混種犬,1,F,SMALL,黑色,CHILD,T,https://www.pet.gov.tw/upload/pic/19794_105032910_2.JPG,復興三路152巷,2021-04-11,臺北市內湖區安美街191號,(02)87913254
60857,南投縣公立動物收容所,南投縣公立動物收容所,混種犬,1,F,SMALL,黑色,,T,https://www.pet.gov.tw/upload/pic/ee9452b3-0571-4b7a-a1dc-43181ba5587e.JPG,南投縣草屯鎮,2018-08-16,南投縣南投市嶺興路36-1號,(049)2225440
60515,桃園市動物保護教育園區,桃園市動物保護教育園區,混種犬,1,F,MEDIUM,黃色,ADULT,T,https://www.pet.gov.tw/upload/pic/d99b469d-23b7-4caa-9f5c-97b2efb4e069.JPG,蘆竹區山腳里大古路旁宮廟,2018-11-05,桃園市新屋區永興里3鄰藻礁路1668號,(03)4861760
31414,臺北市動物之家,臺北市動物之家,混種犬,1,M,MEDIUM,黑黃色,ADULT,T,https://www.pet.gov.tw/upload/pic/21435_105082003_2.jpg,港墘路,2021-04-10,臺北市內湖區安美街191號,(02)87913254
58886,臺北市動物之家,臺北市動物之家,混種犬,1,F,MEDIUM,黑棕色,ADULT,T,https://www.pet.gov.tw/upload/pic/36716_107071705_0.JPG,紗帽路141巷,2021-04-10,臺北市內湖區安美街191號,(02)87913254
31431,臺北市動物之家,臺北市動物之家,混種犬,1,M,MEDIUM,黑色,ADULT,T,https://www.pet.gov.tw/upload/pic/21810_105092206_2.jpg,士東路,2018-03-29,臺北市內湖區安美街191號,(02)87913254
54515,金門縣動物收容中心,金門縣動物收容中心,混種犬,1,F,MEDIUM,黑色,ADULT,F,https://www.pet.gov.tw/upload/pic/4614d49f-ae6b-4e65-9d77-08fc3f75e990.jpg,環島北路,2018-07-05,金門縣金湖鎮裕民農莊20號,(082)336625
54481,桃園市動物保護教育園區,桃園市動物保護教育園區,混種犬,1,F,MEDIUM,黃色,,T,https://www.pet.gov.tw/upload/pic/b6e631f9-8a48-4afc-8752-2e2cba6ae142.JPG,大潭里７鄰,2018-03-19,桃園市新屋區永興里3鄰藻礁路1668號,(03)4861760
36339,新北市八里區公立動物之家,新北市八里區公立動物之家,混種犬,1,M,SMALL,黑色,ADULT,F,https://www.pet.gov.tw/upload/pic/95b84bc1-754a-4412-a32b-2139cb8558d0.jpg,長坑里,2018-06-28,新北市八里區長坑里6鄰長坑道路36號,(02)26194428
51471,桃園市動物保護教育園區,桃園市動物保護教育園區,混種犬,1,M,MEDIUM,黑色,,T,https://www.pet.gov.tw/upload/pic/7e796a43-28c7-4daa-8f88-033f3cd04f97.JPG,瑞德里介壽路二段１３５２巷,2022-07-16,桃園市新屋區永興里3鄰藻礁路1668號,(03)4861760
51007,桃園市動物保護教育園區,桃園市動物保護教育園區,混種犬,1,M,MEDIUM,花色,,F,https://www.pet.gov.tw/upload/pic/8583223c-7112-4c17-91ba-0d388854846b.JPG,三元里三聖宮停車場,2018-05-31,桃園市新屋區永興里3鄰藻礁路1668號,(03)4861760
51005,桃園市動物保護教育園區,桃園市動物保護教育園區,混種犬,1,M,MEDIUM,黑白色,ADULT,F,https://www.pet.gov.tw/upload/pic/44c199f1-8e83-4fa8-a183-19a78ab9b0f2.JPG,三元里三聖宮停車場,2018-05-31,桃園市新屋區永興里3鄰藻礁路1668號,(03)4861760
50813,桃園市動物保護教育園區,桃園市動物保護教育園區,混種犬,1,M,MEDIUM,黑色,ADULT,T,https://www.pet.gov.tw/upload/pic/4073ec75-9bf4-44fc-8142-4018a564fb8b.JPG,華陵里7鄰,2018-05-30,桃園市新屋區永興里3鄰藻礁路1668號,(03)4861760
46292,金門縣動物收容中心,金門縣動物收容中心,混種犬,1,F,MEDIUM,黃色,ADULT,F,https://www.pet.gov.tw/upload/pic/b7ef290d-8e94-4920-8321-9ce090f7e736.jpg,西方,2018-04-24,金門縣金湖鎮裕民農莊20號,(082)336625
31336,臺北市動物之家,臺北市動物之家,混種犬,1,M,SMALL,黑色,CHILD,T,https://www.pet.gov.tw/upload/pic/19592_105031002_10.jpg,內湖路1段715巷,2016-04-18,臺北市內湖區安美街191號,(02)87913254
44442,南投縣公立動物收容所,南投縣公立動物收容所,混種犬,1,F,MEDIUM,黑色,ADULT,T,https://www.pet.gov.tw/upload/pic/83d15e16-d457-4777-8af1-01d9ab9f4f19.JPG,南投縣草屯鎮,2018-04-17,南投縣南投市嶺興路36-1號,(049)2225440
44392,桃園市動物保護教育園區,桃園市動物保護教育園區,混種犬,1,M,MEDIUM,黃色,ADULT,F,https://www.pet.gov.tw/upload/pic/7ddd75e7-66ea-42ce-b046-063b22923bef.JPG,龍岡里龍門街218巷,2018-04-17,桃園市新屋區永興里3鄰藻礁路1668號,(03)4861760
44391,桃園市動物保護教育園區,桃園市動物保護教育園區,混種犬,1,M,MEDIUM,白色,,F,https://www.pet.gov.tw/upload/pic/dde7ff22-4baf-4900-a98c-aa792934b42e.JPG,龍岡里龍門街218巷,2018-04-17,桃園市新屋區永興里3鄰藻礁路1668號,(03)4861760
43091,南投縣公立動物收容所,南投縣公立動物收容所,混種犬,1,M,MEDIUM,黑色,ADULT,T,https://www.pet.gov.tw/upload/pic/5ddfea90-6c35-4760-99b8-4ccf34bbd1b7.JPG,南投縣南投市,2018-04-09,南投縣南投市嶺興路36-1號,(049)2225440
42963,臺北市動物之家,臺北市動物之家,混種犬,1,M,MEDIUM,黑色,ADULT,T,https://www.pet.gov.tw/upload/pic/32372_107022701_1.jpg,民眾不擬續養,2018-02-27,臺北市內湖區安美街191號,(02)87913254
29051,桃園市動物保護教育園區,桃園市動物保護教育園區,混種犬,1,M,MEDIUM,花色,,F,https://www.pet.gov.tw/upload/pic/8f2ea317-f9de-444d-af4b-256ac3935302.JPG,漁港路,2018-01-04,桃園市新屋區永興里3鄰藻礁路1668號,(03)4861760
42063,臺北市動物之家,臺北市動物之家,混種犬,1,M,MEDIUM,黑白色,ADULT,T,https://www.pet.gov.tw/upload/pic/32140_107012201_1.jpg,菁山路101巷,2021-04-10,臺北市內湖區安美街191號,(02)87913254
37644,桃園市動物保護教育園區,桃園市動物保護教育園區,混種犬,1,M,MEDIUM,黃色,ADULT,T,https://www.pet.gov.tw/upload/pic/1cdff97a-14df-497c-90ea-bb4d5b2be607.JPG,平鎮區,2018-03-17,桃園市新屋區永興里3鄰藻礁路1668號,(03)4861760
37106,桃園市動物保護教育園區,桃園市動物保護教育園區,混種犬,1,F,MEDIUM,黑色,,F,https://www.pet.gov.tw/upload/pic/91a1aa97-7d31-430b-bf11-94d407b9e9ec.JPG,園科路,2018-12-16,桃園市新屋區永興里3鄰藻礁路1668號,(03)4861760
34696,桃園市動物保護教育園區,桃園市動物保護教育園區,混種犬,1,F,MEDIUM,黃色,,F,https://www.pet.gov.tw/upload/pic/a60409a5-3ad6-46bc-8284-9c8d4898d8fb.JPG,南園二路,2018-02-21,桃園市新屋區永興里3鄰藻礁路1668號,(03)4861760
34094,桃園市動物保護教育園區,桃園市動物保護教育園區,混種犬,1,M,MEDIUM,黑色,,F,https://www.pet.gov.tw/upload/pic/a4a01dbb-31e3-4476-927d-8a03aa1e8c50.JPG,五聖路26號,2018-02-12,桃園市新屋區永興里3鄰藻礁路1668號,(03)4861760
32981,桃園市動物保護教育園區,桃園市動物保護教育園區,混種犬,1,M,MEDIUM,咖啡色,ADULT,T,https://www.pet.gov.tw/upload/pic/9d2785f7-787d-419c-a965-9bbceba714fe.JPG,電研路190巷,2018-03-01,桃園市新屋區永興里3鄰藻礁路1668號,(03)4861760
32971,桃園市動物保護教育園區,桃園市動物保護教育園區,混種犬,1,M,MEDIUM,花色,,T,https://www.pet.gov.tw/upload/pic/b1153254-d176-4b80-85ac-a8815a11917c.JPG,文化路２段,2018-01-25,桃園市新屋區永興里3鄰藻礁路1668號,(03)4861760
32896,桃園市動物保護教育園區,桃園市動物保護教育園區,混種犬,1,M,MEDIUM,黑色,,F,https://www.pet.gov.tw/upload/pic/cf3efb88-6a94-41e2-b8c8-75fa735c46d7.JPG,鎮三街１１８巷,2018-08-31,桃園市新屋區永興里3鄰藻礁路1668號,(03)4861760
30790,桃園市動物保護教育園區,桃園市動物保護教育園區,混種犬,1,M,MEDIUM,黑色,,F,https://www.pet.gov.tw/upload/pic/b5dd6c56-d024-4205-9bdf-b61bd17e5f32.JPG,,2018-01-20,桃園市新屋區永興里3鄰藻礁路1668號,(03)4861760
30694,桃園市動物保護教育園區,桃園市動物保護教育園區,混種犬,1,M,MEDIUM,黑色,,T,https://www.pet.gov.tw/upload/pic/e90350df-a0d2-462d-937c-4aaa60070e29.JPG,桃德路８５巷,2018-03-01,桃園市新屋區永興里3鄰藻礁路1668號,(03)4861760
29053,桃園市動物保護教育園區,桃園市動物保護教育園區,混種犬,1,F,MEDIUM,黑色,,F,https://www.pet.gov.tw/upload/pic/b9cee362-7576-4761-a9ee-8f6d3daa313b.JPG,南山北路,2018-03-29,桃園市新屋區永興里3鄰藻礁路1668號,(03)4861760
29042,桃園市動物保護教育園區,桃園市動物保護教育園區,混種犬,1,M,MEDIUM,黑色,,F,https://www.pet.gov.tw/upload/pic/61fdad8c-66c5-4363-8021-71b7f57f5f02.JPG,三民里１７鄰,2017-02-15,桃園市新屋區永興里3鄰藻礁路1668號,(03)4861760
29040,桃園市動物保護教育園區,桃園市動物保護教育園區,混種犬,1,F,MEDIUM,黃色,,F,https://www.pet.gov.tw/upload/pic/b417a8d3-961a-41af-8dea-57b0016ec1e3.JPG,環西路,2017-02-17,桃園市新屋區永興里3鄰藻礁路1668號,(03)4861760
29036,桃園市動物保護教育園區,桃園市動物保護教育園區,混種犬,1,F,MEDIUM,黑色,,F,https://www.pet.gov.tw/upload/pic/7a6f40ac-3389-4c44-bd0e-db9e632e39f0.jpg,草仔崎路,2017-02-24,桃園市新屋區永興里3鄰藻礁路1668號,(03)4861760
29028,桃園市動物保護教育園區,桃園市動物保護教育園區,混種犬,1,F,MEDIUM,黑色,,F,https://www.pet.gov.tw/upload/pic/20519600-f764-42fb-b415-5121bc69e3f9.JPG,北安里德育路２９巷,2018-03-25,桃園市新屋區永興里3鄰藻礁路1668號,(03)4861760
29027,桃園市動物保護教育園區,桃園市動物保護教育園區,混種犬,1,M,MEDIUM,黑色,,F,https://www.pet.gov.tw/upload/pic/6c0271cf-797c-4b09-8786-a0e3047ac41f.jpg,廣仁里廣南路,2018-03-25,桃園市新屋區永興里3鄰藻礁路1668號,(03)4861760
29026,桃園市動物保護教育園區,桃園市動物保護教育園區,混種犬,1,M,MEDIUM,黑色,,F,https://www.pet.gov.tw/upload/pic/dbf271c2-dd1f-4cdb-8934-7093951ddbf2.JPG,瑞源里石園路７６０巷,2018-03-25,桃園市新屋區永興里3鄰藻礁路1668號,(03)4861760
29020,桃園市動物保護教育園區,桃園市動物保護教育園區,混種犬,1,M,MEDIUM,黑色,,F,https://www.pet.gov.tw/upload/pic/32c63539-bae2-423b-80af-a225c1dfd2ab.jpg,興仁里中山路２４８巷,2018-03-25,桃園市新屋區永興里3鄰藻礁路1668號,(03)4861760
29019,桃園市動物保護教育園區,桃園市動物保護教育園區,混種犬,1,F,MEDIUM,黑色,,F,https://www.pet.gov.tw/upload/pic/4188a896-3079-4eb5-96cf-43f43978c476.JPG,大正里金門街(金門新城),2018-03-25,桃園市新屋區永興里3鄰藻礁路1668號,(03)4861760
29016,桃園市動物保護教育園區,桃園市動物保護教育園區,混種犬,1,F,MEDIUM,黑色,,F,https://www.pet.gov.tw/upload/pic/d7299c2f-4088-4a11-b52e-89bb8e233794.JPG,高原里休閒街６２巷,2018-03-25,桃園市新屋區永興里3鄰藻礁路1668號,(03)4861760
29012,桃園市動物保護教育園區,桃園市動物保護教育園區,混種犬,1,M,MEDIUM,黃色,,F,https://www.pet.gov.tw/upload/pic/d18b6762-2103-42b7-a0cc-f7979d6dba02.JPG,大千里東勇街４５巷附近,2018-03-25,桃園市新屋區永興里3鄰藻礁路1668號,(03)4861760
29011,桃園市動物保護教育園區,桃園市動物保護教育園區,混種犬,1,F,MEDIUM,虎斑色,,F,https://www.pet.gov.tw/upload/pic/8e11e30b-0c82-4091-bb75-16a571e37589.JPG,三湖里泰圳路,2018-03-25,桃園市新屋區永興里3鄰藻礁路1668號,(03)4861760
29009,桃園市動物保護教育園區,桃園市動物保護教育園區,混種犬,1,F,MEDIUM,黑色,,F,https://www.pet.gov.tw/upload/pic/d02fa42c-fd97-420e-a02a-9427777dfac5.JPG,舊路里長庚球場路,2018-03-25,桃園市新屋區永興里3鄰藻礁路1668號,(03)4861760
29008,桃園市動物保護教育園區,桃園市動物保護教育園區,混種犬,1,F,MEDIUM,黑色,,F,https://www.pet.gov.tw/upload/pic/dda7fd8a-e9d0-42e7-86f2-fefcb4acee5d.jpg,橫峰里中山南路１段橫峰村９鄰２７７巷,2018-03-25,桃園市新屋區永興里3鄰藻礁路1668號,(03)4861760
28975,桃園市動物保護教育園區,桃園市動物保護教育園區,混種犬,1,F,SMALL,黑色,,F,https://www.pet.gov.tw/upload/pic/602a152a-ae48-466f-8fa3-8a8f8aa2d978.JPG,塔腳里塔腳路４鄰,2018-03-23,桃園市新屋區永興里3鄰藻礁路1668號,(03)4861760
29002,桃園市動物保護教育園區,桃園市動物保護教育園區,混種犬,1,M,SMALL,黑色,,T,https://www.pet.gov.tw/upload/pic/c27b76ca-6f43-4bd7-bbac-e30903e5a122.JPG,中壢區五光一街,2018-03-25,桃園市新屋區永興里3鄰藻礁路1668號,(03)4861760
29001,桃園市動物保護教育園區,桃園市動物保護教育園區,混種犬,1,F,SMALL,虎斑色,,F,https://www.pet.gov.tw/upload/pic/45d85361-74b8-4dc7-ac6b-05681af8ed52.JPG,埔心里大竹南路２１３巷２３８弄,2018-03-25,桃園市新屋區永興里3鄰藻礁路1668號,(03)4861760
28996,桃園市動物保護教育園區,桃園市動物保護教育園區,混種犬,1,F,MEDIUM,黃色,,F,https://www.pet.gov.tw/upload/pic/6b03a6fd-1d8d-40ba-a1ee-0f1d5a2abaa1.JPG,石牌里１鄰,2018-03-25,桃園市新屋區永興里3鄰藻礁路1668號,(03)4861760
28994,桃園市動物保護教育園區,桃園市動物保護教育園區,混種犬,1,M,MEDIUM,黑色,,F,https://www.pet.gov.tw/upload/pic/9cc73263-74b1-4022-bfcf-9e54fc3ed767.JPG,槺榔里５鄰３３９巷,2018-03-25,桃園市新屋區永興里3鄰藻礁路1668號,(03)4861760
28965,桃園市動物保護教育園區,桃園市動物保護教育園區,混種犬,1,M,MEDIUM,虎斑色,,F,https://www.pet.gov.tw/upload/pic/2a245681-bbc6-425b-8bbb-0ec7f969dec0.JPG,成功里大華路,2018-03-23,桃園市新屋區永興里3鄰藻礁路1668號,(03)4861760
28990,桃園市動物保護教育園區,桃園市動物保護教育園區,混種犬,1,F,MEDIUM,黑色,,F,https://www.pet.gov.tw/upload/pic/5473be63-63dd-4513-b7d2-1bb12ccbfb9c.JPG,內厝里崇德三路,2018-03-25,桃園市新屋區永興里3鄰藻礁路1668號,(03)4861760
28989,桃園市動物保護教育園區,桃園市動物保護教育園區,混種犬,1,M,MEDIUM,黃色,,F,https://www.pet.gov.tw/upload/pic/bdeb5070-bff4-4a79-ac0e-97b92b758f4e.JPG,九龍里悅華路,2017-04-26,桃園市新屋區永興里3鄰藻礁路1668號,(03)4861760
28960,桃園市動物保護教育園區,桃園市動物保護教育園區,混種犬,1,M,MEDIUM,虎斑色,,F,https://www.pet.gov.tw/upload/pic/fef77d68-a74a-464e-88b7-164f3a9704ec.JPG,埔頂里埔頂路878號,2018-03-23,桃園市新屋區永興里3鄰藻礁路1668號,(03)4861760
28987,桃園市動物保護教育園區,桃園市動物保護教育園區,混種犬,1,F,MEDIUM,黃色,,F,https://www.pet.gov.tw/upload/pic/4e591ec5-d996-45a2-95b0-2df8dc589a7e.JPG,山東里山東路,2018-03-23,桃園市新屋區永興里3鄰藻礁路1668號,(03)4861760
28955,桃園市動物保護教育園區,桃園市動物保護教育園區,混種犬,1,F,MEDIUM,黑色,,F,https://www.pet.gov.tw/upload/pic/4e948683-cc68-4f45-bce8-0d54a9fd8320.jpg,三民里大窩路,2018-03-23,桃園市新屋區永興里3鄰藻礁路1668號,(03)4861760
28954,桃園市動物保護教育園區,桃園市動物保護教育園區,混種犬,1,F,MEDIUM,黃色,,F,https://www.pet.gov.tw/upload/pic/c1a91cb1-907c-4977-a258-3d69d45d9b61.jpg,高坡,2018-03-23,桃園市新屋區永興里3鄰藻礁路1668號,(03)4861760
28951,桃園市動物保護教育園區,桃園市動物保護教育園區,混種犬,1,M,MEDIUM,黑色,,F,https://www.pet.gov.tw/upload/pic/878e62c6-d323-401f-8e36-708275d9679a.JPG,西埔里永安路１３６０巷６７弄,2018-03-23,桃園市新屋區永興里3鄰藻礁路1668號,(03)4861760
28981,桃園市動物保護教育園區,桃園市動物保護教育園區,混種犬,1,M,MEDIUM,黃色,,T,https://www.pet.gov.tw/upload/pic/65bc4f63-b5a3-4d8c-9902-8bf87b2b9b6d.JPG,永豐里永興街,2018-03-23,桃園市新屋區永興里3鄰藻礁路1668號,(03)4861760
28980,桃園市動物保護教育園區,桃園市動物保護教育園區,混種犬,1,M,MEDIUM,黑色,,F,https://www.pet.gov.tw/upload/pic/cef003f6-80fd-4b33-a6db-d243cf0aa224.JPG,永豐里永興街,2018-03-23,桃園市新屋區永興里3鄰藻礁路1668號,(03)4861760
28949,桃園市動物保護教育園區,桃園市動物保護教育園區,混種犬,1,M,MEDIUM,黑色,,F,https://www.pet.gov.tw/upload/pic/205d13ca-da84-40be-9074-d874682b0874.jpg,復興里文化二路長樂公園,2018-03-23,桃園市新屋區永興里3鄰藻礁路1668號,(03)4861760
28979,桃園市動物保護教育園區,桃園市動物保護教育園區,混種犬,1,M,MEDIUM,黑色,,F,https://www.pet.gov.tw/upload/pic/10c96339-13dd-450e-bd42-359aa4ca7772.JPG,仁德里幸福新村,2018-03-23,桃園市新屋區永興里3鄰藻礁路1668號,(03)4861760
28865,桃園市動物保護教育園區,桃園市動物保護教育園區,混種犬,1,F,MEDIUM,黑色,,F,https://www.pet.gov.tw/upload/pic/88de24c8-fd5e-45db-8d7f-1b333692dd22.JPG,大林里仁三街與大原路22巷74弄交叉口屠宰場,2018-03-01,桃園市新屋區永興里3鄰藻礁路1668號,(03)4861760
28936,桃園市動物保護教育園區,桃園市動物保護教育園區,混種犬,1,F,MEDIUM,黑色,,F,https://www.pet.gov.tw/upload/pic/8d77d711-0c92-4532-8b62-c44fb46a66f7.jpg,金湖里中山路一段與育仁路一段路口,2018-03-01,桃園市新屋區永興里3鄰藻礁路1668號,(03)4861760
28935,桃園市動物保護教育園區,桃園市動物保護教育園區,混種犬,1,M,MEDIUM,花色,,F,https://www.pet.gov.tw/upload/pic/ce66d7ef-2978-490e-9b35-e66b7501e6fa.JPG,武威里２鄰武威路,2018-03-01,桃園市新屋區永興里3鄰藻礁路1668號,(03)4861760
28861,桃園市動物保護教育園區,桃園市動物保護教育園區,混種犬,1,F,MEDIUM,黑色,,T,https://www.pet.gov.tw/upload/pic/639323bb-af87-435d-8e92-df978bc887c5.JPG,高榮里幼獅路一段,2018-03-01,桃園市新屋區永興里3鄰藻礁路1668號,(03)4861760
28930,桃園市動物保護教育園區,桃園市動物保護教育園區,混種犬,1,M,MEDIUM,黑色,,F,https://www.pet.gov.tw/upload/pic/d7e2ef24-f194-4e38-a629-8d579cfaa813.JPG,高平里龍沿路１２１巷,2018-03-01,桃園市新屋區永興里3鄰藻礁路1668號,(03)4861760
28925,桃園市動物保護教育園區,桃園市動物保護教育園區,混種犬,1,M,MEDIUM,黑色,,F,https://www.pet.gov.tw/upload/pic/b7043f12-7bd4-4776-b659-f113f85cfe0d.JPG,兔坑里大棟山路,2018-03-01,桃園市新屋區永興里3鄰藻礁路1668號,(03)4861760
28923,桃園市動物保護教育園區,桃園市動物保護教育園區,混種犬,1,M,MEDIUM,黑色,,F,https://www.pet.gov.tw/upload/pic/93aa1fac-b644-4f52-8259-d0c2ceec8144.JPG,永興里３鄰,2018-03-01,桃園市新屋區永興里3鄰藻礁路1668號,(03)4861760
28920,桃園市動物保護教育園區,桃園市動物保護教育園區,混種犬,1,F,MEDIUM,黑色,,F,https://www.pet.gov.tw/upload/pic/0025c7f0-367b-470a-88bc-b2b4f3f8e7b8.jpg,大園里中華路,2018-03-01,桃園市新屋區永興里3鄰藻礁路1668號,(03)4861760
28914,桃園市動物保護教育園區,桃園市動物保護教育園區,混種犬,1,F,MEDIUM,黑色,,T,https://www.pet.gov.tw/upload/pic/68a93c68-1c07-4fbd-b46a-79dfad5db44f.JPG,富林里,2018-03-01,桃園市新屋區永興里3鄰藻礁路1668號,(03)4861760
28845,桃園市動物保護教育園區,桃園市動物保護教育園區,混種犬,1,F,MEDIUM,黑色,,F,https://www.pet.gov.tw/upload/pic/119f5ea3-74c4-4e0e-aff3-cdc811f61b69.JPG,新莊里新生路２９０巷２１１弄,2017-10-10,桃園市新屋區永興里3鄰藻礁路1668號,(03)4861760
28841,桃園市動物保護教育園區,桃園市動物保護教育園區,混種犬,1,M,MEDIUM,黑色,,F,https://www.pet.gov.tw/upload/pic/286876aa-8a1c-4ac3-be91-eb3bfe3df851.JPG,沙崙里西濱路６３２巷４３弄,2017-10-12,桃園市新屋區永興里3鄰藻礁路1668號,(03)4861760
28902,桃園市動物保護教育園區,桃園市動物保護教育園區,混種犬,1,F,MEDIUM,黑色,,F,https://www.pet.gov.tw/upload/pic/0c5f1932-6b6a-48ee-9ef6-6ee8f0ff1c55.jpg,廣興里廣興路１３６０巷,2018-03-01,桃園市新屋區永興里3鄰藻礁路1668號,(03)4861760
28901,桃園市動物保護教育園區,桃園市動物保護教育園區,混種犬,1,M,MEDIUM,黑色,,F,https://www.pet.gov.tw/upload/pic/9c95e75d-4d40-4b4f-9817-4bd786e8f7a1.JPG,龍壽里萬壽路一段１３１１巷,2018-03-01,桃園市新屋區永興里3鄰藻礁路1668號,(03)4861760
28893,桃園市動物保護教育園區,桃園市動物保護教育園區,混種犬,1,M,MEDIUM,黃色,,F,https://www.pet.gov.tw/upload/pic/a1496708-b500-4098-b2de-c2f48b6aafe4.JPG,三元里６６快速路橋下,2018-03-01,桃園市新屋區永興里3鄰藻礁路1668號,(03)4861760
28833,桃園市動物保護教育園區,桃園市動物保護教育園區,混種犬,1,F,MEDIUM,黑色,,F,https://www.pet.gov.tw/upload/pic/c4dd95c1-cdbd-41cf-b2de-376771a17783.JPG,忠義里,2017-10-12,桃園市新屋區永興里3鄰藻礁路1668號,(03)4861760
28886,桃園市動物保護教育園區,桃園市動物保護教育園區,混種犬,1,F,MEDIUM,黑色,,F,https://www.pet.gov.tw/upload/pic/20ed0352-fdee-41ee-8d9f-da92c8575e23.JPG,富林里七賢路與一心路口,2018-03-23,桃園市新屋區永興里3鄰藻礁路1668號,(03)4861760
28885,桃園市動物保護教育園區,桃園市動物保護教育園區,混種犬,1,F,MEDIUM,黑色,,F,https://www.pet.gov.tw/upload/pic/f9ab7d37-f2ed-44d8-88c1-50b38a942745.JPG,蘆竹里富昌街,2018-03-01,桃園市新屋區永興里3鄰藻礁路1668號,(03)4861760
28882,桃園市動物保護教育園區,桃園市動物保護教育園區,混種犬,1,F,MEDIUM,黑色,,F,https://www.pet.gov.tw/upload/pic/45c5ebd8-7cf0-4701-a03c-244d28de085c.JPG,台１１３東眼山,2018-03-01,桃園市新屋區永興里3鄰藻礁路1668號,(03)4861760
28877,桃園市動物保護教育園區,桃園市動物保護教育園區,混種犬,1,M,MEDIUM,黑色,,T,https://www.pet.gov.tw/upload/pic/3b734c3b-4bf6-489b-8e3b-d770d7052ff7.JPG,萬壽路,2018-03-01,桃園市新屋區永興里3鄰藻礁路1668號,(03)4861760
28876,桃園市動物保護教育園區,桃園市動物保護教育園區,混種犬,1,F,MEDIUM,黑色,,F,https://www.pet.gov.tw/upload/pic/899a6f53-4405-45ba-bb73-081250a0060d.JPG,楓樹里風尾街１０鄰,2018-03-01,桃園市新屋區永興里3鄰藻礁路1668號,(03)4861760
28873,桃園市動物保護教育園區,桃園市動物保護教育園區,混種犬,1,F,MEDIUM,黑色,,F,https://www.pet.gov.tw/upload/pic/0411fed6-805b-4f4b-a593-ef2b270c139b.JPG,永興里,2018-03-01,桃園市新屋區永興里3鄰藻礁路1668號,(03)4861760
28780,桃園市動物保護教育園區,桃園市動物保護教育園區,混種犬,1,M,MEDIUM,黑色,,F,https://www.pet.gov.tw/upload/pic/ede909a8-717e-4b08-9d41-97b27e061517.JPG,垃圾掩埋場,2018-03-27,桃園市新屋區永興里3鄰藻礁路1668號,(03)4861760
28814,桃園市動物保護教育園區,桃園市動物保護教育園區,混種犬,1,F,MEDIUM,黑色,,F,https://www.pet.gov.tw/upload/pic/e13a95ed-36bd-42f3-9e5f-fdd4d9f1f829.JPG,龜山里萬壽路二段,2017-11-01,桃園市新屋區永興里3鄰藻礁路1668號,(03)4861760
28813,桃園市動物保護教育園區,桃園市動物保護教育園區,混種犬,1,F,MEDIUM,黑色,,F,https://www.pet.gov.tw/upload/pic/7ad98964-82dc-44cb-9c2c-730be4abbeab.JPG,八德里３４鄰德湖街１６１巷,2017-10-25,桃園市新屋區永興里3鄰藻礁路1668號,(03)4861760
28805,桃園市動物保護教育園區,桃園市動物保護教育園區,混種犬,1,F,MEDIUM,黑色,,F,https://www.pet.gov.tw/upload/pic/41108ce5-98dd-477a-9580-f7396a5fe177.JPG,高雙里長安路２１６巷,2018-03-24,桃園市新屋區永興里3鄰藻礁路1668號,(03)4861760
28732,桃園市動物保護教育園區,桃園市動物保護教育園區,混種犬,1,M,MEDIUM,黑色,,F,https://www.pet.gov.tw/upload/pic/dbb76d66-6080-4d27-89dd-f9c2955ae6e4.JPG,上大里大湖路一段,2018-03-01,桃園市新屋區永興里3鄰藻礁路1668號,(03)4861760
28385,南投縣公立動物收容所,南投縣公立動物收容所,混種犬,1,M,MEDIUM,黑色,ADULT,T,https://www.pet.gov.tw/upload/pic/69446d3a-881f-4db2-9431-4252e1a58c23.JPG,南投縣竹山鎮,2015-10-20,南投縣南投市嶺興路36-1號,(049)2225440
28410,南投縣公立動物收容所,南投縣公立動物收容所,混種犬,1,F,MEDIUM,黑色,ADULT,T,https://www.pet.gov.tw/upload/pic/5e03fe93-7f32-48bf-a09b-29f5a60d753c.JPG,南投縣南投市,2017-05-11,南投縣南投市嶺興路36-1號,(049)2225440
28407,南投縣公立動物收容所,南投縣公立動物收容所,混種犬,1,M,MEDIUM,黑色,ADULT,T,https://www.pet.gov.tw/upload/pic/96921d9a-144b-45bc-af95-d28d729823dc.JPG,南投縣南投市大庄路,2020-02-26,南投縣南投市嶺興路36-1號,(049)2225440
28301,南投縣公立動物收容所,南投縣公立動物收容所,混種犬,1,M,BIG,黑色,ADULT,T,https://www.pet.gov.tw/upload/pic/01375b00-cd37-4896-bd94-a31fabcce8b5.JPG,南投縣仁愛鄉,2017-06-08,南投縣南投市嶺興路36-1號,(049)2225440
28297,南投縣公立動物收容所,南投縣公立動物收容所,混種犬,1,M,MEDIUM,黑色,ADULT,T,https://www.pet.gov.tw/upload/pic/905051e3-4af1-408f-a41a-0bc707165992.JPG,南投縣南投市,2017-06-13,南投縣南投市嶺興路36-1號,(049)2225440
28273,南投縣公立動物收容所,南投縣公立動物收容所,混種犬,1,F,BIG,黑色,ADULT,T,https://www.pet.gov.tw/upload/pic/3c63ead6-323b-480c-b934-5379fbb09688.JPG,南投縣中寮鄉,2017-01-10,南投縣南投市嶺興路36-1號,(049)2225440
28282,南投縣公立動物收容所,南投縣公立動物收容所,混種犬,1,F,BIG,黑色,ADULT,T,https://www.pet.gov.tw/upload/pic/fdc0f196-93c7-45ab-a525-f67f73947a39.JPG,南投縣水里鄉,2015-01-27,南投縣南投市嶺興路36-1號,(049)2225440
28253,南投縣公立動物收容所,南投縣公立動物收容所,混種犬,1,F,BIG,黑色,ADULT,T,https://www.pet.gov.tw/upload/pic/f84817df-ae8e-4385-83bf-05183c536838.JPG,南投縣南投市,2016-10-13,南投縣南投市嶺興路36-1號,(049)2225440
28216,南投縣公立動物收容所,南投縣公立動物收容所,混種犬,1,M,MEDIUM,黑白色,ADULT,T,https://www.pet.gov.tw/upload/pic/b07de854-4bea-41f7-bdd2-d3c859d13509.JPG,南投縣中寮鄉,2016-12-26,南投縣南投市嶺興路36-1號,(049)2225440
28160,南投縣公立動物收容所,南投縣公立動物收容所,混種犬,1,F,MEDIUM,黑虎斑色,ADULT,T,https://www.pet.gov.tw/upload/pic/d8d4973e-b5e7-4e59-8a07-14a4e9504abd.JPG,南投縣南投市,2017-05-02,南投縣南投市嶺興路36-1號,(049)2225440
28218,南投縣公立動物收容所,南投縣公立動物收容所,混種犬,1,F,MEDIUM,黑色,ADULT,T,https://www.pet.gov.tw/upload/pic/7f1476a7-6245-4c85-ae9e-be1740a158f9.JPG,南投縣國姓鄉,2016-03-03,南投縣南投市嶺興路36-1號,(049)2225440
27711,南投縣公立動物收容所,南投縣公立動物收容所,混種犬,1,F,MEDIUM,黑色,ADULT,T,https://www.pet.gov.tw/upload/pic/8477fc25-b1d2-4c7e-8852-e266128b6dd9.JPG,南投縣南投市,2017-05-18,南投縣南投市嶺興路36-1號,(049)2225440
27720,南投縣公立動物收容所,南投縣公立動物收容所,混種犬,1,F,MEDIUM,黑黃色,ADULT,T,https://www.pet.gov.tw/upload/pic/d6bbeff5-a9bf-4de9-9df2-3ef7e851433d.JPG,南投縣鹿谷鄉,2015-09-15,南投縣南投市嶺興路36-1號,(049)2225440
28219,南投縣公立動物收容所,南投縣公立動物收容所,混種犬,1,F,MEDIUM,黑色,ADULT,T,https://www.pet.gov.tw/upload/pic/08edfe19-bf98-4a88-b99a-d19fc5e513cb.JPG,南投縣仁愛鄉,2016-08-17,南投縣南投市嶺興路36-1號,(049)2225440
27956,南投縣公立動物收容所,南投縣公立動物收容所,混種犬,1,M,MEDIUM,黑色,ADULT,T,https://www.pet.gov.tw/upload/pic/a5b01bb8-c092-4414-b24d-52db3d5021b6.JPG,南投縣名間鄉,2016-09-20,南投縣南投市嶺興路36-1號,(049)2225440
28212,南投縣公立動物收容所,南投縣公立動物收容所,混種犬,1,M,MEDIUM,黑色,ADULT,T,https://www.pet.gov.tw/upload/pic/0fa73623-25f2-40fb-a421-cd07c17a9847.JPG,南投縣信義鄉,2016-06-28,南投縣南投市嶺興路36-1號,(049)2225440
27903,雲林縣流浪動物收容所,雲林縣流浪動物收容所,混種犬,1,M,BIG,黑色,,T,https://www.pet.gov.tw/upload/pic/abf2dc0e-2c64-4d4b-bdd9-d79bd42cb2ad.JPG,斗六市,2017-08-08,雲林縣斗六市雲林路二段517號,(05)5523300
26354,南投縣公立動物收容所,南投縣公立動物收容所,混種犬,1,F,MEDIUM,米色,ADULT,T,https://www.pet.gov.tw/upload/pic/c0fefed0-8702-4c97-8228-a0c507d0211c.JPG,南投縣南投市,2015-09-10,南投縣南投市嶺興路36-1號,(049)2225440
26925,南投縣公立動物收容所,南投縣公立動物收容所,混種犬,1,M,MEDIUM,咖啡色,ADULT,T,https://www.pet.gov.tw/upload/pic/bd81196e-21fa-419c-85c1-1487ee59ffe5.JPG,南投縣仁愛鄉,2015-12-22,南投縣南投市嶺興路36-1號,(049)2225440
26930,南投縣公立動物收容所,南投縣公立動物收容所,混種犬,1,F,BIG,虎斑色,ADULT,T,https://www.pet.gov.tw/upload/pic/48ad5645-60d5-4611-8985-9e6b2040bae8.JPG,南投縣南投市,2015-11-12,南投縣南投市嶺興路36-1號,(049)2225440
26931,南投縣公立動物收容所,南投縣公立動物收容所,混種犬,1,M,MEDIUM,咖啡白色,ADULT,T,https://www.pet.gov.tw/upload/pic/f743f984-82d0-4e1e-99e0-a9da215397d4.JPG,南投縣埔里鎮,2015-01-14,南投縣南投市嶺興路36-1號,(049)2225440
26932,南投縣公立動物收容所,南投縣公立動物收容所,混種犬,1,M,MEDIUM,黑黃色,ADULT,T,https://www.pet.gov.tw/upload/pic/4c802293-d7de-40c7-b0c1-935c6d23fef2.JPG,南投縣仁愛鄉,2019-01-08,南投縣南投市嶺興路36-1號,(049)2225440
26945,南投縣公立動物收容所,南投縣公立動物收容所,混種犬,1,M,MEDIUM,黑色,ADULT,T,https://www.pet.gov.tw/upload/pic/f07f2aab-7574-4d71-8820-d24bd2a7f88a.JPG,南投縣信義鄉,2016-06-15,南投縣南投市嶺興路36-1號,(049)2225440
26944,南投縣公立動物收容所,南投縣公立動物收容所,混種犬,1,M,MEDIUM,黑色,ADULT,T,https://www.pet.gov.tw/upload/pic/b7941021-6dd6-42a2-b430-1e1502efb630.JPG,南投縣竹山鎮,2016-09-26,南投縣南投市嶺興路36-1號,(049)2225440
26899,南投縣公立動物收容所,南投縣公立動物收容所,混種犬,1,M,MEDIUM,黑色,ADULT,T,https://www.pet.gov.tw/upload/pic/84fbae28-2ec1-4acc-94e5-d804bb0ea69f.JPG,南投縣南投市,2017-02-01,南投縣南投市嶺興路36-1號,(049)2225440
26891,南投縣公立動物收容所,南投縣公立動物收容所,混種犬,1,M,MEDIUM,黑色,ADULT,T,https://www.pet.gov.tw/upload/pic/503e41e4-de32-46cd-b59b-19d999ad8189.JPG,南投縣集集鎮,2017-04-26,南投縣南投市嶺興路36-1號,(049)2225440
26832,南投縣公立動物收容所,南投縣公立動物收容所,混種犬,1,M,MEDIUM,黑白色,,T,https://www.pet.gov.tw/upload/pic/d4576c59-329a-4b5e-ad16-769795912277.JPG,南投縣南投市,2017-05-22,南投縣南投市嶺興路36-1號,(049)2225440
26838,南投縣公立動物收容所,南投縣公立動物收容所,混種犬,1,M,MEDIUM,黑色,,T,https://www.pet.gov.tw/upload/pic/7479740d-9d74-464e-bf27-20ffdf97984d.JPG,南投縣草屯鎮,2017-06-14,南投縣南投市嶺興路36-1號,(049)2225440
26887,南投縣公立動物收容所,南投縣公立動物收容所,混種犬,1,M,MEDIUM,黑色,ADULT,T,https://www.pet.gov.tw/upload/pic/de3a09b8-4cf9-4cd2-8ab6-5fa8a1715531.JPG,南投縣南投市,2017-07-13,南投縣南投市嶺興路36-1號,(049)2225440
26889,南投縣公立動物收容所,南投縣公立動物收容所,混種犬,1,M,MEDIUM,黑色,ADULT,T,https://www.pet.gov.tw/upload/pic/f307bb86-a30b-4261-9e75-644f4d3d3320.JPG,南投縣南投市,2017-08-03,南投縣南投市嶺興路36-1號,(049)2225440
26853,南投縣公立動物收容所,南投縣公立動物收容所,混種犬,1,M,MEDIUM,黑色,ADULT,T,https://www.pet.gov.tw/upload/pic/94983f09-b71b-433f-844c-1656de425206.JPG,南投縣草屯鎮,2017-09-21,南投縣南投市嶺興路36-1號,(049)2225440
26857,南投縣公立動物收容所,南投縣公立動物收容所,混種犬,1,M,MEDIUM,黃色,ADULT,T,https://www.pet.gov.tw/upload/pic/5004e6bd-f9d4-4d8d-b892-eac3fd545f83.JPG,南投縣南投市,2017-09-20,南投縣南投市嶺興路36-1號,(049)2225440
26423,南投縣公立動物收容所,南投縣公立動物收容所,混種犬,1,F,MEDIUM,黑色,ADULT,T,https://www.pet.gov.tw/upload/pic/0991a9b5-6bc0-43ae-9819-4e661a721716.JPG,南投縣鹿谷鄉,2016-08-16,南投縣南投市嶺興路36-1號,(049)2225440
26418,南投縣公立動物收容所,南投縣公立動物收容所,混種犬,1,F,MEDIUM,黑色,ADULT,T,https://www.pet.gov.tw/upload/pic/a2ee5dc1-ccbe-4047-9caa-9fcf0288c70d.JPG,南投縣信義鄉,2016-08-17,南投縣南投市嶺興路36-1號,(049)2225440
26786,南投縣公立動物收容所,南投縣公立動物收容所,混種犬,1,M,MEDIUM,黑色,ADULT,T,https://www.pet.gov.tw/upload/pic/71660e7e-3528-4e30-be2c-9c0c413650a7.JPG,南投縣信義鄉,2016-08-17,南投縣南投市嶺興路36-1號,(049)2225440
26386,南投縣公立動物收容所,南投縣公立動物收容所,混種犬,1,F,MEDIUM,黑色,ADULT,T,https://www.pet.gov.tw/upload/pic/9cdc6d8a-0b6c-40e6-80f2-8f046f7b6073.JPG,南投縣中寮鄉,2016-08-30,南投縣南投市嶺興路36-1號,(049)2225440
26762,南投縣公立動物收容所,南投縣公立動物收容所,混種犬,1,M,MEDIUM,黑色,ADULT,T,https://www.pet.gov.tw/upload/pic/c2fa9ae0-ebff-4ac7-a5c5-ae2ca35f332c.JPG,南投縣國姓鄉,2019-02-15,南投縣南投市嶺興路36-1號,(049)2225440
26340,南投縣公立動物收容所,南投縣公立動物收容所,混種犬,1,M,MEDIUM,黑黃色,ADULT,T,https://www.pet.gov.tw/upload/pic/e72b93f1-cb3b-4b05-95fe-ff26c3d5b2c1.JPG,南投縣草屯鎮,2016-10-03,南投縣南投市嶺興路36-1號,(049)2225440
26338,南投縣公立動物收容所,南投縣公立動物收容所,混種犬,1,M,MEDIUM,黑色,ADULT,T,https://www.pet.gov.tw/upload/pic/1cbe99f0-1ffc-4738-ad0c-be9eead3ad34.JPG,南投縣中寮鄉,2016-10-06,南投縣南投市嶺興路36-1號,(049)2225440
26734,南投縣公立動物收容所,南投縣公立動物收容所,混種犬,1,F,MEDIUM,黑色,ADULT,T,https://www.pet.gov.tw/upload/pic/3a0fee2e-49fe-4879-b75d-bb0b263cc31b.JPG,南投縣埔里鎮,2017-01-18,南投縣南投市嶺興路36-1號,(049)2225440
26332,南投縣公立動物收容所,南投縣公立動物收容所,混種犬,1,F,MEDIUM,黑色,,T,https://www.pet.gov.tw/upload/pic/87a83b62-dda3-42c0-aadb-438d426a327d.JPG,南投縣草屯鎮,2017-11-23,南投縣南投市嶺興路36-1號,(049)2225440
26326,南投縣公立動物收容所,南投縣公立動物收容所,混種犬,1,M,MEDIUM,黃色,,T,https://www.pet.gov.tw/upload/pic/d15bbed0-947e-41bd-a102-b1900067fee4.JPG,同德家商,2017-11-23,南投縣南投市嶺興路36-1號,(049)2225440
26334,南投縣公立動物收容所,南投縣公立動物收容所,混種犬,1,F,MEDIUM,黑色,,T,https://www.pet.gov.tw/upload/pic/51261b6a-d5e7-4b2f-893c-0b52b59cef49.JPG,南投縣草屯鎮,2017-11-23,南投縣南投市嶺興路36-1號,(049)2225440
26311,南投縣公立動物收容所,南投縣公立動物收容所,混種犬,1,F,MEDIUM,黑色,,T,https://www.pet.gov.tw/upload/pic/fe294cd7-1c14-4877-b508-b11dcabd4f68.JPG,南投縣竹山鎮,2017-11-22,南投縣南投市嶺興路36-1號,(049)2225440
26325,南投縣公立動物收容所,南投縣公立動物收容所,混種犬,1,M,MEDIUM,黑色,,T,https://www.pet.gov.tw/upload/pic/7f48e689-6b9a-41ab-95fe-db698351d248.JPG,南投縣水里鄉,2017-11-23,南投縣南投市嶺興路36-1號,(049)2225440
26327,南投縣公立動物收容所,南投縣公立動物收容所,混種犬,1,F,MEDIUM,黑色,,T,https://www.pet.gov.tw/upload/pic/e18ecfaf-1aea-4d73-8507-34147db686b4.JPG,南投縣信義鄉,2017-11-23,南投縣南投市嶺興路36-1號,(049)2225440
26328,南投縣公立動物收容所,南投縣公立動物收容所,混種犬,1,F,MEDIUM,黑色,,T,https://www.pet.gov.tw/upload/pic/f60ed21a-9747-459a-a74d-7e286bda8eb2.JPG,南投縣集集鎮,2016-09-29,南投縣南投市嶺興路36-1號,(049)2225440
26329,南投縣公立動物收容所,南投縣公立動物收容所,混種犬,1,F,MEDIUM,黑白色,,T,https://www.pet.gov.tw/upload/pic/9679781c-703f-44d6-9851-f14a7ec7f4a4.JPG,南投縣水里鄉,2017-11-23,南投縣南投市嶺興路36-1號,(049)2225440
26365,南投縣公立動物收容所,南投縣公立動物收容所,混種犬,1,F,MEDIUM,黑色,CHILD,T,https://www.pet.gov.tw/upload/pic/fe17aa33-0a19-41d0-93e3-695dcfb3704e.JPG,南投縣水里鄉,2016-11-03,南投縣南投市嶺興路36-1號,(049)2225440
26320,南投縣公立動物收容所,南投縣公立動物收容所,混種犬,1,F,MEDIUM,虎斑白色,ADULT,T,https://www.pet.gov.tw/upload/pic/3b728bd8-93c9-43b6-982e-c7286e02c5b7.JPG,南投縣埔里鎮,2019-01-08,南投縣南投市嶺興路36-1號,(049)2225440
189699,澎湖縣流浪動物收容中心,澎湖縣流浪動物收容中心,混種犬,1,F,BIG,虎斑色,ADULT,T,https://www.pet.gov.tw/upload/pic/1727265266917.png,鼎灣監獄,2021-01-04,澎湖縣馬公市烏崁里260、261號,(06)9213559
238308,澎湖縣流浪動物收容中心,澎湖縣流浪動物收容中心,混種犬,1,F,BIG,黃色,ADULT,T,https://www.pet.gov.tw/upload/pic/1711453311648.png,金龍頭,2022-01-10,澎湖縣馬公市烏崁里260、261號,(06)9213559
225379,臺北市動物之家,臺北市動物之家,混種犬,1,F,MEDIUM,棕色,ADULT,T,https://www.pet.gov.tw/upload/pic/1691813620940.png,景行里景文街,2021-10-18,臺北市內湖區安美街191號,(02)87913254
228462,臺北市動物之家,臺北市動物之家,混種犬,1,F,MEDIUM,黑色,ADULT,T,https://www.pet.gov.tw/upload/pic/1674176464019.png,萬興里 新光路二段,2021-11-03,臺北市內湖區安美街191號,(02)87913254
223020,臺北市動物之家,臺北市動物之家,混種犬,1,M,MEDIUM,黑色,ADULT,T,https://www.pet.gov.tw/upload/pic/1671599213294.png,關渡里大度路三段,2021-10-03,臺北市內湖區安美街191號,(02)87913254
204372,新北市瑞芳區公立動物之家,新北市瑞芳區公立動物之家,混種犬,1,F,MEDIUM,黑白色,,T,https://www.pet.gov.tw/upload/pic/1732781408666.png,淡水區小坪頂,2021-04-28,新北市瑞芳區靜安路四段(106縣道74.5K清潔隊場區內),(02)24063481
236757,澎湖縣流浪動物收容中心,澎湖縣流浪動物收容中心,混種犬,1,M,BIG,黑色,ADULT,T,https://www.pet.gov.tw/upload/pic/b7c7889e-be09-446b-a430-1d5407d5bc45_org.jpeg,案山里造船廠附近,2021-12-30,澎湖縣馬公市烏崁里260、261號,(06)9213559
268213,澎湖縣流浪動物收容中心,澎湖縣流浪動物收容中心,混種犬,1,F,BIG,黃色,ADULT,T,https://www.pet.gov.tw/upload/pic/a3a14cfa-bd4f-4c2c-bcb4-06c2d2f4639d_org.jpeg,大池村,2022-08-10,澎湖縣馬公市烏崁里260、261號,(06)9213559
209302,澎湖縣流浪動物收容中心,澎湖縣流浪動物收容中心,混種犬,1,M,BIG,虎斑色,ADULT,T,https://www.pet.gov.tw/upload/pic/52330cd0-bb22-4493-892f-aea3978a8854_org.jpeg,汽車修理廠,2021-06-24,澎湖縣馬公市烏崁里260、261號,(06)9213559
200860,澎湖縣流浪動物收容中心,澎湖縣流浪動物收容中心,混種犬,1,F,BIG,黃色,ADULT,T,https://www.pet.gov.tw/upload/pic/41d0184b-79be-4e4e-a5b0-3358b13e0ed8_org.jpeg,講美國小後方,2021-04-08,澎湖縣馬公市烏崁里260、261號,(06)9213559
201472,澎湖縣流浪動物收容中心,澎湖縣流浪動物收容中心,混種犬,1,F,BIG,黑色,ADULT,T,https://www.pet.gov.tw/upload/pic/8a6b4176-1f09-4f9f-95eb-d0adddfba119_org.jpeg,後寮國小前民宿草皮,2021-04-15,澎湖縣馬公市烏崁里260、261號,(06)9213559
175605,澎湖縣流浪動物收容中心,澎湖縣流浪動物收容中心,混種犬,1,F,BIG,黑白色,ADULT,T,https://www.pet.gov.tw/upload/pic/ac1be105-aba9-4b8e-9911-8052ce50eac7_org.jpeg,鐵線,2020-09-15,澎湖縣馬公市烏崁里260、261號,(06)9213559
180663,澎湖縣流浪動物收容中心,澎湖縣流浪動物收容中心,混種犬,1,F,BIG,黑色,ADULT,T,https://www.pet.gov.tw/upload/pic/279c56e5-0f26-4c3e-8a71-e7556637e96d_org.jpeg,港子,2020-10-27,澎湖縣馬公市烏崁里260、261號,(06)9213559
225322,臺北市動物之家,臺北市動物之家,混種犬,1,F,MEDIUM,黑白色,CHILD,T,https://www.pet.gov.tw/upload/pic/27453ebc-7dea-4218-b2e7-63797f551b4e_org.jpeg,景慶里景文街１４６巷,2021-10-09,臺北市內湖區安美街191號,(02)87913254
203958,臺北市動物之家,臺北市動物之家,混種犬,1,F,MEDIUM,黑色,ADULT,T,https://www.pet.gov.tw/upload/pic/d18feef1-58f4-437f-8e16-d7ec327cfca5_org.jpeg,武成街63巷,2021-05-07,臺北市內湖區安美街191號,(02)87913254
214189,臺北市動物之家,臺北市動物之家,混種犬,1,M,MEDIUM,黑色,ADULT,T,https://www.pet.gov.tw/upload/pic/9d787498-94a3-45d4-bd2c-4ab0d265488f_org.jpeg,格致路,2021-08-16,臺北市內湖區安美街191號,(02)87913254
370269,澎湖縣流浪動物收容中心,澎湖縣流浪動物收容中心,混種犬,1,M,BIG,黑色,ADULT,T,https://www.pet.gov.tw/upload/pic/1724123781839.png,瓦硐社區,2024-08-28,澎湖縣馬公市烏崁里260、261號,(06)9213559
343258,澎湖縣流浪動物收容中心,澎湖縣流浪動物收容中心,混種犬,1,M,BIG,黑色,ADULT,T,https://www.pet.gov.tw/upload/pic/1705491770707.png,,2024-01-29,澎湖縣馬公市烏崁里260、261號,(06)9213559
329473,澎湖縣流浪動物收容中心,澎湖縣流浪動物收容中心,混種犬,1,M,BIG,黑色,CHILD,T,https://www.pet.gov.tw/upload/pic/1697589533792.png,中油旁,2023-10-24,澎湖縣馬公市烏崁里260、261號,(06)9213559
374647,澎湖縣流浪動物收容中心,澎湖縣流浪動物收容中心,混種犬,1,M,BIG,黑色,ADULT,T,https://www.pet.gov.tw/upload/pic/1726718227239.png,97之91號,2024-10-02,澎湖縣馬公市烏崁里260、261號,(06)9213559
377757,嘉義縣動物保護教育園區,嘉義縣動物保護教育園區,混種犬,1,F,MEDIUM,黑色,ADULT,T,https://www.pet.gov.tw/upload/pic/1728957392919.png,,2024-11-13,嘉義縣民雄鄉松山村後山仔37之2號,(05)2721119
338041,澎湖縣流浪動物收容中心,澎湖縣流浪動物收容中心,混種犬,1,F,BIG,黃色,ADULT,T,https://www.pet.gov.tw/upload/pic/1727265613998.png,九地營區,2023-12-18,澎湖縣馬公市烏崁里260、261號,(06)9213559
326960,桃園市動物保護教育園區,桃園市動物保護教育園區,混種犬,1,M,SMALL,黃色,CHILD,F,https://www.pet.gov.tw/upload/pic/1695695294842.png,秀才里秀才路,2023-09-26,桃園市新屋區永興里3鄰藻礁路1668號,(03)4861760
380996,新竹縣動物保護教育園區,新竹縣動物保護教育園區,混種犬,1,M,MEDIUM,虎斑色,ADULT,F,https://www.pet.gov.tw/upload/pic/1730860974874.png,,2024-11-07,新竹縣竹北市縣政五街192號,(03)5519548
379637,新竹縣動物保護教育園區,新竹縣動物保護教育園區,混種犬,1,F,MEDIUM,黑色,ADULT,T,https://www.pet.gov.tw/upload/pic/1730087142707.png,,2024-10-28,新竹縣竹北市縣政五街192號,(03)5519548
337294,桃園市動物保護教育園區,桃園市動物保護教育園區,混種犬,1,F,MEDIUM,黑色,ADULT,F,https://www.pet.gov.tw/upload/pic/1701582377872.png,紹興街,2024-08-02,桃園市新屋區永興里3鄰藻礁路1668號,(03)4861760
379738,金門縣動物收容中心,金門縣動物收容中心,混種犬,1,F,MEDIUM,黑色,ADULT,F,https://www.pet.gov.tw/upload/pic/1730281569221.png,建功嶼,2024-11-06,金門縣金湖鎮裕民農莊20號,(082)336625
379386,金門縣動物收容中心,金門縣動物收容中心,混種犬,1,F,SMALL,黑虎斑色,ADULT,F,https://www.pet.gov.tw/upload/pic/1729762229314.png,東林,2024-10-30,金門縣金湖鎮裕民農莊20號,(082)336625
379046,連江縣流浪犬收容中心,連江縣流浪犬收容中心,混種犬,1,F,SMALL,黑色,CHILD,F,https://www.pet.gov.tw/upload/pic/1729654913495.png,,2024-10-23,連江縣南竿鄉復興村223號,(0836)25003
378753,新北市新店區公立動物之家,新北市新店區公立動物之家,混種犬,1,F,MEDIUM,黑色,ADULT,T,https://www.pet.gov.tw/upload/pic/1729494516718.png,安泰路,2024-10-21,新北市新店區安泰路235號,(02)22159462
376261,臺中市動物之家南屯園區,臺中市動物之家南屯園區,混種犬,1,F,MEDIUM,米色,ADULT,T,https://www.pet.gov.tw/upload/pic/1727772726558.png,和平路,2024-10-21,臺中市南屯區中台路601號,(04)23850976
378764,新北市新店區公立動物之家,新北市新店區公立動物之家,混種犬,1,M,BIG,黃色,ADULT,T,https://www.pet.gov.tw/upload/pic/1729495378716.png,安泰路,2024-10-21,新北市新店區安泰路235號,(02)22159462
378577,高雄市壽山動物保護教育園區,高雄市壽山動物保護教育園區,德國狼犬(德國牧羊犬),0,M,BIG,灰色,ADULT,F,https://www.pet.gov.tw/upload/pic/1729390954294.png,大平路,,高雄市鼓山區萬壽路350號,(07)5519059
377294,澎湖縣流浪動物收容中心,澎湖縣流浪動物收容中心,哈士奇(西伯利亞雪橇犬),0,M,BIG,黑白色,ADULT,T,https://www.pet.gov.tw/upload/pic/1728618299643.png,130-3號,2024-10-21,澎湖縣馬公市烏崁里260、261號,(06)9213559
36355,新北市八里區公立動物之家,新北市八里區公立動物之家,混種犬,1,F,SMALL,黑色,ADULT,F,https://www.pet.gov.tw/upload/pic/1728789012531.png,大科路,2022-09-29,新北市八里區長坑里6鄰長坑道路36號,(02)26194428
377140,新北市八里區公立動物之家,新北市八里區公立動物之家,混種犬,1,M,MEDIUM,黑色,CHILD,T,https://www.pet.gov.tw/upload/pic/1728639792934.png,中正路,2024-10-10,新北市八里區長坑里6鄰長坑道路36號,(02)26194428
377138,新北市八里區公立動物之家,新北市八里區公立動物之家,混種犬,1,M,MEDIUM,黑色,CHILD,T,https://www.pet.gov.tw/upload/pic/1728640013363.png,中正路,2024-10-10,新北市八里區長坑里6鄰長坑道路36號,(02)26194428
204458,新北市瑞芳區公立動物之家,新北市瑞芳區公立動物之家,混種犬,1,F,BIG,黑白色,ADULT,T,https://www.pet.gov.tw/upload/pic/1697530790545.png,瑞芳區祈堂路,2021-09-10,新北市瑞芳區靜安路四段(106縣道74.5K清潔隊場區內),(02)24063481
377150,南投縣公立動物收容所,南投縣公立動物收容所,混種犬,1,F,MEDIUM,黃色,ADULT,T,https://www.pet.gov.tw/upload/pic/1728542283931.png,新厝路,2024-10-09,南投縣南投市嶺興路36-1號,(049)2225440
374676,臺北市動物之家,臺北市動物之家,混種犬,1,F,MEDIUM,黃色,ADULT,T,https://www.pet.gov.tw/upload/pic/1726726366178.png,湖田里竹子湖路,2024-10-07,臺北市內湖區安美街191號,(02)87913254
371963,臺北市動物之家,臺北市動物之家,混種犬,1,F,MEDIUM,黃色,ADULT,T,https://www.pet.gov.tw/upload/pic/1724923164584.png,湖田里	鞍部停車場,2024-10-07,臺北市內湖區安美街191號,(02)87913254
208347,臺北市動物之家,臺北市動物之家,混種犬,1,M,MEDIUM,黑色,ADULT,F,https://www.pet.gov.tw/upload/pic/9e97f948-7827-4a05-805a-c3dcda0a9800.jpg,吳興街284巷,2021-06-15,臺北市內湖區安美街191號,(02)87913254
373146,桃園市動物保護教育園區,桃園市動物保護教育園區,混種犬,1,F,MEDIUM,黑白色,CHILD,F,https://www.pet.gov.tw/upload/pic/1725689862750.png,保障里保障路８０６巷,2024-09-25,桃園市新屋區永興里3鄰藻礁路1668號,(03)4861760
373147,桃園市動物保護教育園區,桃園市動物保護教育園區,混種犬,1,F,MEDIUM,黃白色,CHILD,F,https://www.pet.gov.tw/upload/pic/1725689930001.png,保障里保障路８０６巷,2024-09-25,桃園市新屋區永興里3鄰藻礁路1668號,(03)4861760
373151,桃園市動物保護教育園區,桃園市動物保護教育園區,混種犬,1,F,MEDIUM,黑白色,CHILD,F,https://www.pet.gov.tw/upload/pic/1725690057391.png,保障里保障路８０６巷,2024-09-25,桃園市新屋區永興里3鄰藻礁路1668號,(03)4861760
35557,新北市中和區公立動物之家,新北市中和區公立動物之家,混種犬,1,F,MEDIUM,黃白色,ADULT,T,https://www.pet.gov.tw/upload/pic/1697888833586.png,大安路30號,2021-09-11,新北市中和區興南路三段100號,(02)86685547
375641,金門縣動物收容中心,金門縣動物收容中心,混種犬,1,M,MEDIUM,黑色,ADULT,F,https://www.pet.gov.tw/upload/pic/1727331158312.png,后沙,2024-10-02,金門縣金湖鎮裕民農莊20號,(082)336625
337088,澎湖縣流浪動物收容中心,澎湖縣流浪動物收容中心,混種犬,1,F,BIG,黃色,ADULT,T,https://www.pet.gov.tw/upload/pic/1701341830611.png,養雞場,2023-12-11,澎湖縣馬公市烏崁里260、261號,(06)9213559
303096,澎湖縣流浪動物收容中心,澎湖縣流浪動物收容中心,混種犬,1,F,MEDIUM,黑色,ADULT,T,https://www.pet.gov.tw/upload/pic/1681279571175.png,菓葉村133之10,2023-04-25,澎湖縣馬公市烏崁里260、261號,(06)9213559
27908,澎湖縣流浪動物收容中心,澎湖縣流浪動物收容中心,混種犬,1,M,BIG,黃色,ADULT,T,https://www.pet.gov.tw/upload/pic/a591f891-daa5-4d99-8118-927bbbabdfa9.jpg,五德,2016-12-29,澎湖縣馬公市烏崁里260、261號,(06)9213559
208486,澎湖縣流浪動物收容中心,澎湖縣流浪動物收容中心,混種犬,1,M,BIG,黃色,ADULT,T,https://www.pet.gov.tw/upload/pic/ab75df71-fe88-4772-a5a8-63b538405ae0.jpg,大池角廟口前,2021-10-27,澎湖縣馬公市烏崁里260、261號,(06)9213559
373149,桃園市動物保護教育園區,桃園市動物保護教育園區,混種犬,1,F,MEDIUM,黃白色,CHILD,F,https://www.pet.gov.tw/upload/pic/1725689980862.png,保障里保障路８０６巷,2024-09-25,桃園市新屋區永興里3鄰藻礁路1668號,(03)4861760
373275,桃園市動物保護教育園區,桃園市動物保護教育園區,混種犬,1,M,MEDIUM,黃白色,ADULT,F,https://www.pet.gov.tw/upload/pic/1725853179247.png,保障里保障路８０６巷,2024-09-25,桃園市新屋區永興里3鄰藻礁路1668號,(03)4861760
373274,桃園市動物保護教育園區,桃園市動物保護教育園區,混種犬,1,M,MEDIUM,黃色,ADULT,F,https://www.pet.gov.tw/upload/pic/1725853099666.png,保障里保障路８０６巷,2024-09-25,桃園市新屋區永興里3鄰藻礁路1668號,(03)4861760
373153,桃園市動物保護教育園區,桃園市動物保護教育園區,混種犬,1,F,MEDIUM,黑色,ADULT,F,https://www.pet.gov.tw/upload/pic/1725690211470.png,保障里保障路８０６巷,2024-09-25,桃園市新屋區永興里3鄰藻礁路1668號,(03)4861760
302678,澎湖縣流浪動物收容中心,澎湖縣流浪動物收容中心,混種犬,1,M,BIG,黃色,ADULT,T,https://www.pet.gov.tw/upload/pic/1682641661795.png,金龍頭服務中心,2023-04-27,澎湖縣馬公市烏崁里260、261號,(06)9213559
343607,澎湖縣流浪動物收容中心,澎湖縣流浪動物收容中心,混種犬,1,M,BIG,白色,ADULT,T,https://www.pet.gov.tw/upload/pic/1705566006574.png,觀星公園,2024-01-29,澎湖縣馬公市烏崁里260、261號,(06)9213559
330890,澎湖縣流浪動物收容中心,澎湖縣流浪動物收容中心,混種犬,1,M,BIG,黃色,ADULT,T,https://www.pet.gov.tw/upload/pic/1698113912586.png,,2023-11-07,澎湖縣馬公市烏崁里260、261號,(06)9213559
36416,新北市三芝區公立動物之家,新北市三芝區公立動物之家,混種犬,1,M,MEDIUM,棕色,ADULT,F,https://www.pet.gov.tw/upload/pic/9bb24d2e-77ee-493f-9641-692e7118584d.JPG,重和里,2016-05-17,新北市三芝區青山路(龍巖人本旁),(02)26365436
348143,澎湖縣流浪動物收容中心,澎湖縣流浪動物收容中心,混種犬,1,M,BIG,黃色,ADULT,T,https://www.pet.gov.tw/upload/pic/1709192029804.png,漁港,2024-03-13,澎湖縣馬公市烏崁里260、261號,(06)9213559
374862,宜蘭縣流浪動物中途之家,宜蘭縣流浪動物中途之家,混種犬,1,M,BIG,棕色,ADULT,F,https://www.pet.gov.tw/upload/pic/1726819992097.png,蘇濱路一段,2024-09-20,宜蘭縣五結鄉成興村利寶路60號,(03)9602350620
206433,澎湖縣流浪動物收容中心,澎湖縣流浪動物收容中心,混種犬,1,F,BIG,黑黃色,ADULT,T,https://www.pet.gov.tw/upload/pic/1705473400498.png,篤行十村,2021-05-20,澎湖縣馬公市烏崁里260、261號,(06)9213559
71335,新北市新店區公立動物之家,新北市新店區公立動物之家,混種犬,1,M,MEDIUM,黑色,ADULT,T,https://www.pet.gov.tw/upload/pic/8824d97b-5129-49f2-a8ff-f6abe2133420.JPG,坪林區烏塗里管制哨,2018-11-10,新北市新店區安泰路235號,(02)22159462
44724,新北市新店區公立動物之家,新北市新店區公立動物之家,混種犬,1,M,MEDIUM,棕色,ADULT,T,https://www.pet.gov.tw/upload/pic/e4935242-4313-4aa6-8f69-f5197742cff7.jpg,小坪頂狗場,2018-04-19,新北市新店區安泰路235號,(02)22159462
187107,新北市新店區公立動物之家,新北市新店區公立動物之家,混種犬,1,M,MEDIUM,黑色,ADULT,T,https://www.pet.gov.tw/upload/pic/a6c5af31-07d7-42c2-9a8d-b956663f9514.JPG,新烏路一段9號,2020-12-02,新北市新店區安泰路235號,(02)22159462
35618,新北市中和區公立動物之家,新北市中和區公立動物之家,混種犬,1,M,MEDIUM,黃色,ADULT,T,https://www.pet.gov.tw/upload/pic/1726474994977.png,圓通路369巷山上,2021-09-11,新北市中和區興南路三段100號,(02)86685547
35619,新北市中和區公立動物之家,新北市中和區公立動物之家,混種犬,1,M,MEDIUM,黃色,ADULT,T,https://www.pet.gov.tw/upload/pic/1726474935876.png,圓通路369巷,2021-09-11,新北市中和區興南路三段100號,(02)86685547
35986,新北市瑞芳區公立動物之家,新北市瑞芳區公立動物之家,混種犬,1,F,SMALL,黃色,,T,https://www.pet.gov.tw/upload/pic/1726469151675.png,牡丹,2016-12-19,新北市瑞芳區靜安路四段(106縣道74.5K清潔隊場區內),(02)24063481
241286,新北市中和區公立動物之家,新北市中和區公立動物之家,混種犬,1,F,MEDIUM,虎斑色,ADULT,T,https://www.pet.gov.tw/upload/pic/250574ef-fa83-4b5b-88db-773af51fc0be.jpg,南山路236號(消防隊),2022-02-11,新北市中和區興南路三段100號,(02)86685547
83342,新北市中和區公立動物之家,新北市中和區公立動物之家,混種犬,1,F,MEDIUM,黑色,ADULT,T,https://www.pet.gov.tw/upload/pic/62ec48b4-be44-4847-b3f9-907a16ab2380.jpg,土城區中央路4段102號(頂埔派出所),2019-02-15,新北市中和區興南路三段100號,(02)86685547
200474,臺北市動物之家,臺北市動物之家,混種犬,1,M,MEDIUM,黑黃色,ADULT,F,https://www.pet.gov.tw/upload/pic/1691812309206.png,基隆路三段155巷口,2021-06-10,臺北市內湖區安美街191號,(02)87913254
187207,臺北市動物之家,臺北市動物之家,混種犬,1,M,MEDIUM,黑色,ADULT,F,https://www.pet.gov.tw/upload/pic/e0ab743d-4718-4a00-8b74-4803075e64da.JPG,寶興路140巷,2021-04-11,臺北市內湖區安美街191號,(02)87913254
28904,桃園市動物保護教育園區,桃園市動物保護教育園區,混種犬,1,F,MEDIUM,黑色,ADULT,F,https://www.pet.gov.tw/upload/pic/5d616f8f-8a72-4a64-8be2-d2ee2187191d.JPG,健行路４６巷,2018-03-01,桃園市新屋區永興里3鄰藻礁路1668號,(03)4861760
153188,新北市中和區公立動物之家,新北市中和區公立動物之家,混種犬,1,M,MEDIUM,黃白色,ADULT,T,https://www.pet.gov.tw/upload/pic/1326944d-abd1-421d-8881-fcf97bf649a3.jpg,興南路三段,2020-04-18,新北市中和區興南路三段100號,(02)86685547
77735,新北市中和區公立動物之家,新北市中和區公立動物之家,混種犬,1,F,MEDIUM,黑色,ADULT,T,https://www.pet.gov.tw/upload/pic/1697873598274.png,中山路49號,2019-01-02,新北市中和區興南路三段100號,(02)86685547
35757,新北市中和區公立動物之家,新北市中和區公立動物之家,混種犬,1,M,MEDIUM,三花色,ADULT,T,https://www.pet.gov.tw/upload/pic/1698068507392.png,南天母路171巷,2021-09-11,新北市中和區興南路三段100號,(02)86685547
35725,新北市中和區公立動物之家,新北市中和區公立動物之家,混種犬,1,F,MEDIUM,黑黃色,ADULT,T,https://www.pet.gov.tw/upload/pic/1694869386992.png,中央路三段126巷,2017-05-18,新北市中和區興南路三段100號,(02)86685547
146315,新北市中和區公立動物之家,新北市中和區公立動物之家,混種犬,1,F,MEDIUM,虎斑色,ADULT,T,https://www.pet.gov.tw/upload/pic/cb68d5e0-522d-4a71-a6d6-9731f4c066a4.jpg,圓通路367巷,2020-03-04,新北市中和區興南路三段100號,(02)86685547
99241,臺北市動物之家,臺北市動物之家,混種犬,1,M,MEDIUM,黑色,ADULT,F,https://www.pet.gov.tw/upload/pic/43255_108052201_0.jpg,民眾不擬續養,2021-04-11,臺北市內湖區安美街191號,(02)87913254
91989,臺北市動物之家,臺北市動物之家,混種犬,1,M,MEDIUM,棕白色,ADULT,F,https://www.pet.gov.tw/upload/pic/4f6b9ed0-65c3-4615-89c6-a0d506f4f584.jpg,民眾不擬續養,2021-04-10,臺北市內湖區安美街191號,(02)87913254
72377,臺北市動物之家,臺北市動物之家,混種犬,1,M,MEDIUM,黑白色,ADULT,F,https://www.pet.gov.tw/upload/pic/bdf4fb61-774d-4c5c-80a6-cc75521d54e4.jpg,民眾不擬續養,2021-04-10,臺北市內湖區安美街191號,(02)87913254
72167,臺北市動物之家,臺北市動物之家,混種犬,1,M,SMALL,黑色,ADULT,F,https://www.pet.gov.tw/upload/pic/ee0f19db-070b-421e-929f-178820935767.jpg,潭美街,2021-04-11,臺北市內湖區安美街191號,(02)87913254
42532,臺北市動物之家,臺北市動物之家,混種犬,1,M,MEDIUM,黃色,ADULT,F,https://www.pet.gov.tw/upload/pic/1691813684642.png,民眾不擬續養,2018-03-24,臺北市內湖區安美街191號,(02)87913254
48261,新北市新店區公立動物之家,新北市新店區公立動物之家,混種犬,1,M,MEDIUM,黑色,ADULT,T,https://www.pet.gov.tw/upload/pic/65b687d1-6394-4dd2-a84a-6d702b15b5dd.jpg,淡水區小坪頂狗場,2018-02-27,新北市新店區安泰路235號,(02)22159462
48251,新北市新店區公立動物之家,新北市新店區公立動物之家,混種犬,1,F,MEDIUM,黑色,ADULT,T,https://www.pet.gov.tw/upload/pic/3bb85413-1c78-4770-828c-cf842ae4d498.jpg,新市二路和沙崙路口,2018-02-27,新北市新店區安泰路235號,(02)22159462
179023,新北市中和區公立動物之家,新北市中和區公立動物之家,混種犬,1,F,MEDIUM,黑白色,ADULT,T,https://www.pet.gov.tw/upload/pic/57ab2472-6295-417f-8cce-b8d1f356c00d.jpg,中央路3段214號,2020-10-05,新北市中和區興南路三段100號,(02)86685547
179026,新北市中和區公立動物之家,新北市中和區公立動物之家,混種犬,1,F,MEDIUM,黑色,ADULT,T,https://www.pet.gov.tw/upload/pic/aa1b886d-c399-4ccb-9c31-e015583a92aa.jpg,中央路3段214號,2020-10-05,新北市中和區興南路三段100號,(02)86685547
35586,新北市中和區公立動物之家,新北市中和區公立動物之家,混種犬,1,F,MEDIUM,黑色,ADULT,T,https://www.pet.gov.tw/upload/pic/1693803063139.png,德霖技術學院後山,2021-09-11,新北市中和區興南路三段100號,(02)86685547
370281,南投縣公立動物收容所,南投縣公立動物收容所,混種犬,1,M,MEDIUM,虎斑色,ADULT,T,https://www.pet.gov.tw/upload/pic/1723775473968.png,湖桶巷,2024-08-21,南投縣南投市嶺興路36-1號,(049)2225440
28419,金門縣動物收容中心,金門縣動物收容中心,混種犬,1,M,MEDIUM,棕黑色,ADULT,T,https://www.pet.gov.tw/upload/pic/b85d78a5-e3df-4aaf-9676-c21eded78b5f.jpg,中環路,2016-02-06,金門縣金湖鎮裕民農莊20號,(082)336625
28418,金門縣動物收容中心,金門縣動物收容中心,混種犬,1,M,BIG,棕黑色,ADULT,T,https://www.pet.gov.tw/upload/pic/8a2882f6-ed00-4644-a074-334136ee8150.jpg,中環路,2017-02-06,金門縣金湖鎮裕民農莊20號,(082)336625
35632,新北市中和區公立動物之家,新北市中和區公立動物之家,混種犬,1,F,MEDIUM,黑色,ADULT,T,https://www.pet.gov.tw/upload/pic/1695460866710.png,員山路24-9號,2021-09-11,新北市中和區興南路三段100號,(02)86685547
35679,新北市中和區公立動物之家,新北市中和區公立動物之家,混種犬,1,F,MEDIUM,黑色,ADULT,T,https://www.pet.gov.tw/upload/pic/1693812952624.png,仁愛路306巷17號,2021-09-11,新北市中和區興南路三段100號,(02)86685547
35651,新北市中和區公立動物之家,新北市中和區公立動物之家,混種犬,1,M,MEDIUM,黑黃色,ADULT,T,https://www.pet.gov.tw/upload/pic/1693811544294.png,莒光路200-6號,2021-09-11,新北市中和區興南路三段100號,(02)86685547
137304,新北市中和區公立動物之家,新北市中和區公立動物之家,混種犬,1,F,MEDIUM,黑色,ADULT,T,https://www.pet.gov.tw/upload/pic/586cd446-b745-4568-bc1f-3ecb2077b253.jpg,土城區南天母路171巷,2019-12-26,新北市中和區興南路三段100號,(02)86685547
327582,高雄市燕巢動物保護關愛園區,高雄市燕巢動物保護關愛園區,混種犬,1,F,SMALL,虎斑色,CHILD,F,https://www.pet.gov.tw/upload/pic/1725864409349.png,中正路,2023-09-27,高雄市燕巢區師大路98號,(07)6051002
247100,桃園市動物保護教育園區,桃園市動物保護教育園區,混種犬,1,M,MEDIUM,黃色,ADULT,F,https://www.pet.gov.tw/upload/pic/788d4e18-c54f-4f87-8423-7a49c64e41c7.jpg,五權里五福路,2024-09-09,桃園市新屋區永興里3鄰藻礁路1668號,(03)4861760
327652,高雄市燕巢動物保護關愛園區,高雄市燕巢動物保護關愛園區,混種犬,1,F,MEDIUM,黃色,CHILD,F,https://www.pet.gov.tw/upload/pic/1725862646300.png,成功路,2023-09-27,高雄市燕巢區師大路98號,(07)6051002
327655,高雄市燕巢動物保護關愛園區,高雄市燕巢動物保護關愛園區,混種犬,1,F,SMALL,黑色,CHILD,F,https://www.pet.gov.tw/upload/pic/1725862408158.png,南洲街,2023-09-27,高雄市燕巢區師大路98號,(07)6051002
371965,臺北市動物之家,臺北市動物之家,混種犬,1,M,MEDIUM,黑色,ADULT,T,https://www.pet.gov.tw/upload/pic/1724923389436.png,湖田里	鞍部停車場,2024-09-08,臺北市內湖區安美街191號,(02)87913254
259853,澎湖縣流浪動物收容中心,澎湖縣流浪動物收容中心,混種犬,1,M,BIG,黑白色,ADULT,T,https://www.pet.gov.tw/upload/pic/17007035-bf79-4375-98c7-9ed20867493f.jpg,風櫃里160號前,2022-06-22,澎湖縣馬公市烏崁里260、261號,(06)9213559
196860,新北市中和區公立動物之家,新北市中和區公立動物之家,混種犬,1,M,MEDIUM,黑色,ADULT,T,https://www.pet.gov.tw/upload/pic/b1430e8a-af24-4662-9d18-f0735e0fa48b.jpg,景安路194號,2021-03-03,新北市中和區興南路三段100號,(02)86685547
182593,新北市中和區公立動物之家,新北市中和區公立動物之家,混種犬,1,M,MEDIUM,黃色,ADULT,T,https://www.pet.gov.tw/upload/pic/ecf1ce1b-3fb0-47d0-9520-c46b70c3b12d.jpg,土城區,2020-10-31,新北市中和區興南路三段100號,(02)86685547
205704,新北市中和區公立動物之家,新北市中和區公立動物之家,混種犬,1,M,MEDIUM,黑色,ADULT,T,https://www.pet.gov.tw/upload/pic/2a2d6089-ec19-45ad-b2a7-3345a36df320.jpg,民生街,2021-05-14,新北市中和區興南路三段100號,(02)86685547
353864,新北市中和區公立動物之家,新北市中和區公立動物之家,混種犬,1,M,MEDIUM,黑色,ADULT,T,https://www.pet.gov.tw/upload/pic/1713066810574.png,中央路三段76巷,2024-09-06,新北市中和區興南路三段100號,(02)86685547
308278,金門縣動物收容中心,金門縣動物收容中心,混種犬,1,F,SMALL,黃色,CHILD,F,https://www.pet.gov.tw/upload/pic/1684200857383.png,,2023-05-09,金門縣金湖鎮裕民農莊20號,(082)336625
372988,金門縣動物收容中心,金門縣動物收容中心,混種犬,1,M,MEDIUM,黑棕色,ADULT,F,https://www.pet.gov.tw/upload/pic/1725526303721.png,西村,2024-09-11,金門縣金湖鎮裕民農莊20號,(082)336625
279716,金門縣動物收容中心,金門縣動物收容中心,混種犬,1,F,BIG,黃色,ADULT,F,https://www.pet.gov.tw/upload/pic/ba58172b-5986-4503-a7b9-8cf78a9e3a0b.jpg,浦邊,2022-10-24,金門縣金湖鎮裕民農莊20號,(082)336625
372780,連江縣流浪犬收容中心,連江縣流浪犬收容中心,混種犬,1,M,MEDIUM,黑色,CHILD,F,https://www.pet.gov.tw/upload/pic/1725432112764.png,,,連江縣南竿鄉復興村223號,(0836)25003
372775,連江縣流浪犬收容中心,連江縣流浪犬收容中心,迷你雪納瑞,0,M,MEDIUM,黑色,ADULT,N,https://www.pet.gov.tw/upload/pic/1725431727306.png,,,連江縣南竿鄉復興村223號,(0836)25003
372773,連江縣流浪犬收容中心,連江縣流浪犬收容中心,混種犬,1,M,MEDIUM,咖啡棕色,ADULT,F,https://www.pet.gov.tw/upload/pic/1725431727306.png,,,連江縣南竿鄉復興村223號,(0836)25003
371137,南投縣公立動物收容所,南投縣公立動物收容所,混種犬,1,M,BIG,黑黃色,ADULT,T,https://www.pet.gov.tw/upload/pic/1724376786705.png,國姓路,2024-08-30,南投縣南投市嶺興路36-1號,(049)2225440
62881,新北市八里區公立動物之家,新北市八里區公立動物之家,混種犬,1,M,MEDIUM,黑灰色,ADULT,T,https://www.pet.gov.tw/upload/pic/1724989325865.png,泰山區文程路141號,2022-09-29,新北市八里區長坑里6鄰長坑道路36號,(02)26194428
58823,新北市八里區公立動物之家,新北市八里區公立動物之家,混種犬,1,M,MEDIUM,虎斑色,CHILD,F,https://www.pet.gov.tw/upload/pic/9ca0ab50-1439-4eb4-b9ef-1fd514e7d2f1.jpg,明志路一段362巷,2018-07-31,新北市八里區長坑里6鄰長坑道路36號,(02)26194428
36315,新北市八里區公立動物之家,新北市八里區公立動物之家,混種犬,1,F,SMALL,黑色,ADULT,F,https://www.pet.gov.tw/upload/pic/20e96a8d-98e6-49bb-98e8-28e1d37233c6.jpg,中華路,2016-06-03,新北市八里區長坑里6鄰長坑道路36號,(02)26194428
36317,新北市八里區公立動物之家,新北市八里區公立動物之家,混種犬,1,F,BIG,黑色,ADULT,F,https://www.pet.gov.tw/upload/pic/bfb12e4f-c8db-4f91-84f9-c73a5a6e6fb6.jpg,新北大道,2016-06-21,新北市八里區長坑里6鄰長坑道路36號,(02)26194428
36310,新北市八里區公立動物之家,新北市八里區公立動物之家,混種犬,1,F,SMALL,黃色,ADULT,T,https://www.pet.gov.tw/upload/pic/4a3cf6b9-9129-4e92-b2f1-49dbec1ae453.jpg,黎頭窠路,2018-07-17,新北市八里區長坑里6鄰長坑道路36號,(02)26194428
49872,新北市八里區公立動物之家,新北市八里區公立動物之家,混種犬,1,M,MEDIUM,虎斑色,,T,https://www.pet.gov.tw/upload/pic/d49fd8e4-fdd9-4beb-88f5-073a88dd1396.jpg,龍米路3段,2018-05-31,新北市八里區長坑里6鄰長坑道路36號,(02)26194428
36300,新北市八里區公立動物之家,新北市八里區公立動物之家,混種犬,1,F,MEDIUM,黑色,ADULT,T,https://www.pet.gov.tw/upload/pic/acc5910f-edf9-4619-99e3-931d49e0bada.jpg,楓江路,2018-07-24,新北市八里區長坑里6鄰長坑道路36號,(02)26194428
36330,新北市八里區公立動物之家,新北市八里區公立動物之家,混種犬,1,M,MEDIUM,黑色,ADULT,T,https://www.pet.gov.tw/upload/pic/0d3581d7-98dd-4f77-868d-906e08922093.jpg,下罟子,2018-06-28,新北市八里區長坑里6鄰長坑道路36號,(02)26194428
354544,桃園市動物保護教育園區,桃園市動物保護教育園區,混種犬,1,F,SMALL,黑色,CHILD,F,https://www.pet.gov.tw/upload/pic/1713426571168.png,高平里龍源路７３８巷,2024-04-18,桃園市新屋區永興里3鄰藻礁路1668號,(03)4861760
92326,臺北市動物之家,臺北市動物之家,混種犬,1,M,MEDIUM,虎斑色,ADULT,T,https://www.pet.gov.tw/upload/pic/e6a18dd9-70b0-49e0-9d7b-3549c2f8f595.jpg,重慶南路2段8巷,2021-04-10,臺北市內湖區安美街191號,(02)87913254
290097,新北市五股區公立動物之家,新北市五股區公立動物之家,混種犬,1,M,MEDIUM,黑色,ADULT,F,https://www.pet.gov.tw/upload/pic/1718786084358.png,仁愛街315巷,2023-01-03,新北市五股區外寮路9-9號,(02)82925265
322809,新北市五股區公立動物之家,新北市五股區公立動物之家,混種犬,1,M,MEDIUM,黑色,ADULT,T,https://www.pet.gov.tw/upload/pic/1718785928450.png,埤島里,2023-08-28,新北市五股區外寮路9-9號,(02)82925265
357309,桃園市動物保護教育園區,桃園市動物保護教育園區,混種犬,1,M,MEDIUM,黃色,ADULT,F,https://www.pet.gov.tw/upload/pic/1715236749945.png,橫峰里平安路,2024-08-13,桃園市新屋區永興里3鄰藻礁路1668號,(03)4861760
357312,桃園市動物保護教育園區,桃園市動物保護教育園區,混種犬,1,F,MEDIUM,黃色,ADULT,F,https://www.pet.gov.tw/upload/pic/1715236868498.png,橫峰里平安路,2024-08-13,桃園市新屋區永興里3鄰藻礁路1668號,(03)4861760
69928,桃園市動物保護教育園區,桃園市動物保護教育園區,混種犬,1,F,MEDIUM,黑色,ADULT,F,https://www.pet.gov.tw/upload/pic/d060d21f-ab4d-4c7a-8a1a-e776fcbf61ed.JPG,動保園區,2018-11-08,桃園市新屋區永興里3鄰藻礁路1668號,(03)4861760
339489,桃園市動物保護教育園區,桃園市動物保護教育園區,混種犬,1,M,SMALL,黑色,CHILD,F,https://www.pet.gov.tw/upload/pic/1702970437570.png,高平里粗坑路８２巷,2024-04-26,桃園市新屋區永興里3鄰藻礁路1668號,(03)4861760
335447,桃園市動物保護教育園區,桃園市動物保護教育園區,混種犬,1,M,SMALL,黑色,CHILD,F,https://www.pet.gov.tw/upload/pic/1700550735902.png,大華里頂湖十一街,2023-12-11,桃園市新屋區永興里3鄰藻礁路1668號,(03)4861760
367695,澎湖縣流浪動物收容中心,澎湖縣流浪動物收容中心,混種犬,1,F,BIG,黃色,ADULT,T,https://www.pet.gov.tw/upload/pic/1722308202439.png,養雞場,2024-08-12,澎湖縣馬公市烏崁里260、261號,(06)9213559
281016,桃園市動物保護教育園區,桃園市動物保護教育園區,混種犬,1,F,MEDIUM,黃色,ADULT,F,https://www.pet.gov.tw/upload/pic/a0dcc6a9-a3cb-4c51-86b3-d5260bda8a33.jpg,永安里福壽街,2024-05-14,桃園市新屋區永興里3鄰藻礁路1668號,(03)4861760
46140,桃園市動物保護教育園區,桃園市動物保護教育園區,混種犬,1,M,MEDIUM,黑色,ADULT,F,https://www.pet.gov.tw/upload/pic/918d1e23-9a65-4db3-86e5-a1f4e4415a3e.JPG,楊新路2段58巷,,桃園市新屋區永興里3鄰藻礁路1668號,(03)4861760
368391,臺北市動物之家,臺北市動物之家,混種犬,1,M,MEDIUM,黑色,ADULT,T,https://www.pet.gov.tw/upload/pic/1722581383281.png,東山里東山路２５巷９９弄,2024-08-12,臺北市內湖區安美街191號,(02)87913254
307365,桃園市動物保護教育園區,桃園市動物保護教育園區,混種犬,1,M,MEDIUM,黑白色,ADULT,F,https://www.pet.gov.tw/upload/pic/1683677635536.png,北門里北新街,2024-03-14,桃園市新屋區永興里3鄰藻礁路1668號,(03)4861760
369392,金門縣動物收容中心,金門縣動物收容中心,混種犬,1,M,MEDIUM,黃色,ADULT,T,https://www.pet.gov.tw/upload/pic/1723268484500.png,西海路三段,2024-08-09,金門縣金湖鎮裕民農莊20號,(082)336625
313463,桃園市動物保護教育園區,桃園市動物保護教育園區,混種犬,1,M,SMALL,黑色,CHILD,F,https://www.pet.gov.tw/upload/pic/1687165405747.png,瑞仁路,2023-09-25,桃園市新屋區永興里3鄰藻礁路1668號,(03)4861760
361976,臺中市動物之家南屯園區,臺中市動物之家南屯園區,混種犬,1,F,MEDIUM,虎斑色,CHILD,F,https://www.pet.gov.tw/upload/pic/1718329011919.png,成功西路,2024-08-06,臺中市南屯區中台路601號,(04)23850976
327283,高雄市燕巢動物保護關愛園區,高雄市燕巢動物保護關愛園區,混種犬,1,F,SMALL,黑色,CHILD,F,https://www.pet.gov.tw/upload/pic/1722742284600.png,海尾路,2023-09-07,高雄市燕巢區師大路98號,(07)6051002
327671,高雄市燕巢動物保護關愛園區,高雄市燕巢動物保護關愛園區,混種犬,1,F,SMALL,黑色,CHILD,F,https://www.pet.gov.tw/upload/pic/1722742052185.png,馬頭山,2023-09-02,高雄市燕巢區師大路98號,(07)6051002
327678,高雄市燕巢動物保護關愛園區,高雄市燕巢動物保護關愛園區,混種犬,1,F,SMALL,黑色,ADULT,F,https://www.pet.gov.tw/upload/pic/1722741932479.png,彌陀國中後面,2023-09-27,高雄市燕巢區師大路98號,(07)6051002
328347,高雄市燕巢動物保護關愛園區,高雄市燕巢動物保護關愛園區,混種犬,1,F,SMALL,棕色,ADULT,F,https://www.pet.gov.tw/upload/pic/1722741801751.png,四維路,2023-10-02,高雄市燕巢區師大路98號,(07)6051002
273561,桃園市動物保護教育園區,桃園市動物保護教育園區,混種犬,1,F,MEDIUM,黑色,ADULT,F,https://www.pet.gov.tw/upload/pic/9ff5d241-a34e-43b9-8663-054b7e9aa1cb.jpg,新興里快速路八段,2024-08-02,桃園市新屋區永興里3鄰藻礁路1668號,(03)4861760
47523,桃園市動物保護教育園區,桃園市動物保護教育園區,混種犬,1,F,SMALL,黑色,ADULT,F,https://www.pet.gov.tw/upload/pic/209dcb6b-27d1-4b2e-aaf5-f6658d1d6eff.JPG,大信里興豐路,2018-05-04,桃園市新屋區永興里3鄰藻礁路1668號,(03)4861760
47524,桃園市動物保護教育園區,桃園市動物保護教育園區,混種犬,1,M,SMALL,黑色,ADULT,F,https://www.pet.gov.tw/upload/pic/a61d25ca-799d-483d-87dd-f98827efd414.jpg,大信里興豐路,2018-05-04,桃園市新屋區永興里3鄰藻礁路1668號,(03)4861760
178736,桃園市動物保護教育園區,桃園市動物保護教育園區,混種犬,1,F,MEDIUM,黑色,ADULT,F,https://www.pet.gov.tw/upload/pic/2c9d9699-2808-4386-8bff-a056d9f8ae5f.jpg,中壢區文化里吉利九街,2024-08-02,桃園市新屋區永興里3鄰藻礁路1668號,(03)4861760
327588,高雄市燕巢動物保護關愛園區,高雄市燕巢動物保護關愛園區,混種犬,1,F,MEDIUM,棕色,CHILD,F,https://www.pet.gov.tw/upload/pic/1722485729723.png,中正路,2023-09-01,高雄市燕巢區師大路98號,(07)6051002
327534,高雄市燕巢動物保護關愛園區,高雄市燕巢動物保護關愛園區,混種犬,1,F,SMALL,虎斑色,CHILD,F,https://www.pet.gov.tw/upload/pic/1722486250126.png,光和路,2023-09-09,高雄市燕巢區師大路98號,(07)6051002
327538,高雄市燕巢動物保護關愛園區,高雄市燕巢動物保護關愛園區,混種犬,1,F,BIG,黃色,ADULT,F,https://www.pet.gov.tw/upload/pic/1722486442016.png,四維路,2023-09-08,高雄市燕巢區師大路98號,(07)6051002
368048,臺北市動物之家,臺北市動物之家,混種犬,1,M,SMALL,虎斑色,CHILD,F,https://www.pet.gov.tw/upload/pic/1722409327480.png,舊莊里舊莊街一段２９０巷４弄,2024-07-31,臺北市內湖區安美街191號,(02)87913254
363220,臺中市動物之家南屯園區,臺中市動物之家南屯園區,混種犬,1,F,MEDIUM,棕白色,ADULT,T,https://www.pet.gov.tw/upload/pic/1719208572180.png,西屯路三段,2024-07-30,臺中市南屯區中台路601號,(04)23850976
367668,臺東縣動物收容中心,臺東縣動物收容中心,混種犬,1,F,SMALL,黑色,CHILD,F,https://www.pet.gov.tw/upload/pic/1722240301892.png,,2024-07-29,臺東縣臺東市中華路4段999巷600號,(089)362011
367136,金門縣動物收容中心,金門縣動物收容中心,混種犬,1,M,MEDIUM,黑色,ADULT,F,https://www.pet.gov.tw/upload/pic/1721628101490.png,嚨口,2024-07-19,金門縣金湖鎮裕民農莊20號,(082)336625
159106,屏東縣公立犬貓中途之家,屏東縣公立犬貓中途之家,混種犬,1,F,MEDIUM,黑色,ADULT,T,https://www.pet.gov.tw/upload/pic/99d3f756-2b74-4ada-91ed-afd47779ae88.jpg,牡丹,2020-05-01,屏東縣內埔鄉學府路1號(屏東科技大學內),(09)
165766,屏東縣公立犬貓中途之家,屏東縣公立犬貓中途之家,混種犬,1,M,MEDIUM,灰色,ADULT,T,https://www.pet.gov.tw/upload/pic/2e2e8610-55a9-4d8f-a902-a1e01be54a5c.jpg,屏東,2020-06-22,屏東縣內埔鄉學府路1號(屏東科技大學內),(09)
195341,屏東縣公立犬貓中途之家,屏東縣公立犬貓中途之家,混種犬,1,M,MEDIUM,虎斑色,ADULT,T,https://www.pet.gov.tw/upload/pic/9238e2c9-1b13-4410-a07f-e2b26835d5e9.jpg,屏東,2021-02-01,屏東縣內埔鄉學府路1號(屏東科技大學內),(09)
195383,屏東縣公立犬貓中途之家,屏東縣公立犬貓中途之家,混種犬,1,M,MEDIUM,黃色,ADULT,T,https://www.pet.gov.tw/upload/pic/49c86aaa-795f-41e1-bfc3-86f01d0f18d0.jpg,屏東,2021-02-01,屏東縣內埔鄉學府路1號(屏東科技大學內),(09)
195384,屏東縣公立犬貓中途之家,屏東縣公立犬貓中途之家,混種犬,1,M,MEDIUM,黑黃色,ADULT,T,https://www.pet.gov.tw/upload/pic/f65aec55-a488-428d-b3d6-c8df17fd98bd.jpg,屏東,2021-02-01,屏東縣內埔鄉學府路1號(屏東科技大學內),(09)
204717,屏東縣公立犬貓中途之家,屏東縣公立犬貓中途之家,混種犬,1,M,MEDIUM,黑色,ADULT,T,https://www.pet.gov.tw/upload/pic/1690360428647.png,屏東,2021-04-29,屏東縣內埔鄉學府路1號(屏東科技大學內),(09)
218644,屏東縣公立犬貓中途之家,屏東縣公立犬貓中途之家,混種犬,1,M,MEDIUM,黑色,ADULT,T,https://www.pet.gov.tw/upload/pic/1679040336451.png,麟洛火車站,2021-10-09,屏東縣內埔鄉學府路1號(屏東科技大學內),(09)
229949,屏東縣公立犬貓中途之家,屏東縣公立犬貓中途之家,混種犬,1,F,MEDIUM,黑棕色,ADULT,T,https://www.pet.gov.tw/upload/pic/d445f6ca-976c-4183-8c98-35c67c5f0e68.jpg,大仁科大,2022-01-01,屏東縣內埔鄉學府路1號(屏東科技大學內),(09)
262443,屏東縣公立犬貓中途之家,屏東縣公立犬貓中途之家,混種犬,1,F,MEDIUM,黑黃色,ADULT,T,https://www.pet.gov.tw/upload/pic/6627a2ae-60ba-4254-9318-8ec45b601846.jpg,崁頂鄉民權路,2022-07-30,屏東縣內埔鄉學府路1號(屏東科技大學內),(09)
292426,屏東縣公立犬貓中途之家,屏東縣公立犬貓中途之家,混種犬,1,F,MEDIUM,黃色,ADULT,T,https://www.pet.gov.tw/upload/pic/1674023332718.png,小琉球中正路50-1,2023-02-11,屏東縣內埔鄉學府路1號(屏東科技大學內),(09)
314934,屏東縣公立犬貓中途之家,屏東縣公立犬貓中途之家,美國惡霸犬,0,F,BIG,黑色,ADULT,T,https://www.pet.gov.tw/upload/pic/1688005337923.png,萬丹,2023-08-01,屏東縣內埔鄉學府路1號(屏東科技大學內),(09)
318394,屏東縣公立犬貓中途之家,屏東縣公立犬貓中途之家,比特犬,0,M,BIG,黑色,ADULT,T,https://www.pet.gov.tw/upload/pic/1690423185677.png,枋寮東源,2024-07-16,屏東縣內埔鄉學府路1號(屏東科技大學內),(09)
318405,屏東縣公立犬貓中途之家,屏東縣公立犬貓中途之家,混種犬,1,M,MEDIUM,黑色,ADULT,T,https://www.pet.gov.tw/upload/pic/1690424010311.png,屏東,2023-07-01,屏東縣內埔鄉學府路1號(屏東科技大學內),(09)
366818,金門縣動物收容中心,金門縣動物收容中心,混種犬,1,M,BIG,黑色,ADULT,F,https://www.pet.gov.tw/upload/pic/1721286970717.png,西海路三段,2024-07-18,金門縣金湖鎮裕民農莊20號,(082)336625
150494,桃園市動物保護教育園區,桃園市動物保護教育園區,混種犬,1,M,SMALL,黑色,ADULT,F,https://www.pet.gov.tw/upload/pic/9a0c3438-0830-4be7-9bb7-9d3783b303f8.JPG,永興里,2020-03-21,桃園市新屋區永興里3鄰藻礁路1668號,(03)4861760
364608,新竹市動物保護教育園區,新竹市動物保護教育園區,混種犬,1,M,MEDIUM,黑白色,ADULT,T,https://www.pet.gov.tw/upload/pic/1719971669979.png,彩虹路,2024-07-10,新竹市南寮里海濱路250號,(03)5368329
28973,桃園市動物保護教育園區,桃園市動物保護教育園區,混種犬,1,M,MEDIUM,黑色,ADULT,F,https://www.pet.gov.tw/upload/pic/4e994fa0-f3be-401c-974f-5637dfa9de77.JPG,三湖里楊湖路二段,2018-03-23,桃園市新屋區永興里3鄰藻礁路1668號,(03)4861760
299339,澎湖縣流浪動物收容中心,澎湖縣流浪動物收容中心,混種犬,1,M,BIG,黑黃色,ADULT,T,https://www.pet.gov.tw/upload/pic/1717577204252.png,沙帽山,2023-03-30,澎湖縣馬公市烏崁里260、261號,(06)9213559
365803,新北市新店區公立動物之家,新北市新店區公立動物之家,混種犬,1,M,BIG,黑色,ADULT,T,https://www.pet.gov.tw/upload/pic/1720687299905.png,汐坪路110號之1,2024-07-11,新北市新店區安泰路235號,(02)22159462
365678,金門縣動物收容中心,金門縣動物收容中心,混種犬,1,M,MEDIUM,黑色,ADULT,T,https://www.pet.gov.tw/upload/pic/1720679334894.png,東珩,2024-07-05,金門縣金湖鎮裕民農莊20號,(082)336625
365153,金門縣動物收容中心,金門縣動物收容中心,混種犬,1,F,MEDIUM,虎斑色,ADULT,T,https://www.pet.gov.tw/upload/pic/1720411174731.png,庵邊,,金門縣金湖鎮裕民農莊20號,(082)336625
365144,金門縣動物收容中心,金門縣動物收容中心,混種犬,1,M,SMALL,黑色,ADULT,F,https://www.pet.gov.tw/upload/pic/1720410477805.png,峯上,2024-07-10,金門縣金湖鎮裕民農莊20號,(082)336625
292000,高雄市燕巢動物保護關愛園區,高雄市燕巢動物保護關愛園區,混種犬,1,F,BIG,黑色,ADULT,F,https://www.pet.gov.tw/upload/pic/1719984652018.png,文安路5巷,2023-01-12,高雄市燕巢區師大路98號,(07)6051002
364535,臺東縣動物收容中心,臺東縣動物收容中心,混種犬,1,F,SMALL,黑棕色,CHILD,F,https://www.pet.gov.tw/upload/pic/1719905019549.png,環港路20巷11號,2024-07-02,臺東縣臺東市中華路4段999巷600號,(089)362011
29004,桃園市動物保護教育園區,桃園市動物保護教育園區,混種犬,1,M,MEDIUM,黑色,ADULT,F,https://www.pet.gov.tw/upload/pic/8e314510-6290-4762-b840-0a68dbb20c37.JPG,大坑里南上路350巷高速公路涵洞口,2018-03-25,桃園市新屋區永興里3鄰藻礁路1668號,(03)4861760
28809,桃園市動物保護教育園區,桃園市動物保護教育園區,混種犬,1,F,MEDIUM,黑色,ADULT,F,https://www.pet.gov.tw/upload/pic/b81505da-afd9-4cdd-a62d-28b6bfb25489.JPG,內厝里東溪路,2017-11-01,桃園市新屋區永興里3鄰藻礁路1668號,(03)4861760
28849,桃園市動物保護教育園區,桃園市動物保護教育園區,混種犬,1,F,MEDIUM,虎斑色,ADULT,F,https://www.pet.gov.tw/upload/pic/dcaa53eb-418d-4212-9384-d0fa146a8696.JPG,瑞源里員東路２３５巷,2017-10-10,桃園市新屋區永興里3鄰藻礁路1668號,(03)4861760
28927,桃園市動物保護教育園區,桃園市動物保護教育園區,混種犬,1,F,SMALL,黑色,ADULT,F,https://www.pet.gov.tw/upload/pic/3a2afacd-e0b6-4f4c-98e9-7b64f67c7fce.JPG,南山北路一段,2018-03-01,桃園市新屋區永興里3鄰藻礁路1668號,(03)4861760
363716,新北市八里區公立動物之家,新北市八里區公立動物之家,混種犬,1,F,MEDIUM,虎斑色,ADULT,T,https://www.pet.gov.tw/upload/pic/1719369023949.png,復興路一段,2024-06-26,新北市八里區長坑里6鄰長坑道路36號,(02)26194428
323750,桃園市動物保護教育園區,桃園市動物保護教育園區,混種犬,1,M,MEDIUM,黃色,ADULT,F,https://www.pet.gov.tw/upload/pic/1693895807846.png,社子里福隆路二段３４０巷,2023-10-26,桃園市新屋區永興里3鄰藻礁路1668號,(03)4861760
317692,新北市五股區公立動物之家,新北市五股區公立動物之家,混種犬,1,M,MEDIUM,虎斑色,ADULT,F,https://www.pet.gov.tw/upload/pic/1689928580648.png,林口瑞樹坑53之1號,2023-07-29,新北市五股區外寮路9-9號,(02)82925265
356994,臺北市動物之家,臺北市動物之家,混種犬,1,M,MEDIUM,黑棕色,ADULT,T,https://www.pet.gov.tw/upload/pic/1715131478263.png,後港里中正路,2024-06-17,臺北市內湖區安美街191號,(02)87913254
28966,桃園市動物保護教育園區,桃園市動物保護教育園區,混種犬,1,F,MEDIUM,黑色,ADULT,F,https://www.pet.gov.tw/upload/pic/6a1a21cb-aded-4c3e-83f7-3186639e5539.JPG,成功里大華路,2018-03-23,桃園市新屋區永興里3鄰藻礁路1668號,(03)4861760
28963,桃園市動物保護教育園區,桃園市動物保護教育園區,混種犬,1,M,MEDIUM,黑色,ADULT,F,https://www.pet.gov.tw/upload/pic/1a93bc73-d82c-4005-b81c-18e38f2af0d9.JPG,菓林里三民路二段,2018-03-23,桃園市新屋區永興里3鄰藻礁路1668號,(03)4861760
361380,金門縣動物收容中心,金門縣動物收容中心,混種犬,1,M,MEDIUM,棕色,ADULT,T,https://www.pet.gov.tw/upload/pic/1718076065635.png,西浦頭,2024-06-04,金門縣金湖鎮裕民農莊20號,(082)336625
359918,高雄市壽山動物保護教育園區,高雄市壽山動物保護教育園區,傑克羅素梗,0,M,SMALL,白色,ADULT,T,https://www.pet.gov.tw/upload/pic/1716950886643.png,青年路,2024-05-29,高雄市鼓山區萬壽路350號,(07)5519059
166760,澎湖縣流浪動物收容中心,澎湖縣流浪動物收容中心,混種犬,1,F,BIG,白色,ADULT,T,https://www.pet.gov.tw/upload/pic/1691552343202.png,南寮,2020-07-14,澎湖縣馬公市烏崁里260、261號,(06)9213559
359500,金門縣動物收容中心,金門縣動物收容中心,混種犬,1,M,SMALL,黑色,CHILD,F,https://www.pet.gov.tw/upload/pic/1716774927873.png,何厝,2024-05-30,金門縣金湖鎮裕民農莊20號,(082)336625
227138,澎湖縣流浪動物收容中心,澎湖縣流浪動物收容中心,混種犬,1,M,BIG,黃色,ADULT,T,https://www.pet.gov.tw/upload/pic/0ba0dd83-92e6-48bc-b66f-7833c672885c.jpg,林務所辦公室前,2021-10-22,澎湖縣馬公市烏崁里260、261號,(06)9213559
359030,高雄市壽山動物保護教育園區,高雄市壽山動物保護教育園區,混種犬,1,F,BIG,黑色,ADULT,F,https://www.pet.gov.tw/upload/pic/1716361546380.png,大學西路,2024-05-22,高雄市鼓山區萬壽路350號,(07)5519059
358059,金門縣動物收容中心,金門縣動物收容中心,混種犬,1,F,MEDIUM,虎斑色,ADULT,T,https://www.pet.gov.tw/upload/pic/1715757498992.png,泗湖,2024-05-15,金門縣金湖鎮裕民農莊20號,(082)336625
358058,金門縣動物收容中心,金門縣動物收容中心,混種犬,1,M,MEDIUM,虎斑色,ADULT,T,https://www.pet.gov.tw/upload/pic/1715757247606.png,泗湖,2024-05-15,金門縣金湖鎮裕民農莊20號,(082)336625
357431,高雄市壽山動物保護教育園區,高雄市壽山動物保護教育園區,混種犬,1,F,SMALL,黑色,CHILD,F,https://www.pet.gov.tw/upload/pic/1715319033616.png,攔河堰,2024-05-10,高雄市鼓山區萬壽路350號,(07)5519059
357414,高雄市壽山動物保護教育園區,高雄市壽山動物保護教育園區,混種犬,1,F,SMALL,黃色,CHILD,F,https://www.pet.gov.tw/upload/pic/1715313731177.png,南正二路,2024-05-10,高雄市鼓山區萬壽路350號,(07)5519059
357408,高雄市壽山動物保護教育園區,高雄市壽山動物保護教育園區,混種犬,1,M,MEDIUM,花色,CHILD,F,https://www.pet.gov.tw/upload/pic/1715312784396.png,明楊路,2024-05-10,高雄市鼓山區萬壽路350號,(07)5519059
357235,金門縣動物收容中心,金門縣動物收容中心,混種犬,1,M,BIG,黑黃色,ADULT,T,https://www.pet.gov.tw/upload/pic/1715219996306.png,尚義,2024-05-07,金門縣金湖鎮裕民農莊20號,(082)336625
79987,桃園市動物保護教育園區,桃園市動物保護教育園區,混種犬,1,F,MEDIUM,黑色,ADULT,F,https://www.pet.gov.tw/upload/pic/9af676cb-f8d6-4e77-9d05-c74a85a340ea.JPG,大智里桃德路１９３巷,2024-05-03,桃園市新屋區永興里3鄰藻礁路1668號,(03)4861760
356019,桃園市動物保護教育園區,桃園市動物保護教育園區,混種犬,1,M,MEDIUM,黑色,ADULT,T,https://www.pet.gov.tw/upload/pic/1714526363150.png,梅龍路５１５巷,2024-05-09,桃園市新屋區永興里3鄰藻礁路1668號,(03)4861760
355462,南投縣公立動物收容所,南投縣公立動物收容所,混種犬,1,F,MEDIUM,黃色,ADULT,T,https://www.pet.gov.tw/upload/pic/1714093466056.png,南投縣魚池鄉中明村文正巷,2024-04-24,南投縣南投市嶺興路36-1號,(049)2225440
354082,南投縣公立動物收容所,南投縣公立動物收容所,混種犬,1,F,MEDIUM,黑色,ADULT,T,https://www.pet.gov.tw/upload/pic/1713232123547.png,南投縣竹山鎮鹿山路,2024-04-18,南投縣南投市嶺興路36-1號,(049)2225440
354080,南投縣公立動物收容所,南投縣公立動物收容所,混種犬,1,F,MEDIUM,黑色,ADULT,T,https://www.pet.gov.tw/upload/pic/1713232056449.png,南投縣竹山鎮鹿山路,2024-04-18,南投縣南投市嶺興路36-1號,(049)2225440
353749,金門縣動物收容中心,金門縣動物收容中心,混種犬,1,F,MEDIUM,黑色,ADULT,T,https://www.pet.gov.tw/upload/pic/1712899364261.png,仁愛新村,,金門縣金湖鎮裕民農莊20號,(082)336625
354415,金門縣動物收容中心,金門縣動物收容中心,比熊犬,0,F,SMALL,白色,ADULT,F,https://www.pet.gov.tw/upload/pic/1713345152668.png,瓊林,,金門縣金湖鎮裕民農莊20號,(082)336625
354047,臺東縣動物收容中心,臺東縣動物收容中心,混種犬,1,F,BIG,米色,ADULT,F,https://www.pet.gov.tw/upload/pic/1713170726359.png,,2024-04-15,臺東縣臺東市中華路4段999巷600號,(089)362011
330395,桃園市動物保護教育園區,桃園市動物保護教育園區,柴犬,0,M,MEDIUM,黃色,ADULT,F,https://www.pet.gov.tw/upload/pic/1697764184195.png,內定里內定二街２００巷到文中路,2023-12-28,桃園市新屋區永興里3鄰藻礁路1668號,(03)4861760
352772,宜蘭縣流浪動物中途之家,宜蘭縣流浪動物中途之家,黃金獵犬,0,M,BIG,黃色,ADULT,F,https://www.pet.gov.tw/upload/pic/1712542200396.png,松羅,2024-04-23,宜蘭縣五結鄉成興村利寶路60號,(03)9602350620
353748,金門縣動物收容中心,金門縣動物收容中心,混種犬,1,F,BIG,棕白色,ADULT,T,https://www.pet.gov.tw/upload/pic/1712899250536.png,環島北路三段,,金門縣金湖鎮裕民農莊20號,(082)336625
349150,彰化縣流浪狗中途之家,彰化縣流浪狗中途之家,混種犬,1,F,SMALL,黑黃色,CHILD,T,https://www.pet.gov.tw/upload/pic/1709794531117.png,國勝路175巷121弄4號,2024-04-15,彰化縣員林市大峰里阿寶巷426號(大門入口請由彰化縣芬園鄉大彰路一段875巷進入走到底),(04)8590638
345349,彰化縣流浪狗中途之家,彰化縣流浪狗中途之家,混種犬,1,F,SMALL,黑色,CHILD,T,https://www.pet.gov.tw/upload/pic/1706840447743.png,平和路202號,2024-04-15,彰化縣員林市大峰里阿寶巷426號(大門入口請由彰化縣芬園鄉大彰路一段875巷進入走到底),(04)8590638
346339,彰化縣流浪狗中途之家,彰化縣流浪狗中途之家,混種犬,1,F,SMALL,黑虎斑色,CHILD,T,https://www.pet.gov.tw/upload/pic/1708141942881.png,山腳路2段98巷,2024-04-15,彰化縣員林市大峰里阿寶巷426號(大門入口請由彰化縣芬園鄉大彰路一段875巷進入走到底),(04)8590638
353738,金門縣動物收容中心,金門縣動物收容中心,混種犬,1,F,MEDIUM,黑白色,ADULT,F,https://www.pet.gov.tw/upload/pic/1712898263295.png,嚨口,2024-04-17,金門縣金湖鎮裕民農莊20號,(082)336625
351311,彰化縣流浪狗中途之家,彰化縣流浪狗中途之家,混種犬,1,F,MEDIUM,黑色,ADULT,T,https://www.pet.gov.tw/upload/pic/1711334586078.png,粿店巷安和宮附近,2024-04-15,彰化縣員林市大峰里阿寶巷426號(大門入口請由彰化縣芬園鄉大彰路一段875巷進入走到底),(04)8590638
350720,彰化縣流浪狗中途之家,彰化縣流浪狗中途之家,混種犬,1,M,SMALL,黑色,CHILD,T,https://www.pet.gov.tw/upload/pic/1710896773757.png,福興路585號,2024-04-15,彰化縣員林市大峰里阿寶巷426號(大門入口請由彰化縣芬園鄉大彰路一段875巷進入走到底),(04)8590638
350722,彰化縣流浪狗中途之家,彰化縣流浪狗中途之家,混種犬,1,M,SMALL,黑白色,CHILD,T,https://www.pet.gov.tw/upload/pic/1710899631712.png,福興路585號,2024-04-15,彰化縣員林市大峰里阿寶巷426號(大門入口請由彰化縣芬園鄉大彰路一段875巷進入走到底),(04)8590638
352387,彰化縣流浪狗中途之家,彰化縣流浪狗中途之家,混種犬,1,M,MEDIUM,黑色,ADULT,T,https://www.pet.gov.tw/upload/pic/1711943903723.png,溪林路178號,2024-04-15,彰化縣員林市大峰里阿寶巷426號(大門入口請由彰化縣芬園鄉大彰路一段875巷進入走到底),(04)8590638
352363,彰化縣流浪狗中途之家,彰化縣流浪狗中途之家,混種犬,1,M,MEDIUM,黑白色,ADULT,T,https://www.pet.gov.tw/upload/pic/1711943458098.png,粿店巷安和宮附近,2024-04-15,彰化縣員林市大峰里阿寶巷426號(大門入口請由彰化縣芬園鄉大彰路一段875巷進入走到底),(04)8590638
353415,新北市板橋區公立動物之家,新北市板橋區公立動物之家,混種犬,1,F,MEDIUM,黑色,CHILD,F,https://www.pet.gov.tw/upload/pic/1712736898861.png,安坑69-2號,2024-04-16,新北市板橋區板城路28-1號,(02)89662158
353286,南投縣公立動物收容所,南投縣公立動物收容所,混種犬,1,F,MEDIUM,虎斑色,ADULT,T,https://www.pet.gov.tw/upload/pic/1712711997916.png,南投縣草屯鎮復興里復興路,2024-04-09,南投縣南投市嶺興路36-1號,(049)2225440
352091,新北市五股區公立動物之家,新北市五股區公立動物之家,瑪爾濟斯犬,0,M,SMALL,白色,ADULT,N,https://www.pet.gov.tw/upload/pic/1711634899214.png,民族路336巷,2024-04-10,新北市五股區外寮路9-9號,(02)82925265
28983,桃園市動物保護教育園區,桃園市動物保護教育園區,混種犬,1,F,MEDIUM,黃色,ADULT,F,https://www.pet.gov.tw/upload/pic/0144b20c-2f97-472d-9766-4ef537340353.JPG,光明里民權路(光明公園內),2018-03-23,桃園市新屋區永興里3鄰藻礁路1668號,(03)4861760
326619,桃園市動物保護教育園區,桃園市動物保護教育園區,混種犬,1,F,MEDIUM,虎斑色,ADULT,F,https://www.pet.gov.tw/upload/pic/1695432972433.png,永興里８鄰文化路三段１２３９巷,,桃園市新屋區永興里3鄰藻礁路1668號,(03)4861760
352432,彰化縣流浪狗中途之家,彰化縣流浪狗中途之家,混種犬,1,F,SMALL,黑黃色,CHILD,F,https://www.pet.gov.tw/upload/pic/1711954096585.png,河濱路388巷10號,2024-04-01,彰化縣員林市大峰里阿寶巷426號(大門入口請由彰化縣芬園鄉大彰路一段875巷進入走到底),(04)8590638
352425,彰化縣流浪狗中途之家,彰化縣流浪狗中途之家,混種犬,1,M,SMALL,黑白色,CHILD,F,https://www.pet.gov.tw/upload/pic/1711953845101.png,河濱路388巷10號,2024-04-01,彰化縣員林市大峰里阿寶巷426號(大門入口請由彰化縣芬園鄉大彰路一段875巷進入走到底),(04)8590638
352282,彰化縣流浪狗中途之家,彰化縣流浪狗中途之家,混種犬,1,F,MEDIUM,黑色,ADULT,T,https://www.pet.gov.tw/upload/pic/1711779979323.png,中正東路274-3號,2024-03-30,彰化縣員林市大峰里阿寶巷426號(大門入口請由彰化縣芬園鄉大彰路一段875巷進入走到底),(04)8590638
344819,嘉義市動物保護教育園區,嘉義市動物保護教育園區,混種犬,1,F,SMALL,黑色,CHILD,T,https://www.pet.gov.tw/upload/pic/1706585755827.png,園區出生,2024-03-29,嘉義市彌陀路31號,(05)2168661
350306,彰化縣流浪狗中途之家,彰化縣流浪狗中途之家,混種犬,1,F,MEDIUM,虎斑色,ADULT,T,https://www.pet.gov.tw/upload/pic/1710558208173.png,太平路,2024-04-01,彰化縣員林市大峰里阿寶巷426號(大門入口請由彰化縣芬園鄉大彰路一段875巷進入走到底),(04)8590638
343234,嘉義市動物保護教育園區,嘉義市動物保護教育園區,柴犬,0,F,MEDIUM,棕色,ADULT,T,https://www.pet.gov.tw/upload/pic/1705386387401.png,,2024-03-28,嘉義市彌陀路31號,(05)2168661
351323,臺北市動物之家,臺北市動物之家,混種犬,1,F,MEDIUM,虎斑色,ADULT,T,https://www.pet.gov.tw/upload/pic/1711336426039.png,港華里環山路二段５０巷１４弄,2024-03-31,臺北市內湖區安美街191號,(02)87913254
319005,南投縣公立動物收容所,南投縣公立動物收容所,混種犬,1,M,MEDIUM,黃色,ADULT,T,https://www.pet.gov.tw/upload/pic/1690861385693.png,南投縣南投市八卦路,2023-10-01,南投縣南投市嶺興路36-1號,(049)2225440
343909,臺中市動物之家南屯園區,臺中市動物之家南屯園區,比特犬,0,M,MEDIUM,白色,ADULT,F,https://www.pet.gov.tw/upload/pic/1705903537589.png,中興街,2024-03-22,臺中市南屯區中台路601號,(04)23850976
349855,金門縣動物收容中心,金門縣動物收容中心,混種犬,1,F,MEDIUM,米色,ADULT,T,https://www.pet.gov.tw/upload/pic/1710305220409.png,湖下,2024-03-11,金門縣金湖鎮裕民農莊20號,(082)336625
349856,金門縣動物收容中心,金門縣動物收容中心,混種犬,1,F,MEDIUM,米色,ADULT,T,https://www.pet.gov.tw/upload/pic/1710305389970.png,湖下,2024-03-11,金門縣金湖鎮裕民農莊20號,(082)336625
348700,南投縣公立動物收容所,南投縣公立動物收容所,混種犬,1,M,MEDIUM,黑色,ADULT,T,https://www.pet.gov.tw/upload/pic/1709609095545.png,南投縣國姓鄉北港村北原路,2024-03-12,南投縣南投市嶺興路36-1號,(049)2225440
348936,臺東縣動物收容中心,臺東縣動物收容中心,混種犬,1,F,SMALL,黑棕色,CHILD,F,https://www.pet.gov.tw/upload/pic/1709705954603.png,中興路四段371號,2024-03-06,臺東縣臺東市中華路4段999巷600號,(089)362011
347268,高雄市燕巢動物保護關愛園區,高雄市燕巢動物保護關愛園區,混種犬,1,F,BIG,黃色,ADULT,F,https://www.pet.gov.tw/upload/pic/1708657432416.png,林森二路,,高雄市燕巢區師大路98號,(07)6051002
345237,南投縣公立動物收容所,南投縣公立動物收容所,高加索犬,0,M,BIG,黑黃色,ADULT,T,https://www.pet.gov.tw/upload/pic/1706756687357.png,南投縣竹山鎮竹圍里大榮街,2024-02-27,南投縣南投市嶺興路36-1號,(049)2225440
347353,苗栗縣動物保護教育園區,苗栗縣動物保護教育園區,混種犬,1,F,SMALL,黃色,CHILD,T,https://www.pet.gov.tw/upload/pic/1708656359750.png,頭份市合興里,2024-02-24,苗栗縣銅鑼鄉朝陽村6鄰朝北55-1號(地圖：https:／／goo.gl/maps/Bd4sckpEPsrof7Qb8),(037)558228
51004,桃園市動物保護教育園區,桃園市動物保護教育園區,混種犬,1,F,MEDIUM,黑白色,ADULT,F,https://www.pet.gov.tw/upload/pic/3c93b30b-04db-4a9c-b892-77508e6e6383.JPG,三元里三聖宮停車場,2018-05-31,桃園市新屋區永興里3鄰藻礁路1668號,(03)4861760
342945,新北市新店區公立動物之家,新北市新店區公立動物之家,混種犬,1,M,SMALL,黑黃色,CHILD,T,https://www.pet.gov.tw/upload/pic/1705301885488.png,錦秀路68號,2024-01-15,新北市新店區安泰路235號,(02)22159462
345477,南投縣公立動物收容所,南投縣公立動物收容所,混種犬,1,M,MEDIUM,黑色,ADULT,T,https://www.pet.gov.tw/upload/pic/1707200768517.png,南投縣草屯鎮平林里平學路,2024-02-02,南投縣南投市嶺興路36-1號,(049)2225440
340658,花蓮縣狗貓躍動園區,花蓮縣狗貓躍動園區,混種犬,1,M,MEDIUM,黃色,ADULT,T,https://www.pet.gov.tw/upload/pic/1703643790204.png,七星潭,2023-12-28,花蓮縣鳳林鎮林榮里永豐路255號,(03)8421452
253660,新竹市動物保護教育園區,新竹市動物保護教育園區,混種犬,1,M,SMALL,花色,CHILD,F,https://www.pet.gov.tw/upload/pic/42bf4cc6-8bb9-4463-a3e9-78cf5073d0bb.JPG,海埔路,2022-05-11,新竹市南寮里海濱路250號,(03)5368329
205383,新北市瑞芳區公立動物之家,新北市瑞芳區公立動物之家,混種犬,1,M,MEDIUM,虎斑色,,T,https://www.pet.gov.tw/upload/pic/1706423594010.png,瑞芳區,2021-05-06,新北市瑞芳區靜安路四段(106縣道74.5K清潔隊場區內),(02)24063481
36149,新北市五股區公立動物之家,新北市五股區公立動物之家,混種犬,1,F,MEDIUM,黃色,ADULT,F,https://www.pet.gov.tw/upload/pic/be0e3232-de45-41fe-8615-2f919a9c7b42.jpg,文化北路,2021-10-05,新北市五股區外寮路9-9號,(02)82925265
342691,臺北市動物之家,臺北市動物之家,混種犬,1,M,MEDIUM,黑白色,ADULT,T,https://www.pet.gov.tw/upload/pic/1705031830150.png,舊莊街一段145巷 (胡適國小附近),2024-01-21,臺北市內湖區安美街191號,(02)87913254
342808,高雄市壽山動物保護教育園區,高雄市壽山動物保護教育園區,混種犬,1,F,BIG,黃色,ADULT,F,https://www.pet.gov.tw/upload/pic/1705219335656.png,,2024-01-03,高雄市鼓山區萬壽路350號,(07)5519059
313461,桃園市動物保護教育園區,桃園市動物保護教育園區,混種犬,1,M,SMALL,黑色,CHILD,F,https://www.pet.gov.tw/upload/pic/1687165382105.png,瑞仁路,2024-01-11,桃園市新屋區永興里3鄰藻礁路1668號,(03)4861760
83536,桃園市動物保護教育園區,桃園市動物保護教育園區,混種犬,1,M,MEDIUM,黑色,ADULT,F,https://www.pet.gov.tw/upload/pic/5db8d928-a0d2-4945-9a9e-6b5e6dae6029.JPG,月眉里月桃路６１５巷,2024-01-11,桃園市新屋區永興里3鄰藻礁路1668號,(03)4861760
54622,桃園市動物保護教育園區,桃園市動物保護教育園區,混種犬,1,F,MEDIUM,黑色,ADULT,T,https://www.pet.gov.tw/upload/pic/e6223873-ba61-4412-88de-a3ddbc252851.JPG,雙龍街,2018-06-30,桃園市新屋區永興里3鄰藻礁路1668號,(03)4861760
49972,桃園市動物保護教育園區,桃園市動物保護教育園區,混種犬,1,F,MEDIUM,黑色,ADULT,T,https://www.pet.gov.tw/upload/pic/593c7c6f-5c8d-4765-9441-f128a0a09503.JPG,三元里三聖宮停車場,2018-05-23,桃園市新屋區永興里3鄰藻礁路1668號,(03)4861760
92308,桃園市動物保護教育園區,桃園市動物保護教育園區,混種犬,1,M,SMALL,黑色,ADULT,F,https://www.pet.gov.tw/upload/pic/22b2fbb8-7f67-4685-a81c-47d3f017e8db.JPG,大平里民治十八街120巷對面,2023-11-23,桃園市新屋區永興里3鄰藻礁路1668號,(03)4861760
342271,新北市五股區公立動物之家,新北市五股區公立動物之家,混種犬,1,F,MEDIUM,白色,ADULT,F,https://www.pet.gov.tw/upload/pic/1704783003699.png,蘆洲區永安北路二段25巷,2024-01-17,新北市五股區外寮路9-9號,(02)82925265
340901,南投縣公立動物收容所,南投縣公立動物收容所,混種犬,1,F,MEDIUM,黑色,ADULT,T,https://www.pet.gov.tw/upload/pic/1703811975510.png,南投縣埔里鎮福興路,2024-01-05,南投縣南投市嶺興路36-1號,(049)2225440
169154,新竹市動物保護教育園區,新竹市動物保護教育園區,混種犬,1,F,SMALL,黑色,ADULT,T,https://www.pet.gov.tw/upload/pic/2c21f395-4e2a-4b3d-8c6a-ad8fcc83d5cf.JPG,東香路景觀橋下,2020-07-31,新竹市南寮里海濱路250號,(03)5368329
201943,新竹市動物保護教育園區,新竹市動物保護教育園區,混種犬,1,M,MEDIUM,黑色,ADULT,T,https://www.pet.gov.tw/upload/pic/71229bad-1c5e-4d81-a7df-b0b2e6f95075.JPG,千甲路,2022-02-21,新竹市南寮里海濱路250號,(03)5368329
184181,新竹市動物保護教育園區,新竹市動物保護教育園區,混種犬,1,M,MEDIUM,黑色,ADULT,T,https://www.pet.gov.tw/upload/pic/79987909-fd65-4ee3-9d6e-02fc4244be0c.JPG,經國路一段,2020-11-21,新竹市南寮里海濱路250號,(03)5368329
311444,桃園市動物保護教育園區,桃園市動物保護教育園區,混種犬,1,M,SMALL,黑色,CHILD,F,https://www.pet.gov.tw/upload/pic/1686016730902.png,上湖里楊湖路二段７１９巷７２０弄,2023-06-06,桃園市新屋區永興里3鄰藻礁路1668號,(03)4861760
316334,桃園市動物保護教育園區,桃園市動物保護教育園區,混種犬,1,F,SMALL,黑色,CHILD,F,https://www.pet.gov.tw/upload/pic/1689056170384.png,大興路,2023-07-11,桃園市新屋區永興里3鄰藻礁路1668號,(03)4861760
313458,桃園市動物保護教育園區,桃園市動物保護教育園區,混種犬,1,F,SMALL,黑色,CHILD,F,https://www.pet.gov.tw/upload/pic/1687165328241.png,瑞仁路,2023-06-19,桃園市新屋區永興里3鄰藻礁路1668號,(03)4861760
313459,桃園市動物保護教育園區,桃園市動物保護教育園區,混種犬,1,M,SMALL,黑色,CHILD,F,https://www.pet.gov.tw/upload/pic/1687165355424.png,瑞仁路,2023-06-19,桃園市新屋區永興里3鄰藻礁路1668號,(03)4861760
213154,桃園市動物保護教育園區,桃園市動物保護教育園區,混種犬,1,F,MEDIUM,黑色,ADULT,F,https://www.pet.gov.tw/upload/pic/058e77d5-4d89-4f37-b7bc-c3f0ce29516c.jpg,觀音里三民路,2023-12-30,桃園市新屋區永興里3鄰藻礁路1668號,(03)4861760
334134,臺北市動物之家,臺北市動物之家,混種犬,1,F,MEDIUM,黑棕色,ADULT,T,https://www.pet.gov.tw/upload/pic/1699840376351.png,聯成里忠孝東路六段２７８巷２２弄,2023-12-23,臺北市內湖區安美街191號,(02)87913254
214344,澎湖縣流浪動物收容中心,澎湖縣流浪動物收容中心,混種犬,1,M,BIG,黑黃色,ADULT,T,https://www.pet.gov.tw/upload/pic/1676969804362.png,興仁里皓仁砂石場,2021-09-13,澎湖縣馬公市烏崁里260、261號,(06)9213559
339612,連江縣流浪犬收容中心,連江縣流浪犬收容中心,混種犬,1,M,MEDIUM,黑色,ADULT,F,https://www.pet.gov.tw/upload/pic/1703046121995.png,,2023-12-20,連江縣南竿鄉復興村223號,(0836)25003
338777,桃園市動物保護教育園區,桃園市動物保護教育園區,混種犬,1,M,MEDIUM,黑色,ADULT,F,https://www.pet.gov.tw/upload/pic/1702513671701.png,上湖里泰圳路1180巷,2023-12-19,桃園市新屋區永興里3鄰藻礁路1668號,(03)4861760
339276,金門縣動物收容中心,金門縣動物收容中心,混種犬,1,F,SMALL,米色,CHILD,T,https://www.pet.gov.tw/upload/pic/1702890384550.png,湖下,2023-12-15,金門縣金湖鎮裕民農莊20號,(082)336625
339273,金門縣動物收容中心,金門縣動物收容中心,混種犬,1,F,SMALL,米色,CHILD,T,https://www.pet.gov.tw/upload/pic/1702890328240.png,湖下,2023-12-15,金門縣金湖鎮裕民農莊20號,(082)336625
338136,南投縣公立動物收容所,南投縣公立動物收容所,混種犬,1,M,MEDIUM,黑色,ADULT,T,https://www.pet.gov.tw/upload/pic/1702084211662.png,南投縣草屯鎮富頂路一段,2023-12-14,南投縣南投市嶺興路36-1號,(049)2225440
301940,臺北市動物之家,臺北市動物之家,混種犬,1,F,MEDIUM,黃色,ADULT,T,https://www.pet.gov.tw/upload/pic/1680243440996.png,大稻埕碼頭,2023-04-08,臺北市內湖區安美街191號,(02)87913254
283260,臺北市動物之家,臺北市動物之家,混種犬,1,F,MEDIUM,黃白色,ADULT,T,https://www.pet.gov.tw/upload/pic/0f80de47-a7c9-49e9-a919-64c9e5444045.jpg,龍洲里	興安街,2022-11-28,臺北市內湖區安美街191號,(02)87913254
338263,桃園市動物保護教育園區,桃園市動物保護教育園區,混種犬,1,F,SMALL,黑色,CHILD,F,https://www.pet.gov.tw/upload/pic/1702271407394.png,,2023-12-11,桃園市新屋區永興里3鄰藻礁路1668號,(03)4861760
337041,臺北市動物之家,臺北市動物之家,混種犬,1,F,MEDIUM,黑色,ADULT,T,https://www.pet.gov.tw/upload/pic/1701329222584.png,安美街,2023-11-30,臺北市內湖區安美街191號,(02)87913254
337042,臺北市動物之家,臺北市動物之家,混種犬,1,F,MEDIUM,黑色,ADULT,T,https://www.pet.gov.tw/upload/pic/1701329238366.png,安美街,2023-11-30,臺北市內湖區安美街191號,(02)87913254
193114,桃園市動物保護教育園區,桃園市動物保護教育園區,混種犬,1,M,MEDIUM,虎斑色,ADULT,F,https://www.pet.gov.tw/upload/pic/7b127d34-cd08-4bd7-b667-5f2fdadad9b7.JPG,台北市文山區,2021-01-23,桃園市新屋區永興里3鄰藻礁路1668號,(03)4861760
336247,金門縣動物收容中心,金門縣動物收容中心,混種犬,1,M,MEDIUM,黑色,ADULT,T,https://www.pet.gov.tw/upload/pic/1701055772710.png,國順街,2023-11-16,金門縣金湖鎮裕民農莊20號,(082)336625
336260,金門縣動物收容中心,金門縣動物收容中心,混種犬,1,M,MEDIUM,虎斑色,ADULT,F,https://www.pet.gov.tw/upload/pic/1701057243926.png,環島北路三段,2023-11-24,金門縣金湖鎮裕民農莊20號,(082)336625
335063,新竹縣動物保護教育園區,新竹縣動物保護教育園區,混種犬,1,M,MEDIUM,黑色,ADULT,T,https://www.pet.gov.tw/upload/pic/1700278545654.png,,2023-11-18,新竹縣竹北市縣政五街192號,(03)5519548
190197,新北市三芝區公立動物之家,新北市三芝區公立動物之家,混種犬,1,M,MEDIUM,黑色,ADULT,F,https://www.pet.gov.tw/upload/pic/1700806599336.png,忠四街17號,2021-11-24,新北市三芝區青山路(龍巖人本旁),(02)26365436
190199,新北市三芝區公立動物之家,新北市三芝區公立動物之家,混種犬,1,M,MEDIUM,黑色,ADULT,F,https://www.pet.gov.tw/upload/pic/1700806505533.png,忠四街17號,2021-11-17,新北市三芝區青山路(龍巖人本旁),(02)26365436
335960,南投縣公立動物收容所,南投縣公立動物收容所,混種犬,1,M,MEDIUM,黑白色,ADULT,T,https://www.pet.gov.tw/upload/pic/1700789153920.png,南投縣南投市建國路,2023-11-23,南投縣南投市嶺興路36-1號,(049)2225440
327295,高雄市壽山動物保護教育園區,高雄市壽山動物保護教育園區,混種犬,1,F,BIG,黃色,ADULT,F,https://www.pet.gov.tw/upload/pic/1695789078340.png,果菜市場,2023-09-27,高雄市鼓山區萬壽路350號,(07)5519059
174978,新竹縣動物保護教育園區,新竹縣動物保護教育園區,混種犬,1,F,SMALL,黑色,CHILD,F,https://www.pet.gov.tw/upload/pic/3b7a6b8e-9dcc-4685-9605-ad5ee9ce7cbc.jpg,竹北市,2020-09-01,新竹縣竹北市縣政五街192號,(03)5519548
204750,新竹縣動物保護教育園區,新竹縣動物保護教育園區,混種犬,1,M,MEDIUM,黑色,ADULT,F,https://www.pet.gov.tw/upload/pic/7269f941-7c40-472c-81de-f0f26d03d3db.jpg,新豐瑞興村,2021-04-30,新竹縣竹北市縣政五街192號,(03)5519548
184870,新竹縣動物保護教育園區,新竹縣動物保護教育園區,混種犬,1,F,SMALL,黑色,CHILD,F,https://www.pet.gov.tw/upload/pic/625431b1-3aa3-46d1-b145-f094aa6e5463.jpg,光明國小公園,2020-11-18,新竹縣竹北市縣政五街192號,(03)5519548
174960,新竹縣動物保護教育園區,新竹縣動物保護教育園區,混種犬,1,F,SMALL,棕色,CHILD,F,https://www.pet.gov.tw/upload/pic/d492c26f-1b32-4673-9963-bc5482f365ef.jpg,竹北,2020-09-01,新竹縣竹北市縣政五街192號,(03)5519548
178179,新竹縣動物保護教育園區,新竹縣動物保護教育園區,混種犬,1,M,SMALL,黑色,CHILD,F,https://www.pet.gov.tw/upload/pic/2f1b2d36-bcd8-4284-9ace-e12b71eef7d5.jpg,竹北市,2020-09-25,新竹縣竹北市縣政五街192號,(03)5519548
186398,新竹縣動物保護教育園區,新竹縣動物保護教育園區,混種犬,1,F,SMALL,黑色,CHILD,F,https://www.pet.gov.tw/upload/pic/cb15764b-b50a-4cf5-a18d-b47a7dafcdb7.jpg,湖口營區,2020-11-27,新竹縣竹北市縣政五街192號,(03)5519548
174972,新竹縣動物保護教育園區,新竹縣動物保護教育園區,混種犬,1,F,SMALL,黑色,CHILD,F,https://www.pet.gov.tw/upload/pic/79105eef-3750-47bc-a587-61b9f2732a35.jpg,竹北市,2020-09-01,新竹縣竹北市縣政五街192號,(03)5519548
335411,金門縣動物收容中心,金門縣動物收容中心,混種犬,1,F,MEDIUM,虎斑色,ADULT,F,https://www.pet.gov.tw/upload/pic/1700547829444.png,昔果山,2023-11-21,金門縣金湖鎮裕民農莊20號,(082)336625
335291,宜蘭縣流浪動物中途之家,宜蘭縣流浪動物中途之家,混種犬,1,F,BIG,黃色,CHILD,T,https://www.pet.gov.tw/upload/pic/1700534425139.png,四結路,2023-11-21,宜蘭縣五結鄉成興村利寶路60號,(03)9602350620
315305,新竹市動物保護教育園區,新竹市動物保護教育園區,混種犬,1,F,MEDIUM,黑色,CHILD,T,https://www.pet.gov.tw/upload/pic/1688356899081.png,海埔路,2023-07-10,新竹市南寮里海濱路250號,(03)5368329
315304,新竹市動物保護教育園區,新竹市動物保護教育園區,混種犬,1,F,MEDIUM,黑色,CHILD,T,https://www.pet.gov.tw/upload/pic/1688356797546.png,海埔路,2023-07-10,新竹市南寮里海濱路250號,(03)5368329
334979,高雄市壽山動物保護教育園區,高雄市壽山動物保護教育園區,混種犬,1,M,MEDIUM,黑白色,ADULT,F,https://www.pet.gov.tw/upload/pic/1700203578394.png,東汕里,,高雄市鼓山區萬壽路350號,(07)5519059
253818,新竹市動物保護教育園區,新竹市動物保護教育園區,混種犬,1,M,SMALL,黑色,CHILD,T,https://www.pet.gov.tw/upload/pic/cc4054e4-dbaf-4f30-9385-baf8cc2014d9.jpg,竹蓮街,2022-05-05,新竹市南寮里海濱路250號,(03)5368329
301141,新竹市動物保護教育園區,新竹市動物保護教育園區,混種犬,1,M,SMALL,黑色,CHILD,T,https://www.pet.gov.tw/upload/pic/1679887613616.png,海埔路,2023-04-03,新竹市南寮里海濱路250號,(03)5368329
266695,新竹縣動物保護教育園區,新竹縣動物保護教育園區,混種犬,1,M,MEDIUM,黑色,ADULT,T,https://www.pet.gov.tw/upload/pic/1672027174473.png,北埔鄉,2022-07-25,新竹縣竹北市縣政五街192號,(03)5519548
327058,桃園市動物保護教育園區,桃園市動物保護教育園區,混種犬,1,F,MEDIUM,黑色,ADULT,F,https://www.pet.gov.tw/upload/pic/1695705805531.png,天祥街,,桃園市新屋區永興里3鄰藻礁路1668號,(03)4861760
333982,金門縣動物收容中心,金門縣動物收容中心,混種犬,1,M,MEDIUM,黃色,ADULT,F,https://www.pet.gov.tw/upload/pic/1699596045373.png,珠浦南路,2023-11-14,金門縣金湖鎮裕民農莊20號,(082)336625
333791,金門縣動物收容中心,金門縣動物收容中心,混種犬,1,M,MEDIUM,白色,ADULT,F,https://www.pet.gov.tw/upload/pic/1699511852043.png,后頭,2023-11-13,金門縣金湖鎮裕民農莊20號,(082)336625
333261,金門縣動物收容中心,金門縣動物收容中心,混種犬,1,F,SMALL,黑色,CHILD,F,https://www.pet.gov.tw/upload/pic/1699327744794.png,環島北路四段,2023-11-01,金門縣金湖鎮裕民農莊20號,(082)336625
288829,桃園市動物保護教育園區,桃園市動物保護教育園區,混種犬,1,M,SMALL,黑色,CHILD,F,https://www.pet.gov.tw/upload/pic/1671666114488.png,石牌里００５鄰石牌嶺,2023-03-13,桃園市新屋區永興里3鄰藻礁路1668號,(03)4861760
331925,金門縣動物收容中心,金門縣動物收容中心,混種犬,1,M,MEDIUM,黑色,ADULT,F,https://www.pet.gov.tw/upload/pic/1698565130662.png,成功,2023-11-01,金門縣金湖鎮裕民農莊20號,(082)336625
331203,臺南市動物之家善化站,臺南市動物之家善化站,混種犬,1,M,MEDIUM,黑色,ADULT,F,https://www.pet.gov.tw/upload/pic/1698222897910.png,,2023-10-30,臺南市善化區昌隆里東勢寮1~19號,(06)5832399
318094,金門縣動物收容中心,金門縣動物收容中心,混種犬,1,M,SMALL,米色,CHILD,T,https://www.pet.gov.tw/upload/pic/1690546965601.png,,2023-07-19,金門縣金湖鎮裕民農莊20號,(082)336625
61648,新北市八里區公立動物之家,新北市八里區公立動物之家,混種犬,1,M,MEDIUM,黑色,ADULT,F,https://www.pet.gov.tw/upload/pic/384202c0-0c35-467d-b058-275855c2eb10.jpg,小坑13-1,2018-08-24,新北市八里區長坑里6鄰長坑道路36號,(02)26194428
331094,新北市八里區公立動物之家,新北市八里區公立動物之家,米格魯犬,0,M,SMALL,黑黃色,ADULT,F,https://www.pet.gov.tw/upload/pic/1698131329231.png,幸福路,2023-11-01,新北市八里區長坑里6鄰長坑道路36號,(02)26194428
329406,新北市板橋區公立動物之家,新北市板橋區公立動物之家,混種犬,1,M,MEDIUM,黃白色,ADULT,F,https://www.pet.gov.tw/upload/pic/1697168685938.png,俊興街118-3號,2023-10-22,新北市板橋區板城路28-1號,(02)89662158
330626,金門縣動物收容中心,金門縣動物收容中心,混種犬,1,F,MEDIUM,白色,ADULT,F,https://www.pet.gov.tw/upload/pic/1697874280094.png,黃厝,2023-10-23,金門縣金湖鎮裕民農莊20號,(082)336625
330493,金門縣動物收容中心,金門縣動物收容中心,混種犬,1,M,MEDIUM,,CHILD,F,https://www.pet.gov.tw/upload/pic/1697784837601.png,高坑,2023-10-20,金門縣金湖鎮裕民農莊20號,(082)336625
312649,花蓮縣狗貓躍動園區,花蓮縣狗貓躍動園區,混種犬,1,M,MEDIUM,黃色,CHILD,T,https://www.pet.gov.tw/upload/pic/1686642412263.png,正信路161號,2023-08-02,花蓮縣鳳林鎮林榮里永豐路255號,(03)8421452
312645,花蓮縣狗貓躍動園區,花蓮縣狗貓躍動園區,混種犬,1,F,MEDIUM,黃色,CHILD,T,https://www.pet.gov.tw/upload/pic/1686642302170.png,正信路161號,2023-08-02,花蓮縣鳳林鎮林榮里永豐路255號,(03)8421452
311775,花蓮縣狗貓躍動園區,花蓮縣狗貓躍動園區,混種犬,1,M,MEDIUM,棕白色,CHILD,T,https://www.pet.gov.tw/upload/pic/1686120490526.png,南平里平利路6號,2023-07-29,花蓮縣鳳林鎮林榮里永豐路255號,(03)8421452
311772,花蓮縣狗貓躍動園區,花蓮縣狗貓躍動園區,混種犬,1,M,MEDIUM,棕黑色,CHILD,T,https://www.pet.gov.tw/upload/pic/1686120350321.png,南平里平利路6號,2023-07-29,花蓮縣鳳林鎮林榮里永豐路255號,(03)8421452
330253,新北市新店區公立動物之家,新北市新店區公立動物之家,混種犬,1,M,SMALL,虎斑色,CHILD,T,https://www.pet.gov.tw/upload/pic/1697691198592.png,港西路,2023-10-19,新北市新店區安泰路235號,(02)22159462
329740,新北市淡水區公立動物之家,新北市淡水區公立動物之家,台灣犬,0,M,MEDIUM,虎斑色,ADULT,F,https://www.pet.gov.tw/upload/pic/1697504864815.png,中正東路一段107巷,,新北市淡水區下圭柔山91之3號,(02)26267558
312639,花蓮縣狗貓躍動園區,花蓮縣狗貓躍動園區,混種犬,1,M,MEDIUM,黃色,CHILD,T,https://www.pet.gov.tw/upload/pic/1686642162679.png,正信路161號,2023-08-02,花蓮縣鳳林鎮林榮里永豐路255號,(03)8421452
50578,桃園市動物保護教育園區,桃園市動物保護教育園區,混種犬,1,M,MEDIUM,黃色,ADULT,T,https://www.pet.gov.tw/upload/pic/5b36689d-0f43-439e-ac79-92f6a4f86fd8.JPG,大勇里東勇二路,2018-05-28,桃園市新屋區永興里3鄰藻礁路1668號,(03)4861760
311445,桃園市動物保護教育園區,桃園市動物保護教育園區,混種犬,1,M,SMALL,黑色,CHILD,F,https://www.pet.gov.tw/upload/pic/1686016762904.png,上湖里楊湖路二段７１９巷７２０弄,2023-06-06,桃園市新屋區永興里3鄰藻礁路1668號,(03)4861760
313993,桃園市動物保護教育園區,桃園市動物保護教育園區,混種犬,1,M,SMALL,黑色,CHILD,F,https://www.pet.gov.tw/upload/pic/1687413740802.png,,2023-06-21,桃園市新屋區永興里3鄰藻礁路1668號,(03)4861760
122244,新竹市動物保護教育園區,新竹市動物保護教育園區,混種犬,1,F,MEDIUM,黑色,ADULT,T,https://www.pet.gov.tw/upload/pic/30acadea-70df-4dfa-b3f7-54e20c99d804.jpg,中華路六段,2019-10-02,新竹市南寮里海濱路250號,(03)5368329
329747,臺北市動物之家,臺北市動物之家,混種犬,1,F,MEDIUM,黑色,ADULT,T,https://www.pet.gov.tw/upload/pic/1697511395912.png,安美街,2023-10-17,臺北市內湖區安美街191號,(02)87913254
208903,新北市瑞芳區公立動物之家,新北市瑞芳區公立動物之家,混種犬,1,M,BIG,黑白色,ADULT,T,https://www.pet.gov.tw/upload/pic/fd7e0c51-ee9a-4dcc-9248-4261728ef297.jpg,瑞芳區,2021-07-27,新北市瑞芳區靜安路四段(106縣道74.5K清潔隊場區內),(02)24063481
328727,花蓮縣狗貓躍動園區,花蓮縣狗貓躍動園區,混種犬,1,M,MEDIUM,黑色,ADULT,T,https://www.pet.gov.tw/upload/pic/1696578276672.png,鳳林鎮兆豐路699號,2023-10-17,花蓮縣鳳林鎮林榮里永豐路255號,(03)8421452
264880,南投縣公立動物收容所,南投縣公立動物收容所,混種犬,1,M,MEDIUM,黑色,ADULT,T,https://www.pet.gov.tw/upload/pic/d0c51394-aad0-4c80-a027-7d32597f6cd3.JPG,南投縣南投市八卦路,2022-08-01,南投縣南投市嶺興路36-1號,(049)2225440
29276,新竹市動物保護教育園區,新竹市動物保護教育園區,混種犬,1,F,MEDIUM,黑色,ADULT,T,https://www.pet.gov.tw/upload/pic/fbf97e97-b18a-4e51-a388-8a30f690c95f.JPG,延平路二段,2016-11-22,新竹市南寮里海濱路250號,(03)5368329
301178,澎湖縣流浪動物收容中心,澎湖縣流浪動物收容中心,混種犬,1,M,BIG,虎斑色,ADULT,T,https://www.pet.gov.tw/upload/pic/1679896382681.png,光復路54巷30號旁,2023-04-10,澎湖縣馬公市烏崁里260、261號,(06)9213559
321935,新北市新店區公立動物之家,新北市新店區公立動物之家,混種犬,1,M,SMALL,白色,CHILD,F,https://www.pet.gov.tw/upload/pic/1692682129862.png,長興路55號,2023-08-22,新北市新店區安泰路235號,(02)22159462
327695,臺南市動物之家善化站,臺南市動物之家善化站,混種犬,1,F,MEDIUM,咖啡色,ADULT,F,https://www.pet.gov.tw/upload/pic/1695865061520.png,,2023-10-03,臺南市善化區昌隆里東勢寮1~19號,(06)5832399
31608,臺北市動物之家,臺北市動物之家,混種犬,1,F,MEDIUM,黑黃色,ADULT,T,https://www.pet.gov.tw/upload/pic/a099177b-77a6-463c-9d45-c11353b4d923.jpg,木柵路一段59巷,2021-04-11,臺北市內湖區安美街191號,(02)87913254
194929,桃園市動物保護教育園區,桃園市動物保護教育園區,混種犬,1,M,MEDIUM,黑色,ADULT,F,https://www.pet.gov.tw/upload/pic/3a8e7622-8b83-406e-8f7d-ca981dcd8a18.jpg,龜山區中興里萬壽路二段,2023-09-26,桃園市新屋區永興里3鄰藻礁路1668號,(03)4861760
204847,桃園市動物保護教育園區,桃園市動物保護教育園區,混種犬,1,M,MEDIUM,虎斑色,ADULT,F,https://www.pet.gov.tw/upload/pic/f972fd3b-4664-498e-93f3-f33e9fb7c8b5.jpg,桃園市八德區介壽路,2023-09-21,桃園市新屋區永興里3鄰藻礁路1668號,(03)4861760
266945,桃園市動物保護教育園區,桃園市動物保護教育園區,混種犬,1,M,MEDIUM,黑色,ADULT,F,https://www.pet.gov.tw/upload/pic/079d3060-3c0e-4ed8-9116-21c2a6ddd26c.jpg,福安二街,2022-07-26,桃園市新屋區永興里3鄰藻礁路1668號,(03)4861760
326621,臺南市動物之家善化站,臺南市動物之家善化站,混種犬,1,F,SMALL,黑色,CHILD,F,https://www.pet.gov.tw/upload/pic/1695436528022.png,,2023-09-28,臺南市善化區昌隆里東勢寮1~19號,(06)5832399
101432,桃園市動物保護教育園區,桃園市動物保護教育園區,混種犬,1,M,MEDIUM,黑色,ADULT,F,https://www.pet.gov.tw/upload/pic/4d25d78d-0f33-4ec9-8c1e-91d25da331e8.JPG,優美街８１巷,2019-05-31,桃園市新屋區永興里3鄰藻礁路1668號,(03)4861760
326293,金門縣動物收容中心,金門縣動物收容中心,混種犬,1,M,SMALL,虎斑色,ADULT,F,https://www.pet.gov.tw/upload/pic/1695277122312.png,料羅,2023-09-25,金門縣金湖鎮裕民農莊20號,(082)336625
92944,臺北市動物之家,臺北市動物之家,混種犬,1,F,MEDIUM,黑色,ADULT,T,https://www.pet.gov.tw/upload/pic/40883_108041213_0.JPG,德昌街7巷3弄,2021-04-10,臺北市內湖區安美街191號,(02)87913254
295622,澎湖縣流浪動物收容中心,澎湖縣流浪動物收容中心,混種犬,1,M,BIG,黃色,ADULT,F,https://www.pet.gov.tw/upload/pic/1676686048144.png,鎖港里全家後方,2023-02-22,澎湖縣馬公市烏崁里260、261號,(06)9213559
312643,澎湖縣流浪動物收容中心,澎湖縣流浪動物收容中心,混種犬,1,M,MEDIUM,黑黃色,CHILD,F,https://www.pet.gov.tw/upload/pic/1686642200116.png,中西代天宮,2023-06-19,澎湖縣馬公市烏崁里260、261號,(06)9213559
227329,澎湖縣流浪動物收容中心,澎湖縣流浪動物收容中心,混種犬,1,M,SMALL,黃色,ADULT,T,https://www.pet.gov.tw/upload/pic/ac0771cf-1659-49be-9fe3-1621b0fd96d5.jpg,山水里夏日炭烤旁涼亭,2021-10-25,澎湖縣馬公市烏崁里260、261號,(06)9213559
325229,高雄市壽山動物保護教育園區,高雄市壽山動物保護教育園區,混種犬,1,M,SMALL,黑色,CHILD,F,https://www.pet.gov.tw/upload/pic/1694663914449.png,中仁路,2023-09-14,高雄市鼓山區萬壽路350號,(07)5519059
325222,高雄市壽山動物保護教育園區,高雄市壽山動物保護教育園區,混種犬,1,F,SMALL,黑色,CHILD,F,https://www.pet.gov.tw/upload/pic/1694663563099.png,中仁路,2023-09-14,高雄市鼓山區萬壽路350號,(07)5519059
295637,澎湖縣流浪動物收容中心,澎湖縣流浪動物收容中心,混種犬,1,M,MEDIUM,黑色,CHILD,T,https://www.pet.gov.tw/upload/pic/1676705471400.png,黑砂糖冰廠,2023-02-25,澎湖縣馬公市烏崁里260、261號,(06)9213559
291773,澎湖縣流浪動物收容中心,澎湖縣流浪動物收容中心,混種犬,1,F,BIG,黑黃色,ADULT,T,https://www.pet.gov.tw/upload/pic/1673507145746.png,五德里,2023-01-18,澎湖縣馬公市烏崁里260、261號,(06)9213559
184132,澎湖縣流浪動物收容中心,澎湖縣流浪動物收容中心,混種犬,1,M,BIG,黑色,ADULT,T,https://www.pet.gov.tw/upload/pic/1676969313943.png,興仁里,2020-11-23,澎湖縣馬公市烏崁里260、261號,(06)9213559
183379,澎湖縣流浪動物收容中心,澎湖縣流浪動物收容中心,混種犬,1,F,BIG,黃色,ADULT,T,https://www.pet.gov.tw/upload/pic/f173cfbc-3049-4d50-8704-5e975bcb3575.jpg,風櫃,2020-11-17,澎湖縣馬公市烏崁里260、261號,(06)9213559
324607,高雄市壽山動物保護教育園區,高雄市壽山動物保護教育園區,混種犬,1,M,SMALL,黑色,CHILD,F,https://www.pet.gov.tw/upload/pic/1694417594113.png,中華路,2023-09-11,高雄市鼓山區萬壽路350號,(07)5519059
303233,金門縣動物收容中心,金門縣動物收容中心,混種犬,1,F,MEDIUM,黑黃色,ADULT,F,https://www.pet.gov.tw/upload/pic/1681280139538.png,,2023-04-12,金門縣金湖鎮裕民農莊20號,(082)336625
313454,金門縣動物收容中心,金門縣動物收容中心,混種犬,1,F,SMALL,黑色,CHILD,F,https://www.pet.gov.tw/upload/pic/1687143064481.png,,2023-08-14,金門縣金湖鎮裕民農莊20號,(082)336625
218780,澎湖縣流浪動物收容中心,澎湖縣流浪動物收容中心,混種犬,1,F,BIG,黑黃色,ADULT,T,https://www.pet.gov.tw/upload/pic/a9e0ac77-3682-4da1-a51b-851a35739781.jpg,二崁海濱公路旁,2021-08-27,澎湖縣馬公市烏崁里260、261號,(06)9213559
257227,澎湖縣流浪動物收容中心,澎湖縣流浪動物收容中心,混種犬,1,F,BIG,黑黃色,ADULT,T,https://www.pet.gov.tw/upload/pic/30390365-cb30-47ea-bdd7-bbf5588b2c8b.jpg,西文里華永水泥場,2022-06-03,澎湖縣馬公市烏崁里260、261號,(06)9213559
59219,澎湖縣流浪動物收容中心,澎湖縣流浪動物收容中心,混種犬,1,M,MEDIUM,棕色,ADULT,T,https://www.pet.gov.tw/upload/pic/5b6ddc3d-8f13-43c7-8962-f9835ab47734.jpg,馬公市四維路,2018-08-03,澎湖縣馬公市烏崁里260、261號,(06)9213559
215924,澎湖縣流浪動物收容中心,澎湖縣流浪動物收容中心,混種犬,1,M,BIG,黑色,ADULT,T,https://www.pet.gov.tw/upload/pic/16993d8f-164d-4000-8430-ffab1dce4007.jpg,龍門閉鎖陣地,2021-08-05,澎湖縣馬公市烏崁里260、261號,(06)9213559
77179,臺北市動物之家,臺北市動物之家,混種犬,1,M,SMALL,黑色,CHILD,T,https://www.pet.gov.tw/upload/pic/87b01371-2ab7-400e-b6a9-dbebe1882cb5.jpg,竹子湖路,2021-04-11,臺北市內湖區安美街191號,(02)87913254
60963,臺北市動物之家,臺北市動物之家,混種犬,1,M,MEDIUM,黑色,CHILD,T,https://www.pet.gov.tw/upload/pic/868aa7b3-ffbd-409a-924e-2f855c09777f.jpg,永靜公園,2021-04-11,臺北市內湖區安美街191號,(02)87913254
286352,新竹市動物保護教育園區,新竹市動物保護教育園區,混種犬,1,M,SMALL,黃色,CHILD,T,https://www.pet.gov.tw/upload/pic/1670295551649.png,,2022-12-06,新竹市南寮里海濱路250號,(03)5368329
324045,金門縣動物收容中心,金門縣動物收容中心,混種犬,1,M,MEDIUM,白色,CHILD,T,https://www.pet.gov.tw/upload/pic/1693990919119.png,東崗,2023-09-06,金門縣金湖鎮裕民農莊20號,(082)336625
218937,新竹市動物保護教育園區,新竹市動物保護教育園區,混種犬,1,M,MEDIUM,黃色,ADULT,F,https://www.pet.gov.tw/upload/pic/b2211609-0c7b-481d-a11c-a080ff57fafd.jpg,南寮漁港（8/22）,2021-08-31,新竹市南寮里海濱路250號,(03)5368329
220835,新竹市動物保護教育園區,新竹市動物保護教育園區,混種犬,1,F,MEDIUM,黃色,ADULT,F,https://www.pet.gov.tw/upload/pic/22d9f8ca-83e3-4d8c-b344-ec956461c675.jpg,觀音亭 南寮,2021-09-11,新竹市南寮里海濱路250號,(03)5368329
220836,新竹市動物保護教育園區,新竹市動物保護教育園區,混種犬,1,F,MEDIUM,白色,ADULT,F,https://www.pet.gov.tw/upload/pic/16bbcafa-1178-4e75-a058-786e23fad07d.jpg,觀音亭  南寮,2021-09-11,新竹市南寮里海濱路250號,(03)5368329
313875,花蓮縣狗貓躍動園區,花蓮縣狗貓躍動園區,混種犬,1,M,MEDIUM,棕黑色,CHILD,T,https://www.pet.gov.tw/upload/pic/1687321975806.png,北林復興路157號,2023-09-06,花蓮縣鳳林鎮林榮里永豐路255號,(03)8421452
313874,花蓮縣狗貓躍動園區,花蓮縣狗貓躍動園區,混種犬,1,F,MEDIUM,棕色,CHILD,T,https://www.pet.gov.tw/upload/pic/1687321851355.png,北林復興路157號,2023-09-06,花蓮縣鳳林鎮林榮里永豐路255號,(03)8421452
31640,臺北市動物之家,臺北市動物之家,混種犬,1,M,MEDIUM,黑色,ADULT,T,https://www.pet.gov.tw/upload/pic/fe98ff49-5966-4815-81a9-477b9aaf8d5f.jpg,信義路5段150巷315弄,2018-02-10,臺北市內湖區安美街191號,(02)87913254
323471,新北市五股區公立動物之家,新北市五股區公立動物之家,混種犬,1,F,MEDIUM,虎斑色,ADULT,F,https://www.pet.gov.tw/upload/pic/1693545333168.png,三重區河邊北街17號,,新北市五股區外寮路9-9號,(02)82925265
323097,臺南市動物之家善化站,臺南市動物之家善化站,混種犬,1,F,MEDIUM,黃色,ADULT,F,https://www.pet.gov.tw/upload/pic/1693444648655.png,,2023-09-04,臺南市善化區昌隆里東勢寮1~19號,(06)5832399
323096,臺南市動物之家善化站,臺南市動物之家善化站,混種犬,1,F,MEDIUM,虎斑色,ADULT,F,https://www.pet.gov.tw/upload/pic/1693444623307.png,,2023-09-04,臺南市善化區昌隆里東勢寮1~19號,(06)5832399
323026,臺南市動物之家善化站,臺南市動物之家善化站,混種犬,1,M,MEDIUM,黑色,ADULT,F,https://www.pet.gov.tw/upload/pic/1693444601069.png,,2023-09-04,臺南市善化區昌隆里東勢寮1~19號,(06)5832399
323025,臺南市動物之家善化站,臺南市動物之家善化站,混種犬,1,F,MEDIUM,黑色,ADULT,F,https://www.pet.gov.tw/upload/pic/1693444566900.png,,2023-09-04,臺南市善化區昌隆里東勢寮1~19號,(06)5832399
323231,澎湖縣流浪動物收容中心,澎湖縣流浪動物收容中心,混種犬,1,F,BIG,黃色,ADULT,T,https://www.pet.gov.tw/upload/pic/1693386911345.png,朝陽路54巷8號,2023-09-11,澎湖縣馬公市烏崁里260、261號,(06)9213559
277601,臺北市動物之家,臺北市動物之家,混種犬,1,M,SMALL,咖啡色,CHILD,T,https://www.pet.gov.tw/upload/pic/1682857992953.png,動物之家,2022-10-08,臺北市內湖區安美街191號,(02)87913254
129067,新竹市動物保護教育園區,新竹市動物保護教育園區,混種犬,1,F,SMALL,黑色,ADULT,T,https://www.pet.gov.tw/upload/pic/9d055233-4faf-4a44-ae4e-7ef2e6bc2f93.jpg,中華路六段,2019-11-11,新竹市南寮里海濱路250號,(03)5368329
322951,臺南市動物之家善化站,臺南市動物之家善化站,混種犬,1,F,MEDIUM,黑色,ADULT,F,https://www.pet.gov.tw/upload/pic/1693356024924.png,,2023-09-04,臺南市善化區昌隆里東勢寮1~19號,(06)5832399
322948,臺南市動物之家善化站,臺南市動物之家善化站,混種犬,1,F,MEDIUM,黑色,ADULT,F,https://www.pet.gov.tw/upload/pic/1693355976120.png,,2023-09-04,臺南市善化區昌隆里東勢寮1~19號,(06)5832399
322944,臺南市動物之家善化站,臺南市動物之家善化站,混種犬,1,M,MEDIUM,黑色,ADULT,F,https://www.pet.gov.tw/upload/pic/1693355957372.png,,2023-09-04,臺南市善化區昌隆里東勢寮1~19號,(06)5832399
292802,臺北市動物之家,臺北市動物之家,混種犬,1,M,MEDIUM,黑色,ADULT,F,https://www.pet.gov.tw/upload/pic/1675058973888.png,關渡里知行路,2023-02-19,臺北市內湖區安美街191號,(02)87913254
201343,臺北市動物之家,臺北市動物之家,混種犬,1,F,MEDIUM,黑色,CHILD,T,https://www.pet.gov.tw/upload/pic/616c23ed-51a3-45d0-b535-29eb2ebe63f5.jpg,吳興街,2021-05-03,臺北市內湖區安美街191號,(02)87913254
191757,臺北市動物之家,臺北市動物之家,混種犬,1,M,MEDIUM,黑白色,ADULT,T,https://www.pet.gov.tw/upload/pic/36e8dc6c-3fe6-456b-90ee-bba88b524c50.jpg,幽雅路杏林巷,2021-03-26,臺北市內湖區安美街191號,(02)87913254
259829,臺北市動物之家,臺北市動物之家,混種犬,1,F,MEDIUM,虎斑色,ADULT,T,https://www.pet.gov.tw/upload/pic/1690004978025.png,觀山河濱公園,2022-06-23,臺北市內湖區安美街191號,(02)87913254
47244,臺北市動物之家,臺北市動物之家,混種犬,1,F,SMALL,黑色,CHILD,T,https://www.pet.gov.tw/upload/pic/9e323007-ea1c-494d-ad1e-b45ef865015a.jpg,光明派出所,2021-04-11,臺北市內湖區安美街191號,(02)87913254
181747,臺北市動物之家,臺北市動物之家,混種犬,1,M,MEDIUM,黃色,ADULT,T,https://www.pet.gov.tw/upload/pic/7b15b7ad-f70e-4627-b4be-1f556b9c4003.jpg,崇仰一路、奇岩路口,2021-04-10,臺北市內湖區安美街191號,(02)87913254
92723,臺北市動物之家,臺北市動物之家,混種犬,1,F,MEDIUM,黃色,ADULT,T,https://www.pet.gov.tw/upload/pic/6ec870ec-42c6-48ba-871d-37c0884c5ca6.jpg,重慶南路2段8巷,2021-04-10,臺北市內湖區安美街191號,(02)87913254
56300,臺北市動物之家,臺北市動物之家,混種犬,1,M,MEDIUM,虎斑色,ADULT,T,https://www.pet.gov.tw/upload/pic/20ef4953-e2ee-4167-a9a4-3c6b5a639c16.jpg,中正路,2021-04-10,臺北市內湖區安美街191號,(02)87913254
31297,臺北市動物之家,臺北市動物之家,混種犬,1,M,SMALL,黑色,ADULT,T,https://www.pet.gov.tw/upload/pic/a96f65dc-970c-4d61-af82-09ba4d7eec4e.jpg,內湖路1段715巷,2021-04-10,臺北市內湖區安美街191號,(02)87913254
31654,臺北市動物之家,臺北市動物之家,混種犬,1,F,MEDIUM,黑白色,ADULT,T,https://www.pet.gov.tw/upload/pic/d8be9762-7161-4097-98de-e6de476dc6ca.jpg,動物之家,2017-12-21,臺北市內湖區安美街191號,(02)87913254
288672,臺北市動物之家,臺北市動物之家,混種犬,1,M,MEDIUM,黑色,ADULT,T,https://www.pet.gov.tw/upload/pic/1671530827792.png,政大里萬壽路,2023-02-06,臺北市內湖區安美街191號,(02)87913254
301939,臺北市動物之家,臺北市動物之家,混種犬,1,M,MEDIUM,黑色,ADULT,T,https://www.pet.gov.tw/upload/pic/1680243338042.png,大稻埕碼頭,2023-05-15,臺北市內湖區安美街191號,(02)87913254
33845,臺北市動物之家,臺北市動物之家,混種犬,1,F,SMALL,黑色,CHILD,T,https://www.pet.gov.tw/upload/pic/VAAAG1070207005_2.jpg,貴陽街二段,2018-02-03,臺北市內湖區安美街191號,(02)87913254
312306,臺北市動物之家,臺北市動物之家,混種犬,1,F,MEDIUM,棕色,ADULT,T,https://www.pet.gov.tw/upload/pic/1686532624982.png,學府里基隆路四段,2023-06-25,臺北市內湖區安美街191號,(02)87913254
322838,嘉義市動物保護教育園區,嘉義市動物保護教育園區,混種犬,1,F,MEDIUM,棕色,ADULT,F,https://www.pet.gov.tw/upload/pic/1693207322781.png,公園街125號,,嘉義市彌陀路31號,(05)2168661
214300,澎湖縣流浪動物收容中心,澎湖縣流浪動物收容中心,混種犬,1,M,MEDIUM,黑色,ADULT,T,https://www.pet.gov.tw/upload/pic/1676969716055.png,西文里,2021-07-20,澎湖縣馬公市烏崁里260、261號,(06)9213559
209635,澎湖縣流浪動物收容中心,澎湖縣流浪動物收容中心,混種犬,1,M,BIG,黑色,ADULT,T,https://www.pet.gov.tw/upload/pic/1676969435018.png,講美汽車修理廠,2021-06-21,澎湖縣馬公市烏崁里260、261號,(06)9213559
247118,澎湖縣流浪動物收容中心,澎湖縣流浪動物收容中心,混種犬,1,M,BIG,黑黃色,ADULT,T,https://www.pet.gov.tw/upload/pic/1676969587530.png,二崁村陳家古厝後面,2022-03-25,澎湖縣馬公市烏崁里260、261號,(06)9213559
251521,澎湖縣流浪動物收容中心,澎湖縣流浪動物收容中心,混種犬,1,M,BIG,黑色,ADULT,T,https://www.pet.gov.tw/upload/pic/1676969482835.png,鎖港里小管工廠,2022-04-27,澎湖縣馬公市烏崁里260、261號,(06)9213559
322532,金門縣動物收容中心,金門縣動物收容中心,混種犬,1,M,SMALL,白色,CHILD,F,https://www.pet.gov.tw/upload/pic/1692944757849.png,上林,2023-08-31,金門縣金湖鎮裕民農莊20號,(082)336625
215597,澎湖縣流浪動物收容中心,澎湖縣流浪動物收容中心,混種犬,1,M,BIG,虎斑色,ADULT,T,https://www.pet.gov.tw/upload/pic/1676969953201.png,馬公市鎖港里,2021-07-27,澎湖縣馬公市烏崁里260、261號,(06)9213559
291191,澎湖縣流浪動物收容中心,澎湖縣流浪動物收容中心,混種犬,1,M,BIG,黑黃色,ADULT,T,https://www.pet.gov.tw/upload/pic/1673255122366.png,,2023-01-16,澎湖縣馬公市烏崁里260、261號,(06)9213559
291193,澎湖縣流浪動物收容中心,澎湖縣流浪動物收容中心,混種犬,1,M,BIG,黑黃色,ADULT,T,https://www.pet.gov.tw/upload/pic/1673255226125.png,,2023-01-16,澎湖縣馬公市烏崁里260、261號,(06)9213559
291767,澎湖縣流浪動物收容中心,澎湖縣流浪動物收容中心,混種犬,1,M,BIG,黑黃色,ADULT,T,https://www.pet.gov.tw/upload/pic/1673506504662.png,五德里,2023-01-18,澎湖縣馬公市烏崁里260、261號,(06)9213559
317476,澎湖縣流浪動物收容中心,澎湖縣流浪動物收容中心,混種犬,1,F,BIG,黃色,ADULT,T,https://www.pet.gov.tw/upload/pic/1689839846659.png,後港公園旁,2023-07-31,澎湖縣馬公市烏崁里260、261號,(06)9213559
308737,澎湖縣流浪動物收容中心,澎湖縣流浪動物收容中心,混種犬,1,F,BIG,黑色,ADULT,T,https://www.pet.gov.tw/upload/pic/1684567519575.png,,2023-05-30,澎湖縣馬公市烏崁里260、261號,(06)9213559
317478,澎湖縣流浪動物收容中心,澎湖縣流浪動物收容中心,混種犬,1,F,BIG,黑色,ADULT,T,https://www.pet.gov.tw/upload/pic/1689840023039.png,嵵裡後港公園旁,2023-07-31,澎湖縣馬公市烏崁里260、261號,(06)9213559
301075,澎湖縣流浪動物收容中心,澎湖縣流浪動物收容中心,混種犬,1,F,BIG,黑黃色,ADULT,T,https://www.pet.gov.tw/upload/pic/1679886168390.png,菜園生命紀念館,2023-03-25,澎湖縣馬公市烏崁里260、261號,(06)9213559
322060,高雄市燕巢動物保護關愛園區,高雄市燕巢動物保護關愛園區,混種犬,1,F,MEDIUM,黑色,CHILD,F,https://www.pet.gov.tw/upload/pic/1692756400319.png,復興路,2023-08-23,高雄市燕巢區師大路98號,(07)6051002
260939,新竹市動物保護教育園區,新竹市動物保護教育園區,混種犬,1,F,SMALL,黑色,CHILD,F,https://www.pet.gov.tw/upload/pic/da92c58c-71b7-4393-927d-cb3fb6a4fb3a.jpg,海濱路,2022-06-22,新竹市南寮里海濱路250號,(03)5368329
280074,新竹市動物保護教育園區,新竹市動物保護教育園區,混種犬,1,F,SMALL,黃色,CHILD,T,https://www.pet.gov.tw/upload/pic/49ce06ce-ce1d-4d85-9e49-1b654fa5cb2c.jpg,海埔路,2022-11-03,新竹市南寮里海濱路250號,(03)5368329
288943,桃園市動物保護教育園區,桃園市動物保護教育園區,混種犬,1,M,MEDIUM,黃色,ADULT,T,https://www.pet.gov.tw/upload/pic/1671692101830.png,白鷺里永豐南路,,桃園市新屋區永興里3鄰藻礁路1668號,(03)4861760
321731,金門縣動物收容中心,金門縣動物收容中心,混種犬,1,F,MEDIUM,白色,ADULT,T,https://www.pet.gov.tw/upload/pic/1692601243930.png,麒麟山,2023-08-21,金門縣金湖鎮裕民農莊20號,(082)336625
321730,金門縣動物收容中心,金門縣動物收容中心,混種犬,1,F,MEDIUM,白色,ADULT,F,https://www.pet.gov.tw/upload/pic/1692601165906.png,湖下,2023-10-17,金門縣金湖鎮裕民農莊20號,(082)336625
120592,新竹市動物保護教育園區,新竹市動物保護教育園區,混種犬,1,M,SMALL,虎斑色,ADULT,T,https://www.pet.gov.tw/upload/pic/20c3ac20-7245-4afd-a83b-32b97a46e125.jpg,民富街,2019-09-20,新竹市南寮里海濱路250號,(03)5368329
321449,金門縣動物收容中心,金門縣動物收容中心,混種犬,1,F,MEDIUM,棕色,CHILD,F,https://www.pet.gov.tw/upload/pic/1692328361204.png,,2023-08-25,金門縣金湖鎮裕民農莊20號,(082)336625
321445,金門縣動物收容中心,金門縣動物收容中心,混種犬,1,M,SMALL,白色,CHILD,F,https://www.pet.gov.tw/upload/pic/1692327706345.png,,2023-08-21,金門縣金湖鎮裕民農莊20號,(082)336625
31303,臺北市動物之家,臺北市動物之家,混種犬,1,M,SMALL,黃色,CHILD,T,https://www.pet.gov.tw/upload/pic/6b04d7f6-9a1e-4ee0-935c-50a5152a6f5e.jpg,至善路3段336弄,2016-01-17,臺北市內湖區安美街191號,(02)87913254
31266,臺北市動物之家,臺北市動物之家,混種犬,1,F,MEDIUM,虎斑色,ADULT,T,https://www.pet.gov.tw/upload/pic/17966_104100808_1.jpg,研究院路一段130巷,2021-04-11,臺北市內湖區安美街191號,(02)87913254
198205,臺北市動物之家,臺北市動物之家,混種犬,1,F,MEDIUM,黑白色,ADULT,T,https://www.pet.gov.tw/upload/pic/1691811807309.png,內湖路三段256巷,2021-03-27,臺北市內湖區安美街191號,(02)87913254
108696,臺北市動物之家,臺北市動物之家,混種犬,1,F,MEDIUM,黑色,ADULT,T,https://www.pet.gov.tw/upload/pic/48771_108071513_0.JPG,延平北路6段413巷,2021-04-11,臺北市內湖區安美街191號,(02)87913254
155322,臺北市動物之家,臺北市動物之家,混種犬,1,F,SMALL,黑色,CHILD,T,https://www.pet.gov.tw/upload/pic/295d1e0a-ff9a-4cf2-b7a0-7b40001cf04f.jpg,竹子湖路,2021-04-11,臺北市內湖區安美街191號,(02)87913254
243005,臺北市動物之家,臺北市動物之家,混種犬,1,M,SMALL,黑色,CHILD,F,https://www.pet.gov.tw/upload/pic/24f7d5de-4c43-4b8c-a85a-e836ab82af30.jpg,行義路泉源路口,2022-02-17,臺北市內湖區安美街191號,(02)87913254
31249,臺北市動物之家,臺北市動物之家,混種犬,1,M,SMALL,黑色,CHILD,T,https://www.pet.gov.tw/upload/pic/d3491267-eb85-4e3d-bcb7-ae4afe6fba52.jpg,菁山路101巷,2021-04-10,臺北市內湖區安美街191號,(02)87913254
199626,臺北市動物之家,臺北市動物之家,混種犬,1,F,MEDIUM,黑色,CHILD,T,https://www.pet.gov.tw/upload/pic/076d4332-dea8-43fb-86bf-984a3476910c.jpg,南港路一段,2021-10-01,臺北市內湖區安美街191號,(02)87913254
320201,金門縣動物收容中心,金門縣動物收容中心,混種犬,1,F,SMALL,虎斑色,CHILD,F,https://www.pet.gov.tw/upload/pic/1691566103278.png,,2023-10-03,金門縣金湖鎮裕民農莊20號,(082)336625
320200,金門縣動物收容中心,金門縣動物收容中心,混種犬,1,F,SMALL,黑色,CHILD,F,https://www.pet.gov.tw/upload/pic/1691566050050.png,,2023-08-03,金門縣金湖鎮裕民農莊20號,(082)336625
72304,臺北市動物之家,臺北市動物之家,混種犬,1,F,MEDIUM,黑色,ADULT,T,https://www.pet.gov.tw/upload/pic/37219_107091702_0.JPG,聖景路,2021-04-10,臺北市內湖區安美街191號,(02)87913254
252924,桃園市動物保護教育園區,桃園市動物保護教育園區,混種犬,1,M,MEDIUM,黑白色,ADULT,F,https://www.pet.gov.tw/upload/pic/32be966c-c4d9-4417-953e-762aa2228f85.jpg,動保園區,2023-03-15,桃園市新屋區永興里3鄰藻礁路1668號,(03)4861760
319317,臺南市動物之家善化站,臺南市動物之家善化站,混種犬,1,M,MEDIUM,白色,ADULT,F,https://www.pet.gov.tw/upload/pic/1691107676020.png,,2023-08-08,臺南市善化區昌隆里東勢寮1~19號,(06)5832399
318716,臺中市動物之家后里園區,臺中市動物之家后里園區,混種犬,1,F,MEDIUM,黑色,ADULT,T,https://www.pet.gov.tw/upload/pic/1691030858874.png,庄前路8號,2023-08-03,臺中市后里區堤防路370號,(04)25588024
318658,金門縣動物收容中心,金門縣動物收容中心,混種犬,1,F,SMALL,,CHILD,F,https://www.pet.gov.tw/upload/pic/1690962310683.png,,2023-08-01,金門縣金湖鎮裕民農莊20號,(082)336625
318498,金門縣動物收容中心,金門縣動物收容中心,混種犬,1,M,SMALL,黃虎斑色,CHILD,T,https://www.pet.gov.tw/upload/pic/1690479916388.png,,2023-07-25,金門縣金湖鎮裕民農莊20號,(082)336625
318497,金門縣動物收容中心,金門縣動物收容中心,混種犬,1,M,SMALL,,CHILD,T,https://www.pet.gov.tw/upload/pic/1690479838028.png,,2023-07-25,金門縣金湖鎮裕民農莊20號,(082)336625
318496,金門縣動物收容中心,金門縣動物收容中心,混種犬,1,M,SMALL,,CHILD,F,https://www.pet.gov.tw/upload/pic/1690479768590.png,,2023-07-25,金門縣金湖鎮裕民農莊20號,(082)336625
318104,金門縣動物收容中心,金門縣動物收容中心,混種犬,1,F,SMALL,黃色,CHILD,T,https://www.pet.gov.tw/upload/pic/1690297390374.png,,2023-07-21,金門縣金湖鎮裕民農莊20號,(082)336625
318103,金門縣動物收容中心,金門縣動物收容中心,混種犬,1,M,SMALL,黃色,CHILD,T,https://www.pet.gov.tw/upload/pic/1690297323043.png,,2023-07-21,金門縣金湖鎮裕民農莊20號,(082)336625
318102,金門縣動物收容中心,金門縣動物收容中心,混種犬,1,F,MEDIUM,白色,ADULT,T,https://www.pet.gov.tw/upload/pic/1690297187105.png,,2023-07-21,金門縣金湖鎮裕民農莊20號,(082)336625
318097,金門縣動物收容中心,金門縣動物收容中心,混種犬,1,M,SMALL,米色,CHILD,T,https://www.pet.gov.tw/upload/pic/1690295943031.png,,2023-07-19,金門縣金湖鎮裕民農莊20號,(082)336625
318095,金門縣動物收容中心,金門縣動物收容中心,混種犬,1,F,SMALL,米色,CHILD,T,https://www.pet.gov.tw/upload/pic/1690295529240.png,,2023-07-19,金門縣金湖鎮裕民農莊20號,(082)336625
317879,新竹市動物保護教育園區,新竹市動物保護教育園區,貴賓犬,0,M,SMALL,棕色,ADULT,F,https://www.pet.gov.tw/upload/pic/1690184012392.png,南大路,,新竹市南寮里海濱路250號,(03)5368329
315531,新北市中和區公立動物之家,新北市中和區公立動物之家,傑克羅素梗,0,F,SMALL,黃白色,ADULT,T,https://www.pet.gov.tw/upload/pic/1688451822804.png,綠寶石公園,2023-07-16,新北市中和區興南路三段100號,(02)86685547
315194,臺中市動物之家后里園區,臺中市動物之家后里園區,混種犬,1,M,BIG,黃白色,ADULT,T,https://www.pet.gov.tw/upload/pic/1688200028220.png,新興路554號(德興公園),2023-07-21,臺中市后里區堤防路370號,(04)25588024
314750,苗栗縣動物保護教育園區,苗栗縣動物保護教育園區,混種犬,1,F,BIG,黑色,ADULT,T,https://www.pet.gov.tw/upload/pic/1687935367669.png,南庄蓬萊,2023-07-25,苗栗縣銅鑼鄉朝陽村6鄰朝北55-1號(地圖：https:／／goo.gl/maps/Bd4sckpEPsrof7Qb8),(037)558228
317451,新北市中和區公立動物之家,新北市中和區公立動物之家,混種犬,1,M,MEDIUM,黑色,ADULT,F,https://www.pet.gov.tw/upload/pic/1689756091224.png,石門路32巷,,新北市中和區興南路三段100號,(02)86685547
317305,新北市板橋區公立動物之家,新北市板橋區公立動物之家,混種犬,1,F,MEDIUM,黑色,CHILD,T,https://www.pet.gov.tw/upload/pic/1689731445879.png,板城路清潔隊前,2023-07-19,新北市板橋區板城路28-1號,(02)89662158
316596,高雄市燕巢動物保護關愛園區,高雄市燕巢動物保護關愛園區,混種犬,1,M,MEDIUM,黃色,ADULT,F,https://www.pet.gov.tw/upload/pic/1689644403540.png,中民路,,高雄市燕巢區師大路98號,(07)6051002
317040,新竹縣動物保護教育園區,新竹縣動物保護教育園區,混種犬,1,N,SMALL,黃色,CHILD,F,https://www.pet.gov.tw/upload/pic/1689581739398.png,,2023-07-17,新竹縣竹北市縣政五街192號,(03)5519548
298831,桃園市動物保護教育園區,桃園市動物保護教育園區,瑪爾濟斯犬,0,F,SMALL,白色,CHILD,F,https://www.pet.gov.tw/upload/pic/1678689378877.png,大坑山區,2023-07-25,桃園市新屋區永興里3鄰藻礁路1668號,(03)4861760
227281,澎湖縣流浪動物收容中心,澎湖縣流浪動物收容中心,混種犬,1,F,BIG,虎斑色,ADULT,T,https://www.pet.gov.tw/upload/pic/03135863-e765-4f8e-b1b0-7b9b17f275b8.jpg,興仁里87之4號,2021-10-25,澎湖縣馬公市烏崁里260、261號,(06)9213559
217403,澎湖縣流浪動物收容中心,澎湖縣流浪動物收容中心,混種犬,1,M,MEDIUM,黃色,ADULT,T,https://www.pet.gov.tw/upload/pic/9a2d862e-fa1c-4e12-b85c-c4c38d283220.jpg,案山里文山路豬仔檳榔攤前方草皮,2021-08-18,澎湖縣馬公市烏崁里260、261號,(06)9213559
229015,澎湖縣流浪動物收容中心,澎湖縣流浪動物收容中心,混種犬,1,F,BIG,黑色,ADULT,T,https://www.pet.gov.tw/upload/pic/6733b21f-57ee-4ddb-b4e2-20bf7b5b22aa.jpg,隘門村51-2號,2021-11-05,澎湖縣馬公市烏崁里260、261號,(06)9213559
316283,臺北市動物之家,臺北市動物之家,混種犬,1,F,MEDIUM,黑色,ADULT,T,https://www.pet.gov.tw/upload/pic/1689064828260.png,,2023-07-11,臺北市內湖區安美街191號,(02)87913254
199304,澎湖縣流浪動物收容中心,澎湖縣流浪動物收容中心,混種犬,1,M,BIG,黑色,ADULT,T,https://www.pet.gov.tw/upload/pic/e802b63a-6592-4884-bf54-587ff747d252.jpg,太子廟前樹林,2021-03-27,澎湖縣馬公市烏崁里260、261號,(06)9213559
316279,新竹縣動物保護防疫所,新竹縣動物保護防疫所,混種犬,1,M,MEDIUM,黑色,ADULT,F,https://www.pet.gov.tw/upload/pic/1689045271343.png,,2023-07-11,新竹縣竹北市縣政五街192號,(03)5519548
312032,新北市五股區公立動物之家,新北市五股區公立動物之家,臘腸犬,0,M,SMALL,棕色,ADULT,F,https://www.pet.gov.tw/upload/pic/1686215206157.png,力行路2段107號,2023-06-21,新北市五股區外寮路9-9號,(02)82925265
315924,南投縣公立動物收容所,南投縣公立動物收容所,混種犬,1,F,MEDIUM,灰黑色,ADULT,T,https://www.pet.gov.tw/upload/pic/1688692849337.png,南投縣集集鎮隘寮里樂園巷,2023-07-06,南投縣南投市嶺興路36-1號,(049)2225440
315904,新北市五股區公立動物之家,新北市五股區公立動物之家,混種犬,1,M,MEDIUM,米色,ADULT,F,https://www.pet.gov.tw/upload/pic/1688690291861.png,五股貿商社區八巷11號,2023-07-15,新北市五股區外寮路9-9號,(02)82925265
303884,花蓮縣狗貓躍動園區,花蓮縣狗貓躍動園區,混種犬,1,F,MEDIUM,黑色,CHILD,T,https://www.pet.gov.tw/upload/pic/1681717713527.png,吉利潭公園,2023-06-29,花蓮縣鳳林鎮林榮里永豐路255號,(03)8421452
309922,新竹縣動物保護防疫所,新竹縣動物保護防疫所,混種犬,1,M,SMALL,黑色,CHILD,T,https://www.pet.gov.tw/upload/pic/1685067678013.png,,2023-05-26,新竹縣竹北市縣政五街192號,(03)5519548
309487,苗栗縣生態保育教育中心(動物收容所),苗栗縣生態保育教育中心(動物收容所),混種犬,1,M,BIG,黃白色,ADULT,T,https://www.pet.gov.tw/upload/pic/1684826498405.png,苑裡泰田,2023-05-26,苗栗縣銅鑼鄉朝陽村6鄰朝北55-1號(地圖：https:／／goo.gl/maps/Bd4sckpEPsrof7Qb8),(037)558228
281835,臺南市動物之家善化站,臺南市動物之家善化站,混種犬,1,M,MEDIUM,黃色,ADULT,F,https://www.pet.gov.tw/upload/pic/1687322454575.png,佳里區子龍里,2022-11-13,臺南市善化區昌隆里東勢寮1~19號,(06)5832399
313775,臺南市動物之家善化站,臺南市動物之家善化站,混種犬,1,M,MEDIUM,黑色,ADULT,F,https://www.pet.gov.tw/upload/pic/1687315335795.png,民權路 臺電旁空地,2023-06-26,臺南市善化區昌隆里東勢寮1~19號,(06)5832399
313770,臺南市動物之家善化站,臺南市動物之家善化站,混種犬,1,M,MEDIUM,黑色,ADULT,F,https://www.pet.gov.tw/upload/pic/1687315308548.png,民生路88號,2023-06-26,臺南市善化區昌隆里東勢寮1~19號,(06)5832399
313507,金門縣動物收容中心,金門縣動物收容中心,混種犬,1,F,SMALL,黃色,CHILD,F,https://www.pet.gov.tw/upload/pic/1687153688549.png,,2023-07-15,金門縣金湖鎮裕民農莊20號,(082)336625
313505,金門縣動物收容中心,金門縣動物收容中心,混種犬,1,F,SMALL,黃色,CHILD,F,https://www.pet.gov.tw/upload/pic/1687153587183.png,,2023-07-15,金門縣金湖鎮裕民農莊20號,(082)336625
313501,金門縣動物收容中心,金門縣動物收容中心,混種犬,1,M,SMALL,黃色,CHILD,F,https://www.pet.gov.tw/upload/pic/1687153161288.png,,2023-07-15,金門縣金湖鎮裕民農莊20號,(082)336625
313451,金門縣動物收容中心,金門縣動物收容中心,混種犬,1,F,SMALL,黑色,CHILD,F,https://www.pet.gov.tw/upload/pic/1687142931712.png,,2023-08-14,金門縣金湖鎮裕民農莊20號,(082)336625
313434,金門縣動物收容中心,金門縣動物收容中心,混種犬,1,F,MEDIUM,黑色,ADULT,F,https://www.pet.gov.tw/upload/pic/1687141903815.png,,2023-06-20,金門縣金湖鎮裕民農莊20號,(082)336625
312727,澎湖縣流浪動物收容中心,澎湖縣流浪動物收容中心,混種犬,1,M,SMALL,黑色,CHILD,F,https://www.pet.gov.tw/upload/pic/1686715439045.png,,2023-06-19,澎湖縣馬公市烏崁里260、261號,(06)9213559
312448,新竹縣動物保護防疫所,新竹縣動物保護防疫所,混種犬,1,M,MEDIUM,黑色,ADULT,F,https://www.pet.gov.tw/upload/pic/1686566174043.png,,2023-06-12,新竹縣竹北市縣政五街192號,(03)5519548
311747,苗栗縣生態保育教育中心(動物收容所),苗栗縣生態保育教育中心(動物收容所),混種犬,1,M,BIG,黑色,ADULT,T,https://www.pet.gov.tw/upload/pic/1686119449573.png,頭份珊湖,2023-06-12,苗栗縣銅鑼鄉朝陽村6鄰朝北55-1號(地圖：https:／／goo.gl/maps/Bd4sckpEPsrof7Qb8),(037)558228
28815,桃園市動物保護教育園區,桃園市動物保護教育園區,混種犬,1,F,MEDIUM,黑色,ADULT,F,https://www.pet.gov.tw/upload/pic/96e558a5-c811-4eb4-9422-7c663fae5440.JPG,永興里３鄰,2017-11-01,桃園市新屋區永興里3鄰藻礁路1668號,(03)4861760
311910,臺南市動物之家善化站,臺南市動物之家善化站,混種犬,1,M,MEDIUM,黑黃色,ADULT,F,https://www.pet.gov.tw/upload/pic/1686270875263.png,,2023-06-14,臺南市善化區昌隆里東勢寮1~19號,(06)5832399
310017,新北市新店區公立動物之家,新北市新店區公立動物之家,混種犬,1,F,MEDIUM,黃色,ADULT,F,https://www.pet.gov.tw/upload/pic/1685084283621.png,新店長興路55號,2023-05-26,新北市新店區安泰路235號,(02)22159462
310029,金門縣動物收容中心,金門縣動物收容中心,混種犬,1,F,MEDIUM,米色,ADULT,F,https://www.pet.gov.tw/upload/pic/1685085363110.png,,2023-05-31,金門縣金湖鎮裕民農莊20號,(082)336625
308784,苗栗縣生態保育教育中心(動物收容所),苗栗縣生態保育教育中心(動物收容所),混種犬,1,M,BIG,黑色,ADULT,T,https://www.pet.gov.tw/upload/pic/1684394680028.png,苑裡客庄,2023-05-26,苗栗縣銅鑼鄉朝陽村6鄰朝北55-1號(地圖：https://goo.gl/maps/Bd4sckpEPsrof7Qb8),(037)558228
308777,苗栗縣生態保育教育中心(動物收容所),苗栗縣生態保育教育中心(動物收容所),混種犬,1,M,BIG,黑色,ADULT,T,https://www.pet.gov.tw/upload/pic/1684393223201.png,南庄蓬萊,2023-05-25,苗栗縣銅鑼鄉朝陽村6鄰朝北55-1號(地圖：https://goo.gl/maps/Bd4sckpEPsrof7Qb8),(037)558228
308782,苗栗縣生態保育教育中心(動物收容所),苗栗縣生態保育教育中心(動物收容所),混種犬,1,M,BIG,黑色,ADULT,T,https://www.pet.gov.tw/upload/pic/1684394130501.png,苗市勝利,2023-05-26,苗栗縣銅鑼鄉朝陽村6鄰朝北55-1號(地圖：https://goo.gl/maps/Bd4sckpEPsrof7Qb8),(037)558228
309717,臺南市動物之家善化站,臺南市動物之家善化站,混種犬,1,M,MEDIUM,黑色,ADULT,F,https://www.pet.gov.tw/upload/pic/1685004861698.png,大埤寮79之10號,,臺南市善化區昌隆里東勢寮1~19號,(06)5832399
54908,新竹市動物保護教育園區,新竹市動物保護教育園區,混種犬,1,F,SMALL,黑黃色,ADULT,T,https://www.pet.gov.tw/upload/pic/05c7848f-a8f6-4136-85a5-f733fe55ce2e.jpg,忠孝路(台肥),2018-07-03,新竹市南寮里海濱路250號,(03)5368329
309493,苗栗縣生態保育教育中心(動物收容所),苗栗縣生態保育教育中心(動物收容所),混種犬,1,F,BIG,黑色,ADULT,T,https://www.pet.gov.tw/upload/pic/1684827051056.png,苑裡客庄,2023-05-23,苗栗縣銅鑼鄉朝陽村6鄰朝北55-1號(地圖：https://goo.gl/maps/Bd4sckpEPsrof7Qb8),(037)558228
129072,新竹市動物保護教育園區,新竹市動物保護教育園區,混種犬,1,F,SMALL,黑色,ADULT,T,https://www.pet.gov.tw/upload/pic/0fe25a57-b482-42ac-b051-61217fc17416.jpg,中華路六段,2019-11-11,新竹市南寮里海濱路250號,(03)5368329
166061,新竹市動物保護教育園區,新竹市動物保護教育園區,混種犬,1,N,MEDIUM,黑色,ADULT,T,https://www.pet.gov.tw/upload/pic/98ede4fb-fb61-4399-99f6-bc94c1dc968c.JPG,天府路二段,2020-07-06,新竹市南寮里海濱路250號,(03)5368329
153906,新竹市動物保護教育園區,新竹市動物保護教育園區,混種犬,1,M,MEDIUM,虎斑色,ADULT,T,https://www.pet.gov.tw/upload/pic/64fd6702-7a61-4949-8007-4b1f8af2267a.JPG,景觀大道,2020-06-10,新竹市南寮里海濱路250號,(03)5368329
29262,新竹市動物保護教育園區,新竹市動物保護教育園區,混種犬,1,M,SMALL,黑色,ADULT,T,https://www.pet.gov.tw/upload/pic/8022510b-19f7-4d77-83c7-d84c1a565e2a.jpg,樹下街,2016-08-03,新竹市南寮里海濱路250號,(03)5368329
179716,新竹市動物保護教育園區,新竹市動物保護教育園區,混種犬,1,M,MEDIUM,黃色,ADULT,T,https://www.pet.gov.tw/upload/pic/966ea2f4-797b-49e0-82fc-f015e6550f8a.JPG,南大路,2020-10-20,新竹市南寮里海濱路250號,(03)5368329
138581,新竹市動物保護教育園區,新竹市動物保護教育園區,混種犬,1,M,MEDIUM,黑色,ADULT,T,https://www.pet.gov.tw/upload/pic/f8a99c17-9e0a-43c2-8c10-a2feeb41fdd9.JPG,仲生路,2020-01-06,新竹市南寮里海濱路250號,(03)5368329
129184,新竹市動物保護教育園區,新竹市動物保護教育園區,混種犬,1,M,MEDIUM,黑色,ADULT,T,https://www.pet.gov.tw/upload/pic/e1948f15-0a04-4085-82bb-8f93a713330a.JPG,湳雅街,2019-11-12,新竹市南寮里海濱路250號,(03)5368329
100669,新竹市動物保護教育園區,新竹市動物保護教育園區,混種犬,1,M,MEDIUM,黑色,ADULT,T,https://www.pet.gov.tw/upload/pic/51f5260c-4807-44d7-9416-ee5fc6e9c8aa.jpg,海濱路,2019-06-13,新竹市南寮里海濱路250號,(03)5368329
127467,新竹市動物保護教育園區,新竹市動物保護教育園區,混種犬,1,F,MEDIUM,黑色,ADULT,T,https://www.pet.gov.tw/upload/pic/72388fb2-988c-4ab8-9ee6-21e02b131e5d.jpg,仰德路,2019-10-31,新竹市南寮里海濱路250號,(03)5368329
127248,新竹市動物保護教育園區,新竹市動物保護教育園區,混種犬,1,F,MEDIUM,黃色,ADULT,T,https://www.pet.gov.tw/upload/pic/4d836665-4606-46e8-bbdc-9e3af40f2a05.jpg,虎林街,2019-10-30,新竹市南寮里海濱路250號,(03)5368329
127059,新竹市動物保護教育園區,新竹市動物保護教育園區,混種犬,1,F,MEDIUM,黃色,ADULT,T,https://www.pet.gov.tw/upload/pic/3425c932-436c-4e90-be13-fea53b089ff8.jpg,仰德路,2019-10-29,新竹市南寮里海濱路250號,(03)5368329
120030,新竹市動物保護教育園區,新竹市動物保護教育園區,混種犬,1,F,MEDIUM,虎斑色,ADULT,T,https://www.pet.gov.tw/upload/pic/99be180d-e343-4b1e-b0f6-f478d02f7d37.jpg,新香街,2019-09-17,新竹市南寮里海濱路250號,(03)5368329
103293,新竹市動物保護教育園區,新竹市動物保護教育園區,混種犬,1,M,SMALL,黑色,ADULT,T,https://www.pet.gov.tw/upload/pic/7ecb1f5c-f312-4678-976a-5fd28be13efb.JPG,舊港路,2019-06-14,新竹市南寮里海濱路250號,(03)5368329
103154,新竹市動物保護教育園區,新竹市動物保護教育園區,混種犬,1,M,SMALL,黑色,ADULT,T,https://www.pet.gov.tw/upload/pic/7177c028-77df-4f4a-982a-8a89fad403a2.jpg,舊社大橋,2019-06-13,新竹市南寮里海濱路250號,(03)5368329
49044,新竹市動物保護教育園區,新竹市動物保護教育園區,混種犬,1,M,MEDIUM,黑棕色,ADULT,T,https://www.pet.gov.tw/upload/pic/0e5b77c1-41c3-4a0d-918e-fbbbbbb6d371.jpg,清大南大校區,2018-05-16,新竹市南寮里海濱路250號,(03)5368329
29285,新竹市動物保護教育園區,新竹市動物保護教育園區,混種犬,1,F,SMALL,黑色,ADULT,T,https://www.pet.gov.tw/upload/pic/305e414f-5952-4747-a038-985806c620a6.JPG,竹香南路,2017-05-02,新竹市南寮里海濱路250號,(03)5368329
29278,新竹市動物保護教育園區,新竹市動物保護教育園區,混種犬,1,F,MEDIUM,虎斑白色,ADULT,T,https://www.pet.gov.tw/upload/pic/8577e08e-0ca7-43b4-9b50-2413146841de.jpg,延平路二段,2016-11-24,新竹市南寮里海濱路250號,(03)5368329
29277,新竹市動物保護教育園區,新竹市動物保護教育園區,混種犬,1,F,MEDIUM,黃色,ADULT,T,https://www.pet.gov.tw/upload/pic/923c166a-cae9-40c3-951a-ec6ce51b9019.jpg,延平路二段,2016-11-22,新竹市南寮里海濱路250號,(03)5368329
308300,苗栗縣生態保育教育中心(動物收容所),苗栗縣生態保育教育中心(動物收容所),混種犬,1,M,BIG,黑色,ADULT,T,https://www.pet.gov.tw/upload/pic/1684204345815.png,竹南崎頂,2023-05-13,苗栗縣銅鑼鄉朝陽村6鄰朝北55-1號(地圖：https://goo.gl/maps/Bd4sckpEPsrof7Qb8),(037)558228
29263,新竹市動物保護教育園區,新竹市動物保護教育園區,混種犬,1,M,SMALL,黑色,ADULT,T,https://www.pet.gov.tw/upload/pic/7387ffc0-c6f4-456c-a604-0679d4ea2699.jpg,樹下街,2016-08-09,新竹市南寮里海濱路250號,(03)5368329
29256,新竹市動物保護教育園區,新竹市動物保護教育園區,混種犬,1,F,SMALL,虎斑色,ADULT,T,https://www.pet.gov.tw/upload/pic/980a6a6c-93c2-48b0-b3d5-58c52ad9887d.JPG,延平路一段,2016-05-25,新竹市南寮里海濱路250號,(03)5368329
29236,新竹市動物保護教育園區,新竹市動物保護教育園區,混種犬,1,M,MEDIUM,黃色,ADULT,T,https://www.pet.gov.tw/upload/pic/17956c08-ada2-4119-9e6d-45ec00396242.jpg,天府路二段,2015-11-18,新竹市南寮里海濱路250號,(03)5368329
234313,臺北市動物之家,臺北市動物之家,混種犬,1,F,MEDIUM,虎斑色,ADULT,T,https://www.pet.gov.tw/upload/pic/1671598434087.png,承德路四段,2022-01-18,臺北市內湖區安美街191號,(02)87913254
201934,新竹市動物保護教育園區,新竹市動物保護教育園區,混種犬,1,M,MEDIUM,黑白色,ADULT,T,https://www.pet.gov.tw/upload/pic/9463c4ca-303a-4193-b486-48f77258bda1.JPG,千甲路,2022-02-21,新竹市南寮里海濱路250號,(03)5368329
201938,新竹市動物保護教育園區,新竹市動物保護教育園區,混種犬,1,M,MEDIUM,黑白色,ADULT,T,https://www.pet.gov.tw/upload/pic/773d1a97-1650-413b-af3e-b94da55defde.jpg,千甲路,2022-02-21,新竹市南寮里海濱路250號,(03)5368329
201950,新竹市動物保護教育園區,新竹市動物保護教育園區,混種犬,1,M,MEDIUM,棕灰色,ADULT,T,https://www.pet.gov.tw/upload/pic/4b04564b-375b-4243-87ff-2f5dc19b59d3.jpg,千甲路,2022-02-21,新竹市南寮里海濱路250號,(03)5368329
188400,新竹市動物保護教育園區,新竹市動物保護教育園區,混種犬,1,F,SMALL,黑色,ADULT,T,https://www.pet.gov.tw/upload/pic/d2993a0e-9a3b-4326-8fc2-473b0af40645.JPG,牛埔南路,2020-12-19,新竹市南寮里海濱路250號,(03)5368329
244720,新竹市動物保護教育園區,新竹市動物保護教育園區,混種犬,1,F,SMALL,黑白色,CHILD,T,https://www.pet.gov.tw/upload/pic/5fae74cf-d02e-4a3f-bd1e-5ed0a157cb94.jpg,天府路,2022-03-03,新竹市南寮里海濱路250號,(03)5368329
244724,新竹市動物保護教育園區,新竹市動物保護教育園區,混種犬,1,M,SMALL,黑黃色,CHILD,T,https://www.pet.gov.tw/upload/pic/69673892-9c61-4e99-a610-cc3b66e48dae.jpg,天府路,2022-03-03,新竹市南寮里海濱路250號,(03)5368329
251894,新竹市動物保護教育園區,新竹市動物保護教育園區,混種犬,1,F,SMALL,黑白色,CHILD,T,https://www.pet.gov.tw/upload/pic/b526fc8a-bb4e-42eb-af17-11d58991e743.jpg,海埔路,2022-04-22,新竹市南寮里海濱路250號,(03)5368329
251896,新竹市動物保護教育園區,新竹市動物保護教育園區,混種犬,1,M,SMALL,黑白色,CHILD,T,https://www.pet.gov.tw/upload/pic/510956c8-6477-4b62-85b4-0c5d0c42f6f5.jpg,海埔路,2022-04-22,新竹市南寮里海濱路250號,(03)5368329
278003,新竹市動物保護教育園區,新竹市動物保護教育園區,混種犬,1,F,MEDIUM,黑色,ADULT,F,https://www.pet.gov.tw/upload/pic/4cd07222-ae52-4cc1-8163-d53c2b958ef5.jpg,新港南路,2022-10-12,新竹市南寮里海濱路250號,(03)5368329
282498,新竹市動物保護教育園區,新竹市動物保護教育園區,混種犬,1,M,SMALL,黑色,ADULT,T,https://www.pet.gov.tw/upload/pic/32491a04-a500-46cc-a442-332344f7a84d.jpg,海濱路,2022-11-17,新竹市南寮里海濱路250號,(03)5368329
282501,新竹市動物保護教育園區,新竹市動物保護教育園區,混種犬,1,F,SMALL,黑色,CHILD,T,https://www.pet.gov.tw/upload/pic/88dae7d0-9987-4569-8a20-cbe1ac92cd52.jpg,海濱路,2022-11-17,新竹市南寮里海濱路250號,(03)5368329
282502,新竹市動物保護教育園區,新竹市動物保護教育園區,混種犬,1,F,SMALL,黑色,CHILD,T,https://www.pet.gov.tw/upload/pic/aa426799-60f0-4b85-82a1-c31fdd1d77a8.jpg,海濱路,2022-11-17,新竹市南寮里海濱路250號,(03)5368329
282508,新竹市動物保護教育園區,新竹市動物保護教育園區,混種犬,1,M,SMALL,黃色,CHILD,T,https://www.pet.gov.tw/upload/pic/adfdbd72-5fda-42d4-9740-f3c0ffe32e1d.jpg,中華路六段,2022-11-17,新竹市南寮里海濱路250號,(03)5368329
306980,金門縣動物收容中心,金門縣動物收容中心,混種犬,1,F,MEDIUM,黑色,CHILD,T,https://www.pet.gov.tw/upload/pic/1683508136645.png,,2023-05-05,金門縣金湖鎮裕民農莊20號,(082)336625
171950,桃園市動物保護教育園區,桃園市動物保護教育園區,混種犬,1,F,SMALL,黑色,ADULT,F,https://www.pet.gov.tw/upload/pic/45d9c6d8-ab1f-460f-b27f-1c1d23f31d7f.JPG,大潭里電廠五路.六路交岔口工地水溝,2020-08-08,桃園市新屋區永興里3鄰藻礁路1668號,(03)4861760
306281,金門縣動物收容中心,金門縣動物收容中心,混種犬,1,M,BIG,黑色,ADULT,T,https://www.pet.gov.tw/upload/pic/1683092008734.png,,2023-05-03,金門縣金湖鎮裕民農莊20號,(082)336625
306064,臺南市動物之家善化站,臺南市動物之家善化站,混種犬,1,F,MEDIUM,黑黃色,ADULT,F,https://www.pet.gov.tw/upload/pic/1682996198794.png,,2023-05-08,臺南市善化區昌隆里東勢寮1~19號,(06)5832399
305226,臺南市動物之家善化站,臺南市動物之家善化站,柴犬,0,F,MEDIUM,黃色,ADULT,F,https://www.pet.gov.tw/upload/pic/1682474423447.png,同安寮,2023-05-01,臺南市善化區昌隆里東勢寮1~19號,(06)5832399
28866,桃園市動物保護教育園區,桃園市動物保護教育園區,混種犬,1,F,MEDIUM,白色,ADULT,F,https://www.pet.gov.tw/upload/pic/fb94da5d-2d32-4944-8771-2bf32ee7d119.JPG,龍岡里龍岡路三段４１２巷,2018-03-01,桃園市新屋區永興里3鄰藻礁路1668號,(03)4861760
286373,花蓮縣狗貓躍動園區,花蓮縣狗貓躍動園區,混種犬,1,M,MEDIUM,棕色,ADULT,T,https://www.pet.gov.tw/upload/pic/1670301216993.png,不擬續養,2022-12-06,花蓮縣鳳林鎮林榮里永豐路255號,(03)8421452
304261,臺南市動物之家善化站,臺南市動物之家善化站,混種犬,1,M,MEDIUM,黑虎斑色,ADULT,F,https://www.pet.gov.tw/upload/pic/1681978370500.png,渡子頭91之3號,2023-04-25,臺南市善化區昌隆里東勢寮1~19號,(06)5832399
304305,金門縣動物收容中心,金門縣動物收容中心,混種犬,1,M,MEDIUM,黃色,ADULT,F,https://www.pet.gov.tw/upload/pic/1681978346299.png,,2023-04-24,金門縣金湖鎮裕民農莊20號,(082)336625
304078,金門縣動物收容中心,金門縣動物收容中心,混種犬,1,M,MEDIUM,黑虎斑色,ADULT,F,https://www.pet.gov.tw/upload/pic/1681863645919.png,,2023-04-19,金門縣金湖鎮裕民農莊20號,(082)336625
303249,金門縣動物收容中心,金門縣動物收容中心,混種犬,1,F,SMALL,黃色,CHILD,T,https://www.pet.gov.tw/upload/pic/1681281644835.png,,2023-04-07,金門縣金湖鎮裕民農莊20號,(082)336625
303031,臺南市動物之家善化站,臺南市動物之家善化站,混種犬,1,F,MEDIUM,黃色,ADULT,F,https://www.pet.gov.tw/upload/pic/1681193604561.png,渡子頭150之2號,2023-04-17,臺南市善化區昌隆里東勢寮1~19號,(06)5832399
302580,臺南市動物之家善化站,臺南市動物之家善化站,混種犬,1,F,MEDIUM,黃色,ADULT,F,https://www.pet.gov.tw/upload/pic/1681091412739.png,東西庄里西庄,2023-04-13,臺南市善化區昌隆里東勢寮1~19號,(06)5832399
299283,臺中市動物之家后里園區,臺中市動物之家后里園區,混種犬,1,M,MEDIUM,黃色,ADULT,T,https://www.pet.gov.tw/upload/pic/1680830308939.png,南興公園,2023-04-06,臺中市后里區堤防路370號,(04)25588024
299789,雲林縣流浪動物收容所,雲林縣流浪動物收容所,混種犬,1,F,BIG,黑棕色,ADULT,T,https://www.pet.gov.tw/upload/pic/1679057878914.png,林內鄉烏塗村,2023-03-17,雲林縣斗六市雲林路二段517號,(05)5523300
69925,桃園市動物保護教育園區,桃園市動物保護教育園區,混種犬,1,M,MEDIUM,黑色,ADULT,F,https://www.pet.gov.tw/upload/pic/713cee58-dd79-42ba-af91-59509a60e3da.JPG,動保園區,2018-11-08,桃園市新屋區永興里3鄰藻礁路1668號,(03)4861760
298018,高雄市燕巢動物保護關愛園區,高雄市燕巢動物保護關愛園區,混種犬,1,F,BIG,黑色,ADULT,F,https://www.pet.gov.tw/upload/pic/1678244409658.png,師大路,2023-03-08,高雄市燕巢區師大路98號,(07)6051002
297515,金門縣動物收容中心,金門縣動物收容中心,混種犬,1,F,MEDIUM,米色,CHILD,F,https://www.pet.gov.tw/upload/pic/1678028666725.png,,2023-03-06,金門縣金湖鎮裕民農莊20號,(082)336625
297407,金門縣動物收容中心,金門縣動物收容中心,混種犬,1,M,MEDIUM,米色,CHILD,F,https://www.pet.gov.tw/upload/pic/1677836901450.png,,2023-03-03,金門縣金湖鎮裕民農莊20號,(082)336625
297247,高雄市燕巢動物保護關愛園區,高雄市燕巢動物保護關愛園區,混種犬,1,M,BIG,花色,ADULT,F,https://www.pet.gov.tw/upload/pic/1677813628655.png,高鐵架橋,2023-03-02,高雄市燕巢區師大路98號,(07)6051002
297242,高雄市燕巢動物保護關愛園區,高雄市燕巢動物保護關愛園區,混種犬,1,M,BIG,黃色,ADULT,F,https://www.pet.gov.tw/upload/pic/1677813540629.png,成功路,2023-03-02,高雄市燕巢區師大路98號,(07)6051002
276503,臺北市動物之家,臺北市動物之家,混種犬,1,M,MEDIUM,黑白色,ADULT,T,https://www.pet.gov.tw/upload/pic/ea8ec2ea-9785-4c04-b664-474373e4d565.jpg,萬盛里	萬盛街166巷,2023-02-15,臺北市內湖區安美街191號,(02)87913254
280450,桃園市動物保護教育園區,桃園市動物保護教育園區,法國鬥牛犬,0,M,SMALL,白色,ADULT,F,https://www.pet.gov.tw/upload/pic/117a215e-ec98-4226-b227-fe520abc38eb.JPG,楊銅路２段３２５巷,2023-01-05,桃園市新屋區永興里3鄰藻礁路1668號,(03)4861760
292069,臺北市動物之家,臺北市動物之家,混種犬,1,F,MEDIUM,黑色,ADULT,T,https://www.pet.gov.tw/upload/pic/1673833655750.png,陽明里仰德大道四段,2023-02-13,臺北市內湖區安美街191號,(02)87913254
287245,臺北市動物之家,臺北市動物之家,混種犬,1,M,MEDIUM,黑色,ADULT,T,https://www.pet.gov.tw/upload/pic/1670826742783.png,全德里萬大路３２２巷,2023-02-13,臺北市內湖區安美街191號,(02)87913254
27714,南投縣公立動物收容所,南投縣公立動物收容所,混種犬,1,F,MEDIUM,米色,ADULT,T,https://www.pet.gov.tw/upload/pic/7deb0fcb-108c-4547-9203-ce39562e345e.JPG,南投縣 南投市,2019-02-21,南投縣南投市嶺興路36-1號,(049)2225440
274972,臺北市動物之家,臺北市動物之家,混種犬,1,M,MEDIUM,虎斑色,ADULT,T,https://www.pet.gov.tw/upload/pic/1671598475833.png,天母里中山北路七段１９０巷１１弄,2022-10-17,臺北市內湖區安美街191號,(02)87913254
293788,金門縣動物收容中心,金門縣動物收容中心,混種犬,1,M,MEDIUM,黑色,ADULT,F,https://www.pet.gov.tw/upload/pic/1675577048610.png,,2023-02-05,金門縣金湖鎮裕民農莊20號,(082)336625
256330,臺北市動物之家,臺北市動物之家,混種犬,1,M,MEDIUM,黑色,ADULT,F,https://www.pet.gov.tw/upload/pic/088a36f0-4ff4-4014-aa84-8d876b6f8cab.jpg,萬興里新光路二段,2022-06-13,臺北市內湖區安美街191號,(02)87913254
272364,臺北市動物之家,臺北市動物之家,混種犬,1,F,MEDIUM,黃色,ADULT,T,https://www.pet.gov.tw/upload/pic/186bcd37-3f39-4bab-80ec-88e38b25800e.jpg,誠安里 市民大道三段(原拾獲地:內湖區 湖濱里 內湖路二段179巷),2022-09-09,臺北市內湖區安美街191號,(02)87913254
279460,臺北市動物之家,臺北市動物之家,混種犬,1,F,MEDIUM,虎斑色,CHILD,T,https://www.pet.gov.tw/upload/pic/6f3a2759-5870-4229-b1e0-4b61eca752c2.jpg,天祿里 中山北路六段(原拾獲地:北投區 登山路),2022-10-30,臺北市內湖區安美街191號,(02)87913254
190076,臺北市動物之家,臺北市動物之家,混種犬,1,F,MEDIUM,黑色,ADULT,F,https://www.pet.gov.tw/upload/pic/377b5fcd-98c0-4004-baea-f0725f2b1118.jpg,和平東路4段66巷80弄,2021-02-25,臺北市內湖區安美街191號,(02)87913254
244550,澎湖縣流浪動物收容中心,澎湖縣流浪動物收容中心,混種犬,1,F,BIG,虎斑色,CHILD,T,https://www.pet.gov.tw/upload/pic/d129f94b-7b64-47ab-b768-c4c143f92d88.jpg,鎖港993號前,2022-03-09,澎湖縣馬公市烏崁里260、261號,(06)9213559
163587,臺北市動物之家,臺北市動物之家,混種犬,1,M,MEDIUM,黑色,ADULT,T,https://www.pet.gov.tw/upload/pic/58026_109051804_0.JPG,潭美街後方河濱公園,2021-04-10,臺北市內湖區安美街191號,(02)87913254
293205,臺南市動物之家善化站,臺南市動物之家善化站,混種犬,1,F,MEDIUM,黑色,ADULT,F,https://www.pet.gov.tw/upload/pic/1675318882400.png,天兵天將廟,2023-02-07,臺南市善化區昌隆里東勢寮1~19號,(06)5832399
56417,臺北市動物之家,臺北市動物之家,混種犬,1,F,SMALL,黑色,CHILD,F,https://www.pet.gov.tw/upload/pic/1675309659910.png,紗帽路141巷,2021-04-11,臺北市內湖區安美街191號,(02)87913254
56338,臺北市動物之家,臺北市動物之家,混種犬,1,M,SMALL,黑色,CHILD,T,https://www.pet.gov.tw/upload/pic/1675309597842.png,泉源路,2021-04-11,臺北市內湖區安美街191號,(02)87913254
36343,新北市八里區公立動物之家,新北市八里區公立動物之家,混種犬,1,F,SMALL,黑色,,F,https://www.pet.gov.tw/upload/pic/1675049064364.png,中環路,2022-09-29,新北市八里區長坑里6鄰長坑道路36號,(02)26194428
199374,臺北市動物之家,臺北市動物之家,混種犬,1,F,MEDIUM,黑色,ADULT,T,https://www.pet.gov.tw/upload/pic/e0039f0c-ce7b-4f52-9a02-0701c0557539.jpg,大理街133巷,2021-04-29,臺北市內湖區安美街191號,(02)87913254
291983,雲林縣流浪動物收容所,雲林縣流浪動物收容所,混種犬,1,F,BIG,黑色,ADULT,T,https://www.pet.gov.tw/upload/pic/1673614171455.png,斗六市榮橋堤防,2023-01-13,雲林縣斗六市雲林路二段517號,(05)5523300
292018,屏東縣公立犬貓中途之家,屏東縣公立犬貓中途之家,混種犬,1,M,MEDIUM,黃色,CHILD,F,https://www.pet.gov.tw/upload/pic/1673676780712.png,鹽埔,2023-01-04,屏東縣內埔鄉學府路1號(屏東科技大學內),(09)
292003,金門縣動物收容中心,金門縣動物收容中心,混種犬,1,F,SMALL,白色,CHILD,F,https://www.pet.gov.tw/upload/pic/1673663684455.png,,2023-01-19,金門縣金湖鎮裕民農莊20號,(082)336625
291734,金門縣動物收容中心,金門縣動物收容中心,混種犬,1,F,SMALL,白色,CHILD,F,https://www.pet.gov.tw/upload/pic/1673503685520.png,,2023-01-19,金門縣金湖鎮裕民農莊20號,(082)336625
291194,澎湖縣流浪動物收容中心,澎湖縣流浪動物收容中心,柴犬,0,F,MEDIUM,黃色,ADULT,F,https://www.pet.gov.tw/upload/pic/1673255426866.png,西嶼鄉池西村,2023-01-16,澎湖縣馬公市烏崁里260、261號,(06)9213559
291484,連江縣流浪犬收容中心,連江縣流浪犬收容中心,混種犬,1,M,SMALL,黑色,CHILD,F,https://www.pet.gov.tw/upload/pic/1673409421624.png,,2023-01-11,連江縣南竿鄉復興村223號,(0836)25003
273432,桃園市動物保護教育園區,桃園市動物保護教育園區,混種犬,1,F,MEDIUM,黃白色,ADULT,F,https://www.pet.gov.tw/upload/pic/308843ed-db82-448f-a666-c3632b1ce966.JPG,楊銅路一段,2022-11-28,桃園市新屋區永興里3鄰藻礁路1668號,(03)4861760
203215,新北市八里區公立動物之家,新北市八里區公立動物之家,混種犬,1,M,MEDIUM,黑色,ADULT,F,https://www.pet.gov.tw/upload/pic/cb83d732-fcea-4118-8710-b61c2a993b99.jpg,荖阡坑路69-1號,2023-01-07,新北市八里區長坑里6鄰長坑道路36號,(02)26194428
277915,桃園市動物保護教育園區,桃園市動物保護教育園區,比特犬,0,F,MEDIUM,虎斑色,ADULT,F,https://www.pet.gov.tw/upload/pic/0be12da1-2d8c-4cba-afad-5f055e855bc2.jpg,石磊里長福路３３１巷,,桃園市新屋區永興里3鄰藻礁路1668號,(03)4861760
288118,金門縣動物收容中心,金門縣動物收容中心,混種犬,1,M,BIG,黃色,ADULT,T,https://www.pet.gov.tw/upload/pic/1671161590877.png,,,金門縣金湖鎮裕民農莊20號,(082)336625
175776,桃園市動物保護教育園區,桃園市動物保護教育園區,混種犬,1,F,MEDIUM,黑色,ADULT,F,https://www.pet.gov.tw/upload/pic/66e4eef1-249f-4793-8d61-1ba77bb2daba.jpg,龍安街,2020-09-08,桃園市新屋區永興里3鄰藻礁路1668號,(03)4861760
274666,桃園市動物保護教育園區,桃園市動物保護教育園區,混種犬,1,F,MEDIUM,黑色,ADULT,F,https://www.pet.gov.tw/upload/pic/0392112b-e8bb-461e-9249-df4874f05b9a.JPG,藻礁路,,桃園市新屋區永興里3鄰藻礁路1668號,(03)4861760
271641,桃園市動物保護教育園區,桃園市動物保護教育園區,混種犬,1,F,MEDIUM,黑色,ADULT,F,https://www.pet.gov.tw/upload/pic/ea860cae-acd7-48cc-bc81-b90c4e7a21e9.JPG,濱海路武威段１３１巷,2022-11-16,桃園市新屋區永興里3鄰藻礁路1668號,(03)4861760
288687,金門縣動物收容中心,金門縣動物收容中心,混種犬,1,F,MEDIUM,黑色,CHILD,N,https://www.pet.gov.tw/upload/pic/1671584993624.png,,2022-12-20,金門縣金湖鎮裕民農莊20號,(082)336625
68877,桃園市動物保護教育園區,桃園市動物保護教育園區,混種犬,1,F,MEDIUM,黃色,ADULT,F,https://www.pet.gov.tw/upload/pic/c6b426b6-e617-496a-87bb-e529afe2c179.JPG,桃園區泰成路,2018-10-20,桃園市新屋區永興里3鄰藻礁路1668號,(03)4861760
268598,臺北市動物之家,臺北市動物之家,混種犬,1,M,MEDIUM,黑虎斑色,CHILD,T,https://www.pet.gov.tw/upload/pic/901fa386-fe0c-47bc-8437-3970ff5918d1.jpg,動物之家,2022-08-07,臺北市內湖區安美街191號,(02)87913254
288172,金門縣動物收容中心,金門縣動物收容中心,混種犬,1,F,BIG,黑色,ADULT,F,https://www.pet.gov.tw/upload/pic/1671180572099.png,,2022-12-14,金門縣金湖鎮裕民農莊20號,(082)336625
287688,金門縣動物收容中心,金門縣動物收容中心,混種犬,1,M,MEDIUM,白色,CHILD,F,https://www.pet.gov.tw/upload/pic/1670997706932.png,,2022-12-16,金門縣金湖鎮裕民農莊20號,(082)336625
286823,高雄市壽山動物保護教育園區,高雄市壽山動物保護教育園區,混種犬,1,F,SMALL,黃色,CHILD,F,https://www.pet.gov.tw/upload/pic/1670479959225.png,鳳鳴路,2022-12-08,高雄市鼓山區萬壽路350號,(07)5519059
274241,花蓮縣狗貓躍動園區,花蓮縣狗貓躍動園區,混種犬,1,M,MEDIUM,虎斑色,ADULT,T,https://www.pet.gov.tw/upload/pic/11dc917f-eede-45d3-af13-44235498d34e.jpg,朱媽媽狗場,2022-12-08,花蓮縣鳳林鎮林榮里永豐路255號,(03)8421452
286762,臺南市動物之家善化站,臺南市動物之家善化站,混種犬,1,M,MEDIUM,虎斑色,ADULT,T,https://www.pet.gov.tw/upload/pic/1670471444769.png,文開橋,2022-12-14,臺南市善化區昌隆里東勢寮1~19號,(06)5832399
281963,彰化縣流浪狗中途之家,彰化縣流浪狗中途之家,混種犬,1,M,MEDIUM,黃色,ADULT,T,https://www.pet.gov.tw/upload/pic/c9bc4bac-1046-414f-9c16-808969b8bac4.jpg,新中路185巷39號,2022-11-08,彰化縣員林市大峰里阿寶巷426號(大門入口請由彰化縣芬園鄉大彰路一段875巷進入走到底),(04)8590638
286517,臺南市動物之家善化站,臺南市動物之家善化站,混種犬,1,F,SMALL,黑色,ADULT,T,https://www.pet.gov.tw/upload/pic/1670383087017.png,北門區,2022-12-13,臺南市善化區昌隆里東勢寮1~19號,(06)5832399
285020,新竹縣動物保護防疫所,新竹縣動物保護防疫所,混種犬,1,M,MEDIUM,黃色,ADULT,F,https://www.pet.gov.tw/upload/pic/1669616918244.png,竹東河濱公園,2022-11-28,新竹縣竹北市縣政五街192號,(03)5519548
286367,臺南市動物之家善化站,臺南市動物之家善化站,混種犬,1,M,MEDIUM,黑色,ADULT,T,https://www.pet.gov.tw/upload/pic/1670298585649.png,鹽水區,2022-12-12,臺南市善化區昌隆里東勢寮1~19號,(06)5832399
285901,新北市板橋區公立動物之家,新北市板橋區公立動物之家,迷你雪納瑞,0,M,SMALL,黑灰色,ADULT,F,https://www.pet.gov.tw/upload/pic/1669964185754.png,中正路1段46號,,新北市板橋區板城路28-1號,(02)89662158
285923,臺南市動物之家善化站,臺南市動物之家善化站,混種犬,1,F,MEDIUM,黃色,ADULT,T,https://www.pet.gov.tw/upload/pic/1669970860206.png,學甲區,2022-11-30,臺南市善化區昌隆里東勢寮1~19號,(06)5832399
267242,彰化縣流浪狗中途之家,彰化縣流浪狗中途之家,混種犬,1,M,MEDIUM,虎斑色,CHILD,T,https://www.pet.gov.tw/upload/pic/3d93d8cb-541d-41b3-9313-76d0b64d3342.jpg,大彰路2段,2022-07-28,彰化縣員林市大峰里阿寶巷426號(大門入口請由彰化縣芬園鄉大彰路一段875巷進入走到底),(04)8590638
266892,彰化縣流浪狗中途之家,彰化縣流浪狗中途之家,混種犬,1,F,MEDIUM,黑色,CHILD,T,https://www.pet.gov.tw/upload/pic/d165fa82-bb0b-4c21-800c-671f9a2e082c.jpg,東明路132巷,2022-07-26,彰化縣員林市大峰里阿寶巷426號(大門入口請由彰化縣芬園鄉大彰路一段875巷進入走到底),(04)8590638
267490,彰化縣流浪狗中途之家,彰化縣流浪狗中途之家,混種犬,1,M,MEDIUM,黑色,CHILD,T,https://www.pet.gov.tw/upload/pic/6da24b20-723d-4cac-b5fe-fab039dd58ed.jpg,光復路一段附近,2022-07-30,彰化縣員林市大峰里阿寶巷426號(大門入口請由彰化縣芬園鄉大彰路一段875巷進入走到底),(04)8590638
282212,苗栗縣生態保育教育中心(動物收容所),苗栗縣生態保育教育中心(動物收容所),混種犬,1,M,MEDIUM,黑黃色,ADULT,F,https://www.pet.gov.tw/upload/pic/bf8a952d-9aea-4e54-b8d8-776386adf1f5.jpg,苗市新東大橋,2022-12-01,苗栗縣銅鑼鄉朝陽村6鄰朝北55-1號(地圖：https://goo.gl/maps/Bd4sckpEPsrof7Qb8),(037)558228
259296,臺北市動物之家,臺北市動物之家,混種犬,1,M,MEDIUM,黑色,ADULT,T,https://www.pet.gov.tw/upload/pic/e07ed5bd-9e31-41c0-94a0-2fe617382ab2.jpg,青山里	桂林路,2022-07-04,臺北市內湖區安美街191號,(02)87913254
181155,苗栗縣生態保育教育中心(動物收容所),苗栗縣生態保育教育中心(動物收容所),混種犬,1,F,MEDIUM,黃色,ADULT,F,https://www.pet.gov.tw/upload/pic/66502abf-36b9-4ef9-a668-970fc6964546.jpg,頭份是興隆里,,苗栗縣銅鑼鄉朝陽村6鄰朝北55-1號(地圖：https://goo.gl/maps/Bd4sckpEPsrof7Qb8),(037)558228
281763,彰化縣流浪狗中途之家,彰化縣流浪狗中途之家,混種犬,1,M,MEDIUM,黑色,ADULT,T,https://www.pet.gov.tw/upload/pic/42907f0d-14fd-441c-a457-a5059c9e8e7a.jpg,山腳路57-83號,2022-11-07,彰化縣員林市大峰里阿寶巷426號(大門入口請由彰化縣芬園鄉大彰路一段875巷進入走到底),(04)8590638
281206,彰化縣流浪狗中途之家,彰化縣流浪狗中途之家,混種犬,1,F,MEDIUM,黑色,CHILD,T,https://www.pet.gov.tw/upload/pic/6292d33a-9841-46c8-a793-2779b1962c98.jpg,福陵路65號,2022-11-03,彰化縣員林市大峰里阿寶巷426號(大門入口請由彰化縣芬園鄉大彰路一段875巷進入走到底),(04)8590638
279784,彰化縣流浪狗中途之家,彰化縣流浪狗中途之家,混種犬,1,M,MEDIUM,黑色,CHILD,T,https://www.pet.gov.tw/upload/pic/370c120a-1b66-4833-ac83-adbf14be8528.jpg,民和巷173號附近,2022-10-25,彰化縣員林市大峰里阿寶巷426號(大門入口請由彰化縣芬園鄉大彰路一段875巷進入走到底),(04)8590638
285745,臺南市動物之家善化站,臺南市動物之家善化站,混種犬,1,M,MEDIUM,黑色,ADULT,F,https://www.pet.gov.tw/upload/pic/1670208774360.png,學甲區,2022-12-07,臺南市善化區昌隆里東勢寮1~19號,(06)5832399
285731,臺南市動物之家善化站,臺南市動物之家善化站,混種犬,1,F,MEDIUM,灰色,ADULT,T,https://www.pet.gov.tw/upload/pic/1670127589343.png,麻豆區,2022-12-07,臺南市善化區昌隆里東勢寮1~19號,(06)5832399
285496,臺南市動物之家善化站,臺南市動物之家善化站,混種犬,1,F,MEDIUM,黃色,ADULT,T,https://www.pet.gov.tw/upload/pic/1670232192824.png,鹽水區,2022-12-06,臺南市善化區昌隆里東勢寮1~19號,(06)5832399
285320,嘉義縣動物保護教育園區,嘉義縣動物保護教育園區,臘腸犬,0,M,MEDIUM,黃色,ADULT,F,https://www.pet.gov.tw/upload/pic/1669765776295.png,竹崎鄉鹿滿村,2022-11-30,嘉義縣民雄鄉松山村後山仔37之2號,(05)2721119
285266,臺南市動物之家善化站,臺南市動物之家善化站,混種犬,1,F,MEDIUM,黃色,ADULT,F,https://www.pet.gov.tw/upload/pic/1669712275166.png,六甲區,2022-12-05,臺南市善化區昌隆里東勢寮1~19號,(06)5832399
